host=s07.hpcc.dartmouth.edu job=9375096 cpus=32 started=2026-09-07T02:37:13-04:00
[device] auto -> cpu
[load] /dartfs/rc/lab/C/CxQiu/data/joshua/wot_data/wot_serum_first_run_pca.h5ad
[load] days 8.25-18  T=22  cells=22000  d=30  stride=1
[load] dtau unique: [0.25, 0.5]
[load] arms retained: {'serum': 22000}

[run] run_58854e35be_K8_K8ref
[run] config hash 58854e35be over 5 reserved destinations
[run] lambda_pm values: [0.0, 5.0]

[chain] epsilon=0.2 support=knn kappa=400 over 21 intervals
  cost_scale_mode=global scale=1574
  [interval 0] dtau=0.25 nnz=536930 kappa=400 iters=40 marg_err=2.64e-08
  [interval 1] dtau=0.25 nnz=514599 kappa=400 iters=50 marg_err=1.50e-08
  [interval 2] dtau=0.25 nnz=519653 kappa=400 iters=50 marg_err=9.27e-09
  [interval 3] dtau=0.5 nnz=520311 kappa=400 iters=70 marg_err=1.48e-08
  [interval 4] dtau=0.5 nnz=507772 kappa=400 iters=60 marg_err=6.42e-09
  [interval 5] dtau=0.5 nnz=533934 kappa=400 iters=50 marg_err=3.06e-08
  [interval 6] dtau=0.5 nnz=533816 kappa=400 iters=50 marg_err=6.23e-08
  [interval 7] dtau=0.5 nnz=534698 kappa=400 iters=70 marg_err=1.22e-08
  [interval 8] dtau=0.5 nnz=533041 kappa=400 iters=80 marg_err=4.50e-08
  [interval 9] dtau=0.5 nnz=524235 kappa=400 iters=150 marg_err=4.78e-08
  [interval 10] dtau=0.5 nnz=529599 kappa=400 iters=140 marg_err=9.28e-08
  [interval 11] dtau=0.5 nnz=543997 kappa=400 iters=2640 marg_err=9.94e-08
  [interval 12] dtau=0.5 nnz=542030 kappa=400 iters=1470 marg_err=9.90e-08
  [interval 13] dtau=0.5 nnz=535745 kappa=400 iters=170 marg_err=5.04e-08
  [interval 14] dtau=0.5 nnz=537594 kappa=400 iters=230 marg_err=6.99e-08
  [interval 15] dtau=0.5 nnz=527962 kappa=400 iters=150 marg_err=7.25e-08
  [interval 16] dtau=0.5 nnz=522398 kappa=400 iters=150 marg_err=6.31e-08
  [interval 17] dtau=0.5 nnz=527170 kappa=400 iters=160 marg_err=7.83e-08
  [interval 18] dtau=0.5 nnz=528324 kappa=400 iters=130 marg_err=5.20e-08
  [interval 19] dtau=0.5 nnz=522288 kappa=400 iters=6450 marg_err=9.99e-08
  [interval 20] dtau=0.5 nnz=535248 kappa=400 iters=210 marg_err=6.33e-08
[chain] built in 124.5s
[chain] feasible=True  max marginal_error=9.993e-08 (tol 1.0e-05)
[chain] kappas=[400, 400, 400, 400, 400, 400, 400, 400, 400, 400, 400, 400, 400, 400, 400, 400, 400, 400, 400, 400, 400]
[chain] nnz per interval: min=507772 max=543997
[chain] saved /dartfs/rc/lab/C/CxQiu/data/joshua/CellStateAdj/wot_serum/run_58854e35be_K8_K8ref/reference_chain.npz (94 MB)

========================================================================
[fit:lam=0] K=8 max_iter=1500 n_init=3 device=cpu
========================================================================
[3/4] fitting K=8 states (lambda: compress=1.0, x=1.0, +=0.0, -=0.0)
[fit] restart 0 (seed=0, init=kmeans)
  it    1  L= 2.270223e+02  comp= 2.0678e+01 expr= 2.0634e+02 L+= 5.2143e+00 L-= 5.1142e+00  Keff= 7.52(min  6.88)  gmin=4.74e-02  floor=0.0e+00  |dM|=1.37e-03  step=1.00e+00
  it    2  L= 1.188170e+02  comp= 1.1783e+01 expr= 1.0703e+02 L+= 3.5262e+00 L-= 3.1357e+00  Keff= 7.10(min  5.88)  gmin=1.53e-02  floor=0.0e+00  |dM|=2.75e-01  step=1.00e+00
  it    3  L= 1.175472e+02  comp= 1.1563e+01 expr= 1.0598e+02 L+= 3.4087e+00 L-= 3.0727e+00  Keff= 7.08(min  5.87)  gmin=1.52e-02  floor=0.0e+00  |dM|=5.17e-02  step=1.00e+00
  it    4  L= 1.162383e+02  comp= 1.1351e+01 expr= 1.0489e+02 L+= 3.2324e+00 L-= 2.9784e+00  Keff= 7.05(min  5.87)  gmin=1.52e-02  floor=0.0e+00  |dM|=7.47e-02  step=1.00e+00
  it    5  L= 1.158522e+02  comp= 1.1299e+01 expr= 1.0455e+02 L+= 3.1767e+00 L-= 2.9428e+00  Keff= 7.05(min  5.87)  gmin=1.51e-02  floor=0.0e+00  |dM|=5.80e-02  step=1.00e+00
  it    6  L= 1.156371e+02  comp= 1.1253e+01 expr= 1.0438e+02 L+= 3.1288e+00 L-= 2.9164e+00  Keff= 7.05(min  5.87)  gmin=1.50e-02  floor=0.0e+00  |dM|=5.75e-02  step=1.00e+00
  it    7  L= 1.154752e+02  comp= 1.1248e+01 expr= 1.0423e+02 L+= 3.1091e+00 L-= 2.9045e+00  Keff= 7.05(min  5.87)  gmin=1.50e-02  floor=0.0e+00  |dM|=5.01e-02  step=1.00e+00
  it    8  L= 1.154579e+02  comp= 1.1246e+01 expr= 1.0421e+02 L+= 3.1073e+00 L-= 2.9023e+00  Keff= 7.05(min  5.87)  gmin=1.50e-02  floor=0.0e+00  |dM|=9.25e-03  step=1.00e+00
  it    9  L= 1.154249e+02  comp= 1.1241e+01 expr= 1.0418e+02 L+= 3.1024e+00 L-= 2.8977e+00  Keff= 7.05(min  5.87)  gmin=1.50e-02  floor=0.0e+00  |dM|=2.52e-02  step=1.00e+00
  it   10  L= 1.153942e+02  comp= 1.1237e+01 expr= 1.0416e+02 L+= 3.0966e+00 L-= 2.8918e+00  Keff= 7.05(min  5.87)  gmin=1.50e-02  floor=0.0e+00  |dM|=4.35e-02  step=1.00e+00
  it   11  L= 1.153745e+02  comp= 1.1227e+01 expr= 1.0415e+02 L+= 3.0933e+00 L-= 2.8883e+00  Keff= 7.05(min  5.87)  gmin=1.50e-02  floor=0.0e+00  |dM|=3.18e-02  step=1.00e+00
  it   12  L= 1.153519e+02  comp= 1.1210e+01 expr= 1.0414e+02 L+= 3.0883e+00 L-= 2.8837e+00  Keff= 7.05(min  5.87)  gmin=1.50e-02  floor=0.0e+00  |dM|=5.58e-02  step=1.00e+00
  it   13  L= 1.153301e+02  comp= 1.1200e+01 expr= 1.0413e+02 L+= 3.0830e+00 L-= 2.8793e+00  Keff= 7.05(min  5.88)  gmin=1.50e-02  floor=0.0e+00  |dM|=4.48e-02  step=1.00e+00
  it   14  L= 1.153196e+02  comp= 1.1192e+01 expr= 1.0413e+02 L+= 3.0803e+00 L-= 2.8774e+00  Keff= 7.05(min  5.88)  gmin=1.50e-02  floor=0.0e+00  |dM|=3.59e-02  step=1.00e+00
  it   15  L= 1.153126e+02  comp= 1.1188e+01 expr= 1.0412e+02 L+= 3.0787e+00 L-= 2.8758e+00  Keff= 7.05(min  5.87)  gmin=1.50e-02  floor=0.0e+00  |dM|=2.74e-02  step=1.00e+00
  it   16  L= 1.153051e+02  comp= 1.1178e+01 expr= 1.0413e+02 L+= 3.0760e+00 L-= 2.8732e+00  Keff= 7.05(min  5.87)  gmin=1.50e-02  floor=0.0e+00  |dM|=5.05e-02  step=1.00e+00
  it   17  L= 1.152995e+02  comp= 1.1177e+01 expr= 1.0412e+02 L+= 3.0748e+00 L-= 2.8718e+00  Keff= 7.05(min  5.87)  gmin=1.50e-02  floor=0.0e+00  |dM|=2.20e-02  step=1.00e+00
  it   18  L= 1.152945e+02  comp= 1.1172e+01 expr= 1.0412e+02 L+= 3.0748e+00 L-= 2.8707e+00  Keff= 7.05(min  5.87)  gmin=1.50e-02  floor=0.0e+00  |dM|=2.23e-02  step=1.00e+00
  it   19  L= 1.152897e+02  comp= 1.1166e+01 expr= 1.0412e+02 L+= 3.0739e+00 L-= 2.8695e+00  Keff= 7.05(min  5.87)  gmin=1.50e-02  floor=0.0e+00  |dM|=2.53e-02  step=1.00e+00
  it   20  L= 1.152855e+02  comp= 1.1161e+01 expr= 1.0412e+02 L+= 3.0727e+00 L-= 2.8688e+00  Keff= 7.05(min  5.88)  gmin=1.50e-02  floor=0.0e+00  |dM|=3.54e-02  step=1.00e+00
  it   21  L= 1.152808e+02  comp= 1.1158e+01 expr= 1.0412e+02 L+= 3.0719e+00 L-= 2.8681e+00  Keff= 7.05(min  5.87)  gmin=1.50e-02  floor=0.0e+00  |dM|=2.97e-02  step=1.00e+00
  it   22  L= 1.152770e+02  comp= 1.1157e+01 expr= 1.0412e+02 L+= 3.0717e+00 L-= 2.8677e+00  Keff= 7.05(min  5.87)  gmin=1.50e-02  floor=0.0e+00  |dM|=1.66e-02  step=1.00e+00
  it   23  L= 1.152740e+02  comp= 1.1152e+01 expr= 1.0412e+02 L+= 3.0711e+00 L-= 2.8669e+00  Keff= 7.05(min  5.87)  gmin=1.50e-02  floor=0.0e+00  |dM|=2.73e-02  step=1.00e+00
  it   24  L= 1.152716e+02  comp= 1.1150e+01 expr= 1.0412e+02 L+= 3.0714e+00 L-= 2.8661e+00  Keff= 7.05(min  5.87)  gmin=1.50e-02  floor=0.0e+00  |dM|=1.98e-02  step=1.00e+00
  it   25  L= 1.152696e+02  comp= 1.1148e+01 expr= 1.0412e+02 L+= 3.0711e+00 L-= 2.8656e+00  Keff= 7.05(min  5.87)  gmin=1.50e-02  floor=0.0e+00  |dM|=3.44e-02  step=1.00e+00
  it   26  L= 1.152674e+02  comp= 1.1147e+01 expr= 1.0412e+02 L+= 3.0702e+00 L-= 2.8653e+00  Keff= 7.05(min  5.87)  gmin=1.50e-02  floor=0.0e+00  |dM|=1.40e-02  step=1.00e+00
  it   27  L= 1.152650e+02  comp= 1.1143e+01 expr= 1.0412e+02 L+= 3.0695e+00 L-= 2.8656e+00  Keff= 7.05(min  5.87)  gmin=1.50e-02  floor=0.0e+00  |dM|=2.30e-02  step=1.00e+00
  it   28  L= 1.152643e+02  comp= 1.1141e+01 expr= 1.0412e+02 L+= 3.0687e+00 L-= 2.8657e+00  Keff= 7.05(min  5.87)  gmin=1.50e-02  floor=0.0e+00  |dM|=1.86e-02  step=1.00e+00
  it   29  L= 1.152632e+02  comp= 1.1142e+01 expr= 1.0412e+02 L+= 3.0691e+00 L-= 2.8655e+00  Keff= 7.05(min  5.87)  gmin=1.50e-02  floor=0.0e+00  |dM|=1.14e-02  step=1.00e+00
  it   30  L= 1.152625e+02  comp= 1.1141e+01 expr= 1.0412e+02 L+= 3.0692e+00 L-= 2.8654e+00  Keff= 7.05(min  5.87)  gmin=1.50e-02  floor=0.0e+00  |dM|=6.50e-03  step=1.00e+00
  it   31  L= 1.152612e+02  comp= 1.1139e+01 expr= 1.0412e+02 L+= 3.0694e+00 L-= 2.8653e+00  Keff= 7.05(min  5.87)  gmin=1.50e-02  floor=0.0e+00  |dM|=2.33e-02  step=1.00e+00
  it   32  L= 1.152597e+02  comp= 1.1138e+01 expr= 1.0412e+02 L+= 3.0692e+00 L-= 2.8651e+00  Keff= 7.05(min  5.87)  gmin=1.50e-02  floor=0.0e+00  |dM|=5.97e-03  step=1.00e+00
  it   33  L= 1.152591e+02  comp= 1.1136e+01 expr= 1.0412e+02 L+= 3.0690e+00 L-= 2.8652e+00  Keff= 7.05(min  5.87)  gmin=1.50e-02  floor=0.0e+00  |dM|=2.03e-02  step=2.50e-01
  it   34  L= 1.152579e+02  comp= 1.1137e+01 expr= 1.0412e+02 L+= 3.0687e+00 L-= 2.8652e+00  Keff= 7.05(min  5.87)  gmin=1.50e-02  floor=0.0e+00  |dM|=1.82e-02  step=1.00e+00
  it   35  L= 1.152571e+02  comp= 1.1136e+01 expr= 1.0412e+02 L+= 3.0687e+00 L-= 2.8650e+00  Keff= 7.05(min  5.87)  gmin=1.50e-02  floor=0.0e+00  |dM|=7.71e-03  step=1.00e+00
  it   36  L= 1.152559e+02  comp= 1.1133e+01 expr= 1.0412e+02 L+= 3.0685e+00 L-= 2.8646e+00  Keff= 7.05(min  5.87)  gmin=1.50e-02  floor=0.0e+00  |dM|=1.77e-02  step=2.50e-01
  it   37  L= 1.152548e+02  comp= 1.1132e+01 expr= 1.0412e+02 L+= 3.0684e+00 L-= 2.8641e+00  Keff= 7.05(min  5.87)  gmin=1.50e-02  floor=0.0e+00  |dM|=1.75e-02  step=1.00e+00
  it   38  L= 1.152537e+02  comp= 1.1132e+01 expr= 1.0412e+02 L+= 3.0681e+00 L-= 2.8635e+00  Keff= 7.05(min  5.87)  gmin=1.50e-02  floor=0.0e+00  |dM|=1.48e-02  step=1.00e+00
  it   39  L= 1.152528e+02  comp= 1.1132e+01 expr= 1.0412e+02 L+= 3.0679e+00 L-= 2.8632e+00  Keff= 7.05(min  5.87)  gmin=1.50e-02  floor=0.0e+00  |dM|=1.71e-02  step=1.00e+00
  it   40  L= 1.152522e+02  comp= 1.1132e+01 expr= 1.0412e+02 L+= 3.0680e+00 L-= 2.8634e+00  Keff= 7.05(min  5.87)  gmin=1.50e-02  floor=0.0e+00  |dM|=3.47e-02  step=1.00e+00
  it   41  L= 1.152512e+02  comp= 1.1131e+01 expr= 1.0412e+02 L+= 3.0681e+00 L-= 2.8635e+00  Keff= 7.05(min  5.87)  gmin=1.50e-02  floor=0.0e+00  |dM|=1.29e-02  step=1.00e+00
  it   42  L= 1.152505e+02  comp= 1.1129e+01 expr= 1.0412e+02 L+= 3.0679e+00 L-= 2.8637e+00  Keff= 7.05(min  5.87)  gmin=1.50e-02  floor=0.0e+00  |dM|=3.06e-02  step=1.00e+00
  it   43  L= 1.152498e+02  comp= 1.1127e+01 expr= 1.0412e+02 L+= 3.0677e+00 L-= 2.8636e+00  Keff= 7.05(min  5.87)  gmin=1.50e-02  floor=0.0e+00  |dM|=1.64e-02  step=1.00e+00
  it   44  L= 1.152488e+02  comp= 1.1126e+01 expr= 1.0412e+02 L+= 3.0680e+00 L-= 2.8640e+00  Keff= 7.05(min  5.87)  gmin=1.50e-02  floor=0.0e+00  |dM|=2.05e-02  step=1.00e+00
  it   45  L= 1.152482e+02  comp= 1.1125e+01 expr= 1.0412e+02 L+= 3.0682e+00 L-= 2.8645e+00  Keff= 7.05(min  5.87)  gmin=1.50e-02  floor=0.0e+00  |dM|=2.30e-02  step=1.00e+00
  it   46  L= 1.152473e+02  comp= 1.1125e+01 expr= 1.0412e+02 L+= 3.0680e+00 L-= 2.8643e+00  Keff= 7.05(min  5.87)  gmin=1.50e-02  floor=0.0e+00  |dM|=8.27e-03  step=1.00e+00
  it   47  L= 1.152469e+02  comp= 1.1122e+01 expr= 1.0412e+02 L+= 3.0678e+00 L-= 2.8645e+00  Keff= 7.05(min  5.87)  gmin=1.50e-02  floor=0.0e+00  |dM|=1.98e-02  step=5.00e-01
  it   48  L= 1.152464e+02  comp= 1.1123e+01 expr= 1.0412e+02 L+= 3.0677e+00 L-= 2.8640e+00  Keff= 7.05(min  5.87)  gmin=1.50e-02  floor=0.0e+00  |dM|=1.08e-02  step=1.00e+00
  it   49  L= 1.152463e+02  comp= 1.1123e+01 expr= 1.0412e+02 L+= 3.0678e+00 L-= 2.8641e+00  Keff= 7.05(min  5.87)  gmin=1.50e-02  floor=0.0e+00  |dM|=6.13e-03  step=1.00e+00
  it   50  L= 1.152460e+02  comp= 1.1123e+01 expr= 1.0412e+02 L+= 3.0678e+00 L-= 2.8642e+00  Keff= 7.05(min  5.87)  gmin=1.50e-02  floor=0.0e+00  |dM|=3.01e-03  step=1.00e+00
  it   51  L= 1.152453e+02  comp= 1.1119e+01 expr= 1.0413e+02 L+= 3.0676e+00 L-= 2.8644e+00  Keff= 7.05(min  5.87)  gmin=1.50e-02  floor=0.0e+00  |dM|=2.71e-02  step=2.50e-01
  it   52  L= 1.152445e+02  comp= 1.1119e+01 expr= 1.0413e+02 L+= 3.0674e+00 L-= 2.8640e+00  Keff= 7.05(min  5.87)  gmin=1.50e-02  floor=0.0e+00  |dM|=3.83e-03  step=1.00e+00
  it   53  L= 1.152442e+02  comp= 1.1117e+01 expr= 1.0413e+02 L+= 3.0654e+00 L-= 2.8621e+00  Keff= 7.05(min  5.87)  gmin=1.51e-02  floor=0.0e+00  |dM|=3.24e-02  step=5.00e-01
  it   54  L= 1.152431e+02  comp= 1.1117e+01 expr= 1.0413e+02 L+= 3.0648e+00 L-= 2.8613e+00  Keff= 7.05(min  5.87)  gmin=1.53e-02  floor=0.0e+00  |dM|=1.58e-02  step=1.00e+00
  it   55  L= 1.152428e+02  comp= 1.1117e+01 expr= 1.0413e+02 L+= 3.0651e+00 L-= 2.8615e+00  Keff= 7.05(min  5.87)  gmin=1.52e-02  floor=0.0e+00  |dM|=8.30e-03  step=1.00e+00
  it   56  L= 1.152426e+02  comp= 1.1117e+01 expr= 1.0413e+02 L+= 3.0654e+00 L-= 2.8618e+00  Keff= 7.05(min  5.87)  gmin=1.52e-02  floor=0.0e+00  |dM|=4.96e-03  step=1.00e+00
  it   57  L= 1.152424e+02  comp= 1.1116e+01 expr= 1.0413e+02 L+= 3.0661e+00 L-= 2.8624e+00  Keff= 7.05(min  5.87)  gmin=1.52e-02  floor=0.0e+00  |dM|=9.43e-03  step=1.00e+00
  it   58  L= 1.152422e+02  comp= 1.1116e+01 expr= 1.0413e+02 L+= 3.0667e+00 L-= 2.8630e+00  Keff= 7.05(min  5.87)  gmin=1.52e-02  floor=0.0e+00  |dM|=1.10e-02  step=5.00e-01
  it   59  L= 1.152420e+02  comp= 1.1115e+01 expr= 1.0413e+02 L+= 3.0666e+00 L-= 2.8628e+00  Keff= 7.05(min  5.87)  gmin=1.53e-02  floor=0.0e+00  |dM|=1.14e-02  step=1.00e+00
  it   60  L= 1.152416e+02  comp= 1.1116e+01 expr= 1.0413e+02 L+= 3.0660e+00 L-= 2.8622e+00  Keff= 7.05(min  5.87)  gmin=1.53e-02  floor=0.0e+00  |dM|=8.48e-03  step=1.00e+00
  it   61  L= 1.152413e+02  comp= 1.1115e+01 expr= 1.0413e+02 L+= 3.0660e+00 L-= 2.8620e+00  Keff= 7.05(min  5.87)  gmin=1.53e-02  floor=0.0e+00  |dM|=2.21e-02  step=1.00e+00
  it   62  L= 1.152411e+02  comp= 1.1115e+01 expr= 1.0413e+02 L+= 3.0662e+00 L-= 2.8622e+00  Keff= 7.05(min  5.87)  gmin=1.52e-02  floor=0.0e+00  |dM|=6.51e-03  step=1.00e+00
  it   63  L= 1.152409e+02  comp= 1.1115e+01 expr= 1.0413e+02 L+= 3.0661e+00 L-= 2.8622e+00  Keff= 7.05(min  5.87)  gmin=1.52e-02  floor=0.0e+00  |dM|=5.15e-03  step=1.00e+00
  it   64  L= 1.152407e+02  comp= 1.1113e+01 expr= 1.0413e+02 L+= 3.0658e+00 L-= 2.8623e+00  Keff= 7.05(min  5.87)  gmin=1.52e-02  floor=0.0e+00  |dM|=1.93e-02  step=5.00e-01
  it   65  L= 1.152404e+02  comp= 1.1113e+01 expr= 1.0413e+02 L+= 3.0656e+00 L-= 2.8622e+00  Keff= 7.05(min  5.87)  gmin=1.52e-02  floor=0.0e+00  |dM|=7.51e-03  step=1.00e+00
  it   66  L= 1.152398e+02  comp= 1.1114e+01 expr= 1.0413e+02 L+= 3.0655e+00 L-= 2.8620e+00  Keff= 7.05(min  5.87)  gmin=1.52e-02  floor=0.0e+00  |dM|=9.06e-03  step=1.00e+00
  it   67  L= 1.152397e+02  comp= 1.1114e+01 expr= 1.0413e+02 L+= 3.0648e+00 L-= 2.8616e+00  Keff= 7.05(min  5.87)  gmin=1.52e-02  floor=0.0e+00  |dM|=3.09e-02  step=1.00e+00
  it   68  L= 1.152392e+02  comp= 1.1113e+01 expr= 1.0413e+02 L+= 3.0644e+00 L-= 2.8612e+00  Keff= 7.05(min  5.87)  gmin=1.52e-02  floor=0.0e+00  |dM|=2.77e-02  step=1.00e+00
  it   69  L= 1.152389e+02  comp= 1.1113e+01 expr= 1.0413e+02 L+= 3.0643e+00 L-= 2.8613e+00  Keff= 7.05(min  5.87)  gmin=1.52e-02  floor=0.0e+00  |dM|=9.69e-03  step=1.00e+00
  it   70  L= 1.152387e+02  comp= 1.1111e+01 expr= 1.0413e+02 L+= 3.0646e+00 L-= 2.8617e+00  Keff= 7.05(min  5.87)  gmin=1.52e-02  floor=0.0e+00  |dM|=9.96e-03  step=1.00e+00
  it   71  L= 1.152385e+02  comp= 1.1112e+01 expr= 1.0413e+02 L+= 3.0644e+00 L-= 2.8614e+00  Keff= 7.05(min  5.87)  gmin=1.52e-02  floor=0.0e+00  |dM|=6.21e-03  step=1.00e+00
  it   72  L= 1.152384e+02  comp= 1.1112e+01 expr= 1.0413e+02 L+= 3.0644e+00 L-= 2.8614e+00  Keff= 7.05(min  5.87)  gmin=1.52e-02  floor=0.0e+00  |dM|=2.57e-03  step=1.00e+00
  it   73  L= 1.152382e+02  comp= 1.1111e+01 expr= 1.0413e+02 L+= 3.0643e+00 L-= 2.8614e+00  Keff= 7.05(min  5.87)  gmin=1.52e-02  floor=0.0e+00  |dM|=1.58e-02  step=5.00e-01
  it   74  L= 1.152381e+02  comp= 1.1111e+01 expr= 1.0413e+02 L+= 3.0642e+00 L-= 2.8614e+00  Keff= 7.05(min  5.87)  gmin=1.52e-02  floor=0.0e+00  |dM|=8.75e-03  step=5.00e-01
  it   75  L= 1.152379e+02  comp= 1.1111e+01 expr= 1.0413e+02 L+= 3.0643e+00 L-= 2.8613e+00  Keff= 7.05(min  5.87)  gmin=1.52e-02  floor=0.0e+00  |dM|=8.80e-03  step=1.00e+00
  it   76  L= 1.152378e+02  comp= 1.1111e+01 expr= 1.0413e+02 L+= 3.0643e+00 L-= 2.8613e+00  Keff= 7.05(min  5.87)  gmin=1.52e-02  floor=0.0e+00  |dM|=9.49e-03  step=1.00e+00
  it   77  L= 1.152378e+02  comp= 1.1111e+01 expr= 1.0413e+02 L+= 3.0643e+00 L-= 2.8612e+00  Keff= 7.05(min  5.87)  gmin=1.52e-02  floor=0.0e+00  |dM|=8.63e-03  step=1.00e+00
  it   78  L= 1.152377e+02  comp= 1.1111e+01 expr= 1.0413e+02 L+= 3.0643e+00 L-= 2.8613e+00  Keff= 7.05(min  5.87)  gmin=1.52e-02  floor=0.0e+00  |dM|=3.17e-03  step=1.00e+00
  it   79  L= 1.152376e+02  comp= 1.1110e+01 expr= 1.0413e+02 L+= 3.0641e+00 L-= 2.8613e+00  Keff= 7.05(min  5.87)  gmin=1.52e-02  floor=0.0e+00  |dM|=1.33e-02  step=6.25e-02
  it   80  L= 1.152375e+02  comp= 1.1110e+01 expr= 1.0413e+02 L+= 3.0641e+00 L-= 2.8612e+00  Keff= 7.05(min  5.87)  gmin=1.52e-02  floor=0.0e+00  |dM|=5.74e-03  step=1.00e+00
  it   81  L= 1.152375e+02  comp= 1.1110e+01 expr= 1.0413e+02 L+= 3.0641e+00 L-= 2.8612e+00  Keff= 7.05(min  5.87)  gmin=1.52e-02  floor=0.0e+00  |dM|=1.47e-03  step=1.00e+00
  it   82  L= 1.152368e+02  comp= 1.1109e+01 expr= 1.0413e+02 L+= 3.0641e+00 L-= 2.8611e+00  Keff= 7.05(min  5.87)  gmin=1.52e-02  floor=0.0e+00  |dM|=2.05e-02  step=1.00e+00
  it   83  L= 1.152366e+02  comp= 1.1109e+01 expr= 1.0413e+02 L+= 3.0642e+00 L-= 2.8611e+00  Keff= 7.05(min  5.87)  gmin=1.52e-02  floor=0.0e+00  |dM|=1.06e-02  step=1.00e+00
  it   84  L= 1.152364e+02  comp= 1.1108e+01 expr= 1.0413e+02 L+= 3.0646e+00 L-= 2.8607e+00  Keff= 7.05(min  5.87)  gmin=1.52e-02  floor=0.0e+00  |dM|=2.92e-02  step=1.00e+00
  it   85  L= 1.152358e+02  comp= 1.1108e+01 expr= 1.0413e+02 L+= 3.0643e+00 L-= 2.8610e+00  Keff= 7.05(min  5.87)  gmin=1.52e-02  floor=0.0e+00  |dM|=2.20e-02  step=1.00e+00
  it   86  L= 1.152357e+02  comp= 1.1108e+01 expr= 1.0413e+02 L+= 3.0643e+00 L-= 2.8610e+00  Keff= 7.05(min  5.87)  gmin=1.52e-02  floor=0.0e+00  |dM|=7.74e-03  step=1.00e+00
  it   87  L= 1.152356e+02  comp= 1.1108e+01 expr= 1.0413e+02 L+= 3.0644e+00 L-= 2.8609e+00  Keff= 7.05(min  5.87)  gmin=1.52e-02  floor=0.0e+00  |dM|=3.53e-03  step=1.00e+00
  it   88  L= 1.152354e+02  comp= 1.1107e+01 expr= 1.0413e+02 L+= 3.0645e+00 L-= 2.8608e+00  Keff= 7.05(min  5.87)  gmin=1.52e-02  floor=0.0e+00  |dM|=1.06e-02  step=1.00e+00
  it   89  L= 1.152353e+02  comp= 1.1107e+01 expr= 1.0413e+02 L+= 3.0644e+00 L-= 2.8609e+00  Keff= 7.05(min  5.87)  gmin=1.52e-02  floor=0.0e+00  |dM|=3.77e-03  step=1.00e+00
  it   90  L= 1.152352e+02  comp= 1.1107e+01 expr= 1.0413e+02 L+= 3.0643e+00 L-= 2.8608e+00  Keff= 7.05(min  5.87)  gmin=1.52e-02  floor=0.0e+00  |dM|=4.30e-03  step=1.00e+00
  it   91  L= 1.152351e+02  comp= 1.1106e+01 expr= 1.0413e+02 L+= 3.0644e+00 L-= 2.8608e+00  Keff= 7.05(min  5.87)  gmin=1.52e-02  floor=0.0e+00  |dM|=1.42e-02  step=1.00e+00
  it   92  L= 1.152348e+02  comp= 1.1106e+01 expr= 1.0413e+02 L+= 3.0643e+00 L-= 2.8608e+00  Keff= 7.05(min  5.87)  gmin=1.52e-02  floor=0.0e+00  |dM|=4.15e-03  step=1.00e+00
  it   93  L= 1.152347e+02  comp= 1.1104e+01 expr= 1.0413e+02 L+= 3.0638e+00 L-= 2.8602e+00  Keff= 7.05(min  5.87)  gmin=1.52e-02  floor=0.0e+00  |dM|=3.31e-02  step=1.25e-01
  it   94  L= 1.152342e+02  comp= 1.1105e+01 expr= 1.0413e+02 L+= 3.0640e+00 L-= 2.8607e+00  Keff= 7.05(min  5.87)  gmin=1.52e-02  floor=0.0e+00  |dM|=1.22e-02  step=1.00e+00
  it   95  L= 1.152340e+02  comp= 1.1105e+01 expr= 1.0413e+02 L+= 3.0639e+00 L-= 2.8606e+00  Keff= 7.05(min  5.87)  gmin=1.52e-02  floor=0.0e+00  |dM|=3.20e-03  step=1.00e+00
  it   96  L= 1.152338e+02  comp= 1.1104e+01 expr= 1.0413e+02 L+= 3.0637e+00 L-= 2.8605e+00  Keff= 7.05(min  5.87)  gmin=1.52e-02  floor=0.0e+00  |dM|=1.51e-02  step=5.00e-01
  it   97  L= 1.152336e+02  comp= 1.1104e+01 expr= 1.0413e+02 L+= 3.0637e+00 L-= 2.8606e+00  Keff= 7.05(min  5.87)  gmin=1.52e-02  floor=0.0e+00  |dM|=2.40e-03  step=1.00e+00
  it   98  L= 1.152335e+02  comp= 1.1104e+01 expr= 1.0413e+02 L+= 3.0638e+00 L-= 2.8607e+00  Keff= 7.05(min  5.87)  gmin=1.52e-02  floor=0.0e+00  |dM|=4.14e-03  step=5.00e-01
  it   99  L= 1.152334e+02  comp= 1.1104e+01 expr= 1.0413e+02 L+= 3.0638e+00 L-= 2.8608e+00  Keff= 7.05(min  5.87)  gmin=1.52e-02  floor=0.0e+00  |dM|=4.37e-03  step=1.00e+00
  it  100  L= 1.152333e+02  comp= 1.1104e+01 expr= 1.0413e+02 L+= 3.0640e+00 L-= 2.8608e+00  Keff= 7.05(min  5.87)  gmin=1.52e-02  floor=0.0e+00  |dM|=1.42e-02  step=1.00e+00
  it  101  L= 1.152332e+02  comp= 1.1104e+01 expr= 1.0413e+02 L+= 3.0639e+00 L-= 2.8607e+00  Keff= 7.05(min  5.87)  gmin=1.52e-02  floor=0.0e+00  |dM|=6.62e-03  step=1.00e+00
  it  102  L= 1.152327e+02  comp= 1.1103e+01 expr= 1.0413e+02 L+= 3.0640e+00 L-= 2.8605e+00  Keff= 7.05(min  5.87)  gmin=1.52e-02  floor=0.0e+00  |dM|=2.05e-02  step=1.00e+00
  it  103  L= 1.152327e+02  comp= 1.1103e+01 expr= 1.0413e+02 L+= 3.0640e+00 L-= 2.8603e+00  Keff= 7.05(min  5.87)  gmin=1.52e-02  floor=0.0e+00  |dM|=1.82e-02  step=5.00e-01
  it  104  L= 1.152324e+02  comp= 1.1103e+01 expr= 1.0413e+02 L+= 3.0640e+00 L-= 2.8603e+00  Keff= 7.05(min  5.87)  gmin=1.52e-02  floor=0.0e+00  |dM|=1.20e-02  step=1.00e+00
  it  105  L= 1.152322e+02  comp= 1.1102e+01 expr= 1.0413e+02 L+= 3.0639e+00 L-= 2.8604e+00  Keff= 7.05(min  5.87)  gmin=1.52e-02  floor=0.0e+00  |dM|=4.61e-03  step=1.00e+00
  it  106  L= 1.152320e+02  comp= 1.1102e+01 expr= 1.0413e+02 L+= 3.0639e+00 L-= 2.8606e+00  Keff= 7.05(min  5.87)  gmin=1.52e-02  floor=0.0e+00  |dM|=9.94e-03  step=1.00e+00
  it  107  L= 1.152319e+02  comp= 1.1102e+01 expr= 1.0413e+02 L+= 3.0639e+00 L-= 2.8605e+00  Keff= 7.05(min  5.87)  gmin=1.52e-02  floor=0.0e+00  |dM|=5.14e-03  step=1.00e+00
  it  108  L= 1.152318e+02  comp= 1.1102e+01 expr= 1.0413e+02 L+= 3.0639e+00 L-= 2.8605e+00  Keff= 7.05(min  5.87)  gmin=1.52e-02  floor=0.0e+00  |dM|=9.02e-03  step=1.00e+00
  it  109  L= 1.152317e+02  comp= 1.1102e+01 expr= 1.0413e+02 L+= 3.0639e+00 L-= 2.8606e+00  Keff= 7.05(min  5.87)  gmin=1.52e-02  floor=0.0e+00  |dM|=9.06e-03  step=1.00e+00
  it  110  L= 1.152316e+02  comp= 1.1101e+01 expr= 1.0413e+02 L+= 3.0639e+00 L-= 2.8605e+00  Keff= 7.05(min  5.87)  gmin=1.52e-02  floor=0.0e+00  |dM|=6.30e-03  step=1.00e+00
  it  111  L= 1.152314e+02  comp= 1.1101e+01 expr= 1.0413e+02 L+= 3.0640e+00 L-= 2.8605e+00  Keff= 7.05(min  5.87)  gmin=1.52e-02  floor=0.0e+00  |dM|=8.58e-03  step=1.00e+00
  it  112  L= 1.152312e+02  comp= 1.1100e+01 expr= 1.0413e+02 L+= 3.0640e+00 L-= 2.8606e+00  Keff= 7.05(min  5.87)  gmin=1.52e-02  floor=0.0e+00  |dM|=1.75e-02  step=2.50e-01
  it  113  L= 1.152309e+02  comp= 1.1100e+01 expr= 1.0413e+02 L+= 3.0639e+00 L-= 2.8604e+00  Keff= 7.05(min  5.87)  gmin=1.52e-02  floor=0.0e+00  |dM|=9.79e-03  step=1.00e+00
  it  114  L= 1.152304e+02  comp= 1.1097e+01 expr= 1.0413e+02 L+= 3.0637e+00 L-= 2.8598e+00  Keff= 7.05(min  5.87)  gmin=1.52e-02  floor=0.0e+00  |dM|=9.17e-03  step=5.00e-01
  it  115  L= 1.152297e+02  comp= 1.1099e+01 expr= 1.0413e+02 L+= 3.0637e+00 L-= 2.8602e+00  Keff= 7.05(min  5.87)  gmin=1.52e-02  floor=0.0e+00  |dM|=1.09e-02  step=1.00e+00
  it  116  L= 1.152287e+02  comp= 1.1097e+01 expr= 1.0413e+02 L+= 3.0632e+00 L-= 2.8593e+00  Keff= 7.05(min  5.87)  gmin=1.52e-02  floor=0.0e+00  |dM|=2.84e-02  step=1.00e+00
  it  117  L= 1.152282e+02  comp= 1.1098e+01 expr= 1.0413e+02 L+= 3.0632e+00 L-= 2.8592e+00  Keff= 7.05(min  5.87)  gmin=1.52e-02  floor=0.0e+00  |dM|=5.82e-03  step=1.00e+00
  it  118  L= 1.152281e+02  comp= 1.1097e+01 expr= 1.0413e+02 L+= 3.0631e+00 L-= 2.8591e+00  Keff= 7.05(min  5.87)  gmin=1.52e-02  floor=0.0e+00  |dM|=4.39e-03  step=1.00e+00
  it  119  L= 1.152281e+02  comp= 1.1097e+01 expr= 1.0413e+02 L+= 3.0629e+00 L-= 2.8590e+00  Keff= 7.05(min  5.87)  gmin=1.52e-02  floor=0.0e+00  |dM|=1.26e-02  step=1.00e+00
  it  120  L= 1.152279e+02  comp= 1.1097e+01 expr= 1.0413e+02 L+= 3.0628e+00 L-= 2.8589e+00  Keff= 7.05(min  5.87)  gmin=1.52e-02  floor=0.0e+00  |dM|=6.75e-03  step=1.00e+00
  it  121  L= 1.152279e+02  comp= 1.1097e+01 expr= 1.0413e+02 L+= 3.0627e+00 L-= 2.8589e+00  Keff= 7.05(min  5.87)  gmin=1.52e-02  floor=0.0e+00  |dM|=2.15e-03  step=1.00e+00
  it  122  L= 1.152279e+02  comp= 1.1097e+01 expr= 1.0413e+02 L+= 3.0627e+00 L-= 2.8589e+00  Keff= 7.05(min  5.87)  gmin=1.52e-02  floor=0.0e+00  |dM|=1.36e-03  step=1.00e+00
  it  123  L= 1.152278e+02  comp= 1.1096e+01 expr= 1.0413e+02 L+= 3.0627e+00 L-= 2.8589e+00  Keff= 7.05(min  5.87)  gmin=1.52e-02  floor=0.0e+00  |dM|=1.59e-03  step=1.00e+00
  it  124  L= 1.152278e+02  comp= 1.1096e+01 expr= 1.0413e+02 L+= 3.0627e+00 L-= 2.8589e+00  Keff= 7.05(min  5.87)  gmin=1.52e-02  floor=0.0e+00  |dM|=1.02e-03  step=5.00e-01
  it  125  L= 1.152278e+02  comp= 1.1096e+01 expr= 1.0413e+02 L+= 3.0627e+00 L-= 2.8589e+00  Keff= 7.05(min  5.87)  gmin=1.52e-02  floor=0.0e+00  |dM|=2.18e-03  step=1.00e+00
  it  126  L= 1.152277e+02  comp= 1.1096e+01 expr= 1.0413e+02 L+= 3.0626e+00 L-= 2.8588e+00  Keff= 7.05(min  5.87)  gmin=1.52e-02  floor=0.0e+00  |dM|=2.46e-03  step=1.00e+00
  it  127  L= 1.152277e+02  comp= 1.1096e+01 expr= 1.0413e+02 L+= 3.0623e+00 L-= 2.8583e+00  Keff= 7.05(min  5.87)  gmin=1.52e-02  floor=0.0e+00  |dM|=3.43e-02  step=1.00e+00
  it  128  L= 1.152275e+02  comp= 1.1096e+01 expr= 1.0413e+02 L+= 3.0623e+00 L-= 2.8584e+00  Keff= 7.05(min  5.87)  gmin=1.52e-02  floor=0.0e+00  |dM|=8.16e-03  step=1.00e+00
  it  129  L= 1.152273e+02  comp= 1.1096e+01 expr= 1.0413e+02 L+= 3.0622e+00 L-= 2.8583e+00  Keff= 7.05(min  5.87)  gmin=1.52e-02  floor=0.0e+00  |dM|=8.29e-03  step=1.00e+00
  it  130  L= 1.152271e+02  comp= 1.1096e+01 expr= 1.0413e+02 L+= 3.0621e+00 L-= 2.8582e+00  Keff= 7.05(min  5.87)  gmin=1.52e-02  floor=0.0e+00  |dM|=1.58e-02  step=1.00e+00
  it  131  L= 1.152268e+02  comp= 1.1096e+01 expr= 1.0413e+02 L+= 3.0618e+00 L-= 2.8585e+00  Keff= 7.05(min  5.87)  gmin=1.52e-02  floor=0.0e+00  |dM|=2.24e-02  step=1.00e+00
  it  132  L= 1.152267e+02  comp= 1.1095e+01 expr= 1.0413e+02 L+= 3.0614e+00 L-= 2.8584e+00  Keff= 7.05(min  5.87)  gmin=1.52e-02  floor=0.0e+00  |dM|=1.74e-02  step=5.00e-01
  it  133  L= 1.152265e+02  comp= 1.1095e+01 expr= 1.0413e+02 L+= 3.0614e+00 L-= 2.8584e+00  Keff= 7.05(min  5.87)  gmin=1.52e-02  floor=0.0e+00  |dM|=4.47e-03  step=1.00e+00
  it  134  L= 1.152264e+02  comp= 1.1095e+01 expr= 1.0413e+02 L+= 3.0614e+00 L-= 2.8583e+00  Keff= 7.05(min  5.87)  gmin=1.52e-02  floor=0.0e+00  |dM|=3.21e-03  step=1.00e+00
  it  135  L= 1.152263e+02  comp= 1.1095e+01 expr= 1.0413e+02 L+= 3.0615e+00 L-= 2.8583e+00  Keff= 7.05(min  5.87)  gmin=1.52e-02  floor=0.0e+00  |dM|=2.14e-03  step=1.00e+00
  it  136  L= 1.152262e+02  comp= 1.1095e+01 expr= 1.0413e+02 L+= 3.0615e+00 L-= 2.8583e+00  Keff= 7.05(min  5.87)  gmin=1.52e-02  floor=0.0e+00  |dM|=6.96e-03  step=5.00e-01
  it  137  L= 1.152262e+02  comp= 1.1094e+01 expr= 1.0413e+02 L+= 3.0615e+00 L-= 2.8582e+00  Keff= 7.05(min  5.87)  gmin=1.52e-02  floor=0.0e+00  |dM|=4.12e-03  step=1.00e+00
  it  138  L= 1.152262e+02  comp= 1.1095e+01 expr= 1.0413e+02 L+= 3.0615e+00 L-= 2.8583e+00  Keff= 7.05(min  5.87)  gmin=1.52e-02  floor=0.0e+00  |dM|=2.55e-03  step=1.00e+00
  it  139  L= 1.152262e+02  comp= 1.1095e+01 expr= 1.0413e+02 L+= 3.0615e+00 L-= 2.8583e+00  Keff= 7.05(min  5.87)  gmin=1.52e-02  floor=0.0e+00  |dM|=5.89e-11  step=7.63e-06
[fit] restart 1 (seed=1, init=random)
  it    1  L= 3.186219e+02  comp= 2.7533e+01 expr= 2.9109e+02 L+= 8.1696e-02 L-= 8.1804e-02  Keff= 8.00(min  7.99)  gmin=1.15e-01  floor=0.0e+00  |dM|=5.25e-05  step=1.00e+00
  it    2  L= 3.186215e+02  comp= 2.7533e+01 expr= 2.9109e+02 L+= 8.1743e-02 L-= 8.1849e-02  Keff= 8.00(min  7.99)  gmin=1.15e-01  floor=0.0e+00  |dM|=5.26e-05  step=1.00e+00
  it    3  L= 3.186212e+02  comp= 2.7533e+01 expr= 2.9109e+02 L+= 8.1790e-02 L-= 8.1892e-02  Keff= 8.00(min  7.99)  gmin=1.15e-01  floor=0.0e+00  |dM|=5.27e-05  step=1.00e+00
  it    4  L= 3.186207e+02  comp= 2.7533e+01 expr= 2.9109e+02 L+= 8.1836e-02 L-= 8.1935e-02  Keff= 8.00(min  7.99)  gmin=1.15e-01  floor=0.0e+00  |dM|=5.28e-05  step=1.00e+00
  it    5  L= 3.186203e+02  comp= 2.7533e+01 expr= 2.9109e+02 L+= 8.1883e-02 L-= 8.1979e-02  Keff= 8.00(min  7.99)  gmin=1.15e-01  floor=0.0e+00  |dM|=5.29e-05  step=1.00e+00
  it    6  L= 3.186199e+02  comp= 2.7533e+01 expr= 2.9109e+02 L+= 8.1932e-02 L-= 8.2025e-02  Keff= 8.00(min  7.99)  gmin=1.15e-01  floor=0.0e+00  |dM|=5.30e-05  step=1.00e+00
  it    7  L= 3.186194e+02  comp= 2.7533e+01 expr= 2.9109e+02 L+= 8.1977e-02 L-= 8.2066e-02  Keff= 8.00(min  7.99)  gmin=1.15e-01  floor=0.0e+00  |dM|=5.31e-05  step=1.00e+00
  it    8  L= 3.186190e+02  comp= 2.7533e+01 expr= 2.9109e+02 L+= 8.2023e-02 L-= 8.2111e-02  Keff= 8.00(min  7.99)  gmin=1.15e-01  floor=0.0e+00  |dM|=5.32e-05  step=1.00e+00
  it    9  L= 3.186187e+02  comp= 2.7533e+01 expr= 2.9109e+02 L+= 8.2073e-02 L-= 8.2155e-02  Keff= 8.00(min  7.99)  gmin=1.15e-01  floor=0.0e+00  |dM|=5.33e-05  step=1.00e+00
  it   10  L= 3.186182e+02  comp= 2.7533e+01 expr= 2.9108e+02 L+= 8.2119e-02 L-= 8.2201e-02  Keff= 8.00(min  7.99)  gmin=1.15e-01  floor=0.0e+00  |dM|=5.34e-05  step=1.00e+00
  it   11  L= 3.186178e+02  comp= 2.7533e+01 expr= 2.9108e+02 L+= 8.2166e-02 L-= 8.2245e-02  Keff= 8.00(min  7.99)  gmin=1.15e-01  floor=0.0e+00  |dM|=5.35e-05  step=1.00e+00
  it   12  L= 3.186174e+02  comp= 2.7533e+01 expr= 2.9108e+02 L+= 8.2216e-02 L-= 8.2290e-02  Keff= 8.00(min  7.99)  gmin=1.15e-01  floor=0.0e+00  |dM|=5.36e-05  step=1.00e+00
  it   13  L= 3.186170e+02  comp= 2.7533e+01 expr= 2.9108e+02 L+= 8.2263e-02 L-= 8.2333e-02  Keff= 8.00(min  7.99)  gmin=1.15e-01  floor=0.0e+00  |dM|=5.37e-05  step=1.00e+00
  it   14  L= 3.186166e+02  comp= 2.7533e+01 expr= 2.9108e+02 L+= 8.2309e-02 L-= 8.2377e-02  Keff= 8.00(min  7.99)  gmin=1.15e-01  floor=0.0e+00  |dM|=5.38e-05  step=1.00e+00
  it   15  L= 3.186161e+02  comp= 2.7533e+01 expr= 2.9108e+02 L+= 8.2359e-02 L-= 8.2421e-02  Keff= 8.00(min  7.99)  gmin=1.15e-01  floor=0.0e+00  |dM|=5.39e-05  step=1.00e+00
  it   16  L= 3.186157e+02  comp= 2.7533e+01 expr= 2.9108e+02 L+= 8.2405e-02 L-= 8.2467e-02  Keff= 8.00(min  7.99)  gmin=1.15e-01  floor=0.0e+00  |dM|=5.40e-05  step=1.00e+00
  it   17  L= 3.186153e+02  comp= 2.7533e+01 expr= 2.9108e+02 L+= 8.2455e-02 L-= 8.2511e-02  Keff= 8.00(min  7.99)  gmin=1.15e-01  floor=0.0e+00  |dM|=5.41e-05  step=1.00e+00
  it   18  L= 3.186149e+02  comp= 2.7533e+01 expr= 2.9108e+02 L+= 8.2502e-02 L-= 8.2559e-02  Keff= 8.00(min  7.99)  gmin=1.15e-01  floor=0.0e+00  |dM|=5.42e-05  step=1.00e+00
  it   19  L= 3.186144e+02  comp= 2.7533e+01 expr= 2.9108e+02 L+= 8.2550e-02 L-= 8.2603e-02  Keff= 8.00(min  7.99)  gmin=1.15e-01  floor=0.0e+00  |dM|=5.44e-05  step=1.00e+00
  it   20  L= 3.186140e+02  comp= 2.7533e+01 expr= 2.9108e+02 L+= 8.2597e-02 L-= 8.2649e-02  Keff= 8.00(min  7.99)  gmin=1.15e-01  floor=0.0e+00  |dM|=5.45e-05  step=1.00e+00
  it   21  L= 3.186136e+02  comp= 2.7533e+01 expr= 2.9108e+02 L+= 8.2647e-02 L-= 8.2695e-02  Keff= 8.00(min  7.99)  gmin=1.15e-01  floor=0.0e+00  |dM|=5.46e-05  step=1.00e+00
  it   22  L= 3.186132e+02  comp= 2.7533e+01 expr= 2.9108e+02 L+= 8.2696e-02 L-= 8.2740e-02  Keff= 8.00(min  7.99)  gmin=1.15e-01  floor=0.0e+00  |dM|=5.47e-05  step=1.00e+00
  it   23  L= 3.186127e+02  comp= 2.7533e+01 expr= 2.9108e+02 L+= 8.2745e-02 L-= 8.2785e-02  Keff= 8.00(min  7.99)  gmin=1.15e-01  floor=0.0e+00  |dM|=5.48e-05  step=1.00e+00
  it   24  L= 3.186123e+02  comp= 2.7533e+01 expr= 2.9108e+02 L+= 8.2793e-02 L-= 8.2831e-02  Keff= 8.00(min  7.99)  gmin=1.15e-01  floor=0.0e+00  |dM|=5.49e-05  step=1.00e+00
  it   25  L= 3.186119e+02  comp= 2.7533e+01 expr= 2.9108e+02 L+= 8.2842e-02 L-= 8.2877e-02  Keff= 8.00(min  7.99)  gmin=1.15e-01  floor=0.0e+00  |dM|=5.50e-05  step=1.00e+00
  it   26  L= 3.186114e+02  comp= 2.7533e+01 expr= 2.9108e+02 L+= 8.2892e-02 L-= 8.2924e-02  Keff= 8.00(min  7.99)  gmin=1.15e-01  floor=0.0e+00  |dM|=5.51e-05  step=1.00e+00
  it   27  L= 3.186110e+02  comp= 2.7533e+01 expr= 2.9108e+02 L+= 8.2942e-02 L-= 8.2968e-02  Keff= 8.00(min  7.99)  gmin=1.15e-01  floor=0.0e+00  |dM|=5.52e-05  step=1.00e+00
  it   28  L= 3.186106e+02  comp= 2.7533e+01 expr= 2.9108e+02 L+= 8.2991e-02 L-= 8.3016e-02  Keff= 8.00(min  7.99)  gmin=1.15e-01  floor=0.0e+00  |dM|=5.53e-05  step=1.00e+00
  it   29  L= 3.186101e+02  comp= 2.7533e+01 expr= 2.9108e+02 L+= 8.3040e-02 L-= 8.3061e-02  Keff= 8.00(min  7.99)  gmin=1.15e-01  floor=0.0e+00  |dM|=5.54e-05  step=1.00e+00
  it   30  L= 3.186097e+02  comp= 2.7533e+01 expr= 2.9108e+02 L+= 8.3088e-02 L-= 8.3106e-02  Keff= 8.00(min  7.99)  gmin=1.15e-01  floor=0.0e+00  |dM|=5.56e-05  step=1.00e+00
  it   31  L= 3.186093e+02  comp= 2.7533e+01 expr= 2.9108e+02 L+= 8.3139e-02 L-= 8.3153e-02  Keff= 8.00(min  7.99)  gmin=1.15e-01  floor=0.0e+00  |dM|=5.57e-05  step=1.00e+00
  it   32  L= 3.186088e+02  comp= 2.7533e+01 expr= 2.9108e+02 L+= 8.3187e-02 L-= 8.3200e-02  Keff= 8.00(min  7.99)  gmin=1.15e-01  floor=0.0e+00  |dM|=5.58e-05  step=1.00e+00
  it   33  L= 3.186084e+02  comp= 2.7533e+01 expr= 2.9108e+02 L+= 8.3238e-02 L-= 8.3248e-02  Keff= 8.00(min  7.99)  gmin=1.15e-01  floor=0.0e+00  |dM|=5.59e-05  step=1.00e+00
  it   34  L= 3.186079e+02  comp= 2.7533e+01 expr= 2.9107e+02 L+= 8.3289e-02 L-= 8.3294e-02  Keff= 8.00(min  7.99)  gmin=1.15e-01  floor=0.0e+00  |dM|=5.60e-05  step=1.00e+00
  it   35  L= 3.186075e+02  comp= 2.7533e+01 expr= 2.9107e+02 L+= 8.3338e-02 L-= 8.3339e-02  Keff= 8.00(min  7.99)  gmin=1.15e-01  floor=0.0e+00  |dM|=5.61e-05  step=1.00e+00
  it   36  L= 3.186071e+02  comp= 2.7533e+01 expr= 2.9107e+02 L+= 8.3388e-02 L-= 8.3388e-02  Keff= 8.00(min  7.99)  gmin=1.15e-01  floor=0.0e+00  |dM|=5.62e-05  step=1.00e+00
  it   37  L= 3.186066e+02  comp= 2.7533e+01 expr= 2.9107e+02 L+= 8.3440e-02 L-= 8.3434e-02  Keff= 8.00(min  7.99)  gmin=1.15e-01  floor=0.0e+00  |dM|=5.63e-05  step=1.00e+00
  it   38  L= 3.186061e+02  comp= 2.7533e+01 expr= 2.9107e+02 L+= 8.3488e-02 L-= 8.3481e-02  Keff= 8.00(min  7.99)  gmin=1.15e-01  floor=0.0e+00  |dM|=5.65e-05  step=1.00e+00
  it   39  L= 3.186057e+02  comp= 2.7533e+01 expr= 2.9107e+02 L+= 8.3539e-02 L-= 8.3528e-02  Keff= 8.00(min  7.99)  gmin=1.15e-01  floor=0.0e+00  |dM|=5.66e-05  step=1.00e+00
  it   40  L= 3.186052e+02  comp= 2.7533e+01 expr= 2.9107e+02 L+= 8.3590e-02 L-= 8.3575e-02  Keff= 8.00(min  7.99)  gmin=1.15e-01  floor=0.0e+00  |dM|=5.67e-05  step=1.00e+00
  it   41  L= 3.186047e+02  comp= 2.7533e+01 expr= 2.9107e+02 L+= 8.3641e-02 L-= 8.3624e-02  Keff= 8.00(min  7.99)  gmin=1.15e-01  floor=0.0e+00  |dM|=5.68e-05  step=1.00e+00
  it   42  L= 3.186043e+02  comp= 2.7533e+01 expr= 2.9107e+02 L+= 8.3691e-02 L-= 8.3673e-02  Keff= 8.00(min  7.99)  gmin=1.15e-01  floor=0.0e+00  |dM|=5.69e-05  step=1.00e+00
  it   43  L= 3.186039e+02  comp= 2.7533e+01 expr= 2.9107e+02 L+= 8.3742e-02 L-= 8.3718e-02  Keff= 8.00(min  7.99)  gmin=1.15e-01  floor=0.0e+00  |dM|=5.70e-05  step=1.00e+00
  it   44  L= 3.186034e+02  comp= 2.7533e+01 expr= 2.9107e+02 L+= 8.3795e-02 L-= 8.3768e-02  Keff= 8.00(min  7.99)  gmin=1.15e-01  floor=0.0e+00  |dM|=5.71e-05  step=1.00e+00
  it   45  L= 3.186030e+02  comp= 2.7533e+01 expr= 2.9107e+02 L+= 8.3846e-02 L-= 8.3816e-02  Keff= 8.00(min  7.99)  gmin=1.15e-01  floor=0.0e+00  |dM|=5.73e-05  step=1.00e+00
  it   46  L= 3.186025e+02  comp= 2.7533e+01 expr= 2.9107e+02 L+= 8.3897e-02 L-= 8.3862e-02  Keff= 8.00(min  7.99)  gmin=1.15e-01  floor=0.0e+00  |dM|=5.74e-05  step=1.00e+00
  it   47  L= 3.186020e+02  comp= 2.7533e+01 expr= 2.9107e+02 L+= 8.3948e-02 L-= 8.3910e-02  Keff= 8.00(min  7.99)  gmin=1.15e-01  floor=0.0e+00  |dM|=5.75e-05  step=1.00e+00
  it   48  L= 3.186016e+02  comp= 2.7533e+01 expr= 2.9107e+02 L+= 8.3999e-02 L-= 8.3959e-02  Keff= 8.00(min  7.99)  gmin=1.15e-01  floor=0.0e+00  |dM|=5.76e-05  step=1.00e+00
  it   49  L= 3.186010e+02  comp= 2.7533e+01 expr= 2.9107e+02 L+= 8.4050e-02 L-= 8.4006e-02  Keff= 8.00(min  7.99)  gmin=1.15e-01  floor=0.0e+00  |dM|=5.77e-05  step=1.00e+00
  it   50  L= 3.186006e+02  comp= 2.7533e+01 expr= 2.9107e+02 L+= 8.4102e-02 L-= 8.4055e-02  Keff= 8.00(min  7.99)  gmin=1.15e-01  floor=0.0e+00  |dM|=5.79e-05  step=1.00e+00
  it   51  L= 3.186002e+02  comp= 2.7533e+01 expr= 2.9107e+02 L+= 8.4152e-02 L-= 8.4103e-02  Keff= 8.00(min  7.99)  gmin=1.15e-01  floor=0.0e+00  |dM|=5.80e-05  step=1.00e+00
  it   52  L= 3.185997e+02  comp= 2.7533e+01 expr= 2.9107e+02 L+= 8.4206e-02 L-= 8.4152e-02  Keff= 8.00(min  7.99)  gmin=1.15e-01  floor=0.0e+00  |dM|=5.81e-05  step=1.00e+00
  it   53  L= 3.185992e+02  comp= 2.7533e+01 expr= 2.9107e+02 L+= 8.4259e-02 L-= 8.4201e-02  Keff= 8.00(min  7.99)  gmin=1.15e-01  floor=0.0e+00  |dM|=5.82e-05  step=1.00e+00
  it   54  L= 3.185987e+02  comp= 2.7533e+01 expr= 2.9107e+02 L+= 8.4311e-02 L-= 8.4249e-02  Keff= 8.00(min  7.99)  gmin=1.15e-01  floor=0.0e+00  |dM|=5.83e-05  step=1.00e+00
  it   55  L= 3.185983e+02  comp= 2.7533e+01 expr= 2.9107e+02 L+= 8.4363e-02 L-= 8.4297e-02  Keff= 8.00(min  7.99)  gmin=1.15e-01  floor=0.0e+00  |dM|=5.84e-05  step=1.00e+00
  it   56  L= 3.185977e+02  comp= 2.7533e+01 expr= 2.9106e+02 L+= 8.4415e-02 L-= 8.4347e-02  Keff= 8.00(min  7.99)  gmin=1.15e-01  floor=0.0e+00  |dM|=5.86e-05  step=1.00e+00
  it   57  L= 3.185973e+02  comp= 2.7533e+01 expr= 2.9106e+02 L+= 8.4468e-02 L-= 8.4397e-02  Keff= 8.00(min  7.99)  gmin=1.15e-01  floor=0.0e+00  |dM|=5.87e-05  step=1.00e+00
  it   58  L= 3.185968e+02  comp= 2.7533e+01 expr= 2.9106e+02 L+= 8.4520e-02 L-= 8.4446e-02  Keff= 8.00(min  7.99)  gmin=1.15e-01  floor=0.0e+00  |dM|=5.88e-05  step=1.00e+00
  it   59  L= 3.185963e+02  comp= 2.7533e+01 expr= 2.9106e+02 L+= 8.4573e-02 L-= 8.4496e-02  Keff= 8.00(min  7.99)  gmin=1.15e-01  floor=0.0e+00  |dM|=5.89e-05  step=1.00e+00
  it   60  L= 3.185959e+02  comp= 2.7533e+01 expr= 2.9106e+02 L+= 8.4625e-02 L-= 8.4546e-02  Keff= 8.00(min  7.99)  gmin=1.15e-01  floor=0.0e+00  |dM|=5.90e-05  step=1.00e+00
  it   61  L= 3.185954e+02  comp= 2.7533e+01 expr= 2.9106e+02 L+= 8.4681e-02 L-= 8.4598e-02  Keff= 8.00(min  7.99)  gmin=1.15e-01  floor=0.0e+00  |dM|=5.92e-05  step=1.00e+00
  it   62  L= 3.185949e+02  comp= 2.7533e+01 expr= 2.9106e+02 L+= 8.4735e-02 L-= 8.4647e-02  Keff= 8.00(min  7.99)  gmin=1.15e-01  floor=0.0e+00  |dM|=5.93e-05  step=1.00e+00
  it   63  L= 3.185944e+02  comp= 2.7533e+01 expr= 2.9106e+02 L+= 8.4786e-02 L-= 8.4696e-02  Keff= 8.00(min  7.99)  gmin=1.15e-01  floor=0.0e+00  |dM|=5.94e-05  step=1.00e+00
  it   64  L= 3.185940e+02  comp= 2.7533e+01 expr= 2.9106e+02 L+= 8.4841e-02 L-= 8.4744e-02  Keff= 8.00(min  7.99)  gmin=1.15e-01  floor=0.0e+00  |dM|=5.95e-05  step=1.00e+00
  it   65  L= 3.185935e+02  comp= 2.7533e+01 expr= 2.9106e+02 L+= 8.4893e-02 L-= 8.4796e-02  Keff= 8.00(min  7.99)  gmin=1.15e-01  floor=0.0e+00  |dM|=5.97e-05  step=1.00e+00
  it   66  L= 3.185930e+02  comp= 2.7533e+01 expr= 2.9106e+02 L+= 8.4946e-02 L-= 8.4845e-02  Keff= 8.00(min  7.99)  gmin=1.15e-01  floor=0.0e+00  |dM|=5.98e-05  step=1.00e+00
  it   67  L= 3.185925e+02  comp= 2.7533e+01 expr= 2.9106e+02 L+= 8.5001e-02 L-= 8.4898e-02  Keff= 8.00(min  7.99)  gmin=1.15e-01  floor=0.0e+00  |dM|=5.99e-05  step=1.00e+00
  it   68  L= 3.185920e+02  comp= 2.7533e+01 expr= 2.9106e+02 L+= 8.5056e-02 L-= 8.4947e-02  Keff= 8.00(min  7.99)  gmin=1.15e-01  floor=0.0e+00  |dM|=6.00e-05  step=1.00e+00
  it   69  L= 3.185915e+02  comp= 2.7533e+01 expr= 2.9106e+02 L+= 8.5107e-02 L-= 8.4996e-02  Keff= 8.00(min  7.99)  gmin=1.15e-01  floor=0.0e+00  |dM|=6.02e-05  step=1.00e+00
  it   70  L= 3.185910e+02  comp= 2.7533e+01 expr= 2.9106e+02 L+= 8.5163e-02 L-= 8.5049e-02  Keff= 8.00(min  7.99)  gmin=1.15e-01  floor=0.0e+00  |dM|=6.03e-05  step=1.00e+00
  it   71  L= 3.185905e+02  comp= 2.7533e+01 expr= 2.9106e+02 L+= 8.5217e-02 L-= 8.5099e-02  Keff= 8.00(min  7.99)  gmin=1.15e-01  floor=0.0e+00  |dM|=6.04e-05  step=1.00e+00
  it   72  L= 3.185900e+02  comp= 2.7533e+01 expr= 2.9106e+02 L+= 8.5272e-02 L-= 8.5151e-02  Keff= 8.00(min  7.99)  gmin=1.15e-01  floor=0.0e+00  |dM|=6.05e-05  step=1.00e+00
  it   73  L= 3.185895e+02  comp= 2.7533e+01 expr= 2.9106e+02 L+= 8.5327e-02 L-= 8.5203e-02  Keff= 8.00(min  7.99)  gmin=1.15e-01  floor=0.0e+00  |dM|=6.07e-05  step=1.00e+00
  it   74  L= 3.185890e+02  comp= 2.7533e+01 expr= 2.9106e+02 L+= 8.5380e-02 L-= 8.5252e-02  Keff= 8.00(min  7.99)  gmin=1.15e-01  floor=0.0e+00  |dM|=6.08e-05  step=1.00e+00
  it   75  L= 3.185885e+02  comp= 2.7533e+01 expr= 2.9106e+02 L+= 8.5434e-02 L-= 8.5301e-02  Keff= 8.00(min  7.99)  gmin=1.15e-01  floor=0.0e+00  |dM|=6.09e-05  step=1.00e+00
  it   76  L= 3.185880e+02  comp= 2.7533e+01 expr= 2.9105e+02 L+= 8.5489e-02 L-= 8.5354e-02  Keff= 8.00(min  7.99)  gmin=1.15e-01  floor=0.0e+00  |dM|=6.10e-05  step=1.00e+00
  it   77  L= 3.185875e+02  comp= 2.7533e+01 expr= 2.9105e+02 L+= 8.5546e-02 L-= 8.5408e-02  Keff= 8.00(min  7.99)  gmin=1.15e-01  floor=0.0e+00  |dM|=6.12e-05  step=1.00e+00
  it   78  L= 3.185870e+02  comp= 2.7533e+01 expr= 2.9105e+02 L+= 8.5600e-02 L-= 8.5458e-02  Keff= 8.00(min  7.99)  gmin=1.15e-01  floor=0.0e+00  |dM|=6.13e-05  step=1.00e+00
  it   79  L= 3.185865e+02  comp= 2.7533e+01 expr= 2.9105e+02 L+= 8.5656e-02 L-= 8.5511e-02  Keff= 8.00(min  7.99)  gmin=1.15e-01  floor=0.0e+00  |dM|=6.14e-05  step=1.00e+00
  it   80  L= 3.185860e+02  comp= 2.7533e+01 expr= 2.9105e+02 L+= 8.5710e-02 L-= 8.5561e-02  Keff= 8.00(min  7.99)  gmin=1.15e-01  floor=0.0e+00  |dM|=6.15e-05  step=1.00e+00
  it   81  L= 3.185855e+02  comp= 2.7533e+01 expr= 2.9105e+02 L+= 8.5767e-02 L-= 8.5613e-02  Keff= 8.00(min  7.99)  gmin=1.15e-01  floor=0.0e+00  |dM|=6.17e-05  step=1.00e+00
  it   82  L= 3.185849e+02  comp= 2.7533e+01 expr= 2.9105e+02 L+= 8.5823e-02 L-= 8.5666e-02  Keff= 8.00(min  7.99)  gmin=1.15e-01  floor=0.0e+00  |dM|=6.18e-05  step=1.00e+00
  it   83  L= 3.185844e+02  comp= 2.7533e+01 expr= 2.9105e+02 L+= 8.5878e-02 L-= 8.5716e-02  Keff= 8.00(min  7.99)  gmin=1.15e-01  floor=0.0e+00  |dM|=6.19e-05  step=1.00e+00
  it   84  L= 3.185839e+02  comp= 2.7533e+01 expr= 2.9105e+02 L+= 8.5934e-02 L-= 8.5769e-02  Keff= 8.00(min  7.99)  gmin=1.15e-01  floor=0.0e+00  |dM|=6.21e-05  step=1.00e+00
  it   85  L= 3.185834e+02  comp= 2.7533e+01 expr= 2.9105e+02 L+= 8.5991e-02 L-= 8.5824e-02  Keff= 8.00(min  7.99)  gmin=1.15e-01  floor=0.0e+00  |dM|=6.22e-05  step=1.00e+00
  it   86  L= 3.185829e+02  comp= 2.7533e+01 expr= 2.9105e+02 L+= 8.6046e-02 L-= 8.5876e-02  Keff= 8.00(min  7.99)  gmin=1.15e-01  floor=0.0e+00  |dM|=6.23e-05  step=1.00e+00
  it   87  L= 3.185824e+02  comp= 2.7533e+01 expr= 2.9105e+02 L+= 8.6103e-02 L-= 8.5928e-02  Keff= 8.00(min  7.99)  gmin=1.15e-01  floor=0.0e+00  |dM|=6.25e-05  step=1.00e+00
  it   88  L= 3.185818e+02  comp= 2.7533e+01 expr= 2.9105e+02 L+= 8.6160e-02 L-= 8.5981e-02  Keff= 8.00(min  7.99)  gmin=1.15e-01  floor=0.0e+00  |dM|=6.26e-05  step=1.00e+00
  it   89  L= 3.185814e+02  comp= 2.7533e+01 expr= 2.9105e+02 L+= 8.6216e-02 L-= 8.6034e-02  Keff= 8.00(min  7.99)  gmin=1.15e-01  floor=0.0e+00  |dM|=6.27e-05  step=1.00e+00
  it   90  L= 3.185808e+02  comp= 2.7533e+01 expr= 2.9105e+02 L+= 8.6273e-02 L-= 8.6087e-02  Keff= 8.00(min  7.99)  gmin=1.15e-01  floor=0.0e+00  |dM|=6.28e-05  step=1.00e+00
  it   91  L= 3.185803e+02  comp= 2.7533e+01 expr= 2.9105e+02 L+= 8.6328e-02 L-= 8.6138e-02  Keff= 8.00(min  7.99)  gmin=1.15e-01  floor=0.0e+00  |dM|=6.30e-05  step=1.00e+00
  it   92  L= 3.185797e+02  comp= 2.7533e+01 expr= 2.9105e+02 L+= 8.6388e-02 L-= 8.6195e-02  Keff= 8.00(min  7.99)  gmin=1.15e-01  floor=0.0e+00  |dM|=6.31e-05  step=1.00e+00
  it   93  L= 3.185792e+02  comp= 2.7533e+01 expr= 2.9105e+02 L+= 8.6444e-02 L-= 8.6247e-02  Keff= 8.00(min  7.99)  gmin=1.15e-01  floor=0.0e+00  |dM|=6.32e-05  step=1.00e+00
  it   94  L= 3.185787e+02  comp= 2.7533e+01 expr= 2.9105e+02 L+= 8.6501e-02 L-= 8.6301e-02  Keff= 8.00(min  7.99)  gmin=1.15e-01  floor=0.0e+00  |dM|=6.34e-05  step=1.00e+00
  it   95  L= 3.185782e+02  comp= 2.7533e+01 expr= 2.9104e+02 L+= 8.6559e-02 L-= 8.6356e-02  Keff= 8.00(min  7.99)  gmin=1.15e-01  floor=0.0e+00  |dM|=6.35e-05  step=1.00e+00
  it   96  L= 3.185776e+02  comp= 2.7533e+01 expr= 2.9104e+02 L+= 8.6616e-02 L-= 8.6409e-02  Keff= 8.00(min  7.99)  gmin=1.15e-01  floor=0.0e+00  |dM|=6.36e-05  step=1.00e+00
  it   97  L= 3.185771e+02  comp= 2.7533e+01 expr= 2.9104e+02 L+= 8.6675e-02 L-= 8.6465e-02  Keff= 8.00(min  7.99)  gmin=1.15e-01  floor=0.0e+00  |dM|=6.38e-05  step=1.00e+00
  it   98  L= 3.185765e+02  comp= 2.7533e+01 expr= 2.9104e+02 L+= 8.6731e-02 L-= 8.6515e-02  Keff= 8.00(min  7.99)  gmin=1.15e-01  floor=0.0e+00  |dM|=6.39e-05  step=1.00e+00
  it   99  L= 3.185760e+02  comp= 2.7533e+01 expr= 2.9104e+02 L+= 8.6789e-02 L-= 8.6569e-02  Keff= 8.00(min  7.99)  gmin=1.15e-01  floor=0.0e+00  |dM|=6.41e-05  step=1.00e+00
  it  100  L= 3.185755e+02  comp= 2.7533e+01 expr= 2.9104e+02 L+= 8.6848e-02 L-= 8.6627e-02  Keff= 8.00(min  7.99)  gmin=1.15e-01  floor=0.0e+00  |dM|=6.42e-05  step=1.00e+00
  it  101  L= 3.185750e+02  comp= 2.7533e+01 expr= 2.9104e+02 L+= 8.6907e-02 L-= 8.6681e-02  Keff= 8.00(min  7.99)  gmin=1.15e-01  floor=0.0e+00  |dM|=6.43e-05  step=1.00e+00
  it  102  L= 3.185744e+02  comp= 2.7533e+01 expr= 2.9104e+02 L+= 8.6966e-02 L-= 8.6735e-02  Keff= 8.00(min  7.99)  gmin=1.15e-01  floor=0.0e+00  |dM|=6.45e-05  step=1.00e+00
  it  103  L= 3.185739e+02  comp= 2.7533e+01 expr= 2.9104e+02 L+= 8.7023e-02 L-= 8.6789e-02  Keff= 8.00(min  7.99)  gmin=1.15e-01  floor=0.0e+00  |dM|=6.46e-05  step=1.00e+00
  it  104  L= 3.185733e+02  comp= 2.7533e+01 expr= 2.9104e+02 L+= 8.7083e-02 L-= 8.6843e-02  Keff= 8.00(min  7.99)  gmin=1.15e-01  floor=0.0e+00  |dM|=6.47e-05  step=1.00e+00
  it  105  L= 3.185728e+02  comp= 2.7533e+01 expr= 2.9104e+02 L+= 8.7139e-02 L-= 8.6900e-02  Keff= 8.00(min  7.99)  gmin=1.15e-01  floor=0.0e+00  |dM|=6.49e-05  step=1.00e+00
  it  106  L= 3.185722e+02  comp= 2.7533e+01 expr= 2.9104e+02 L+= 8.7200e-02 L-= 8.6957e-02  Keff= 8.00(min  7.99)  gmin=1.15e-01  floor=0.0e+00  |dM|=6.50e-05  step=1.00e+00
  it  107  L= 3.185717e+02  comp= 2.7533e+01 expr= 2.9104e+02 L+= 8.7262e-02 L-= 8.7012e-02  Keff= 8.00(min  7.99)  gmin=1.15e-01  floor=0.0e+00  |dM|=6.51e-05  step=1.00e+00
  it  108  L= 3.185711e+02  comp= 2.7533e+01 expr= 2.9104e+02 L+= 8.7319e-02 L-= 8.7066e-02  Keff= 8.00(min  7.99)  gmin=1.15e-01  floor=0.0e+00  |dM|=6.53e-05  step=1.00e+00
  it  109  L= 3.185706e+02  comp= 2.7533e+01 expr= 2.9104e+02 L+= 8.7379e-02 L-= 8.7121e-02  Keff= 8.00(min  7.99)  gmin=1.15e-01  floor=0.0e+00  |dM|=6.54e-05  step=1.00e+00
  it  110  L= 3.185700e+02  comp= 2.7533e+01 expr= 2.9104e+02 L+= 8.7438e-02 L-= 8.7176e-02  Keff= 8.00(min  7.99)  gmin=1.15e-01  floor=0.0e+00  |dM|=6.56e-05  step=1.00e+00
  it  111  L= 3.185695e+02  comp= 2.7533e+01 expr= 2.9104e+02 L+= 8.7497e-02 L-= 8.7234e-02  Keff= 8.00(min  7.99)  gmin=1.15e-01  floor=0.0e+00  |dM|=6.57e-05  step=1.00e+00
  it  112  L= 3.185688e+02  comp= 2.7533e+01 expr= 2.9104e+02 L+= 8.7557e-02 L-= 8.7290e-02  Keff= 8.00(min  7.99)  gmin=1.15e-01  floor=0.0e+00  |dM|=6.58e-05  step=1.00e+00
  it  113  L= 3.185683e+02  comp= 2.7533e+01 expr= 2.9104e+02 L+= 8.7617e-02 L-= 8.7345e-02  Keff= 8.00(min  7.99)  gmin=1.15e-01  floor=0.0e+00  |dM|=6.60e-05  step=1.00e+00
  it  114  L= 3.185678e+02  comp= 2.7533e+01 expr= 2.9103e+02 L+= 8.7679e-02 L-= 8.7402e-02  Keff= 8.00(min  7.99)  gmin=1.15e-01  floor=0.0e+00  |dM|=6.61e-05  step=1.00e+00
  it  115  L= 3.185672e+02  comp= 2.7533e+01 expr= 2.9103e+02 L+= 8.7737e-02 L-= 8.7458e-02  Keff= 8.00(min  7.99)  gmin=1.15e-01  floor=0.0e+00  |dM|=6.63e-05  step=1.00e+00
  it  116  L= 3.185666e+02  comp= 2.7533e+01 expr= 2.9103e+02 L+= 8.7798e-02 L-= 8.7514e-02  Keff= 8.00(min  7.99)  gmin=1.15e-01  floor=0.0e+00  |dM|=6.64e-05  step=1.00e+00
  it  117  L= 3.185661e+02  comp= 2.7533e+01 expr= 2.9103e+02 L+= 8.7859e-02 L-= 8.7572e-02  Keff= 8.00(min  7.99)  gmin=1.15e-01  floor=0.0e+00  |dM|=6.66e-05  step=1.00e+00
  it  118  L= 3.185655e+02  comp= 2.7533e+01 expr= 2.9103e+02 L+= 8.7920e-02 L-= 8.7629e-02  Keff= 8.00(min  7.99)  gmin=1.15e-01  floor=0.0e+00  |dM|=6.67e-05  step=1.00e+00
  it  119  L= 3.185649e+02  comp= 2.7533e+01 expr= 2.9103e+02 L+= 8.7980e-02 L-= 8.7685e-02  Keff= 8.00(min  7.99)  gmin=1.15e-01  floor=0.0e+00  |dM|=6.68e-05  step=1.00e+00
  it  120  L= 3.185643e+02  comp= 2.7533e+01 expr= 2.9103e+02 L+= 8.8041e-02 L-= 8.7741e-02  Keff= 8.00(min  7.99)  gmin=1.15e-01  floor=0.0e+00  |dM|=6.70e-05  step=1.00e+00
  it  121  L= 3.185638e+02  comp= 2.7533e+01 expr= 2.9103e+02 L+= 8.8101e-02 L-= 8.7797e-02  Keff= 8.00(min  7.99)  gmin=1.15e-01  floor=0.0e+00  |dM|=6.71e-05  step=1.00e+00
  it  122  L= 3.185632e+02  comp= 2.7533e+01 expr= 2.9103e+02 L+= 8.8162e-02 L-= 8.7856e-02  Keff= 8.00(min  7.99)  gmin=1.15e-01  floor=0.0e+00  |dM|=6.73e-05  step=1.00e+00
  it  123  L= 3.185626e+02  comp= 2.7533e+01 expr= 2.9103e+02 L+= 8.8224e-02 L-= 8.7911e-02  Keff= 8.00(min  7.99)  gmin=1.15e-01  floor=0.0e+00  |dM|=6.74e-05  step=1.00e+00
  it  124  L= 3.185620e+02  comp= 2.7533e+01 expr= 2.9103e+02 L+= 8.8284e-02 L-= 8.7971e-02  Keff= 8.00(min  7.99)  gmin=1.15e-01  floor=0.0e+00  |dM|=6.76e-05  step=1.00e+00
  it  125  L= 3.185615e+02  comp= 2.7533e+01 expr= 2.9103e+02 L+= 8.8347e-02 L-= 8.8030e-02  Keff= 8.00(min  7.99)  gmin=1.15e-01  floor=0.0e+00  |dM|=6.77e-05  step=1.00e+00
  it  126  L= 3.185609e+02  comp= 2.7533e+01 expr= 2.9103e+02 L+= 8.8410e-02 L-= 8.8088e-02  Keff= 8.00(min  7.99)  gmin=1.15e-01  floor=0.0e+00  |dM|=6.79e-05  step=1.00e+00
  it  127  L= 3.185603e+02  comp= 2.7533e+01 expr= 2.9103e+02 L+= 8.8471e-02 L-= 8.8144e-02  Keff= 8.00(min  7.99)  gmin=1.15e-01  floor=0.0e+00  |dM|=6.80e-05  step=1.00e+00
  it  128  L= 3.185597e+02  comp= 2.7533e+01 expr= 2.9103e+02 L+= 8.8534e-02 L-= 8.8204e-02  Keff= 8.00(min  7.99)  gmin=1.15e-01  floor=0.0e+00  |dM|=6.82e-05  step=1.00e+00
  it  129  L= 3.185591e+02  comp= 2.7533e+01 expr= 2.9103e+02 L+= 8.8595e-02 L-= 8.8260e-02  Keff= 8.00(min  7.99)  gmin=1.15e-01  floor=0.0e+00  |dM|=6.83e-05  step=1.00e+00
  it  130  L= 3.185585e+02  comp= 2.7533e+01 expr= 2.9103e+02 L+= 8.8660e-02 L-= 8.8320e-02  Keff= 8.00(min  7.99)  gmin=1.15e-01  floor=0.0e+00  |dM|=6.84e-05  step=1.00e+00
  it  131  L= 3.185579e+02  comp= 2.7533e+01 expr= 2.9102e+02 L+= 8.8723e-02 L-= 8.8380e-02  Keff= 8.00(min  7.99)  gmin=1.15e-01  floor=0.0e+00  |dM|=6.86e-05  step=1.00e+00
  it  132  L= 3.185573e+02  comp= 2.7533e+01 expr= 2.9102e+02 L+= 8.8783e-02 L-= 8.8437e-02  Keff= 8.00(min  7.99)  gmin=1.15e-01  floor=0.0e+00  |dM|=6.87e-05  step=1.00e+00
  it  133  L= 3.185567e+02  comp= 2.7533e+01 expr= 2.9102e+02 L+= 8.8848e-02 L-= 8.8495e-02  Keff= 8.00(min  7.99)  gmin=1.15e-01  floor=0.0e+00  |dM|=6.89e-05  step=1.00e+00
  it  134  L= 3.185561e+02  comp= 2.7533e+01 expr= 2.9102e+02 L+= 8.8908e-02 L-= 8.8555e-02  Keff= 8.00(min  7.99)  gmin=1.15e-01  floor=0.0e+00  |dM|=6.90e-05  step=1.00e+00
  it  135  L= 3.185555e+02  comp= 2.7533e+01 expr= 2.9102e+02 L+= 8.8973e-02 L-= 8.8614e-02  Keff= 8.00(min  7.99)  gmin=1.15e-01  floor=0.0e+00  |dM|=6.92e-05  step=1.00e+00
  it  136  L= 3.185549e+02  comp= 2.7533e+01 expr= 2.9102e+02 L+= 8.9036e-02 L-= 8.8675e-02  Keff= 8.00(min  7.99)  gmin=1.15e-01  floor=0.0e+00  |dM|=6.93e-05  step=1.00e+00
  it  137  L= 3.185543e+02  comp= 2.7533e+01 expr= 2.9102e+02 L+= 8.9099e-02 L-= 8.8734e-02  Keff= 8.00(min  7.99)  gmin=1.15e-01  floor=0.0e+00  |dM|=6.95e-05  step=1.00e+00
  it  138  L= 3.185537e+02  comp= 2.7533e+01 expr= 2.9102e+02 L+= 8.9163e-02 L-= 8.8794e-02  Keff= 8.00(min  7.99)  gmin=1.15e-01  floor=0.0e+00  |dM|=6.96e-05  step=1.00e+00
  it  139  L= 3.185531e+02  comp= 2.7533e+01 expr= 2.9102e+02 L+= 8.9230e-02 L-= 8.8855e-02  Keff= 8.00(min  7.99)  gmin=1.15e-01  floor=0.0e+00  |dM|=6.98e-05  step=1.00e+00
  it  140  L= 3.185525e+02  comp= 2.7533e+01 expr= 2.9102e+02 L+= 8.9293e-02 L-= 8.8914e-02  Keff= 8.00(min  7.99)  gmin=1.15e-01  floor=0.0e+00  |dM|=7.00e-05  step=1.00e+00
  it  141  L= 3.185519e+02  comp= 2.7533e+01 expr= 2.9102e+02 L+= 8.9355e-02 L-= 8.8973e-02  Keff= 8.00(min  7.99)  gmin=1.15e-01  floor=0.0e+00  |dM|=7.01e-05  step=1.00e+00
  it  142  L= 3.185512e+02  comp= 2.7533e+01 expr= 2.9102e+02 L+= 8.9419e-02 L-= 8.9031e-02  Keff= 8.00(min  7.99)  gmin=1.15e-01  floor=0.0e+00  |dM|=7.03e-05  step=1.00e+00
  it  143  L= 3.185507e+02  comp= 2.7533e+01 expr= 2.9102e+02 L+= 8.9483e-02 L-= 8.9094e-02  Keff= 8.00(min  7.99)  gmin=1.15e-01  floor=0.0e+00  |dM|=7.04e-05  step=1.00e+00
  it  144  L= 3.185500e+02  comp= 2.7533e+01 expr= 2.9102e+02 L+= 8.9549e-02 L-= 8.9153e-02  Keff= 8.00(min  7.99)  gmin=1.15e-01  floor=0.0e+00  |dM|=7.06e-05  step=1.00e+00
  it  145  L= 3.185494e+02  comp= 2.7533e+01 expr= 2.9102e+02 L+= 8.9615e-02 L-= 8.9214e-02  Keff= 8.00(min  7.99)  gmin=1.15e-01  floor=0.0e+00  |dM|=7.07e-05  step=1.00e+00
  it  146  L= 3.185488e+02  comp= 2.7533e+01 expr= 2.9102e+02 L+= 8.9679e-02 L-= 8.9275e-02  Keff= 8.00(min  7.99)  gmin=1.15e-01  floor=0.0e+00  |dM|=7.09e-05  step=1.00e+00
  it  147  L= 3.185481e+02  comp= 2.7533e+01 expr= 2.9101e+02 L+= 8.9744e-02 L-= 8.9335e-02  Keff= 8.00(min  7.99)  gmin=1.15e-01  floor=0.0e+00  |dM|=7.10e-05  step=1.00e+00
  it  148  L= 3.185475e+02  comp= 2.7533e+01 expr= 2.9101e+02 L+= 8.9810e-02 L-= 8.9397e-02  Keff= 8.00(min  7.99)  gmin=1.15e-01  floor=0.0e+00  |dM|=7.12e-05  step=1.00e+00
  it  149  L= 3.185468e+02  comp= 2.7533e+01 expr= 2.9101e+02 L+= 8.9873e-02 L-= 8.9458e-02  Keff= 8.00(min  7.99)  gmin=1.15e-01  floor=0.0e+00  |dM|=7.13e-05  step=1.00e+00
  it  150  L= 3.185462e+02  comp= 2.7533e+01 expr= 2.9101e+02 L+= 8.9941e-02 L-= 8.9521e-02  Keff= 8.00(min  7.99)  gmin=1.15e-01  floor=0.0e+00  |dM|=7.15e-05  step=1.00e+00
  it  151  L= 3.185456e+02  comp= 2.7533e+01 expr= 2.9101e+02 L+= 9.0005e-02 L-= 8.9581e-02  Keff= 8.00(min  7.99)  gmin=1.15e-01  floor=0.0e+00  |dM|=7.17e-05  step=1.00e+00
  it  152  L= 3.185450e+02  comp= 2.7533e+01 expr= 2.9101e+02 L+= 9.0071e-02 L-= 8.9645e-02  Keff= 8.00(min  7.99)  gmin=1.15e-01  floor=0.0e+00  |dM|=7.18e-05  step=1.00e+00
  it  153  L= 3.185443e+02  comp= 2.7533e+01 expr= 2.9101e+02 L+= 9.0138e-02 L-= 8.9704e-02  Keff= 8.00(min  7.99)  gmin=1.15e-01  floor=0.0e+00  |dM|=7.20e-05  step=1.00e+00
  it  154  L= 3.185437e+02  comp= 2.7533e+01 expr= 2.9101e+02 L+= 9.0204e-02 L-= 8.9767e-02  Keff= 8.00(min  7.99)  gmin=1.15e-01  floor=0.0e+00  |dM|=7.21e-05  step=1.00e+00
  it  155  L= 3.185431e+02  comp= 2.7533e+01 expr= 2.9101e+02 L+= 9.0270e-02 L-= 8.9830e-02  Keff= 8.00(min  7.99)  gmin=1.15e-01  floor=0.0e+00  |dM|=7.23e-05  step=1.00e+00
  it  156  L= 3.185424e+02  comp= 2.7533e+01 expr= 2.9101e+02 L+= 9.0338e-02 L-= 8.9893e-02  Keff= 8.00(min  7.99)  gmin=1.15e-01  floor=0.0e+00  |dM|=7.25e-05  step=1.00e+00
  it  157  L= 3.185418e+02  comp= 2.7533e+01 expr= 2.9101e+02 L+= 9.0405e-02 L-= 8.9955e-02  Keff= 8.00(min  7.99)  gmin=1.15e-01  floor=0.0e+00  |dM|=7.26e-05  step=1.00e+00
  it  158  L= 3.185411e+02  comp= 2.7533e+01 expr= 2.9101e+02 L+= 9.0469e-02 L-= 9.0015e-02  Keff= 8.00(min  7.99)  gmin=1.15e-01  floor=0.0e+00  |dM|=7.28e-05  step=1.00e+00
  it  159  L= 3.185405e+02  comp= 2.7533e+01 expr= 2.9101e+02 L+= 9.0537e-02 L-= 9.0079e-02  Keff= 8.00(min  7.99)  gmin=1.15e-01  floor=0.0e+00  |dM|=7.29e-05  step=1.00e+00
  it  160  L= 3.185398e+02  comp= 2.7533e+01 expr= 2.9101e+02 L+= 9.0605e-02 L-= 9.0143e-02  Keff= 8.00(min  7.99)  gmin=1.15e-01  floor=0.0e+00  |dM|=7.31e-05  step=1.00e+00
  it  161  L= 3.185392e+02  comp= 2.7533e+01 expr= 2.9101e+02 L+= 9.0672e-02 L-= 9.0204e-02  Keff= 8.00(min  7.99)  gmin=1.15e-01  floor=0.0e+00  |dM|=7.33e-05  step=1.00e+00
  it  162  L= 3.185385e+02  comp= 2.7533e+01 expr= 2.9101e+02 L+= 9.0739e-02 L-= 9.0268e-02  Keff= 8.00(min  7.99)  gmin=1.15e-01  floor=0.0e+00  |dM|=7.34e-05  step=1.00e+00
  it  163  L= 3.185378e+02  comp= 2.7533e+01 expr= 2.9100e+02 L+= 9.0808e-02 L-= 9.0333e-02  Keff= 8.00(min  7.99)  gmin=1.15e-01  floor=0.0e+00  |dM|=7.36e-05  step=1.00e+00
  it  164  L= 3.185372e+02  comp= 2.7533e+01 expr= 2.9100e+02 L+= 9.0876e-02 L-= 9.0398e-02  Keff= 8.00(min  7.99)  gmin=1.15e-01  floor=0.0e+00  |dM|=7.37e-05  step=1.00e+00
  it  165  L= 3.185366e+02  comp= 2.7533e+01 expr= 2.9100e+02 L+= 9.0945e-02 L-= 9.0461e-02  Keff= 8.00(min  7.99)  gmin=1.15e-01  floor=0.0e+00  |dM|=7.39e-05  step=1.00e+00
  it  166  L= 3.185359e+02  comp= 2.7533e+01 expr= 2.9100e+02 L+= 9.1013e-02 L-= 9.0524e-02  Keff= 8.00(min  7.99)  gmin=1.15e-01  floor=0.0e+00  |dM|=7.41e-05  step=1.00e+00
  it  167  L= 3.185352e+02  comp= 2.7533e+01 expr= 2.9100e+02 L+= 9.1082e-02 L-= 9.0589e-02  Keff= 8.00(min  7.99)  gmin=1.15e-01  floor=0.0e+00  |dM|=7.42e-05  step=1.00e+00
  it  168  L= 3.185346e+02  comp= 2.7533e+01 expr= 2.9100e+02 L+= 9.1149e-02 L-= 9.0653e-02  Keff= 8.00(min  7.99)  gmin=1.15e-01  floor=0.0e+00  |dM|=7.44e-05  step=1.00e+00
  it  169  L= 3.185339e+02  comp= 2.7533e+01 expr= 2.9100e+02 L+= 9.1218e-02 L-= 9.0717e-02  Keff= 8.00(min  7.99)  gmin=1.15e-01  floor=0.0e+00  |dM|=7.46e-05  step=1.00e+00
  it  170  L= 3.185332e+02  comp= 2.7533e+01 expr= 2.9100e+02 L+= 9.1289e-02 L-= 9.0782e-02  Keff= 8.00(min  7.99)  gmin=1.15e-01  floor=0.0e+00  |dM|=7.47e-05  step=1.00e+00
  it  171  L= 3.185326e+02  comp= 2.7533e+01 expr= 2.9100e+02 L+= 9.1356e-02 L-= 9.0847e-02  Keff= 8.00(min  7.99)  gmin=1.15e-01  floor=0.0e+00  |dM|=7.49e-05  step=1.00e+00
  it  172  L= 3.185319e+02  comp= 2.7533e+01 expr= 2.9100e+02 L+= 9.1427e-02 L-= 9.0912e-02  Keff= 8.00(min  7.99)  gmin=1.15e-01  floor=0.0e+00  |dM|=7.51e-05  step=1.00e+00
  it  173  L= 3.185312e+02  comp= 2.7533e+01 expr= 2.9100e+02 L+= 9.1495e-02 L-= 9.0978e-02  Keff= 8.00(min  7.99)  gmin=1.15e-01  floor=0.0e+00  |dM|=7.52e-05  step=1.00e+00
  it  174  L= 3.185305e+02  comp= 2.7533e+01 expr= 2.9100e+02 L+= 9.1566e-02 L-= 9.1042e-02  Keff= 8.00(min  7.99)  gmin=1.15e-01  floor=0.0e+00  |dM|=7.54e-05  step=1.00e+00
  it  175  L= 3.185298e+02  comp= 2.7533e+01 expr= 2.9100e+02 L+= 9.1634e-02 L-= 9.1107e-02  Keff= 8.00(min  7.99)  gmin=1.15e-01  floor=0.0e+00  |dM|=7.56e-05  step=1.00e+00
  it  176  L= 3.185292e+02  comp= 2.7533e+01 expr= 2.9100e+02 L+= 9.1706e-02 L-= 9.1173e-02  Keff= 8.00(min  7.99)  gmin=1.15e-01  floor=0.0e+00  |dM|=7.58e-05  step=1.00e+00
  it  177  L= 3.185285e+02  comp= 2.7533e+01 expr= 2.9100e+02 L+= 9.1777e-02 L-= 9.1238e-02  Keff= 8.00(min  7.99)  gmin=1.15e-01  floor=0.0e+00  |dM|=7.59e-05  step=1.00e+00
  it  178  L= 3.185278e+02  comp= 2.7533e+01 expr= 2.9099e+02 L+= 9.1846e-02 L-= 9.1305e-02  Keff= 8.00(min  7.99)  gmin=1.15e-01  floor=0.0e+00  |dM|=7.61e-05  step=1.00e+00
  it  179  L= 3.185271e+02  comp= 2.7533e+01 expr= 2.9099e+02 L+= 9.1916e-02 L-= 9.1370e-02  Keff= 8.00(min  7.99)  gmin=1.15e-01  floor=0.0e+00  |dM|=7.63e-05  step=1.00e+00
  it  180  L= 3.185264e+02  comp= 2.7533e+01 expr= 2.9099e+02 L+= 9.1988e-02 L-= 9.1435e-02  Keff= 8.00(min  7.99)  gmin=1.15e-01  floor=0.0e+00  |dM|=7.64e-05  step=1.00e+00
  it  181  L= 3.185257e+02  comp= 2.7533e+01 expr= 2.9099e+02 L+= 9.2059e-02 L-= 9.1504e-02  Keff= 8.00(min  7.99)  gmin=1.15e-01  floor=0.0e+00  |dM|=7.66e-05  step=1.00e+00
  it  182  L= 3.185250e+02  comp= 2.7533e+01 expr= 2.9099e+02 L+= 9.2129e-02 L-= 9.1569e-02  Keff= 8.00(min  7.99)  gmin=1.15e-01  floor=0.0e+00  |dM|=7.68e-05  step=1.00e+00
  it  183  L= 3.185243e+02  comp= 2.7533e+01 expr= 2.9099e+02 L+= 9.2199e-02 L-= 9.1637e-02  Keff= 8.00(min  7.99)  gmin=1.15e-01  floor=0.0e+00  |dM|=7.69e-05  step=1.00e+00
  it  184  L= 3.185236e+02  comp= 2.7533e+01 expr= 2.9099e+02 L+= 9.2271e-02 L-= 9.1703e-02  Keff= 8.00(min  7.99)  gmin=1.15e-01  floor=0.0e+00  |dM|=7.71e-05  step=1.00e+00
  it  185  L= 3.185229e+02  comp= 2.7533e+01 expr= 2.9099e+02 L+= 9.2344e-02 L-= 9.1771e-02  Keff= 8.00(min  7.99)  gmin=1.15e-01  floor=0.0e+00  |dM|=7.73e-05  step=1.00e+00
  it  186  L= 3.185222e+02  comp= 2.7533e+01 expr= 2.9099e+02 L+= 9.2416e-02 L-= 9.1838e-02  Keff= 8.00(min  7.99)  gmin=1.15e-01  floor=0.0e+00  |dM|=7.75e-05  step=1.00e+00
  it  187  L= 3.185215e+02  comp= 2.7533e+01 expr= 2.9099e+02 L+= 9.2488e-02 L-= 9.1906e-02  Keff= 8.00(min  7.99)  gmin=1.15e-01  floor=0.0e+00  |dM|=7.76e-05  step=1.00e+00
  it  188  L= 3.185208e+02  comp= 2.7533e+01 expr= 2.9099e+02 L+= 9.2560e-02 L-= 9.1974e-02  Keff= 8.00(min  7.99)  gmin=1.15e-01  floor=0.0e+00  |dM|=7.78e-05  step=1.00e+00
  it  189  L= 3.185201e+02  comp= 2.7533e+01 expr= 2.9099e+02 L+= 9.2631e-02 L-= 9.2042e-02  Keff= 8.00(min  7.99)  gmin=1.15e-01  floor=0.0e+00  |dM|=7.80e-05  step=1.00e+00
  it  190  L= 3.185193e+02  comp= 2.7533e+01 expr= 2.9099e+02 L+= 9.2705e-02 L-= 9.2110e-02  Keff= 8.00(min  7.99)  gmin=1.15e-01  floor=0.0e+00  |dM|=7.82e-05  step=1.00e+00
  it  191  L= 3.185186e+02  comp= 2.7533e+01 expr= 2.9099e+02 L+= 9.2777e-02 L-= 9.2177e-02  Keff= 8.00(min  7.99)  gmin=1.15e-01  floor=0.0e+00  |dM|=7.84e-05  step=1.00e+00
  it  192  L= 3.185179e+02  comp= 2.7533e+01 expr= 2.9098e+02 L+= 9.2853e-02 L-= 9.2247e-02  Keff= 8.00(min  7.99)  gmin=1.15e-01  floor=0.0e+00  |dM|=7.85e-05  step=1.00e+00
  it  193  L= 3.185172e+02  comp= 2.7533e+01 expr= 2.9098e+02 L+= 9.2924e-02 L-= 9.2315e-02  Keff= 8.00(min  7.99)  gmin=1.15e-01  floor=0.0e+00  |dM|=7.87e-05  step=1.00e+00
  it  194  L= 3.185165e+02  comp= 2.7533e+01 expr= 2.9098e+02 L+= 9.2997e-02 L-= 9.2382e-02  Keff= 8.00(min  7.99)  gmin=1.15e-01  floor=0.0e+00  |dM|=7.89e-05  step=1.00e+00
  it  195  L= 3.185157e+02  comp= 2.7533e+01 expr= 2.9098e+02 L+= 9.3070e-02 L-= 9.2452e-02  Keff= 8.00(min  7.99)  gmin=1.15e-01  floor=0.0e+00  |dM|=7.91e-05  step=1.00e+00
  it  196  L= 3.185151e+02  comp= 2.7533e+01 expr= 2.9098e+02 L+= 9.3143e-02 L-= 9.2519e-02  Keff= 8.00(min  7.99)  gmin=1.15e-01  floor=0.0e+00  |dM|=7.92e-05  step=1.00e+00
  it  197  L= 3.185143e+02  comp= 2.7533e+01 expr= 2.9098e+02 L+= 9.3216e-02 L-= 9.2589e-02  Keff= 8.00(min  7.99)  gmin=1.15e-01  floor=0.0e+00  |dM|=7.94e-05  step=1.00e+00
  it  198  L= 3.185136e+02  comp= 2.7533e+01 expr= 2.9098e+02 L+= 9.3291e-02 L-= 9.2658e-02  Keff= 8.00(min  7.99)  gmin=1.15e-01  floor=0.0e+00  |dM|=7.96e-05  step=1.00e+00
  it  199  L= 3.185128e+02  comp= 2.7533e+01 expr= 2.9098e+02 L+= 9.3367e-02 L-= 9.2727e-02  Keff= 8.00(min  7.99)  gmin=1.15e-01  floor=0.0e+00  |dM|=7.98e-05  step=1.00e+00
  it  200  L= 3.185121e+02  comp= 2.7533e+01 expr= 2.9098e+02 L+= 9.3442e-02 L-= 9.2797e-02  Keff= 8.00(min  7.99)  gmin=1.15e-01  floor=0.0e+00  |dM|=8.00e-05  step=1.00e+00
  it  201  L= 3.185114e+02  comp= 2.7533e+01 expr= 2.9098e+02 L+= 9.3516e-02 L-= 9.2869e-02  Keff= 8.00(min  7.99)  gmin=1.15e-01  floor=0.0e+00  |dM|=8.01e-05  step=1.00e+00
  it  202  L= 3.185106e+02  comp= 2.7533e+01 expr= 2.9098e+02 L+= 9.3591e-02 L-= 9.2940e-02  Keff= 8.00(min  7.99)  gmin=1.15e-01  floor=0.0e+00  |dM|=8.03e-05  step=1.00e+00
  it  203  L= 3.185099e+02  comp= 2.7533e+01 expr= 2.9098e+02 L+= 9.3666e-02 L-= 9.3010e-02  Keff= 8.00(min  7.99)  gmin=1.15e-01  floor=0.0e+00  |dM|=8.05e-05  step=1.00e+00
  it  204  L= 3.185091e+02  comp= 2.7533e+01 expr= 2.9098e+02 L+= 9.3741e-02 L-= 9.3081e-02  Keff= 8.00(min  7.99)  gmin=1.15e-01  floor=0.0e+00  |dM|=8.07e-05  step=1.00e+00
  it  205  L= 3.185084e+02  comp= 2.7533e+01 expr= 2.9098e+02 L+= 9.3816e-02 L-= 9.3152e-02  Keff= 8.00(min  7.99)  gmin=1.15e-01  floor=0.0e+00  |dM|=8.09e-05  step=1.00e+00
  it  206  L= 3.185076e+02  comp= 2.7533e+01 expr= 2.9097e+02 L+= 9.3894e-02 L-= 9.3223e-02  Keff= 8.00(min  7.99)  gmin=1.15e-01  floor=0.0e+00  |dM|=8.11e-05  step=1.00e+00
  it  207  L= 3.185069e+02  comp= 2.7533e+01 expr= 2.9097e+02 L+= 9.3967e-02 L-= 9.3292e-02  Keff= 8.00(min  7.99)  gmin=1.15e-01  floor=0.0e+00  |dM|=8.13e-05  step=1.00e+00
  it  208  L= 3.185061e+02  comp= 2.7533e+01 expr= 2.9097e+02 L+= 9.4043e-02 L-= 9.3364e-02  Keff= 8.00(min  7.99)  gmin=1.15e-01  floor=0.0e+00  |dM|=8.14e-05  step=1.00e+00
  it  209  L= 3.185053e+02  comp= 2.7533e+01 expr= 2.9097e+02 L+= 9.4119e-02 L-= 9.3433e-02  Keff= 8.00(min  7.99)  gmin=1.15e-01  floor=0.0e+00  |dM|=8.16e-05  step=1.00e+00
  it  210  L= 3.185046e+02  comp= 2.7533e+01 expr= 2.9097e+02 L+= 9.4194e-02 L-= 9.3506e-02  Keff= 8.00(min  7.99)  gmin=1.15e-01  floor=0.0e+00  |dM|=8.18e-05  step=1.00e+00
  it  211  L= 3.185038e+02  comp= 2.7533e+01 expr= 2.9097e+02 L+= 9.4273e-02 L-= 9.3580e-02  Keff= 8.00(min  7.99)  gmin=1.15e-01  floor=0.0e+00  |dM|=8.20e-05  step=1.00e+00
  it  212  L= 3.185030e+02  comp= 2.7533e+01 expr= 2.9097e+02 L+= 9.4349e-02 L-= 9.3649e-02  Keff= 8.00(min  7.99)  gmin=1.15e-01  floor=0.0e+00  |dM|=8.22e-05  step=1.00e+00
  it  213  L= 3.185022e+02  comp= 2.7533e+01 expr= 2.9097e+02 L+= 9.4425e-02 L-= 9.3723e-02  Keff= 8.00(min  7.99)  gmin=1.15e-01  floor=0.0e+00  |dM|=8.24e-05  step=1.00e+00
  it  214  L= 3.185015e+02  comp= 2.7533e+01 expr= 2.9097e+02 L+= 9.4504e-02 L-= 9.3796e-02  Keff= 8.00(min  7.99)  gmin=1.15e-01  floor=0.0e+00  |dM|=8.26e-05  step=1.00e+00
  it  215  L= 3.185007e+02  comp= 2.7533e+01 expr= 2.9097e+02 L+= 9.4581e-02 L-= 9.3868e-02  Keff= 8.00(min  7.99)  gmin=1.15e-01  floor=0.0e+00  |dM|=8.28e-05  step=1.00e+00
  it  216  L= 3.184999e+02  comp= 2.7533e+01 expr= 2.9097e+02 L+= 9.4659e-02 L-= 9.3939e-02  Keff= 8.00(min  7.99)  gmin=1.15e-01  floor=0.0e+00  |dM|=8.29e-05  step=1.00e+00
  it  217  L= 3.184992e+02  comp= 2.7533e+01 expr= 2.9097e+02 L+= 9.4737e-02 L-= 9.4013e-02  Keff= 8.00(min  7.99)  gmin=1.15e-01  floor=0.0e+00  |dM|=8.31e-05  step=1.00e+00
  it  218  L= 3.184984e+02  comp= 2.7533e+01 expr= 2.9097e+02 L+= 9.4813e-02 L-= 9.4087e-02  Keff= 8.00(min  7.99)  gmin=1.15e-01  floor=0.0e+00  |dM|=8.33e-05  step=1.00e+00
  it  219  L= 3.184976e+02  comp= 2.7533e+01 expr= 2.9096e+02 L+= 9.4891e-02 L-= 9.4159e-02  Keff= 8.00(min  7.99)  gmin=1.15e-01  floor=0.0e+00  |dM|=8.35e-05  step=1.00e+00
  it  220  L= 3.184968e+02  comp= 2.7533e+01 expr= 2.9096e+02 L+= 9.4971e-02 L-= 9.4235e-02  Keff= 8.00(min  7.99)  gmin=1.15e-01  floor=0.0e+00  |dM|=8.37e-05  step=1.00e+00
  it  221  L= 3.184960e+02  comp= 2.7533e+01 expr= 2.9096e+02 L+= 9.5050e-02 L-= 9.4306e-02  Keff= 8.00(min  7.99)  gmin=1.15e-01  floor=0.0e+00  |dM|=8.39e-05  step=1.00e+00
  it  222  L= 3.184952e+02  comp= 2.7533e+01 expr= 2.9096e+02 L+= 9.5130e-02 L-= 9.4381e-02  Keff= 8.00(min  7.99)  gmin=1.15e-01  floor=0.0e+00  |dM|=8.41e-05  step=1.00e+00
  it  223  L= 3.184944e+02  comp= 2.7533e+01 expr= 2.9096e+02 L+= 9.5208e-02 L-= 9.4456e-02  Keff= 8.00(min  7.99)  gmin=1.15e-01  floor=0.0e+00  |dM|=8.43e-05  step=1.00e+00
  it  224  L= 3.184937e+02  comp= 2.7533e+01 expr= 2.9096e+02 L+= 9.5285e-02 L-= 9.4527e-02  Keff= 8.00(min  7.99)  gmin=1.15e-01  floor=0.0e+00  |dM|=8.45e-05  step=1.00e+00
  it  225  L= 3.184929e+02  comp= 2.7533e+01 expr= 2.9096e+02 L+= 9.5368e-02 L-= 9.4606e-02  Keff= 8.00(min  7.99)  gmin=1.15e-01  floor=0.0e+00  |dM|=8.47e-05  step=1.00e+00
  it  226  L= 3.184920e+02  comp= 2.7533e+01 expr= 2.9096e+02 L+= 9.5447e-02 L-= 9.4680e-02  Keff= 8.00(min  7.99)  gmin=1.15e-01  floor=0.0e+00  |dM|=8.49e-05  step=1.00e+00
  it  227  L= 3.184912e+02  comp= 2.7533e+01 expr= 2.9096e+02 L+= 9.5528e-02 L-= 9.4755e-02  Keff= 8.00(min  7.99)  gmin=1.15e-01  floor=0.0e+00  |dM|=8.51e-05  step=1.00e+00
  it  228  L= 3.184904e+02  comp= 2.7533e+01 expr= 2.9096e+02 L+= 9.5608e-02 L-= 9.4828e-02  Keff= 8.00(min  7.99)  gmin=1.15e-01  floor=0.0e+00  |dM|=8.53e-05  step=1.00e+00
  it  229  L= 3.184896e+02  comp= 2.7533e+01 expr= 2.9096e+02 L+= 9.5686e-02 L-= 9.4904e-02  Keff= 8.00(min  7.99)  gmin=1.15e-01  floor=0.0e+00  |dM|=8.55e-05  step=1.00e+00
  it  230  L= 3.184888e+02  comp= 2.7533e+01 expr= 2.9096e+02 L+= 9.5767e-02 L-= 9.4979e-02  Keff= 8.00(min  7.99)  gmin=1.15e-01  floor=0.0e+00  |dM|=8.57e-05  step=1.00e+00
  it  231  L= 3.184879e+02  comp= 2.7533e+01 expr= 2.9095e+02 L+= 9.5848e-02 L-= 9.5053e-02  Keff= 8.00(min  7.99)  gmin=1.15e-01  floor=0.0e+00  |dM|=8.59e-05  step=1.00e+00
  it  232  L= 3.184872e+02  comp= 2.7533e+01 expr= 2.9095e+02 L+= 9.5929e-02 L-= 9.5132e-02  Keff= 8.00(min  7.99)  gmin=1.15e-01  floor=0.0e+00  |dM|=8.61e-05  step=1.00e+00
  it  233  L= 3.184863e+02  comp= 2.7533e+01 expr= 2.9095e+02 L+= 9.6011e-02 L-= 9.5207e-02  Keff= 8.00(min  7.99)  gmin=1.15e-01  floor=0.0e+00  |dM|=8.63e-05  step=1.00e+00
  it  234  L= 3.184855e+02  comp= 2.7533e+01 expr= 2.9095e+02 L+= 9.6092e-02 L-= 9.5283e-02  Keff= 8.00(min  7.99)  gmin=1.15e-01  floor=0.0e+00  |dM|=8.65e-05  step=1.00e+00
  it  235  L= 3.184847e+02  comp= 2.7533e+01 expr= 2.9095e+02 L+= 9.6173e-02 L-= 9.5360e-02  Keff= 8.00(min  7.99)  gmin=1.15e-01  floor=0.0e+00  |dM|=8.67e-05  step=1.00e+00
  it  236  L= 3.184838e+02  comp= 2.7533e+01 expr= 2.9095e+02 L+= 9.6254e-02 L-= 9.5437e-02  Keff= 8.00(min  7.99)  gmin=1.15e-01  floor=0.0e+00  |dM|=8.69e-05  step=1.00e+00
  it  237  L= 3.184831e+02  comp= 2.7533e+01 expr= 2.9095e+02 L+= 9.6337e-02 L-= 9.5516e-02  Keff= 8.00(min  7.99)  gmin=1.15e-01  floor=0.0e+00  |dM|=8.71e-05  step=1.00e+00
  it  238  L= 3.184822e+02  comp= 2.7533e+01 expr= 2.9095e+02 L+= 9.6420e-02 L-= 9.5593e-02  Keff= 8.00(min  7.99)  gmin=1.15e-01  floor=0.0e+00  |dM|=8.73e-05  step=1.00e+00
  it  239  L= 3.184814e+02  comp= 2.7533e+01 expr= 2.9095e+02 L+= 9.6504e-02 L-= 9.5669e-02  Keff= 8.00(min  7.99)  gmin=1.15e-01  floor=0.0e+00  |dM|=8.75e-05  step=1.00e+00
  it  240  L= 3.184805e+02  comp= 2.7533e+01 expr= 2.9095e+02 L+= 9.6585e-02 L-= 9.5748e-02  Keff= 8.00(min  7.99)  gmin=1.15e-01  floor=0.0e+00  |dM|=8.77e-05  step=1.00e+00
  it  241  L= 3.184797e+02  comp= 2.7533e+01 expr= 2.9095e+02 L+= 9.6668e-02 L-= 9.5825e-02  Keff= 8.00(min  7.99)  gmin=1.15e-01  floor=0.0e+00  |dM|=8.79e-05  step=1.00e+00
  it  242  L= 3.184788e+02  comp= 2.7533e+01 expr= 2.9095e+02 L+= 9.6751e-02 L-= 9.5902e-02  Keff= 8.00(min  7.99)  gmin=1.15e-01  floor=0.0e+00  |dM|=8.81e-05  step=1.00e+00
  it  243  L= 3.184780e+02  comp= 2.7533e+01 expr= 2.9094e+02 L+= 9.6834e-02 L-= 9.5979e-02  Keff= 8.00(min  7.99)  gmin=1.15e-01  floor=0.0e+00  |dM|=8.83e-05  step=1.00e+00
  it  244  L= 3.184771e+02  comp= 2.7533e+01 expr= 2.9094e+02 L+= 9.6918e-02 L-= 9.6058e-02  Keff= 8.00(min  7.99)  gmin=1.15e-01  floor=0.0e+00  |dM|=8.85e-05  step=1.00e+00
  it  245  L= 3.184763e+02  comp= 2.7533e+01 expr= 2.9094e+02 L+= 9.7003e-02 L-= 9.6137e-02  Keff= 8.00(min  7.99)  gmin=1.15e-01  floor=0.0e+00  |dM|=8.87e-05  step=1.00e+00
  it  246  L= 3.184754e+02  comp= 2.7533e+01 expr= 2.9094e+02 L+= 9.7088e-02 L-= 9.6217e-02  Keff= 8.00(min  7.99)  gmin=1.15e-01  floor=0.0e+00  |dM|=8.89e-05  step=1.00e+00
  it  247  L= 3.184745e+02  comp= 2.7533e+01 expr= 2.9094e+02 L+= 9.7169e-02 L-= 9.6295e-02  Keff= 8.00(min  7.99)  gmin=1.15e-01  floor=0.0e+00  |dM|=8.91e-05  step=1.00e+00
  it  248  L= 3.184737e+02  comp= 2.7533e+01 expr= 2.9094e+02 L+= 9.7255e-02 L-= 9.6374e-02  Keff= 8.00(min  7.99)  gmin=1.15e-01  floor=0.0e+00  |dM|=8.93e-05  step=1.00e+00
  it  249  L= 3.184728e+02  comp= 2.7533e+01 expr= 2.9094e+02 L+= 9.7339e-02 L-= 9.6453e-02  Keff= 8.00(min  7.99)  gmin=1.15e-01  floor=0.0e+00  |dM|=8.96e-05  step=1.00e+00
  it  250  L= 3.184720e+02  comp= 2.7533e+01 expr= 2.9094e+02 L+= 9.7425e-02 L-= 9.6534e-02  Keff= 8.00(min  7.99)  gmin=1.15e-01  floor=0.0e+00  |dM|=8.98e-05  step=1.00e+00
  it  251  L= 3.184711e+02  comp= 2.7533e+01 expr= 2.9094e+02 L+= 9.7511e-02 L-= 9.6614e-02  Keff= 8.00(min  7.99)  gmin=1.15e-01  floor=0.0e+00  |dM|=9.00e-05  step=1.00e+00
  it  252  L= 3.184702e+02  comp= 2.7533e+01 expr= 2.9094e+02 L+= 9.7595e-02 L-= 9.6694e-02  Keff= 8.00(min  7.99)  gmin=1.15e-01  floor=0.0e+00  |dM|=9.02e-05  step=1.00e+00
  it  253  L= 3.184693e+02  comp= 2.7533e+01 expr= 2.9094e+02 L+= 9.7678e-02 L-= 9.6773e-02  Keff= 8.00(min  7.99)  gmin=1.15e-01  floor=0.0e+00  |dM|=9.04e-05  step=1.00e+00
  it  254  L= 3.184684e+02  comp= 2.7533e+01 expr= 2.9094e+02 L+= 9.7767e-02 L-= 9.6853e-02  Keff= 8.00(min  7.99)  gmin=1.15e-01  floor=0.0e+00  |dM|=9.06e-05  step=1.00e+00
  it  255  L= 3.184676e+02  comp= 2.7533e+01 expr= 2.9093e+02 L+= 9.7852e-02 L-= 9.6936e-02  Keff= 8.00(min  7.99)  gmin=1.15e-01  floor=0.0e+00  |dM|=9.08e-05  step=1.00e+00
  it  256  L= 3.184667e+02  comp= 2.7533e+01 expr= 2.9093e+02 L+= 9.7938e-02 L-= 9.7016e-02  Keff= 8.00(min  7.99)  gmin=1.15e-01  floor=0.0e+00  |dM|=9.10e-05  step=1.00e+00
  it  257  L= 3.184658e+02  comp= 2.7533e+01 expr= 2.9093e+02 L+= 9.8026e-02 L-= 9.7098e-02  Keff= 8.00(min  7.99)  gmin=1.15e-01  floor=0.0e+00  |dM|=9.13e-05  step=1.00e+00
  it  258  L= 3.184649e+02  comp= 2.7533e+01 expr= 2.9093e+02 L+= 9.8112e-02 L-= 9.7179e-02  Keff= 8.00(min  7.99)  gmin=1.15e-01  floor=0.0e+00  |dM|=9.15e-05  step=1.00e+00
  it  259  L= 3.184640e+02  comp= 2.7533e+01 expr= 2.9093e+02 L+= 9.8199e-02 L-= 9.7261e-02  Keff= 8.00(min  7.99)  gmin=1.15e-01  floor=0.0e+00  |dM|=9.17e-05  step=1.00e+00
  it  260  L= 3.184631e+02  comp= 2.7533e+01 expr= 2.9093e+02 L+= 9.8285e-02 L-= 9.7341e-02  Keff= 8.00(min  7.99)  gmin=1.15e-01  floor=0.0e+00  |dM|=9.19e-05  step=1.00e+00
  it  261  L= 3.184622e+02  comp= 2.7533e+01 expr= 2.9093e+02 L+= 9.8374e-02 L-= 9.7423e-02  Keff= 8.00(min  7.99)  gmin=1.15e-01  floor=0.0e+00  |dM|=9.21e-05  step=1.00e+00
  it  262  L= 3.184613e+02  comp= 2.7533e+01 expr= 2.9093e+02 L+= 9.8463e-02 L-= 9.7506e-02  Keff= 8.00(min  7.99)  gmin=1.15e-01  floor=0.0e+00  |dM|=9.23e-05  step=1.00e+00
  it  263  L= 3.184604e+02  comp= 2.7533e+01 expr= 2.9093e+02 L+= 9.8551e-02 L-= 9.7589e-02  Keff= 8.00(min  7.99)  gmin=1.15e-01  floor=0.0e+00  |dM|=9.26e-05  step=1.00e+00
  it  264  L= 3.184595e+02  comp= 2.7533e+01 expr= 2.9093e+02 L+= 9.8638e-02 L-= 9.7672e-02  Keff= 8.00(min  7.99)  gmin=1.15e-01  floor=0.0e+00  |dM|=9.28e-05  step=1.00e+00
  it  265  L= 3.184586e+02  comp= 2.7533e+01 expr= 2.9093e+02 L+= 9.8726e-02 L-= 9.7755e-02  Keff= 8.00(min  7.99)  gmin=1.15e-01  floor=0.0e+00  |dM|=9.30e-05  step=1.00e+00
  it  266  L= 3.184576e+02  comp= 2.7533e+01 expr= 2.9092e+02 L+= 9.8814e-02 L-= 9.7838e-02  Keff= 8.00(min  7.99)  gmin=1.15e-01  floor=0.0e+00  |dM|=9.32e-05  step=1.00e+00
  it  267  L= 3.184567e+02  comp= 2.7533e+01 expr= 2.9092e+02 L+= 9.8903e-02 L-= 9.7920e-02  Keff= 8.00(min  7.99)  gmin=1.15e-01  floor=0.0e+00  |dM|=9.34e-05  step=1.00e+00
  it  268  L= 3.184558e+02  comp= 2.7533e+01 expr= 2.9092e+02 L+= 9.8994e-02 L-= 9.8007e-02  Keff= 8.00(min  7.99)  gmin=1.15e-01  floor=0.0e+00  |dM|=9.37e-05  step=1.00e+00
  it  269  L= 3.184549e+02  comp= 2.7533e+01 expr= 2.9092e+02 L+= 9.9083e-02 L-= 9.8089e-02  Keff= 8.00(min  7.99)  gmin=1.15e-01  floor=0.0e+00  |dM|=9.39e-05  step=1.00e+00
  it  270  L= 3.184539e+02  comp= 2.7533e+01 expr= 2.9092e+02 L+= 9.9171e-02 L-= 9.8172e-02  Keff= 8.00(min  7.99)  gmin=1.15e-01  floor=0.0e+00  |dM|=9.41e-05  step=1.00e+00
  it  271  L= 3.184530e+02  comp= 2.7533e+01 expr= 2.9092e+02 L+= 9.9261e-02 L-= 9.8257e-02  Keff= 8.00(min  7.99)  gmin=1.15e-01  floor=0.0e+00  |dM|=9.43e-05  step=1.00e+00
  it  272  L= 3.184521e+02  comp= 2.7533e+01 expr= 2.9092e+02 L+= 9.9353e-02 L-= 9.8342e-02  Keff= 8.00(min  7.99)  gmin=1.15e-01  floor=0.0e+00  |dM|=9.46e-05  step=1.00e+00
  it  273  L= 3.184511e+02  comp= 2.7533e+01 expr= 2.9092e+02 L+= 9.9443e-02 L-= 9.8427e-02  Keff= 8.00(min  7.99)  gmin=1.15e-01  floor=0.0e+00  |dM|=9.48e-05  step=1.00e+00
  it  274  L= 3.184502e+02  comp= 2.7533e+01 expr= 2.9092e+02 L+= 9.9533e-02 L-= 9.8511e-02  Keff= 8.00(min  7.99)  gmin=1.15e-01  floor=0.0e+00  |dM|=9.50e-05  step=1.00e+00
  it  275  L= 3.184492e+02  comp= 2.7533e+01 expr= 2.9092e+02 L+= 9.9625e-02 L-= 9.8598e-02  Keff= 8.00(min  7.99)  gmin=1.15e-01  floor=0.0e+00  |dM|=9.52e-05  step=1.00e+00
  it  276  L= 3.184483e+02  comp= 2.7533e+01 expr= 2.9092e+02 L+= 9.9718e-02 L-= 9.8684e-02  Keff= 8.00(min  7.99)  gmin=1.15e-01  floor=0.0e+00  |dM|=9.55e-05  step=1.00e+00
  it  277  L= 3.184474e+02  comp= 2.7533e+01 expr= 2.9091e+02 L+= 9.9806e-02 L-= 9.8768e-02  Keff= 8.00(min  7.99)  gmin=1.15e-01  floor=0.0e+00  |dM|=9.57e-05  step=1.00e+00
  it  278  L= 3.184464e+02  comp= 2.7533e+01 expr= 2.9091e+02 L+= 9.9897e-02 L-= 9.8854e-02  Keff= 8.00(min  7.99)  gmin=1.15e-01  floor=0.0e+00  |dM|=9.59e-05  step=1.00e+00
  it  279  L= 3.184454e+02  comp= 2.7533e+01 expr= 2.9091e+02 L+= 9.9989e-02 L-= 9.8941e-02  Keff= 8.00(min  7.99)  gmin=1.15e-01  floor=0.0e+00  |dM|=9.61e-05  step=1.00e+00
  it  280  L= 3.184445e+02  comp= 2.7533e+01 expr= 2.9091e+02 L+= 1.0008e-01 L-= 9.9028e-02  Keff= 8.00(min  7.99)  gmin=1.15e-01  floor=0.0e+00  |dM|=9.64e-05  step=1.00e+00
  it  281  L= 3.184435e+02  comp= 2.7533e+01 expr= 2.9091e+02 L+= 1.0018e-01 L-= 9.9114e-02  Keff= 8.00(min  7.99)  gmin=1.15e-01  floor=0.0e+00  |dM|=9.66e-05  step=1.00e+00
  it  282  L= 3.184426e+02  comp= 2.7533e+01 expr= 2.9091e+02 L+= 1.0027e-01 L-= 9.9202e-02  Keff= 8.00(min  7.99)  gmin=1.15e-01  floor=0.0e+00  |dM|=9.68e-05  step=1.00e+00
  it  283  L= 3.184416e+02  comp= 2.7533e+01 expr= 2.9091e+02 L+= 1.0036e-01 L-= 9.9288e-02  Keff= 8.00(min  7.99)  gmin=1.15e-01  floor=0.0e+00  |dM|=9.71e-05  step=1.00e+00
  it  284  L= 3.184406e+02  comp= 2.7533e+01 expr= 2.9091e+02 L+= 1.0045e-01 L-= 9.9373e-02  Keff= 8.00(min  7.99)  gmin=1.15e-01  floor=0.0e+00  |dM|=9.73e-05  step=1.00e+00
  it  285  L= 3.184396e+02  comp= 2.7533e+01 expr= 2.9091e+02 L+= 1.0055e-01 L-= 9.9464e-02  Keff= 8.00(min  7.99)  gmin=1.15e-01  floor=0.0e+00  |dM|=9.75e-05  step=1.00e+00
  it  286  L= 3.184387e+02  comp= 2.7533e+01 expr= 2.9091e+02 L+= 1.0064e-01 L-= 9.9552e-02  Keff= 8.00(min  7.99)  gmin=1.15e-01  floor=0.0e+00  |dM|=9.78e-05  step=1.00e+00
  it  287  L= 3.184377e+02  comp= 2.7533e+01 expr= 2.9090e+02 L+= 1.0074e-01 L-= 9.9640e-02  Keff= 8.00(min  7.99)  gmin=1.15e-01  floor=0.0e+00  |dM|=9.80e-05  step=1.00e+00
  it  288  L= 3.184367e+02  comp= 2.7533e+01 expr= 2.9090e+02 L+= 1.0083e-01 L-= 9.9730e-02  Keff= 8.00(min  7.99)  gmin=1.15e-01  floor=0.0e+00  |dM|=9.82e-05  step=1.00e+00
  it  289  L= 3.184357e+02  comp= 2.7533e+01 expr= 2.9090e+02 L+= 1.0093e-01 L-= 9.9819e-02  Keff= 8.00(min  7.99)  gmin=1.15e-01  floor=0.0e+00  |dM|=9.85e-05  step=1.00e+00
  it  290  L= 3.184347e+02  comp= 2.7533e+01 expr= 2.9090e+02 L+= 1.0102e-01 L-= 9.9909e-02  Keff= 8.00(min  7.99)  gmin=1.15e-01  floor=0.0e+00  |dM|=9.87e-05  step=1.00e+00
  it  291  L= 3.184337e+02  comp= 2.7533e+01 expr= 2.9090e+02 L+= 1.0111e-01 L-= 9.9995e-02  Keff= 8.00(min  7.99)  gmin=1.15e-01  floor=0.0e+00  |dM|=9.90e-05  step=1.00e+00
  it  292  L= 3.184327e+02  comp= 2.7533e+01 expr= 2.9090e+02 L+= 1.0121e-01 L-= 1.0008e-01  Keff= 8.00(min  7.99)  gmin=1.15e-01  floor=0.0e+00  |dM|=9.92e-05  step=1.00e+00
  it  293  L= 3.184317e+02  comp= 2.7533e+01 expr= 2.9090e+02 L+= 1.0131e-01 L-= 1.0017e-01  Keff= 8.00(min  7.99)  gmin=1.15e-01  floor=0.0e+00  |dM|=9.94e-05  step=1.00e+00
  it  294  L= 3.184307e+02  comp= 2.7533e+01 expr= 2.9090e+02 L+= 1.0140e-01 L-= 1.0026e-01  Keff= 8.00(min  7.99)  gmin=1.15e-01  floor=0.0e+00  |dM|=9.97e-05  step=1.00e+00
  it  295  L= 3.184297e+02  comp= 2.7533e+01 expr= 2.9090e+02 L+= 1.0150e-01 L-= 1.0036e-01  Keff= 8.00(min  7.99)  gmin=1.15e-01  floor=0.0e+00  |dM|=9.99e-05  step=1.00e+00
  it  296  L= 3.184287e+02  comp= 2.7533e+01 expr= 2.9090e+02 L+= 1.0159e-01 L-= 1.0044e-01  Keff= 8.00(min  7.99)  gmin=1.15e-01  floor=0.0e+00  |dM|=1.00e-04  step=1.00e+00
  it  297  L= 3.184276e+02  comp= 2.7533e+01 expr= 2.9089e+02 L+= 1.0169e-01 L-= 1.0054e-01  Keff= 8.00(min  7.99)  gmin=1.15e-01  floor=0.0e+00  |dM|=1.00e-04  step=1.00e+00
  it  298  L= 3.184266e+02  comp= 2.7533e+01 expr= 2.9089e+02 L+= 1.0179e-01 L-= 1.0063e-01  Keff= 8.00(min  7.99)  gmin=1.15e-01  floor=0.0e+00  |dM|=1.01e-04  step=1.00e+00
  it  299  L= 3.184256e+02  comp= 2.7533e+01 expr= 2.9089e+02 L+= 1.0188e-01 L-= 1.0072e-01  Keff= 8.00(min  7.99)  gmin=1.15e-01  floor=0.0e+00  |dM|=1.01e-04  step=1.00e+00
  it  300  L= 3.184246e+02  comp= 2.7533e+01 expr= 2.9089e+02 L+= 1.0198e-01 L-= 1.0081e-01  Keff= 8.00(min  7.99)  gmin=1.15e-01  floor=0.0e+00  |dM|=1.01e-04  step=1.00e+00
  it  301  L= 3.184235e+02  comp= 2.7533e+01 expr= 2.9089e+02 L+= 1.0208e-01 L-= 1.0090e-01  Keff= 8.00(min  7.99)  gmin=1.15e-01  floor=0.0e+00  |dM|=1.01e-04  step=1.00e+00
  it  302  L= 3.184225e+02  comp= 2.7533e+01 expr= 2.9089e+02 L+= 1.0218e-01 L-= 1.0099e-01  Keff= 8.00(min  7.99)  gmin=1.15e-01  floor=0.0e+00  |dM|=1.02e-04  step=1.00e+00
  it  303  L= 3.184215e+02  comp= 2.7533e+01 expr= 2.9089e+02 L+= 1.0228e-01 L-= 1.0109e-01  Keff= 8.00(min  7.99)  gmin=1.15e-01  floor=0.0e+00  |dM|=1.02e-04  step=1.00e+00
  it  304  L= 3.184204e+02  comp= 2.7533e+01 expr= 2.9089e+02 L+= 1.0237e-01 L-= 1.0118e-01  Keff= 8.00(min  7.99)  gmin=1.15e-01  floor=0.0e+00  |dM|=1.02e-04  step=1.00e+00
  it  305  L= 3.184193e+02  comp= 2.7533e+01 expr= 2.9089e+02 L+= 1.0247e-01 L-= 1.0127e-01  Keff= 8.00(min  7.99)  gmin=1.15e-01  floor=0.0e+00  |dM|=1.02e-04  step=1.00e+00
  it  306  L= 3.184183e+02  comp= 2.7533e+01 expr= 2.9089e+02 L+= 1.0257e-01 L-= 1.0137e-01  Keff= 8.00(min  7.99)  gmin=1.15e-01  floor=0.0e+00  |dM|=1.03e-04  step=1.00e+00
  it  307  L= 3.184172e+02  comp= 2.7533e+01 expr= 2.9088e+02 L+= 1.0267e-01 L-= 1.0146e-01  Keff= 8.00(min  7.99)  gmin=1.15e-01  floor=0.0e+00  |dM|=1.03e-04  step=1.00e+00
  it  308  L= 3.184162e+02  comp= 2.7533e+01 expr= 2.9088e+02 L+= 1.0277e-01 L-= 1.0155e-01  Keff= 8.00(min  7.99)  gmin=1.15e-01  floor=0.0e+00  |dM|=1.03e-04  step=1.00e+00
  it  309  L= 3.184152e+02  comp= 2.7533e+01 expr= 2.9088e+02 L+= 1.0287e-01 L-= 1.0165e-01  Keff= 8.00(min  7.99)  gmin=1.15e-01  floor=0.0e+00  |dM|=1.03e-04  step=1.00e+00
  it  310  L= 3.184141e+02  comp= 2.7533e+01 expr= 2.9088e+02 L+= 1.0297e-01 L-= 1.0174e-01  Keff= 8.00(min  7.99)  gmin=1.15e-01  floor=0.0e+00  |dM|=1.04e-04  step=1.00e+00
  it  311  L= 3.184131e+02  comp= 2.7533e+01 expr= 2.9088e+02 L+= 1.0307e-01 L-= 1.0184e-01  Keff= 8.00(min  7.99)  gmin=1.15e-01  floor=0.0e+00  |dM|=1.04e-04  step=1.00e+00
  it  312  L= 3.184120e+02  comp= 2.7533e+01 expr= 2.9088e+02 L+= 1.0317e-01 L-= 1.0193e-01  Keff= 8.00(min  7.99)  gmin=1.15e-01  floor=0.0e+00  |dM|=1.04e-04  step=1.00e+00
  it  313  L= 3.184109e+02  comp= 2.7533e+01 expr= 2.9088e+02 L+= 1.0328e-01 L-= 1.0202e-01  Keff= 8.00(min  7.99)  gmin=1.15e-01  floor=0.0e+00  |dM|=1.04e-04  step=1.00e+00
  it  314  L= 3.184098e+02  comp= 2.7533e+01 expr= 2.9088e+02 L+= 1.0338e-01 L-= 1.0212e-01  Keff= 8.00(min  7.99)  gmin=1.15e-01  floor=0.0e+00  |dM|=1.05e-04  step=1.00e+00
  it  315  L= 3.184087e+02  comp= 2.7533e+01 expr= 2.9088e+02 L+= 1.0348e-01 L-= 1.0222e-01  Keff= 8.00(min  7.99)  gmin=1.15e-01  floor=0.0e+00  |dM|=1.05e-04  step=1.00e+00
  it  316  L= 3.184077e+02  comp= 2.7533e+01 expr= 2.9087e+02 L+= 1.0358e-01 L-= 1.0231e-01  Keff= 8.00(min  7.99)  gmin=1.15e-01  floor=0.0e+00  |dM|=1.05e-04  step=1.00e+00
  it  317  L= 3.184066e+02  comp= 2.7533e+01 expr= 2.9087e+02 L+= 1.0368e-01 L-= 1.0241e-01  Keff= 8.00(min  7.99)  gmin=1.15e-01  floor=0.0e+00  |dM|=1.05e-04  step=1.00e+00
  it  318  L= 3.184054e+02  comp= 2.7533e+01 expr= 2.9087e+02 L+= 1.0378e-01 L-= 1.0250e-01  Keff= 8.00(min  7.99)  gmin=1.15e-01  floor=0.0e+00  |dM|=1.06e-04  step=1.00e+00
  it  319  L= 3.184043e+02  comp= 2.7533e+01 expr= 2.9087e+02 L+= 1.0389e-01 L-= 1.0260e-01  Keff= 8.00(min  7.99)  gmin=1.15e-01  floor=0.0e+00  |dM|=1.06e-04  step=1.00e+00
  it  320  L= 3.184033e+02  comp= 2.7533e+01 expr= 2.9087e+02 L+= 1.0399e-01 L-= 1.0270e-01  Keff= 8.00(min  7.99)  gmin=1.15e-01  floor=0.0e+00  |dM|=1.06e-04  step=1.00e+00
  it  321  L= 3.184022e+02  comp= 2.7533e+01 expr= 2.9087e+02 L+= 1.0409e-01 L-= 1.0279e-01  Keff= 8.00(min  7.99)  gmin=1.15e-01  floor=0.0e+00  |dM|=1.06e-04  step=1.00e+00
  it  322  L= 3.184010e+02  comp= 2.7533e+01 expr= 2.9087e+02 L+= 1.0420e-01 L-= 1.0289e-01  Keff= 8.00(min  7.99)  gmin=1.15e-01  floor=0.0e+00  |dM|=1.07e-04  step=1.00e+00
  it  323  L= 3.183999e+02  comp= 2.7533e+01 expr= 2.9087e+02 L+= 1.0430e-01 L-= 1.0299e-01  Keff= 8.00(min  7.99)  gmin=1.15e-01  floor=0.0e+00  |dM|=1.07e-04  step=1.00e+00
  it  324  L= 3.183988e+02  comp= 2.7533e+01 expr= 2.9087e+02 L+= 1.0441e-01 L-= 1.0309e-01  Keff= 8.00(min  7.99)  gmin=1.15e-01  floor=0.0e+00  |dM|=1.07e-04  step=1.00e+00
  it  325  L= 3.183977e+02  comp= 2.7533e+01 expr= 2.9086e+02 L+= 1.0451e-01 L-= 1.0319e-01  Keff= 8.00(min  7.99)  gmin=1.15e-01  floor=0.0e+00  |dM|=1.07e-04  step=1.00e+00
  it  326  L= 3.183965e+02  comp= 2.7533e+01 expr= 2.9086e+02 L+= 1.0462e-01 L-= 1.0328e-01  Keff= 8.00(min  7.99)  gmin=1.15e-01  floor=0.0e+00  |dM|=1.08e-04  step=1.00e+00
  it  327  L= 3.183954e+02  comp= 2.7533e+01 expr= 2.9086e+02 L+= 1.0472e-01 L-= 1.0339e-01  Keff= 8.00(min  7.99)  gmin=1.15e-01  floor=0.0e+00  |dM|=1.08e-04  step=1.00e+00
  it  328  L= 3.183943e+02  comp= 2.7533e+01 expr= 2.9086e+02 L+= 1.0483e-01 L-= 1.0348e-01  Keff= 8.00(min  7.99)  gmin=1.15e-01  floor=0.0e+00  |dM|=1.08e-04  step=1.00e+00
  it  329  L= 3.183932e+02  comp= 2.7533e+01 expr= 2.9086e+02 L+= 1.0493e-01 L-= 1.0358e-01  Keff= 8.00(min  7.99)  gmin=1.15e-01  floor=0.0e+00  |dM|=1.09e-04  step=1.00e+00
  it  330  L= 3.183920e+02  comp= 2.7533e+01 expr= 2.9086e+02 L+= 1.0504e-01 L-= 1.0368e-01  Keff= 8.00(min  7.99)  gmin=1.15e-01  floor=0.0e+00  |dM|=1.09e-04  step=1.00e+00
  it  331  L= 3.183909e+02  comp= 2.7533e+01 expr= 2.9086e+02 L+= 1.0514e-01 L-= 1.0378e-01  Keff= 8.00(min  7.99)  gmin=1.15e-01  floor=0.0e+00  |dM|=1.09e-04  step=1.00e+00
  it  332  L= 3.183897e+02  comp= 2.7533e+01 expr= 2.9086e+02 L+= 1.0525e-01 L-= 1.0388e-01  Keff= 8.00(min  7.99)  gmin=1.15e-01  floor=0.0e+00  |dM|=1.09e-04  step=1.00e+00
  it  333  L= 3.183886e+02  comp= 2.7533e+01 expr= 2.9086e+02 L+= 1.0536e-01 L-= 1.0398e-01  Keff= 8.00(min  7.99)  gmin=1.15e-01  floor=0.0e+00  |dM|=1.10e-04  step=1.00e+00
  it  334  L= 3.183874e+02  comp= 2.7533e+01 expr= 2.9085e+02 L+= 1.0546e-01 L-= 1.0408e-01  Keff= 8.00(min  7.99)  gmin=1.15e-01  floor=0.0e+00  |dM|=1.10e-04  step=1.00e+00
  it  335  L= 3.183863e+02  comp= 2.7533e+01 expr= 2.9085e+02 L+= 1.0557e-01 L-= 1.0418e-01  Keff= 8.00(min  7.99)  gmin=1.15e-01  floor=0.0e+00  |dM|=1.10e-04  step=1.00e+00
  it  336  L= 3.183851e+02  comp= 2.7533e+01 expr= 2.9085e+02 L+= 1.0568e-01 L-= 1.0429e-01  Keff= 8.00(min  7.99)  gmin=1.15e-01  floor=0.0e+00  |dM|=1.10e-04  step=1.00e+00
  it  337  L= 3.183839e+02  comp= 2.7533e+01 expr= 2.9085e+02 L+= 1.0579e-01 L-= 1.0439e-01  Keff= 8.00(min  7.99)  gmin=1.15e-01  floor=0.0e+00  |dM|=1.11e-04  step=1.00e+00
  it  338  L= 3.183828e+02  comp= 2.7533e+01 expr= 2.9085e+02 L+= 1.0590e-01 L-= 1.0449e-01  Keff= 8.00(min  7.99)  gmin=1.15e-01  floor=0.0e+00  |dM|=1.11e-04  step=1.00e+00
  it  339  L= 3.183816e+02  comp= 2.7533e+01 expr= 2.9085e+02 L+= 1.0601e-01 L-= 1.0459e-01  Keff= 8.00(min  7.99)  gmin=1.15e-01  floor=0.0e+00  |dM|=1.11e-04  step=1.00e+00
  it  340  L= 3.183804e+02  comp= 2.7533e+01 expr= 2.9085e+02 L+= 1.0611e-01 L-= 1.0469e-01  Keff= 8.00(min  7.99)  gmin=1.15e-01  floor=0.0e+00  |dM|=1.11e-04  step=1.00e+00
  it  341  L= 3.183792e+02  comp= 2.7533e+01 expr= 2.9085e+02 L+= 1.0622e-01 L-= 1.0480e-01  Keff= 8.00(min  7.99)  gmin=1.15e-01  floor=0.0e+00  |dM|=1.12e-04  step=1.00e+00
  it  342  L= 3.183780e+02  comp= 2.7533e+01 expr= 2.9084e+02 L+= 1.0634e-01 L-= 1.0490e-01  Keff= 8.00(min  7.99)  gmin=1.15e-01  floor=0.0e+00  |dM|=1.12e-04  step=1.00e+00
  it  343  L= 3.183768e+02  comp= 2.7533e+01 expr= 2.9084e+02 L+= 1.0645e-01 L-= 1.0501e-01  Keff= 8.00(min  7.99)  gmin=1.15e-01  floor=0.0e+00  |dM|=1.12e-04  step=1.00e+00
  it  344  L= 3.183756e+02  comp= 2.7533e+01 expr= 2.9084e+02 L+= 1.0656e-01 L-= 1.0511e-01  Keff= 8.00(min  7.99)  gmin=1.15e-01  floor=0.0e+00  |dM|=1.13e-04  step=1.00e+00
  it  345  L= 3.183744e+02  comp= 2.7533e+01 expr= 2.9084e+02 L+= 1.0667e-01 L-= 1.0521e-01  Keff= 8.00(min  7.99)  gmin=1.15e-01  floor=0.0e+00  |dM|=1.13e-04  step=1.00e+00
  it  346  L= 3.183732e+02  comp= 2.7533e+01 expr= 2.9084e+02 L+= 1.0678e-01 L-= 1.0532e-01  Keff= 8.00(min  7.99)  gmin=1.15e-01  floor=0.0e+00  |dM|=1.13e-04  step=1.00e+00
  it  347  L= 3.183720e+02  comp= 2.7533e+01 expr= 2.9084e+02 L+= 1.0689e-01 L-= 1.0542e-01  Keff= 8.00(min  7.99)  gmin=1.15e-01  floor=0.0e+00  |dM|=1.13e-04  step=1.00e+00
  it  348  L= 3.183708e+02  comp= 2.7533e+01 expr= 2.9084e+02 L+= 1.0700e-01 L-= 1.0553e-01  Keff= 8.00(min  7.99)  gmin=1.15e-01  floor=0.0e+00  |dM|=1.14e-04  step=1.00e+00
  it  349  L= 3.183696e+02  comp= 2.7533e+01 expr= 2.9084e+02 L+= 1.0711e-01 L-= 1.0563e-01  Keff= 8.00(min  7.99)  gmin=1.15e-01  floor=0.0e+00  |dM|=1.14e-04  step=1.00e+00
  it  350  L= 3.183684e+02  comp= 2.7533e+01 expr= 2.9084e+02 L+= 1.0723e-01 L-= 1.0574e-01  Keff= 8.00(min  7.99)  gmin=1.15e-01  floor=0.0e+00  |dM|=1.14e-04  step=1.00e+00
  it  351  L= 3.183671e+02  comp= 2.7533e+01 expr= 2.9083e+02 L+= 1.0734e-01 L-= 1.0584e-01  Keff= 8.00(min  7.99)  gmin=1.15e-01  floor=0.0e+00  |dM|=1.15e-04  step=1.00e+00
  it  352  L= 3.183659e+02  comp= 2.7533e+01 expr= 2.9083e+02 L+= 1.0745e-01 L-= 1.0595e-01  Keff= 8.00(min  7.99)  gmin=1.15e-01  floor=0.0e+00  |dM|=1.15e-04  step=1.00e+00
  it  353  L= 3.183647e+02  comp= 2.7533e+01 expr= 2.9083e+02 L+= 1.0756e-01 L-= 1.0606e-01  Keff= 8.00(min  7.99)  gmin=1.15e-01  floor=0.0e+00  |dM|=1.15e-04  step=1.00e+00
  it  354  L= 3.183634e+02  comp= 2.7533e+01 expr= 2.9083e+02 L+= 1.0768e-01 L-= 1.0616e-01  Keff= 8.00(min  7.99)  gmin=1.15e-01  floor=0.0e+00  |dM|=1.15e-04  step=1.00e+00
  it  355  L= 3.183622e+02  comp= 2.7533e+01 expr= 2.9083e+02 L+= 1.0779e-01 L-= 1.0627e-01  Keff= 8.00(min  7.99)  gmin=1.15e-01  floor=0.0e+00  |dM|=1.16e-04  step=1.00e+00
  it  356  L= 3.183609e+02  comp= 2.7533e+01 expr= 2.9083e+02 L+= 1.0791e-01 L-= 1.0638e-01  Keff= 8.00(min  7.99)  gmin=1.15e-01  floor=0.0e+00  |dM|=1.16e-04  step=1.00e+00
  it  357  L= 3.183597e+02  comp= 2.7533e+01 expr= 2.9083e+02 L+= 1.0802e-01 L-= 1.0649e-01  Keff= 8.00(min  7.99)  gmin=1.15e-01  floor=0.0e+00  |dM|=1.16e-04  step=1.00e+00
  it  358  L= 3.183584e+02  comp= 2.7533e+01 expr= 2.9083e+02 L+= 1.0814e-01 L-= 1.0660e-01  Keff= 8.00(min  7.99)  gmin=1.15e-01  floor=0.0e+00  |dM|=1.17e-04  step=1.00e+00
  it  359  L= 3.183572e+02  comp= 2.7533e+01 expr= 2.9082e+02 L+= 1.0825e-01 L-= 1.0670e-01  Keff= 8.00(min  7.99)  gmin=1.15e-01  floor=0.0e+00  |dM|=1.17e-04  step=1.00e+00
  it  360  L= 3.183559e+02  comp= 2.7533e+01 expr= 2.9082e+02 L+= 1.0837e-01 L-= 1.0681e-01  Keff= 8.00(min  7.99)  gmin=1.15e-01  floor=0.0e+00  |dM|=1.17e-04  step=1.00e+00
  it  361  L= 3.183546e+02  comp= 2.7533e+01 expr= 2.9082e+02 L+= 1.0848e-01 L-= 1.0692e-01  Keff= 8.00(min  7.99)  gmin=1.15e-01  floor=0.0e+00  |dM|=1.17e-04  step=1.00e+00
  it  362  L= 3.183534e+02  comp= 2.7533e+01 expr= 2.9082e+02 L+= 1.0860e-01 L-= 1.0703e-01  Keff= 8.00(min  7.99)  gmin=1.15e-01  floor=0.0e+00  |dM|=1.18e-04  step=1.00e+00
  it  363  L= 3.183521e+02  comp= 2.7533e+01 expr= 2.9082e+02 L+= 1.0872e-01 L-= 1.0714e-01  Keff= 8.00(min  7.99)  gmin=1.15e-01  floor=0.0e+00  |dM|=1.18e-04  step=1.00e+00
  it  364  L= 3.183508e+02  comp= 2.7533e+01 expr= 2.9082e+02 L+= 1.0883e-01 L-= 1.0725e-01  Keff= 8.00(min  7.99)  gmin=1.15e-01  floor=0.0e+00  |dM|=1.18e-04  step=1.00e+00
  it  365  L= 3.183495e+02  comp= 2.7533e+01 expr= 2.9082e+02 L+= 1.0895e-01 L-= 1.0736e-01  Keff= 8.00(min  7.99)  gmin=1.15e-01  floor=0.0e+00  |dM|=1.19e-04  step=1.00e+00
  it  366  L= 3.183482e+02  comp= 2.7533e+01 expr= 2.9082e+02 L+= 1.0907e-01 L-= 1.0747e-01  Keff= 8.00(min  7.99)  gmin=1.15e-01  floor=0.0e+00  |dM|=1.19e-04  step=1.00e+00
  it  367  L= 3.183469e+02  comp= 2.7533e+01 expr= 2.9081e+02 L+= 1.0919e-01 L-= 1.0758e-01  Keff= 8.00(min  7.99)  gmin=1.15e-01  floor=0.0e+00  |dM|=1.19e-04  step=1.00e+00
  it  368  L= 3.183456e+02  comp= 2.7533e+01 expr= 2.9081e+02 L+= 1.0931e-01 L-= 1.0770e-01  Keff= 8.00(min  7.99)  gmin=1.15e-01  floor=0.0e+00  |dM|=1.19e-04  step=1.00e+00
  it  369  L= 3.183443e+02  comp= 2.7533e+01 expr= 2.9081e+02 L+= 1.0943e-01 L-= 1.0781e-01  Keff= 8.00(min  7.99)  gmin=1.15e-01  floor=0.0e+00  |dM|=1.20e-04  step=1.00e+00
  it  370  L= 3.183430e+02  comp= 2.7533e+01 expr= 2.9081e+02 L+= 1.0955e-01 L-= 1.0792e-01  Keff= 8.00(min  7.99)  gmin=1.15e-01  floor=0.0e+00  |dM|=1.20e-04  step=1.00e+00
  it  371  L= 3.183416e+02  comp= 2.7533e+01 expr= 2.9081e+02 L+= 1.0966e-01 L-= 1.0803e-01  Keff= 8.00(min  7.99)  gmin=1.15e-01  floor=0.0e+00  |dM|=1.20e-04  step=1.00e+00
  it  372  L= 3.183403e+02  comp= 2.7533e+01 expr= 2.9081e+02 L+= 1.0978e-01 L-= 1.0814e-01  Keff= 8.00(min  7.99)  gmin=1.15e-01  floor=0.0e+00  |dM|=1.21e-04  step=1.00e+00
  it  373  L= 3.183390e+02  comp= 2.7533e+01 expr= 2.9081e+02 L+= 1.0990e-01 L-= 1.0826e-01  Keff= 8.00(min  7.99)  gmin=1.15e-01  floor=0.0e+00  |dM|=1.21e-04  step=1.00e+00
  it  374  L= 3.183376e+02  comp= 2.7533e+01 expr= 2.9080e+02 L+= 1.1002e-01 L-= 1.0837e-01  Keff= 8.00(min  7.99)  gmin=1.15e-01  floor=0.0e+00  |dM|=1.21e-04  step=1.00e+00
  it  375  L= 3.183364e+02  comp= 2.7533e+01 expr= 2.9080e+02 L+= 1.1015e-01 L-= 1.0848e-01  Keff= 8.00(min  7.99)  gmin=1.15e-01  floor=0.0e+00  |dM|=1.22e-04  step=1.00e+00
  it  376  L= 3.183350e+02  comp= 2.7533e+01 expr= 2.9080e+02 L+= 1.1027e-01 L-= 1.0860e-01  Keff= 8.00(min  7.99)  gmin=1.15e-01  floor=0.0e+00  |dM|=1.22e-04  step=1.00e+00
  it  377  L= 3.183337e+02  comp= 2.7533e+01 expr= 2.9080e+02 L+= 1.1039e-01 L-= 1.0871e-01  Keff= 8.00(min  7.99)  gmin=1.15e-01  floor=0.0e+00  |dM|=1.22e-04  step=1.00e+00
  it  378  L= 3.183323e+02  comp= 2.7533e+01 expr= 2.9080e+02 L+= 1.1051e-01 L-= 1.0883e-01  Keff= 8.00(min  7.99)  gmin=1.15e-01  floor=0.0e+00  |dM|=1.22e-04  step=1.00e+00
  it  379  L= 3.183310e+02  comp= 2.7533e+01 expr= 2.9080e+02 L+= 1.1063e-01 L-= 1.0894e-01  Keff= 8.00(min  7.99)  gmin=1.15e-01  floor=0.0e+00  |dM|=1.23e-04  step=1.00e+00
  it  380  L= 3.183296e+02  comp= 2.7533e+01 expr= 2.9080e+02 L+= 1.1076e-01 L-= 1.0906e-01  Keff= 8.00(min  7.99)  gmin=1.15e-01  floor=0.0e+00  |dM|=1.23e-04  step=1.00e+00
  it  381  L= 3.183282e+02  comp= 2.7533e+01 expr= 2.9080e+02 L+= 1.1088e-01 L-= 1.0918e-01  Keff= 8.00(min  7.99)  gmin=1.15e-01  floor=0.0e+00  |dM|=1.23e-04  step=1.00e+00
  it  382  L= 3.183268e+02  comp= 2.7533e+01 expr= 2.9079e+02 L+= 1.1100e-01 L-= 1.0929e-01  Keff= 8.00(min  7.99)  gmin=1.15e-01  floor=0.0e+00  |dM|=1.24e-04  step=1.00e+00
  it  383  L= 3.183255e+02  comp= 2.7533e+01 expr= 2.9079e+02 L+= 1.1113e-01 L-= 1.0941e-01  Keff= 8.00(min  7.99)  gmin=1.15e-01  floor=0.0e+00  |dM|=1.24e-04  step=1.00e+00
  it  384  L= 3.183241e+02  comp= 2.7533e+01 expr= 2.9079e+02 L+= 1.1125e-01 L-= 1.0952e-01  Keff= 8.00(min  7.99)  gmin=1.15e-01  floor=0.0e+00  |dM|=1.24e-04  step=1.00e+00
  it  385  L= 3.183227e+02  comp= 2.7533e+01 expr= 2.9079e+02 L+= 1.1137e-01 L-= 1.0964e-01  Keff= 8.00(min  7.99)  gmin=1.15e-01  floor=0.0e+00  |dM|=1.25e-04  step=1.00e+00
  it  386  L= 3.183213e+02  comp= 2.7533e+01 expr= 2.9079e+02 L+= 1.1150e-01 L-= 1.0976e-01  Keff= 8.00(min  7.99)  gmin=1.15e-01  floor=0.0e+00  |dM|=1.25e-04  step=1.00e+00
  it  387  L= 3.183199e+02  comp= 2.7533e+01 expr= 2.9079e+02 L+= 1.1163e-01 L-= 1.0988e-01  Keff= 8.00(min  7.99)  gmin=1.15e-01  floor=0.0e+00  |dM|=1.25e-04  step=1.00e+00
  it  388  L= 3.183185e+02  comp= 2.7533e+01 expr= 2.9079e+02 L+= 1.1175e-01 L-= 1.1000e-01  Keff= 8.00(min  7.99)  gmin=1.15e-01  floor=0.0e+00  |dM|=1.26e-04  step=1.00e+00
  it  389  L= 3.183171e+02  comp= 2.7533e+01 expr= 2.9078e+02 L+= 1.1188e-01 L-= 1.1012e-01  Keff= 8.00(min  7.99)  gmin=1.15e-01  floor=0.0e+00  |dM|=1.26e-04  step=1.00e+00
  it  390  L= 3.183157e+02  comp= 2.7533e+01 expr= 2.9078e+02 L+= 1.1200e-01 L-= 1.1024e-01  Keff= 8.00(min  7.99)  gmin=1.15e-01  floor=0.0e+00  |dM|=1.26e-04  step=1.00e+00
  it  391  L= 3.183143e+02  comp= 2.7533e+01 expr= 2.9078e+02 L+= 1.1213e-01 L-= 1.1035e-01  Keff= 8.00(min  7.99)  gmin=1.15e-01  floor=0.0e+00  |dM|=1.27e-04  step=1.00e+00
  it  392  L= 3.183129e+02  comp= 2.7533e+01 expr= 2.9078e+02 L+= 1.1226e-01 L-= 1.1047e-01  Keff= 8.00(min  7.99)  gmin=1.15e-01  floor=0.0e+00  |dM|=1.27e-04  step=1.00e+00
  it  393  L= 3.183115e+02  comp= 2.7533e+01 expr= 2.9078e+02 L+= 1.1239e-01 L-= 1.1059e-01  Keff= 8.00(min  7.99)  gmin=1.15e-01  floor=0.0e+00  |dM|=1.27e-04  step=1.00e+00
  it  394  L= 3.183100e+02  comp= 2.7533e+01 expr= 2.9078e+02 L+= 1.1251e-01 L-= 1.1071e-01  Keff= 8.00(min  7.99)  gmin=1.15e-01  floor=0.0e+00  |dM|=1.27e-04  step=1.00e+00
  it  395  L= 3.183086e+02  comp= 2.7533e+01 expr= 2.9078e+02 L+= 1.1264e-01 L-= 1.1084e-01  Keff= 8.00(min  7.99)  gmin=1.15e-01  floor=0.0e+00  |dM|=1.28e-04  step=1.00e+00
  it  396  L= 3.183072e+02  comp= 2.7533e+01 expr= 2.9077e+02 L+= 1.1277e-01 L-= 1.1096e-01  Keff= 8.00(min  7.99)  gmin=1.15e-01  floor=0.0e+00  |dM|=1.28e-04  step=1.00e+00
  it  397  L= 3.183057e+02  comp= 2.7533e+01 expr= 2.9077e+02 L+= 1.1290e-01 L-= 1.1108e-01  Keff= 8.00(min  7.99)  gmin=1.15e-01  floor=0.0e+00  |dM|=1.28e-04  step=1.00e+00
  it  398  L= 3.183043e+02  comp= 2.7533e+01 expr= 2.9077e+02 L+= 1.1303e-01 L-= 1.1120e-01  Keff= 8.00(min  7.99)  gmin=1.15e-01  floor=0.0e+00  |dM|=1.29e-04  step=1.00e+00
  it  399  L= 3.183028e+02  comp= 2.7533e+01 expr= 2.9077e+02 L+= 1.1316e-01 L-= 1.1132e-01  Keff= 8.00(min  7.99)  gmin=1.15e-01  floor=0.0e+00  |dM|=1.29e-04  step=1.00e+00
  it  400  L= 3.183014e+02  comp= 2.7533e+01 expr= 2.9077e+02 L+= 1.1329e-01 L-= 1.1145e-01  Keff= 8.00(min  7.99)  gmin=1.15e-01  floor=0.0e+00  |dM|=1.29e-04  step=1.00e+00
  it  401  L= 3.182999e+02  comp= 2.7533e+01 expr= 2.9077e+02 L+= 1.1342e-01 L-= 1.1157e-01  Keff= 8.00(min  7.99)  gmin=1.15e-01  floor=0.0e+00  |dM|=1.30e-04  step=1.00e+00
  it  402  L= 3.182984e+02  comp= 2.7533e+01 expr= 2.9077e+02 L+= 1.1355e-01 L-= 1.1169e-01  Keff= 8.00(min  7.99)  gmin=1.15e-01  floor=0.0e+00  |dM|=1.30e-04  step=1.00e+00
  it  403  L= 3.182969e+02  comp= 2.7533e+01 expr= 2.9076e+02 L+= 1.1368e-01 L-= 1.1182e-01  Keff= 8.00(min  7.99)  gmin=1.15e-01  floor=0.0e+00  |dM|=1.30e-04  step=1.00e+00
  it  404  L= 3.182954e+02  comp= 2.7533e+01 expr= 2.9076e+02 L+= 1.1382e-01 L-= 1.1194e-01  Keff= 8.00(min  7.99)  gmin=1.15e-01  floor=0.0e+00  |dM|=1.31e-04  step=1.00e+00
  it  405  L= 3.182939e+02  comp= 2.7533e+01 expr= 2.9076e+02 L+= 1.1395e-01 L-= 1.1207e-01  Keff= 8.00(min  7.99)  gmin=1.15e-01  floor=0.0e+00  |dM|=1.31e-04  step=1.00e+00
  it  406  L= 3.182924e+02  comp= 2.7533e+01 expr= 2.9076e+02 L+= 1.1408e-01 L-= 1.1219e-01  Keff= 8.00(min  7.99)  gmin=1.15e-01  floor=0.0e+00  |dM|=1.31e-04  step=1.00e+00
  it  407  L= 3.182910e+02  comp= 2.7533e+01 expr= 2.9076e+02 L+= 1.1421e-01 L-= 1.1232e-01  Keff= 8.00(min  7.99)  gmin=1.15e-01  floor=0.0e+00  |dM|=1.32e-04  step=1.00e+00
  it  408  L= 3.182895e+02  comp= 2.7533e+01 expr= 2.9076e+02 L+= 1.1435e-01 L-= 1.1244e-01  Keff= 8.00(min  7.99)  gmin=1.15e-01  floor=0.0e+00  |dM|=1.32e-04  step=1.00e+00
  it  409  L= 3.182879e+02  comp= 2.7533e+01 expr= 2.9075e+02 L+= 1.1448e-01 L-= 1.1257e-01  Keff= 8.00(min  7.99)  gmin=1.15e-01  floor=0.0e+00  |dM|=1.32e-04  step=1.00e+00
  it  410  L= 3.182864e+02  comp= 2.7533e+01 expr= 2.9075e+02 L+= 1.1462e-01 L-= 1.1269e-01  Keff= 8.00(min  7.99)  gmin=1.15e-01  floor=0.0e+00  |dM|=1.33e-04  step=1.00e+00
  it  411  L= 3.182849e+02  comp= 2.7533e+01 expr= 2.9075e+02 L+= 1.1475e-01 L-= 1.1282e-01  Keff= 8.00(min  7.99)  gmin=1.15e-01  floor=0.0e+00  |dM|=1.33e-04  step=1.00e+00
  it  412  L= 3.182834e+02  comp= 2.7533e+01 expr= 2.9075e+02 L+= 1.1489e-01 L-= 1.1295e-01  Keff= 8.00(min  7.99)  gmin=1.15e-01  floor=0.0e+00  |dM|=1.33e-04  step=1.00e+00
  it  413  L= 3.182818e+02  comp= 2.7533e+01 expr= 2.9075e+02 L+= 1.1502e-01 L-= 1.1308e-01  Keff= 8.00(min  7.99)  gmin=1.15e-01  floor=0.0e+00  |dM|=1.34e-04  step=1.00e+00
  it  414  L= 3.182803e+02  comp= 2.7533e+01 expr= 2.9075e+02 L+= 1.1516e-01 L-= 1.1320e-01  Keff= 8.00(min  7.99)  gmin=1.15e-01  floor=0.0e+00  |dM|=1.34e-04  step=1.00e+00
  it  415  L= 3.182787e+02  comp= 2.7533e+01 expr= 2.9075e+02 L+= 1.1529e-01 L-= 1.1333e-01  Keff= 8.00(min  7.99)  gmin=1.15e-01  floor=0.0e+00  |dM|=1.34e-04  step=1.00e+00
  it  416  L= 3.182772e+02  comp= 2.7533e+01 expr= 2.9074e+02 L+= 1.1543e-01 L-= 1.1346e-01  Keff= 8.00(min  7.99)  gmin=1.15e-01  floor=0.0e+00  |dM|=1.35e-04  step=1.00e+00
  it  417  L= 3.182757e+02  comp= 2.7533e+01 expr= 2.9074e+02 L+= 1.1557e-01 L-= 1.1359e-01  Keff= 8.00(min  7.99)  gmin=1.15e-01  floor=0.0e+00  |dM|=1.35e-04  step=1.00e+00
  it  418  L= 3.182741e+02  comp= 2.7533e+01 expr= 2.9074e+02 L+= 1.1570e-01 L-= 1.1372e-01  Keff= 8.00(min  7.99)  gmin=1.15e-01  floor=0.0e+00  |dM|=1.35e-04  step=1.00e+00
  it  419  L= 3.182725e+02  comp= 2.7533e+01 expr= 2.9074e+02 L+= 1.1584e-01 L-= 1.1385e-01  Keff= 8.00(min  7.99)  gmin=1.15e-01  floor=0.0e+00  |dM|=1.36e-04  step=1.00e+00
  it  420  L= 3.182709e+02  comp= 2.7533e+01 expr= 2.9074e+02 L+= 1.1598e-01 L-= 1.1398e-01  Keff= 8.00(min  7.99)  gmin=1.15e-01  floor=0.0e+00  |dM|=1.36e-04  step=1.00e+00
  it  421  L= 3.182694e+02  comp= 2.7533e+01 expr= 2.9074e+02 L+= 1.1612e-01 L-= 1.1411e-01  Keff= 8.00(min  7.99)  gmin=1.15e-01  floor=0.0e+00  |dM|=1.36e-04  step=1.00e+00
  it  422  L= 3.182678e+02  comp= 2.7533e+01 expr= 2.9073e+02 L+= 1.1626e-01 L-= 1.1424e-01  Keff= 8.00(min  7.99)  gmin=1.15e-01  floor=0.0e+00  |dM|=1.37e-04  step=1.00e+00
  it  423  L= 3.182662e+02  comp= 2.7533e+01 expr= 2.9073e+02 L+= 1.1640e-01 L-= 1.1437e-01  Keff= 8.00(min  7.99)  gmin=1.15e-01  floor=0.0e+00  |dM|=1.37e-04  step=1.00e+00
  it  424  L= 3.182646e+02  comp= 2.7533e+01 expr= 2.9073e+02 L+= 1.1654e-01 L-= 1.1451e-01  Keff= 8.00(min  7.99)  gmin=1.15e-01  floor=0.0e+00  |dM|=1.37e-04  step=1.00e+00
  it  425  L= 3.182630e+02  comp= 2.7533e+01 expr= 2.9073e+02 L+= 1.1668e-01 L-= 1.1464e-01  Keff= 8.00(min  7.99)  gmin=1.15e-01  floor=0.0e+00  |dM|=1.38e-04  step=1.00e+00
  it  426  L= 3.182614e+02  comp= 2.7533e+01 expr= 2.9073e+02 L+= 1.1682e-01 L-= 1.1477e-01  Keff= 8.00(min  7.99)  gmin=1.15e-01  floor=0.0e+00  |dM|=1.38e-04  step=1.00e+00
  it  427  L= 3.182598e+02  comp= 2.7533e+01 expr= 2.9073e+02 L+= 1.1696e-01 L-= 1.1490e-01  Keff= 8.00(min  7.99)  gmin=1.15e-01  floor=0.0e+00  |dM|=1.38e-04  step=1.00e+00
  it  428  L= 3.182582e+02  comp= 2.7533e+01 expr= 2.9073e+02 L+= 1.1711e-01 L-= 1.1504e-01  Keff= 8.00(min  7.99)  gmin=1.15e-01  floor=0.0e+00  |dM|=1.39e-04  step=1.00e+00
  it  429  L= 3.182566e+02  comp= 2.7533e+01 expr= 2.9072e+02 L+= 1.1725e-01 L-= 1.1517e-01  Keff= 8.00(min  7.99)  gmin=1.15e-01  floor=0.0e+00  |dM|=1.39e-04  step=1.00e+00
  it  430  L= 3.182549e+02  comp= 2.7533e+01 expr= 2.9072e+02 L+= 1.1739e-01 L-= 1.1531e-01  Keff= 8.00(min  7.99)  gmin=1.15e-01  floor=0.0e+00  |dM|=1.40e-04  step=1.00e+00
  it  431  L= 3.182533e+02  comp= 2.7533e+01 expr= 2.9072e+02 L+= 1.1753e-01 L-= 1.1545e-01  Keff= 8.00(min  7.99)  gmin=1.15e-01  floor=0.0e+00  |dM|=1.40e-04  step=1.00e+00
  it  432  L= 3.182516e+02  comp= 2.7533e+01 expr= 2.9072e+02 L+= 1.1768e-01 L-= 1.1558e-01  Keff= 8.00(min  7.99)  gmin=1.15e-01  floor=0.0e+00  |dM|=1.40e-04  step=1.00e+00
  it  433  L= 3.182500e+02  comp= 2.7533e+01 expr= 2.9072e+02 L+= 1.1782e-01 L-= 1.1572e-01  Keff= 8.00(min  7.99)  gmin=1.15e-01  floor=0.0e+00  |dM|=1.41e-04  step=1.00e+00
  it  434  L= 3.182483e+02  comp= 2.7533e+01 expr= 2.9072e+02 L+= 1.1797e-01 L-= 1.1585e-01  Keff= 8.00(min  7.99)  gmin=1.15e-01  floor=0.0e+00  |dM|=1.41e-04  step=1.00e+00
  it  435  L= 3.182467e+02  comp= 2.7533e+01 expr= 2.9071e+02 L+= 1.1811e-01 L-= 1.1599e-01  Keff= 8.00(min  7.99)  gmin=1.15e-01  floor=0.0e+00  |dM|=1.41e-04  step=1.00e+00
  it  436  L= 3.182450e+02  comp= 2.7533e+01 expr= 2.9071e+02 L+= 1.1826e-01 L-= 1.1613e-01  Keff= 8.00(min  7.99)  gmin=1.15e-01  floor=0.0e+00  |dM|=1.42e-04  step=1.00e+00
  it  437  L= 3.182433e+02  comp= 2.7533e+01 expr= 2.9071e+02 L+= 1.1840e-01 L-= 1.1626e-01  Keff= 8.00(min  7.99)  gmin=1.15e-01  floor=0.0e+00  |dM|=1.42e-04  step=1.00e+00
  it  438  L= 3.182417e+02  comp= 2.7533e+01 expr= 2.9071e+02 L+= 1.1855e-01 L-= 1.1640e-01  Keff= 8.00(min  7.99)  gmin=1.15e-01  floor=0.0e+00  |dM|=1.42e-04  step=1.00e+00
  it  439  L= 3.182400e+02  comp= 2.7533e+01 expr= 2.9071e+02 L+= 1.1869e-01 L-= 1.1654e-01  Keff= 8.00(min  7.99)  gmin=1.15e-01  floor=0.0e+00  |dM|=1.43e-04  step=1.00e+00
  it  440  L= 3.182383e+02  comp= 2.7533e+01 expr= 2.9071e+02 L+= 1.1884e-01 L-= 1.1668e-01  Keff= 8.00(min  7.99)  gmin=1.15e-01  floor=0.0e+00  |dM|=1.43e-04  step=1.00e+00
  it  441  L= 3.182366e+02  comp= 2.7533e+01 expr= 2.9070e+02 L+= 1.1899e-01 L-= 1.1682e-01  Keff= 8.00(min  7.99)  gmin=1.15e-01  floor=0.0e+00  |dM|=1.43e-04  step=1.00e+00
  it  442  L= 3.182349e+02  comp= 2.7533e+01 expr= 2.9070e+02 L+= 1.1914e-01 L-= 1.1696e-01  Keff= 8.00(min  7.99)  gmin=1.15e-01  floor=0.0e+00  |dM|=1.44e-04  step=1.00e+00
  it  443  L= 3.182332e+02  comp= 2.7533e+01 expr= 2.9070e+02 L+= 1.1929e-01 L-= 1.1710e-01  Keff= 8.00(min  7.99)  gmin=1.15e-01  floor=0.0e+00  |dM|=1.44e-04  step=1.00e+00
  it  444  L= 3.182315e+02  comp= 2.7533e+01 expr= 2.9070e+02 L+= 1.1944e-01 L-= 1.1724e-01  Keff= 8.00(min  7.99)  gmin=1.15e-01  floor=0.0e+00  |dM|=1.45e-04  step=1.00e+00
  it  445  L= 3.182298e+02  comp= 2.7533e+01 expr= 2.9070e+02 L+= 1.1959e-01 L-= 1.1738e-01  Keff= 8.00(min  7.99)  gmin=1.15e-01  floor=0.0e+00  |dM|=1.45e-04  step=1.00e+00
  it  446  L= 3.182280e+02  comp= 2.7533e+01 expr= 2.9070e+02 L+= 1.1974e-01 L-= 1.1752e-01  Keff= 8.00(min  7.99)  gmin=1.15e-01  floor=0.0e+00  |dM|=1.45e-04  step=1.00e+00
  it  447  L= 3.182262e+02  comp= 2.7533e+01 expr= 2.9069e+02 L+= 1.1989e-01 L-= 1.1766e-01  Keff= 8.00(min  7.99)  gmin=1.15e-01  floor=0.0e+00  |dM|=1.46e-04  step=1.00e+00
  it  448  L= 3.182245e+02  comp= 2.7533e+01 expr= 2.9069e+02 L+= 1.2004e-01 L-= 1.1780e-01  Keff= 8.00(min  7.99)  gmin=1.15e-01  floor=0.0e+00  |dM|=1.46e-04  step=1.00e+00
  it  449  L= 3.182227e+02  comp= 2.7533e+01 expr= 2.9069e+02 L+= 1.2019e-01 L-= 1.1795e-01  Keff= 8.00(min  7.99)  gmin=1.15e-01  floor=0.0e+00  |dM|=1.46e-04  step=1.00e+00
  it  450  L= 3.182210e+02  comp= 2.7533e+01 expr= 2.9069e+02 L+= 1.2034e-01 L-= 1.1809e-01  Keff= 8.00(min  7.99)  gmin=1.15e-01  floor=0.0e+00  |dM|=1.47e-04  step=1.00e+00
  it  451  L= 3.182192e+02  comp= 2.7533e+01 expr= 2.9069e+02 L+= 1.2049e-01 L-= 1.1824e-01  Keff= 8.00(min  7.99)  gmin=1.15e-01  floor=0.0e+00  |dM|=1.47e-04  step=1.00e+00
  it  452  L= 3.182175e+02  comp= 2.7533e+01 expr= 2.9068e+02 L+= 1.2065e-01 L-= 1.1838e-01  Keff= 8.00(min  7.99)  gmin=1.15e-01  floor=0.0e+00  |dM|=1.48e-04  step=1.00e+00
  it  453  L= 3.182157e+02  comp= 2.7533e+01 expr= 2.9068e+02 L+= 1.2080e-01 L-= 1.1852e-01  Keff= 8.00(min  7.99)  gmin=1.15e-01  floor=0.0e+00  |dM|=1.48e-04  step=1.00e+00
  it  454  L= 3.182139e+02  comp= 2.7533e+01 expr= 2.9068e+02 L+= 1.2095e-01 L-= 1.1867e-01  Keff= 8.00(min  7.99)  gmin=1.15e-01  floor=0.0e+00  |dM|=1.48e-04  step=1.00e+00
  it  455  L= 3.182121e+02  comp= 2.7533e+01 expr= 2.9068e+02 L+= 1.2111e-01 L-= 1.1881e-01  Keff= 8.00(min  7.99)  gmin=1.15e-01  floor=0.0e+00  |dM|=1.49e-04  step=1.00e+00
  it  456  L= 3.182103e+02  comp= 2.7533e+01 expr= 2.9068e+02 L+= 1.2126e-01 L-= 1.1896e-01  Keff= 8.00(min  7.99)  gmin=1.15e-01  floor=0.0e+00  |dM|=1.49e-04  step=1.00e+00
  it  457  L= 3.182086e+02  comp= 2.7533e+01 expr= 2.9068e+02 L+= 1.2142e-01 L-= 1.1911e-01  Keff= 8.00(min  7.99)  gmin=1.15e-01  floor=0.0e+00  |dM|=1.49e-04  step=1.00e+00
  it  458  L= 3.182067e+02  comp= 2.7533e+01 expr= 2.9067e+02 L+= 1.2157e-01 L-= 1.1925e-01  Keff= 8.00(min  7.99)  gmin=1.15e-01  floor=0.0e+00  |dM|=1.50e-04  step=1.00e+00
  it  459  L= 3.182049e+02  comp= 2.7533e+01 expr= 2.9067e+02 L+= 1.2173e-01 L-= 1.1940e-01  Keff= 8.00(min  7.99)  gmin=1.15e-01  floor=0.0e+00  |dM|=1.50e-04  step=1.00e+00
  it  460  L= 3.182031e+02  comp= 2.7533e+01 expr= 2.9067e+02 L+= 1.2189e-01 L-= 1.1955e-01  Keff= 8.00(min  7.99)  gmin=1.15e-01  floor=0.0e+00  |dM|=1.51e-04  step=1.00e+00
  it  461  L= 3.182012e+02  comp= 2.7533e+01 expr= 2.9067e+02 L+= 1.2204e-01 L-= 1.1970e-01  Keff= 8.00(min  7.99)  gmin=1.15e-01  floor=0.0e+00  |dM|=1.51e-04  step=1.00e+00
  it  462  L= 3.181994e+02  comp= 2.7533e+01 expr= 2.9067e+02 L+= 1.2220e-01 L-= 1.1985e-01  Keff= 8.00(min  7.99)  gmin=1.15e-01  floor=0.0e+00  |dM|=1.51e-04  step=1.00e+00
  it  463  L= 3.181976e+02  comp= 2.7533e+01 expr= 2.9066e+02 L+= 1.2236e-01 L-= 1.2000e-01  Keff= 8.00(min  7.99)  gmin=1.15e-01  floor=0.0e+00  |dM|=1.52e-04  step=1.00e+00
  it  464  L= 3.181957e+02  comp= 2.7533e+01 expr= 2.9066e+02 L+= 1.2252e-01 L-= 1.2015e-01  Keff= 8.00(min  7.99)  gmin=1.15e-01  floor=0.0e+00  |dM|=1.52e-04  step=1.00e+00
  it  465  L= 3.181938e+02  comp= 2.7533e+01 expr= 2.9066e+02 L+= 1.2268e-01 L-= 1.2030e-01  Keff= 8.00(min  7.99)  gmin=1.15e-01  floor=0.0e+00  |dM|=1.52e-04  step=1.00e+00
  it  466  L= 3.181920e+02  comp= 2.7533e+01 expr= 2.9066e+02 L+= 1.2284e-01 L-= 1.2045e-01  Keff= 8.00(min  7.99)  gmin=1.15e-01  floor=0.0e+00  |dM|=1.53e-04  step=1.00e+00
  it  467  L= 3.181902e+02  comp= 2.7533e+01 expr= 2.9066e+02 L+= 1.2300e-01 L-= 1.2060e-01  Keff= 8.00(min  7.99)  gmin=1.15e-01  floor=0.0e+00  |dM|=1.53e-04  step=1.00e+00
  it  468  L= 3.181883e+02  comp= 2.7533e+01 expr= 2.9066e+02 L+= 1.2316e-01 L-= 1.2075e-01  Keff= 8.00(min  7.99)  gmin=1.15e-01  floor=0.0e+00  |dM|=1.54e-04  step=1.00e+00
  it  469  L= 3.181864e+02  comp= 2.7533e+01 expr= 2.9065e+02 L+= 1.2332e-01 L-= 1.2090e-01  Keff= 8.00(min  7.99)  gmin=1.15e-01  floor=0.0e+00  |dM|=1.54e-04  step=1.00e+00
  it  470  L= 3.181844e+02  comp= 2.7533e+01 expr= 2.9065e+02 L+= 1.2348e-01 L-= 1.2106e-01  Keff= 8.00(min  7.99)  gmin=1.15e-01  floor=0.0e+00  |dM|=1.54e-04  step=1.00e+00
  it  471  L= 3.181826e+02  comp= 2.7533e+01 expr= 2.9065e+02 L+= 1.2364e-01 L-= 1.2121e-01  Keff= 8.00(min  7.99)  gmin=1.15e-01  floor=0.0e+00  |dM|=1.55e-04  step=1.00e+00
  it  472  L= 3.181807e+02  comp= 2.7533e+01 expr= 2.9065e+02 L+= 1.2381e-01 L-= 1.2136e-01  Keff= 8.00(min  7.99)  gmin=1.15e-01  floor=0.0e+00  |dM|=1.55e-04  step=1.00e+00
  it  473  L= 3.181788e+02  comp= 2.7533e+01 expr= 2.9065e+02 L+= 1.2397e-01 L-= 1.2152e-01  Keff= 8.00(min  7.99)  gmin=1.15e-01  floor=0.0e+00  |dM|=1.56e-04  step=1.00e+00
  it  474  L= 3.181768e+02  comp= 2.7533e+01 expr= 2.9064e+02 L+= 1.2413e-01 L-= 1.2167e-01  Keff= 8.00(min  7.99)  gmin=1.15e-01  floor=0.0e+00  |dM|=1.56e-04  step=1.00e+00
  it  475  L= 3.181749e+02  comp= 2.7533e+01 expr= 2.9064e+02 L+= 1.2430e-01 L-= 1.2183e-01  Keff= 8.00(min  7.99)  gmin=1.15e-01  floor=0.0e+00  |dM|=1.56e-04  step=1.00e+00
  it  476  L= 3.181730e+02  comp= 2.7533e+01 expr= 2.9064e+02 L+= 1.2446e-01 L-= 1.2198e-01  Keff= 8.00(min  7.99)  gmin=1.15e-01  floor=0.0e+00  |dM|=1.57e-04  step=1.00e+00
  it  477  L= 3.181710e+02  comp= 2.7533e+01 expr= 2.9064e+02 L+= 1.2463e-01 L-= 1.2214e-01  Keff= 8.00(min  7.99)  gmin=1.15e-01  floor=0.0e+00  |dM|=1.57e-04  step=1.00e+00
  it  478  L= 3.181691e+02  comp= 2.7533e+01 expr= 2.9064e+02 L+= 1.2479e-01 L-= 1.2229e-01  Keff= 8.00(min  7.99)  gmin=1.15e-01  floor=0.0e+00  |dM|=1.58e-04  step=1.00e+00
  it  479  L= 3.181671e+02  comp= 2.7533e+01 expr= 2.9063e+02 L+= 1.2496e-01 L-= 1.2245e-01  Keff= 8.00(min  7.99)  gmin=1.15e-01  floor=0.0e+00  |dM|=1.58e-04  step=1.00e+00
  it  480  L= 3.181652e+02  comp= 2.7533e+01 expr= 2.9063e+02 L+= 1.2513e-01 L-= 1.2261e-01  Keff= 8.00(min  7.99)  gmin=1.15e-01  floor=0.0e+00  |dM|=1.58e-04  step=1.00e+00
  it  481  L= 3.181632e+02  comp= 2.7533e+01 expr= 2.9063e+02 L+= 1.2529e-01 L-= 1.2277e-01  Keff= 8.00(min  7.99)  gmin=1.15e-01  floor=0.0e+00  |dM|=1.59e-04  step=1.00e+00
  it  482  L= 3.181613e+02  comp= 2.7533e+01 expr= 2.9063e+02 L+= 1.2547e-01 L-= 1.2293e-01  Keff= 8.00(min  7.99)  gmin=1.15e-01  floor=0.0e+00  |dM|=1.59e-04  step=1.00e+00
  it  483  L= 3.181593e+02  comp= 2.7533e+01 expr= 2.9063e+02 L+= 1.2563e-01 L-= 1.2309e-01  Keff= 8.00(min  7.99)  gmin=1.15e-01  floor=0.0e+00  |dM|=1.60e-04  step=1.00e+00
  it  484  L= 3.181572e+02  comp= 2.7533e+01 expr= 2.9062e+02 L+= 1.2580e-01 L-= 1.2325e-01  Keff= 8.00(min  7.99)  gmin=1.15e-01  floor=0.0e+00  |dM|=1.60e-04  step=1.00e+00
  it  485  L= 3.181552e+02  comp= 2.7533e+01 expr= 2.9062e+02 L+= 1.2597e-01 L-= 1.2341e-01  Keff= 8.00(min  7.99)  gmin=1.15e-01  floor=0.0e+00  |dM|=1.60e-04  step=1.00e+00
  it  486  L= 3.181532e+02  comp= 2.7533e+01 expr= 2.9062e+02 L+= 1.2614e-01 L-= 1.2357e-01  Keff= 8.00(min  7.99)  gmin=1.15e-01  floor=0.0e+00  |dM|=1.61e-04  step=1.00e+00
  it  487  L= 3.181512e+02  comp= 2.7533e+01 expr= 2.9062e+02 L+= 1.2631e-01 L-= 1.2373e-01  Keff= 8.00(min  7.99)  gmin=1.15e-01  floor=0.0e+00  |dM|=1.61e-04  step=1.00e+00
  it  488  L= 3.181492e+02  comp= 2.7533e+01 expr= 2.9062e+02 L+= 1.2648e-01 L-= 1.2389e-01  Keff= 8.00(min  7.99)  gmin=1.15e-01  floor=0.0e+00  |dM|=1.62e-04  step=1.00e+00
  it  489  L= 3.181472e+02  comp= 2.7533e+01 expr= 2.9061e+02 L+= 1.2666e-01 L-= 1.2405e-01  Keff= 8.00(min  7.99)  gmin=1.15e-01  floor=0.0e+00  |dM|=1.62e-04  step=1.00e+00
  it  490  L= 3.181451e+02  comp= 2.7533e+01 expr= 2.9061e+02 L+= 1.2683e-01 L-= 1.2422e-01  Keff= 8.00(min  7.99)  gmin=1.15e-01  floor=0.0e+00  |dM|=1.62e-04  step=1.00e+00
  it  491  L= 3.181431e+02  comp= 2.7533e+01 expr= 2.9061e+02 L+= 1.2700e-01 L-= 1.2438e-01  Keff= 8.00(min  7.99)  gmin=1.15e-01  floor=0.0e+00  |dM|=1.63e-04  step=1.00e+00
  it  492  L= 3.181410e+02  comp= 2.7533e+01 expr= 2.9061e+02 L+= 1.2717e-01 L-= 1.2454e-01  Keff= 8.00(min  7.99)  gmin=1.15e-01  floor=0.0e+00  |dM|=1.63e-04  step=1.00e+00
  it  493  L= 3.181389e+02  comp= 2.7533e+01 expr= 2.9061e+02 L+= 1.2735e-01 L-= 1.2471e-01  Keff= 8.00(min  7.99)  gmin=1.15e-01  floor=0.0e+00  |dM|=1.64e-04  step=1.00e+00
  it  494  L= 3.181368e+02  comp= 2.7533e+01 expr= 2.9060e+02 L+= 1.2752e-01 L-= 1.2487e-01  Keff= 8.00(min  7.99)  gmin=1.15e-01  floor=0.0e+00  |dM|=1.64e-04  step=1.00e+00
  it  495  L= 3.181348e+02  comp= 2.7533e+01 expr= 2.9060e+02 L+= 1.2770e-01 L-= 1.2504e-01  Keff= 8.00(min  7.99)  gmin=1.15e-01  floor=0.0e+00  |dM|=1.64e-04  step=1.00e+00
  it  496  L= 3.181327e+02  comp= 2.7533e+01 expr= 2.9060e+02 L+= 1.2787e-01 L-= 1.2520e-01  Keff= 8.00(min  7.99)  gmin=1.15e-01  floor=0.0e+00  |dM|=1.65e-04  step=1.00e+00
  it  497  L= 3.181306e+02  comp= 2.7533e+01 expr= 2.9060e+02 L+= 1.2805e-01 L-= 1.2537e-01  Keff= 8.00(min  7.99)  gmin=1.15e-01  floor=0.0e+00  |dM|=1.65e-04  step=1.00e+00
  it  498  L= 3.181285e+02  comp= 2.7533e+01 expr= 2.9060e+02 L+= 1.2823e-01 L-= 1.2554e-01  Keff= 8.00(min  7.99)  gmin=1.15e-01  floor=0.0e+00  |dM|=1.66e-04  step=1.00e+00
  it  499  L= 3.181264e+02  comp= 2.7533e+01 expr= 2.9059e+02 L+= 1.2840e-01 L-= 1.2570e-01  Keff= 8.00(min  7.99)  gmin=1.15e-01  floor=0.0e+00  |dM|=1.66e-04  step=1.00e+00
  it  500  L= 3.181243e+02  comp= 2.7533e+01 expr= 2.9059e+02 L+= 1.2858e-01 L-= 1.2587e-01  Keff= 8.00(min  7.99)  gmin=1.15e-01  floor=0.0e+00  |dM|=1.67e-04  step=1.00e+00
  it  501  L= 3.181221e+02  comp= 2.7533e+01 expr= 2.9059e+02 L+= 1.2876e-01 L-= 1.2604e-01  Keff= 8.00(min  7.99)  gmin=1.15e-01  floor=0.0e+00  |dM|=1.67e-04  step=1.00e+00
  it  502  L= 3.181200e+02  comp= 2.7533e+01 expr= 2.9059e+02 L+= 1.2894e-01 L-= 1.2621e-01  Keff= 8.00(min  7.99)  gmin=1.15e-01  floor=0.0e+00  |dM|=1.67e-04  step=1.00e+00
  it  503  L= 3.181179e+02  comp= 2.7533e+01 expr= 2.9059e+02 L+= 1.2912e-01 L-= 1.2638e-01  Keff= 8.00(min  7.99)  gmin=1.15e-01  floor=0.0e+00  |dM|=1.68e-04  step=1.00e+00
  it  504  L= 3.181157e+02  comp= 2.7533e+01 expr= 2.9058e+02 L+= 1.2930e-01 L-= 1.2655e-01  Keff= 8.00(min  7.99)  gmin=1.15e-01  floor=0.0e+00  |dM|=1.68e-04  step=1.00e+00
  it  505  L= 3.181136e+02  comp= 2.7533e+01 expr= 2.9058e+02 L+= 1.2948e-01 L-= 1.2672e-01  Keff= 8.00(min  7.99)  gmin=1.15e-01  floor=0.0e+00  |dM|=1.69e-04  step=1.00e+00
  it  506  L= 3.181114e+02  comp= 2.7533e+01 expr= 2.9058e+02 L+= 1.2966e-01 L-= 1.2689e-01  Keff= 8.00(min  7.99)  gmin=1.15e-01  floor=0.0e+00  |dM|=1.69e-04  step=1.00e+00
  it  507  L= 3.181093e+02  comp= 2.7533e+01 expr= 2.9058e+02 L+= 1.2984e-01 L-= 1.2706e-01  Keff= 8.00(min  7.99)  gmin=1.15e-01  floor=0.0e+00  |dM|=1.70e-04  step=1.00e+00
  it  508  L= 3.181070e+02  comp= 2.7533e+01 expr= 2.9057e+02 L+= 1.3003e-01 L-= 1.2724e-01  Keff= 8.00(min  7.99)  gmin=1.15e-01  floor=0.0e+00  |dM|=1.70e-04  step=1.00e+00
  it  509  L= 3.181048e+02  comp= 2.7533e+01 expr= 2.9057e+02 L+= 1.3021e-01 L-= 1.2741e-01  Keff= 8.00(min  7.99)  gmin=1.15e-01  floor=0.0e+00  |dM|=1.70e-04  step=1.00e+00
  it  510  L= 3.181026e+02  comp= 2.7533e+01 expr= 2.9057e+02 L+= 1.3039e-01 L-= 1.2758e-01  Keff= 8.00(min  7.99)  gmin=1.15e-01  floor=0.0e+00  |dM|=1.71e-04  step=1.00e+00
  it  511  L= 3.181004e+02  comp= 2.7533e+01 expr= 2.9057e+02 L+= 1.3058e-01 L-= 1.2776e-01  Keff= 8.00(min  7.99)  gmin=1.15e-01  floor=0.0e+00  |dM|=1.71e-04  step=1.00e+00
  it  512  L= 3.180982e+02  comp= 2.7533e+01 expr= 2.9057e+02 L+= 1.3076e-01 L-= 1.2793e-01  Keff= 8.00(min  7.99)  gmin=1.15e-01  floor=0.0e+00  |dM|=1.72e-04  step=1.00e+00
  it  513  L= 3.180960e+02  comp= 2.7533e+01 expr= 2.9056e+02 L+= 1.3095e-01 L-= 1.2811e-01  Keff= 8.00(min  7.99)  gmin=1.15e-01  floor=0.0e+00  |dM|=1.72e-04  step=1.00e+00
  it  514  L= 3.180938e+02  comp= 2.7533e+01 expr= 2.9056e+02 L+= 1.3113e-01 L-= 1.2829e-01  Keff= 8.00(min  7.99)  gmin=1.15e-01  floor=0.0e+00  |dM|=1.73e-04  step=1.00e+00
  it  515  L= 3.180915e+02  comp= 2.7533e+01 expr= 2.9056e+02 L+= 1.3132e-01 L-= 1.2846e-01  Keff= 8.00(min  7.99)  gmin=1.15e-01  floor=0.0e+00  |dM|=1.73e-04  step=1.00e+00
  it  516  L= 3.180893e+02  comp= 2.7533e+01 expr= 2.9056e+02 L+= 1.3151e-01 L-= 1.2864e-01  Keff= 8.00(min  7.99)  gmin=1.15e-01  floor=0.0e+00  |dM|=1.73e-04  step=1.00e+00
  it  517  L= 3.180870e+02  comp= 2.7533e+01 expr= 2.9055e+02 L+= 1.3170e-01 L-= 1.2881e-01  Keff= 8.00(min  7.99)  gmin=1.15e-01  floor=0.0e+00  |dM|=1.74e-04  step=1.00e+00
  it  518  L= 3.180847e+02  comp= 2.7533e+01 expr= 2.9055e+02 L+= 1.3189e-01 L-= 1.2899e-01  Keff= 8.00(min  7.99)  gmin=1.15e-01  floor=0.0e+00  |dM|=1.74e-04  step=1.00e+00
  it  519  L= 3.180824e+02  comp= 2.7533e+01 expr= 2.9055e+02 L+= 1.3208e-01 L-= 1.2917e-01  Keff= 8.00(min  7.99)  gmin=1.15e-01  floor=0.0e+00  |dM|=1.75e-04  step=1.00e+00
  it  520  L= 3.180802e+02  comp= 2.7533e+01 expr= 2.9055e+02 L+= 1.3226e-01 L-= 1.2935e-01  Keff= 8.00(min  7.99)  gmin=1.15e-01  floor=0.0e+00  |dM|=1.75e-04  step=1.00e+00
  it  521  L= 3.180779e+02  comp= 2.7533e+01 expr= 2.9055e+02 L+= 1.3245e-01 L-= 1.2953e-01  Keff= 8.00(min  7.99)  gmin=1.15e-01  floor=0.0e+00  |dM|=1.76e-04  step=1.00e+00
  it  522  L= 3.180756e+02  comp= 2.7533e+01 expr= 2.9054e+02 L+= 1.3264e-01 L-= 1.2971e-01  Keff= 8.00(min  7.99)  gmin=1.15e-01  floor=0.0e+00  |dM|=1.76e-04  step=1.00e+00
  it  523  L= 3.180732e+02  comp= 2.7533e+01 expr= 2.9054e+02 L+= 1.3284e-01 L-= 1.2989e-01  Keff= 8.00(min  7.99)  gmin=1.15e-01  floor=0.0e+00  |dM|=1.77e-04  step=1.00e+00
  it  524  L= 3.180709e+02  comp= 2.7533e+01 expr= 2.9054e+02 L+= 1.3303e-01 L-= 1.3008e-01  Keff= 8.00(min  7.99)  gmin=1.14e-01  floor=0.0e+00  |dM|=1.77e-04  step=1.00e+00
  it  525  L= 3.180686e+02  comp= 2.7533e+01 expr= 2.9054e+02 L+= 1.3322e-01 L-= 1.3026e-01  Keff= 8.00(min  7.99)  gmin=1.14e-01  floor=0.0e+00  |dM|=1.77e-04  step=1.00e+00
  it  526  L= 3.180662e+02  comp= 2.7533e+01 expr= 2.9053e+02 L+= 1.3341e-01 L-= 1.3044e-01  Keff= 8.00(min  7.99)  gmin=1.14e-01  floor=0.0e+00  |dM|=1.78e-04  step=1.00e+00
  it  527  L= 3.180639e+02  comp= 2.7533e+01 expr= 2.9053e+02 L+= 1.3361e-01 L-= 1.3062e-01  Keff= 8.00(min  7.99)  gmin=1.14e-01  floor=0.0e+00  |dM|=1.78e-04  step=1.00e+00
  it  528  L= 3.180615e+02  comp= 2.7533e+01 expr= 2.9053e+02 L+= 1.3381e-01 L-= 1.3081e-01  Keff= 8.00(min  7.99)  gmin=1.14e-01  floor=0.0e+00  |dM|=1.79e-04  step=1.00e+00
  it  529  L= 3.180592e+02  comp= 2.7533e+01 expr= 2.9053e+02 L+= 1.3400e-01 L-= 1.3099e-01  Keff= 8.00(min  7.99)  gmin=1.14e-01  floor=0.0e+00  |dM|=1.79e-04  step=1.00e+00
  it  530  L= 3.180568e+02  comp= 2.7533e+01 expr= 2.9052e+02 L+= 1.3420e-01 L-= 1.3118e-01  Keff= 8.00(min  7.99)  gmin=1.14e-01  floor=0.0e+00  |dM|=1.80e-04  step=1.00e+00
  it  531  L= 3.180544e+02  comp= 2.7533e+01 expr= 2.9052e+02 L+= 1.3440e-01 L-= 1.3137e-01  Keff= 8.00(min  7.99)  gmin=1.14e-01  floor=0.0e+00  |dM|=1.80e-04  step=1.00e+00
  it  532  L= 3.180520e+02  comp= 2.7533e+01 expr= 2.9052e+02 L+= 1.3459e-01 L-= 1.3155e-01  Keff= 8.00(min  7.99)  gmin=1.14e-01  floor=0.0e+00  |dM|=1.81e-04  step=1.00e+00
  it  533  L= 3.180496e+02  comp= 2.7533e+01 expr= 2.9052e+02 L+= 1.3479e-01 L-= 1.3174e-01  Keff= 8.00(min  7.99)  gmin=1.14e-01  floor=0.0e+00  |dM|=1.81e-04  step=1.00e+00
  it  534  L= 3.180472e+02  comp= 2.7533e+01 expr= 2.9051e+02 L+= 1.3499e-01 L-= 1.3193e-01  Keff= 8.00(min  7.99)  gmin=1.14e-01  floor=0.0e+00  |dM|=1.81e-04  step=1.00e+00
  it  535  L= 3.180448e+02  comp= 2.7533e+01 expr= 2.9051e+02 L+= 1.3519e-01 L-= 1.3212e-01  Keff= 8.00(min  7.99)  gmin=1.14e-01  floor=0.0e+00  |dM|=1.82e-04  step=1.00e+00
  it  536  L= 3.180423e+02  comp= 2.7533e+01 expr= 2.9051e+02 L+= 1.3539e-01 L-= 1.3231e-01  Keff= 8.00(min  7.99)  gmin=1.14e-01  floor=0.0e+00  |dM|=1.82e-04  step=1.00e+00
  it  537  L= 3.180399e+02  comp= 2.7533e+01 expr= 2.9051e+02 L+= 1.3559e-01 L-= 1.3249e-01  Keff= 8.00(min  7.99)  gmin=1.14e-01  floor=0.0e+00  |dM|=1.83e-04  step=1.00e+00
  it  538  L= 3.180374e+02  comp= 2.7533e+01 expr= 2.9050e+02 L+= 1.3579e-01 L-= 1.3269e-01  Keff= 8.00(min  7.99)  gmin=1.14e-01  floor=0.0e+00  |dM|=1.83e-04  step=1.00e+00
  it  539  L= 3.180349e+02  comp= 2.7533e+01 expr= 2.9050e+02 L+= 1.3599e-01 L-= 1.3288e-01  Keff= 8.00(min  7.99)  gmin=1.14e-01  floor=0.0e+00  |dM|=1.84e-04  step=1.00e+00
  it  540  L= 3.180325e+02  comp= 2.7533e+01 expr= 2.9050e+02 L+= 1.3619e-01 L-= 1.3307e-01  Keff= 8.00(min  7.99)  gmin=1.14e-01  floor=0.0e+00  |dM|=1.84e-04  step=1.00e+00
  it  541  L= 3.180300e+02  comp= 2.7533e+01 expr= 2.9050e+02 L+= 1.3640e-01 L-= 1.3326e-01  Keff= 8.00(min  7.99)  gmin=1.14e-01  floor=0.0e+00  |dM|=1.85e-04  step=1.00e+00
  it  542  L= 3.180276e+02  comp= 2.7533e+01 expr= 2.9049e+02 L+= 1.3660e-01 L-= 1.3346e-01  Keff= 8.00(min  7.99)  gmin=1.14e-01  floor=0.0e+00  |dM|=1.85e-04  step=1.00e+00
  it  543  L= 3.180250e+02  comp= 2.7533e+01 expr= 2.9049e+02 L+= 1.3681e-01 L-= 1.3365e-01  Keff= 8.00(min  7.99)  gmin=1.14e-01  floor=0.0e+00  |dM|=1.86e-04  step=1.00e+00
  it  544  L= 3.180225e+02  comp= 2.7533e+01 expr= 2.9049e+02 L+= 1.3701e-01 L-= 1.3384e-01  Keff= 8.00(min  7.99)  gmin=1.14e-01  floor=0.0e+00  |dM|=1.86e-04  step=1.00e+00
  it  545  L= 3.180200e+02  comp= 2.7533e+01 expr= 2.9049e+02 L+= 1.3722e-01 L-= 1.3404e-01  Keff= 8.00(min  7.99)  gmin=1.14e-01  floor=0.0e+00  |dM|=1.87e-04  step=1.00e+00
  it  546  L= 3.180175e+02  comp= 2.7533e+01 expr= 2.9048e+02 L+= 1.3742e-01 L-= 1.3423e-01  Keff= 8.00(min  7.99)  gmin=1.14e-01  floor=0.0e+00  |dM|=1.87e-04  step=1.00e+00
  it  547  L= 3.180150e+02  comp= 2.7533e+01 expr= 2.9048e+02 L+= 1.3763e-01 L-= 1.3443e-01  Keff= 8.00(min  7.99)  gmin=1.14e-01  floor=0.0e+00  |dM|=1.88e-04  step=1.00e+00
  it  548  L= 3.180123e+02  comp= 2.7533e+01 expr= 2.9048e+02 L+= 1.3784e-01 L-= 1.3463e-01  Keff= 8.00(min  7.99)  gmin=1.14e-01  floor=0.0e+00  |dM|=1.88e-04  step=1.00e+00
  it  549  L= 3.180098e+02  comp= 2.7533e+01 expr= 2.9048e+02 L+= 1.3805e-01 L-= 1.3482e-01  Keff= 8.00(min  7.99)  gmin=1.14e-01  floor=0.0e+00  |dM|=1.88e-04  step=1.00e+00
  it  550  L= 3.180072e+02  comp= 2.7533e+01 expr= 2.9047e+02 L+= 1.3826e-01 L-= 1.3502e-01  Keff= 8.00(min  7.99)  gmin=1.14e-01  floor=0.0e+00  |dM|=1.89e-04  step=1.00e+00
  it  551  L= 3.180046e+02  comp= 2.7533e+01 expr= 2.9047e+02 L+= 1.3847e-01 L-= 1.3522e-01  Keff= 8.00(min  7.99)  gmin=1.14e-01  floor=0.0e+00  |dM|=1.89e-04  step=1.00e+00
  it  552  L= 3.180020e+02  comp= 2.7533e+01 expr= 2.9047e+02 L+= 1.3868e-01 L-= 1.3542e-01  Keff= 8.00(min  7.99)  gmin=1.14e-01  floor=0.0e+00  |dM|=1.90e-04  step=1.00e+00
  it  553  L= 3.179995e+02  comp= 2.7533e+01 expr= 2.9047e+02 L+= 1.3889e-01 L-= 1.3562e-01  Keff= 8.00(min  7.99)  gmin=1.14e-01  floor=0.0e+00  |dM|=1.90e-04  step=1.00e+00
  it  554  L= 3.179969e+02  comp= 2.7533e+01 expr= 2.9046e+02 L+= 1.3910e-01 L-= 1.3582e-01  Keff= 8.00(min  7.99)  gmin=1.14e-01  floor=0.0e+00  |dM|=1.91e-04  step=1.00e+00
  it  555  L= 3.179942e+02  comp= 2.7533e+01 expr= 2.9046e+02 L+= 1.3931e-01 L-= 1.3602e-01  Keff= 8.00(min  7.99)  gmin=1.14e-01  floor=0.0e+00  |dM|=1.91e-04  step=1.00e+00
  it  556  L= 3.179916e+02  comp= 2.7533e+01 expr= 2.9046e+02 L+= 1.3953e-01 L-= 1.3623e-01  Keff= 8.00(min  7.99)  gmin=1.14e-01  floor=0.0e+00  |dM|=1.92e-04  step=1.00e+00
  it  557  L= 3.179890e+02  comp= 2.7533e+01 expr= 2.9046e+02 L+= 1.3974e-01 L-= 1.3643e-01  Keff= 8.00(min  7.99)  gmin=1.14e-01  floor=0.0e+00  |dM|=1.92e-04  step=1.00e+00
  it  558  L= 3.179863e+02  comp= 2.7533e+01 expr= 2.9045e+02 L+= 1.3996e-01 L-= 1.3663e-01  Keff= 8.00(min  7.99)  gmin=1.14e-01  floor=0.0e+00  |dM|=1.93e-04  step=1.00e+00
  it  559  L= 3.179836e+02  comp= 2.7533e+01 expr= 2.9045e+02 L+= 1.4017e-01 L-= 1.3684e-01  Keff= 8.00(min  7.99)  gmin=1.14e-01  floor=0.0e+00  |dM|=1.93e-04  step=1.00e+00
  it  560  L= 3.179810e+02  comp= 2.7533e+01 expr= 2.9045e+02 L+= 1.4039e-01 L-= 1.3704e-01  Keff= 8.00(min  7.99)  gmin=1.14e-01  floor=0.0e+00  |dM|=1.94e-04  step=1.00e+00
  it  561  L= 3.179783e+02  comp= 2.7533e+01 expr= 2.9045e+02 L+= 1.4061e-01 L-= 1.3725e-01  Keff= 8.00(min  7.99)  gmin=1.14e-01  floor=0.0e+00  |dM|=1.94e-04  step=1.00e+00
  it  562  L= 3.179756e+02  comp= 2.7533e+01 expr= 2.9044e+02 L+= 1.4083e-01 L-= 1.3745e-01  Keff= 8.00(min  7.99)  gmin=1.14e-01  floor=0.0e+00  |dM|=1.95e-04  step=1.00e+00
  it  563  L= 3.179729e+02  comp= 2.7533e+01 expr= 2.9044e+02 L+= 1.4105e-01 L-= 1.3766e-01  Keff= 8.00(min  7.99)  gmin=1.14e-01  floor=0.0e+00  |dM|=1.95e-04  step=1.00e+00
  it  564  L= 3.179702e+02  comp= 2.7533e+01 expr= 2.9044e+02 L+= 1.4126e-01 L-= 1.3787e-01  Keff= 8.00(min  7.99)  gmin=1.14e-01  floor=0.0e+00  |dM|=1.96e-04  step=1.00e+00
  it  565  L= 3.179674e+02  comp= 2.7532e+01 expr= 2.9043e+02 L+= 1.4148e-01 L-= 1.3808e-01  Keff= 8.00(min  7.99)  gmin=1.14e-01  floor=0.0e+00  |dM|=1.96e-04  step=1.00e+00
  it  566  L= 3.179647e+02  comp= 2.7532e+01 expr= 2.9043e+02 L+= 1.4171e-01 L-= 1.3829e-01  Keff= 8.00(min  7.99)  gmin=1.14e-01  floor=0.0e+00  |dM|=1.97e-04  step=1.00e+00
  it  567  L= 3.179619e+02  comp= 2.7532e+01 expr= 2.9043e+02 L+= 1.4193e-01 L-= 1.3849e-01  Keff= 8.00(min  7.99)  gmin=1.14e-01  floor=0.0e+00  |dM|=1.97e-04  step=1.00e+00
  it  568  L= 3.179592e+02  comp= 2.7532e+01 expr= 2.9043e+02 L+= 1.4215e-01 L-= 1.3871e-01  Keff= 8.00(min  7.99)  gmin=1.14e-01  floor=0.0e+00  |dM|=1.98e-04  step=1.00e+00
  it  569  L= 3.179565e+02  comp= 2.7532e+01 expr= 2.9042e+02 L+= 1.4237e-01 L-= 1.3892e-01  Keff= 8.00(min  7.99)  gmin=1.14e-01  floor=0.0e+00  |dM|=1.98e-04  step=1.00e+00
  it  570  L= 3.179537e+02  comp= 2.7532e+01 expr= 2.9042e+02 L+= 1.4260e-01 L-= 1.3913e-01  Keff= 8.00(min  7.99)  gmin=1.14e-01  floor=0.0e+00  |dM|=1.99e-04  step=1.00e+00
  it  571  L= 3.179509e+02  comp= 2.7532e+01 expr= 2.9042e+02 L+= 1.4282e-01 L-= 1.3934e-01  Keff= 8.00(min  7.99)  gmin=1.14e-01  floor=0.0e+00  |dM|=1.99e-04  step=1.00e+00
  it  572  L= 3.179481e+02  comp= 2.7532e+01 expr= 2.9042e+02 L+= 1.4305e-01 L-= 1.3956e-01  Keff= 8.00(min  7.99)  gmin=1.14e-01  floor=0.0e+00  |dM|=2.00e-04  step=1.00e+00
  it  573  L= 3.179453e+02  comp= 2.7532e+01 expr= 2.9041e+02 L+= 1.4327e-01 L-= 1.3977e-01  Keff= 8.00(min  7.99)  gmin=1.14e-01  floor=0.0e+00  |dM|=2.00e-04  step=1.00e+00
  it  574  L= 3.179425e+02  comp= 2.7532e+01 expr= 2.9041e+02 L+= 1.4350e-01 L-= 1.3999e-01  Keff= 8.00(min  7.99)  gmin=1.14e-01  floor=0.0e+00  |dM|=2.01e-04  step=1.00e+00
  it  575  L= 3.179396e+02  comp= 2.7532e+01 expr= 2.9041e+02 L+= 1.4373e-01 L-= 1.4020e-01  Keff= 8.00(min  7.99)  gmin=1.14e-01  floor=0.0e+00  |dM|=2.01e-04  step=1.00e+00
  it  576  L= 3.179367e+02  comp= 2.7532e+01 expr= 2.9040e+02 L+= 1.4395e-01 L-= 1.4042e-01  Keff= 8.00(min  7.99)  gmin=1.14e-01  floor=0.0e+00  |dM|=2.02e-04  step=1.00e+00
  it  577  L= 3.179339e+02  comp= 2.7532e+01 expr= 2.9040e+02 L+= 1.4419e-01 L-= 1.4064e-01  Keff= 8.00(min  7.99)  gmin=1.14e-01  floor=0.0e+00  |dM|=2.02e-04  step=1.00e+00
  it  578  L= 3.179310e+02  comp= 2.7532e+01 expr= 2.9040e+02 L+= 1.4441e-01 L-= 1.4085e-01  Keff= 8.00(min  7.99)  gmin=1.14e-01  floor=0.0e+00  |dM|=2.03e-04  step=1.00e+00
  it  579  L= 3.179282e+02  comp= 2.7532e+01 expr= 2.9040e+02 L+= 1.4465e-01 L-= 1.4107e-01  Keff= 8.00(min  7.99)  gmin=1.14e-01  floor=0.0e+00  |dM|=2.03e-04  step=1.00e+00
  it  580  L= 3.179253e+02  comp= 2.7532e+01 expr= 2.9039e+02 L+= 1.4488e-01 L-= 1.4129e-01  Keff= 8.00(min  7.99)  gmin=1.14e-01  floor=0.0e+00  |dM|=2.04e-04  step=1.00e+00
  it  581  L= 3.179224e+02  comp= 2.7532e+01 expr= 2.9039e+02 L+= 1.4511e-01 L-= 1.4151e-01  Keff= 8.00(min  7.99)  gmin=1.14e-01  floor=0.0e+00  |dM|=2.04e-04  step=1.00e+00
  it  582  L= 3.179194e+02  comp= 2.7532e+01 expr= 2.9039e+02 L+= 1.4534e-01 L-= 1.4173e-01  Keff= 8.00(min  7.99)  gmin=1.14e-01  floor=0.0e+00  |dM|=2.05e-04  step=1.00e+00
  it  583  L= 3.179165e+02  comp= 2.7532e+01 expr= 2.9038e+02 L+= 1.4558e-01 L-= 1.4195e-01  Keff= 8.00(min  7.99)  gmin=1.14e-01  floor=0.0e+00  |dM|=2.05e-04  step=1.00e+00
  it  584  L= 3.179135e+02  comp= 2.7532e+01 expr= 2.9038e+02 L+= 1.4581e-01 L-= 1.4218e-01  Keff= 8.00(min  7.99)  gmin=1.14e-01  floor=0.0e+00  |dM|=2.06e-04  step=1.00e+00
  it  585  L= 3.179106e+02  comp= 2.7532e+01 expr= 2.9038e+02 L+= 1.4604e-01 L-= 1.4240e-01  Keff= 8.00(min  7.99)  gmin=1.14e-01  floor=0.0e+00  |dM|=2.06e-04  step=1.00e+00
  it  586  L= 3.179077e+02  comp= 2.7532e+01 expr= 2.9038e+02 L+= 1.4628e-01 L-= 1.4262e-01  Keff= 8.00(min  7.99)  gmin=1.14e-01  floor=0.0e+00  |dM|=2.07e-04  step=1.00e+00
  it  587  L= 3.179047e+02  comp= 2.7532e+01 expr= 2.9037e+02 L+= 1.4652e-01 L-= 1.4285e-01  Keff= 8.00(min  7.99)  gmin=1.14e-01  floor=0.0e+00  |dM|=2.07e-04  step=1.00e+00
  it  588  L= 3.179017e+02  comp= 2.7532e+01 expr= 2.9037e+02 L+= 1.4676e-01 L-= 1.4307e-01  Keff= 8.00(min  7.99)  gmin=1.14e-01  floor=0.0e+00  |dM|=2.08e-04  step=1.00e+00
  it  589  L= 3.178987e+02  comp= 2.7532e+01 expr= 2.9037e+02 L+= 1.4700e-01 L-= 1.4330e-01  Keff= 8.00(min  7.99)  gmin=1.14e-01  floor=0.0e+00  |dM|=2.09e-04  step=1.00e+00
  it  590  L= 3.178957e+02  comp= 2.7532e+01 expr= 2.9036e+02 L+= 1.4723e-01 L-= 1.4353e-01  Keff= 8.00(min  7.99)  gmin=1.14e-01  floor=0.0e+00  |dM|=2.09e-04  step=1.00e+00
  it  591  L= 3.178927e+02  comp= 2.7532e+01 expr= 2.9036e+02 L+= 1.4747e-01 L-= 1.4375e-01  Keff= 8.00(min  7.99)  gmin=1.14e-01  floor=0.0e+00  |dM|=2.10e-04  step=1.00e+00
  it  592  L= 3.178896e+02  comp= 2.7532e+01 expr= 2.9036e+02 L+= 1.4772e-01 L-= 1.4398e-01  Keff= 8.00(min  7.99)  gmin=1.14e-01  floor=0.0e+00  |dM|=2.10e-04  step=1.00e+00
  it  593  L= 3.178866e+02  comp= 2.7532e+01 expr= 2.9035e+02 L+= 1.4796e-01 L-= 1.4421e-01  Keff= 8.00(min  7.99)  gmin=1.14e-01  floor=0.0e+00  |dM|=2.11e-04  step=1.00e+00
  it  594  L= 3.178835e+02  comp= 2.7532e+01 expr= 2.9035e+02 L+= 1.4820e-01 L-= 1.4444e-01  Keff= 8.00(min  7.99)  gmin=1.14e-01  floor=0.0e+00  |dM|=2.11e-04  step=1.00e+00
  it  595  L= 3.178805e+02  comp= 2.7532e+01 expr= 2.9035e+02 L+= 1.4844e-01 L-= 1.4467e-01  Keff= 8.00(min  7.99)  gmin=1.14e-01  floor=0.0e+00  |dM|=2.12e-04  step=1.00e+00
  it  596  L= 3.178774e+02  comp= 2.7532e+01 expr= 2.9035e+02 L+= 1.4869e-01 L-= 1.4490e-01  Keff= 8.00(min  7.99)  gmin=1.14e-01  floor=0.0e+00  |dM|=2.12e-04  step=1.00e+00
  it  597  L= 3.178743e+02  comp= 2.7532e+01 expr= 2.9034e+02 L+= 1.4893e-01 L-= 1.4514e-01  Keff= 8.00(min  7.99)  gmin=1.14e-01  floor=0.0e+00  |dM|=2.13e-04  step=1.00e+00
  it  598  L= 3.178712e+02  comp= 2.7532e+01 expr= 2.9034e+02 L+= 1.4918e-01 L-= 1.4537e-01  Keff= 8.00(min  7.99)  gmin=1.14e-01  floor=0.0e+00  |dM|=2.13e-04  step=1.00e+00
  it  599  L= 3.178681e+02  comp= 2.7532e+01 expr= 2.9034e+02 L+= 1.4943e-01 L-= 1.4560e-01  Keff= 8.00(min  7.99)  gmin=1.14e-01  floor=0.0e+00  |dM|=2.14e-04  step=1.00e+00
  it  600  L= 3.178649e+02  comp= 2.7532e+01 expr= 2.9033e+02 L+= 1.4968e-01 L-= 1.4584e-01  Keff= 8.00(min  7.99)  gmin=1.14e-01  floor=0.0e+00  |dM|=2.14e-04  step=1.00e+00
  it  601  L= 3.178618e+02  comp= 2.7532e+01 expr= 2.9033e+02 L+= 1.4992e-01 L-= 1.4607e-01  Keff= 8.00(min  7.99)  gmin=1.14e-01  floor=0.0e+00  |dM|=2.15e-04  step=1.00e+00
  it  602  L= 3.178587e+02  comp= 2.7532e+01 expr= 2.9033e+02 L+= 1.5017e-01 L-= 1.4631e-01  Keff= 8.00(min  7.99)  gmin=1.14e-01  floor=0.0e+00  |dM|=2.15e-04  step=1.00e+00
  it  603  L= 3.178555e+02  comp= 2.7532e+01 expr= 2.9032e+02 L+= 1.5042e-01 L-= 1.4655e-01  Keff= 8.00(min  7.99)  gmin=1.14e-01  floor=0.0e+00  |dM|=2.16e-04  step=1.00e+00
  it  604  L= 3.178523e+02  comp= 2.7532e+01 expr= 2.9032e+02 L+= 1.5067e-01 L-= 1.4678e-01  Keff= 8.00(min  7.99)  gmin=1.14e-01  floor=0.0e+00  |dM|=2.17e-04  step=1.00e+00
  it  605  L= 3.178491e+02  comp= 2.7532e+01 expr= 2.9032e+02 L+= 1.5092e-01 L-= 1.4702e-01  Keff= 8.00(min  7.99)  gmin=1.14e-01  floor=0.0e+00  |dM|=2.17e-04  step=1.00e+00
  it  606  L= 3.178459e+02  comp= 2.7532e+01 expr= 2.9031e+02 L+= 1.5118e-01 L-= 1.4726e-01  Keff= 8.00(min  7.99)  gmin=1.14e-01  floor=0.0e+00  |dM|=2.18e-04  step=1.00e+00
  it  607  L= 3.178427e+02  comp= 2.7532e+01 expr= 2.9031e+02 L+= 1.5143e-01 L-= 1.4750e-01  Keff= 8.00(min  7.99)  gmin=1.14e-01  floor=0.0e+00  |dM|=2.18e-04  step=1.00e+00
  it  608  L= 3.178394e+02  comp= 2.7532e+01 expr= 2.9031e+02 L+= 1.5169e-01 L-= 1.4775e-01  Keff= 8.00(min  7.99)  gmin=1.14e-01  floor=0.0e+00  |dM|=2.19e-04  step=1.00e+00
  it  609  L= 3.178362e+02  comp= 2.7532e+01 expr= 2.9030e+02 L+= 1.5194e-01 L-= 1.4798e-01  Keff= 8.00(min  7.99)  gmin=1.14e-01  floor=0.0e+00  |dM|=2.19e-04  step=1.00e+00
  it  610  L= 3.178329e+02  comp= 2.7532e+01 expr= 2.9030e+02 L+= 1.5220e-01 L-= 1.4823e-01  Keff= 8.00(min  7.99)  gmin=1.14e-01  floor=0.0e+00  |dM|=2.20e-04  step=1.00e+00
  it  611  L= 3.178297e+02  comp= 2.7532e+01 expr= 2.9030e+02 L+= 1.5245e-01 L-= 1.4847e-01  Keff= 8.00(min  7.99)  gmin=1.14e-01  floor=0.0e+00  |dM|=2.20e-04  step=1.00e+00
  it  612  L= 3.178264e+02  comp= 2.7532e+01 expr= 2.9029e+02 L+= 1.5271e-01 L-= 1.4872e-01  Keff= 8.00(min  7.99)  gmin=1.14e-01  floor=0.0e+00  |dM|=2.21e-04  step=1.00e+00
  it  613  L= 3.178231e+02  comp= 2.7532e+01 expr= 2.9029e+02 L+= 1.5297e-01 L-= 1.4896e-01  Keff= 8.00(min  7.99)  gmin=1.14e-01  floor=0.0e+00  |dM|=2.22e-04  step=1.00e+00
  it  614  L= 3.178198e+02  comp= 2.7532e+01 expr= 2.9029e+02 L+= 1.5323e-01 L-= 1.4921e-01  Keff= 8.00(min  7.99)  gmin=1.14e-01  floor=0.0e+00  |dM|=2.22e-04  step=1.00e+00
  it  615  L= 3.178164e+02  comp= 2.7532e+01 expr= 2.9028e+02 L+= 1.5349e-01 L-= 1.4946e-01  Keff= 8.00(min  7.99)  gmin=1.14e-01  floor=0.0e+00  |dM|=2.23e-04  step=1.00e+00
  it  616  L= 3.178131e+02  comp= 2.7532e+01 expr= 2.9028e+02 L+= 1.5375e-01 L-= 1.4971e-01  Keff= 8.00(min  7.99)  gmin=1.14e-01  floor=0.0e+00  |dM|=2.23e-04  step=1.00e+00
  it  617  L= 3.178098e+02  comp= 2.7532e+01 expr= 2.9028e+02 L+= 1.5402e-01 L-= 1.4996e-01  Keff= 8.00(min  7.99)  gmin=1.14e-01  floor=0.0e+00  |dM|=2.24e-04  step=1.00e+00
  it  618  L= 3.178064e+02  comp= 2.7532e+01 expr= 2.9027e+02 L+= 1.5428e-01 L-= 1.5020e-01  Keff= 8.00(min  7.99)  gmin=1.14e-01  floor=0.0e+00  |dM|=2.24e-04  step=1.00e+00
  it  619  L= 3.178030e+02  comp= 2.7532e+01 expr= 2.9027e+02 L+= 1.5455e-01 L-= 1.5046e-01  Keff= 8.00(min  7.99)  gmin=1.14e-01  floor=0.0e+00  |dM|=2.25e-04  step=1.00e+00
  it  620  L= 3.177996e+02  comp= 2.7532e+01 expr= 2.9027e+02 L+= 1.5481e-01 L-= 1.5071e-01  Keff= 8.00(min  7.99)  gmin=1.14e-01  floor=0.0e+00  |dM|=2.26e-04  step=1.00e+00
  it  621  L= 3.177962e+02  comp= 2.7532e+01 expr= 2.9026e+02 L+= 1.5507e-01 L-= 1.5096e-01  Keff= 8.00(min  7.99)  gmin=1.14e-01  floor=0.0e+00  |dM|=2.26e-04  step=1.00e+00
  it  622  L= 3.177928e+02  comp= 2.7532e+01 expr= 2.9026e+02 L+= 1.5534e-01 L-= 1.5121e-01  Keff= 8.00(min  7.99)  gmin=1.14e-01  floor=0.0e+00  |dM|=2.27e-04  step=1.00e+00
  it  623  L= 3.177894e+02  comp= 2.7532e+01 expr= 2.9026e+02 L+= 1.5561e-01 L-= 1.5146e-01  Keff= 8.00(min  7.99)  gmin=1.14e-01  floor=0.0e+00  |dM|=2.27e-04  step=1.00e+00
  it  624  L= 3.177859e+02  comp= 2.7532e+01 expr= 2.9025e+02 L+= 1.5588e-01 L-= 1.5172e-01  Keff= 8.00(min  7.99)  gmin=1.14e-01  floor=0.0e+00  |dM|=2.28e-04  step=1.00e+00
  it  625  L= 3.177824e+02  comp= 2.7532e+01 expr= 2.9025e+02 L+= 1.5615e-01 L-= 1.5198e-01  Keff= 8.00(min  7.99)  gmin=1.14e-01  floor=0.0e+00  |dM|=2.28e-04  step=1.00e+00
  it  626  L= 3.177790e+02  comp= 2.7532e+01 expr= 2.9025e+02 L+= 1.5642e-01 L-= 1.5223e-01  Keff= 8.00(min  7.99)  gmin=1.14e-01  floor=0.0e+00  |dM|=2.29e-04  step=1.00e+00
  it  627  L= 3.177755e+02  comp= 2.7532e+01 expr= 2.9024e+02 L+= 1.5669e-01 L-= 1.5249e-01  Keff= 8.00(min  7.99)  gmin=1.14e-01  floor=0.0e+00  |dM|=2.30e-04  step=1.00e+00
  it  628  L= 3.177720e+02  comp= 2.7532e+01 expr= 2.9024e+02 L+= 1.5696e-01 L-= 1.5275e-01  Keff= 8.00(min  7.99)  gmin=1.14e-01  floor=0.0e+00  |dM|=2.30e-04  step=1.00e+00
  it  629  L= 3.177685e+02  comp= 2.7532e+01 expr= 2.9024e+02 L+= 1.5723e-01 L-= 1.5301e-01  Keff= 8.00(min  7.99)  gmin=1.14e-01  floor=0.0e+00  |dM|=2.31e-04  step=1.00e+00
  it  630  L= 3.177649e+02  comp= 2.7532e+01 expr= 2.9023e+02 L+= 1.5751e-01 L-= 1.5327e-01  Keff= 8.00(min  7.99)  gmin=1.14e-01  floor=0.0e+00  |dM|=2.31e-04  step=1.00e+00
  it  631  L= 3.177614e+02  comp= 2.7532e+01 expr= 2.9023e+02 L+= 1.5778e-01 L-= 1.5353e-01  Keff= 8.00(min  7.99)  gmin=1.14e-01  floor=0.0e+00  |dM|=2.32e-04  step=1.00e+00
  it  632  L= 3.177578e+02  comp= 2.7532e+01 expr= 2.9023e+02 L+= 1.5806e-01 L-= 1.5379e-01  Keff= 8.00(min  7.99)  gmin=1.14e-01  floor=0.0e+00  |dM|=2.33e-04  step=1.00e+00
  it  633  L= 3.177542e+02  comp= 2.7532e+01 expr= 2.9022e+02 L+= 1.5834e-01 L-= 1.5406e-01  Keff= 8.00(min  7.99)  gmin=1.14e-01  floor=0.0e+00  |dM|=2.33e-04  step=1.00e+00
  it  634  L= 3.177507e+02  comp= 2.7532e+01 expr= 2.9022e+02 L+= 1.5862e-01 L-= 1.5432e-01  Keff= 8.00(min  7.99)  gmin=1.14e-01  floor=0.0e+00  |dM|=2.34e-04  step=1.00e+00
  it  635  L= 3.177470e+02  comp= 2.7532e+01 expr= 2.9022e+02 L+= 1.5889e-01 L-= 1.5458e-01  Keff= 8.00(min  7.99)  gmin=1.14e-01  floor=0.0e+00  |dM|=2.34e-04  step=1.00e+00
  it  636  L= 3.177435e+02  comp= 2.7532e+01 expr= 2.9021e+02 L+= 1.5917e-01 L-= 1.5485e-01  Keff= 8.00(min  7.99)  gmin=1.14e-01  floor=0.0e+00  |dM|=2.35e-04  step=1.00e+00
  it  637  L= 3.177398e+02  comp= 2.7532e+01 expr= 2.9021e+02 L+= 1.5945e-01 L-= 1.5512e-01  Keff= 8.00(min  7.99)  gmin=1.14e-01  floor=0.0e+00  |dM|=2.36e-04  step=1.00e+00
  it  638  L= 3.177361e+02  comp= 2.7532e+01 expr= 2.9020e+02 L+= 1.5974e-01 L-= 1.5539e-01  Keff= 8.00(min  7.99)  gmin=1.14e-01  floor=0.0e+00  |dM|=2.36e-04  step=1.00e+00
  it  639  L= 3.177325e+02  comp= 2.7532e+01 expr= 2.9020e+02 L+= 1.6002e-01 L-= 1.5566e-01  Keff= 8.00(min  7.99)  gmin=1.14e-01  floor=0.0e+00  |dM|=2.37e-04  step=1.00e+00
  it  640  L= 3.177288e+02  comp= 2.7532e+01 expr= 2.9020e+02 L+= 1.6030e-01 L-= 1.5592e-01  Keff= 8.00(min  7.99)  gmin=1.14e-01  floor=0.0e+00  |dM|=2.37e-04  step=1.00e+00
  it  641  L= 3.177251e+02  comp= 2.7532e+01 expr= 2.9019e+02 L+= 1.6059e-01 L-= 1.5619e-01  Keff= 8.00(min  7.99)  gmin=1.14e-01  floor=0.0e+00  |dM|=2.38e-04  step=1.00e+00
  it  642  L= 3.177214e+02  comp= 2.7532e+01 expr= 2.9019e+02 L+= 1.6088e-01 L-= 1.5647e-01  Keff= 8.00(min  7.99)  gmin=1.14e-01  floor=0.0e+00  |dM|=2.39e-04  step=1.00e+00
  it  643  L= 3.177177e+02  comp= 2.7532e+01 expr= 2.9019e+02 L+= 1.6116e-01 L-= 1.5674e-01  Keff= 8.00(min  7.99)  gmin=1.14e-01  floor=0.0e+00  |dM|=2.39e-04  step=1.00e+00
  it  644  L= 3.177139e+02  comp= 2.7532e+01 expr= 2.9018e+02 L+= 1.6145e-01 L-= 1.5701e-01  Keff= 8.00(min  7.99)  gmin=1.14e-01  floor=0.0e+00  |dM|=2.40e-04  step=1.00e+00
  it  645  L= 3.177102e+02  comp= 2.7532e+01 expr= 2.9018e+02 L+= 1.6174e-01 L-= 1.5729e-01  Keff= 8.00(min  7.99)  gmin=1.14e-01  floor=0.0e+00  |dM|=2.40e-04  step=1.00e+00
  it  646  L= 3.177064e+02  comp= 2.7532e+01 expr= 2.9017e+02 L+= 1.6203e-01 L-= 1.5756e-01  Keff= 8.00(min  7.99)  gmin=1.14e-01  floor=0.0e+00  |dM|=2.41e-04  step=1.00e+00
  it  647  L= 3.177026e+02  comp= 2.7532e+01 expr= 2.9017e+02 L+= 1.6232e-01 L-= 1.5784e-01  Keff= 8.00(min  7.99)  gmin=1.14e-01  floor=0.0e+00  |dM|=2.42e-04  step=1.00e+00
  it  648  L= 3.176989e+02  comp= 2.7532e+01 expr= 2.9017e+02 L+= 1.6261e-01 L-= 1.5812e-01  Keff= 8.00(min  7.99)  gmin=1.14e-01  floor=0.0e+00  |dM|=2.42e-04  step=1.00e+00
  it  649  L= 3.176950e+02  comp= 2.7532e+01 expr= 2.9016e+02 L+= 1.6290e-01 L-= 1.5839e-01  Keff= 8.00(min  7.99)  gmin=1.14e-01  floor=0.0e+00  |dM|=2.43e-04  step=1.00e+00
  it  650  L= 3.176912e+02  comp= 2.7532e+01 expr= 2.9016e+02 L+= 1.6320e-01 L-= 1.5867e-01  Keff= 8.00(min  7.99)  gmin=1.14e-01  floor=0.0e+00  |dM|=2.43e-04  step=1.00e+00
  it  651  L= 3.176874e+02  comp= 2.7532e+01 expr= 2.9016e+02 L+= 1.6349e-01 L-= 1.5895e-01  Keff= 8.00(min  7.99)  gmin=1.14e-01  floor=0.0e+00  |dM|=2.44e-04  step=1.00e+00
  it  652  L= 3.176835e+02  comp= 2.7532e+01 expr= 2.9015e+02 L+= 1.6379e-01 L-= 1.5923e-01  Keff= 8.00(min  7.99)  gmin=1.14e-01  floor=0.0e+00  |dM|=2.45e-04  step=1.00e+00
  it  653  L= 3.176796e+02  comp= 2.7532e+01 expr= 2.9015e+02 L+= 1.6408e-01 L-= 1.5951e-01  Keff= 8.00(min  7.99)  gmin=1.14e-01  floor=0.0e+00  |dM|=2.45e-04  step=1.00e+00
  it  654  L= 3.176757e+02  comp= 2.7532e+01 expr= 2.9014e+02 L+= 1.6438e-01 L-= 1.5980e-01  Keff= 8.00(min  7.99)  gmin=1.14e-01  floor=0.0e+00  |dM|=2.46e-04  step=1.00e+00
  it  655  L= 3.176718e+02  comp= 2.7532e+01 expr= 2.9014e+02 L+= 1.6468e-01 L-= 1.6008e-01  Keff= 8.00(min  7.99)  gmin=1.14e-01  floor=0.0e+00  |dM|=2.47e-04  step=1.00e+00
  it  656  L= 3.176679e+02  comp= 2.7532e+01 expr= 2.9014e+02 L+= 1.6498e-01 L-= 1.6037e-01  Keff= 8.00(min  7.99)  gmin=1.14e-01  floor=0.0e+00  |dM|=2.47e-04  step=1.00e+00
  it  657  L= 3.176639e+02  comp= 2.7532e+01 expr= 2.9013e+02 L+= 1.6528e-01 L-= 1.6065e-01  Keff= 8.00(min  7.99)  gmin=1.14e-01  floor=0.0e+00  |dM|=2.48e-04  step=1.00e+00
  it  658  L= 3.176600e+02  comp= 2.7532e+01 expr= 2.9013e+02 L+= 1.6559e-01 L-= 1.6094e-01  Keff= 8.00(min  7.99)  gmin=1.14e-01  floor=0.0e+00  |dM|=2.49e-04  step=1.00e+00
  it  659  L= 3.176560e+02  comp= 2.7532e+01 expr= 2.9012e+02 L+= 1.6589e-01 L-= 1.6123e-01  Keff= 8.00(min  7.99)  gmin=1.14e-01  floor=0.0e+00  |dM|=2.49e-04  step=1.00e+00
  it  660  L= 3.176520e+02  comp= 2.7532e+01 expr= 2.9012e+02 L+= 1.6619e-01 L-= 1.6151e-01  Keff= 8.00(min  7.99)  gmin=1.14e-01  floor=0.0e+00  |dM|=2.50e-04  step=1.00e+00
  it  661  L= 3.176480e+02  comp= 2.7532e+01 expr= 2.9012e+02 L+= 1.6650e-01 L-= 1.6181e-01  Keff= 8.00(min  7.99)  gmin=1.14e-01  floor=0.0e+00  |dM|=2.50e-04  step=1.00e+00
  it  662  L= 3.176440e+02  comp= 2.7532e+01 expr= 2.9011e+02 L+= 1.6680e-01 L-= 1.6210e-01  Keff= 8.00(min  7.99)  gmin=1.14e-01  floor=0.0e+00  |dM|=2.51e-04  step=1.00e+00
  it  663  L= 3.176400e+02  comp= 2.7532e+01 expr= 2.9011e+02 L+= 1.6711e-01 L-= 1.6239e-01  Keff= 8.00(min  7.99)  gmin=1.14e-01  floor=0.0e+00  |dM|=2.52e-04  step=1.00e+00
  it  664  L= 3.176359e+02  comp= 2.7532e+01 expr= 2.9010e+02 L+= 1.6742e-01 L-= 1.6268e-01  Keff= 8.00(min  7.99)  gmin=1.14e-01  floor=0.0e+00  |dM|=2.52e-04  step=1.00e+00
  it  665  L= 3.176318e+02  comp= 2.7532e+01 expr= 2.9010e+02 L+= 1.6773e-01 L-= 1.6298e-01  Keff= 8.00(min  7.99)  gmin=1.14e-01  floor=0.0e+00  |dM|=2.53e-04  step=1.00e+00
  it  666  L= 3.176277e+02  comp= 2.7532e+01 expr= 2.9010e+02 L+= 1.6804e-01 L-= 1.6327e-01  Keff= 8.00(min  7.99)  gmin=1.14e-01  floor=0.0e+00  |dM|=2.54e-04  step=1.00e+00
  it  667  L= 3.176236e+02  comp= 2.7532e+01 expr= 2.9009e+02 L+= 1.6835e-01 L-= 1.6357e-01  Keff= 8.00(min  7.99)  gmin=1.14e-01  floor=0.0e+00  |dM|=2.54e-04  step=1.00e+00
  it  668  L= 3.176195e+02  comp= 2.7532e+01 expr= 2.9009e+02 L+= 1.6867e-01 L-= 1.6387e-01  Keff= 8.00(min  7.99)  gmin=1.14e-01  floor=0.0e+00  |dM|=2.55e-04  step=1.00e+00
  it  669  L= 3.176154e+02  comp= 2.7532e+01 expr= 2.9008e+02 L+= 1.6898e-01 L-= 1.6416e-01  Keff= 8.00(min  7.99)  gmin=1.14e-01  floor=0.0e+00  |dM|=2.56e-04  step=1.00e+00
  it  670  L= 3.176112e+02  comp= 2.7532e+01 expr= 2.9008e+02 L+= 1.6929e-01 L-= 1.6446e-01  Keff= 8.00(min  7.99)  gmin=1.14e-01  floor=0.0e+00  |dM|=2.56e-04  step=1.00e+00
  it  671  L= 3.176070e+02  comp= 2.7532e+01 expr= 2.9008e+02 L+= 1.6961e-01 L-= 1.6476e-01  Keff= 8.00(min  7.99)  gmin=1.14e-01  floor=0.0e+00  |dM|=2.57e-04  step=1.00e+00
  it  672  L= 3.176028e+02  comp= 2.7532e+01 expr= 2.9007e+02 L+= 1.6993e-01 L-= 1.6507e-01  Keff= 8.00(min  7.99)  gmin=1.14e-01  floor=0.0e+00  |dM|=2.58e-04  step=1.00e+00
  it  673  L= 3.175986e+02  comp= 2.7532e+01 expr= 2.9007e+02 L+= 1.7024e-01 L-= 1.6537e-01  Keff= 8.00(min  7.99)  gmin=1.14e-01  floor=0.0e+00  |dM|=2.58e-04  step=1.00e+00
  it  674  L= 3.175944e+02  comp= 2.7531e+01 expr= 2.9006e+02 L+= 1.7056e-01 L-= 1.6567e-01  Keff= 8.00(min  7.99)  gmin=1.14e-01  floor=0.0e+00  |dM|=2.59e-04  step=1.00e+00
  it  675  L= 3.175901e+02  comp= 2.7531e+01 expr= 2.9006e+02 L+= 1.7089e-01 L-= 1.6598e-01  Keff= 8.00(min  7.99)  gmin=1.14e-01  floor=0.0e+00  |dM|=2.60e-04  step=1.00e+00
  it  676  L= 3.175858e+02  comp= 2.7531e+01 expr= 2.9005e+02 L+= 1.7121e-01 L-= 1.6628e-01  Keff= 8.00(min  7.99)  gmin=1.14e-01  floor=0.0e+00  |dM|=2.60e-04  step=1.00e+00
  it  677  L= 3.175816e+02  comp= 2.7531e+01 expr= 2.9005e+02 L+= 1.7153e-01 L-= 1.6659e-01  Keff= 8.00(min  7.99)  gmin=1.14e-01  floor=0.0e+00  |dM|=2.61e-04  step=1.00e+00
  it  678  L= 3.175773e+02  comp= 2.7531e+01 expr= 2.9005e+02 L+= 1.7185e-01 L-= 1.6690e-01  Keff= 8.00(min  7.99)  gmin=1.14e-01  floor=0.0e+00  |dM|=2.62e-04  step=1.00e+00
  it  679  L= 3.175730e+02  comp= 2.7531e+01 expr= 2.9004e+02 L+= 1.7218e-01 L-= 1.6721e-01  Keff= 8.00(min  7.99)  gmin=1.14e-01  floor=0.0e+00  |dM|=2.62e-04  step=1.00e+00
  it  680  L= 3.175686e+02  comp= 2.7531e+01 expr= 2.9004e+02 L+= 1.7250e-01 L-= 1.6752e-01  Keff= 8.00(min  7.99)  gmin=1.14e-01  floor=0.0e+00  |dM|=2.63e-04  step=1.00e+00
  it  681  L= 3.175643e+02  comp= 2.7531e+01 expr= 2.9003e+02 L+= 1.7283e-01 L-= 1.6783e-01  Keff= 8.00(min  7.99)  gmin=1.14e-01  floor=0.0e+00  |dM|=2.64e-04  step=1.00e+00
  it  682  L= 3.175599e+02  comp= 2.7531e+01 expr= 2.9003e+02 L+= 1.7316e-01 L-= 1.6814e-01  Keff= 8.00(min  7.99)  gmin=1.14e-01  floor=0.0e+00  |dM|=2.64e-04  step=1.00e+00
  it  683  L= 3.175556e+02  comp= 2.7531e+01 expr= 2.9002e+02 L+= 1.7349e-01 L-= 1.6845e-01  Keff= 8.00(min  7.99)  gmin=1.14e-01  floor=0.0e+00  |dM|=2.65e-04  step=1.00e+00
  it  684  L= 3.175511e+02  comp= 2.7531e+01 expr= 2.9002e+02 L+= 1.7382e-01 L-= 1.6877e-01  Keff= 8.00(min  7.99)  gmin=1.14e-01  floor=0.0e+00  |dM|=2.66e-04  step=1.00e+00
  it  685  L= 3.175468e+02  comp= 2.7531e+01 expr= 2.9002e+02 L+= 1.7415e-01 L-= 1.6908e-01  Keff= 8.00(min  7.99)  gmin=1.14e-01  floor=0.0e+00  |dM|=2.66e-04  step=1.00e+00
  it  686  L= 3.175423e+02  comp= 2.7531e+01 expr= 2.9001e+02 L+= 1.7449e-01 L-= 1.6940e-01  Keff= 8.00(min  7.99)  gmin=1.14e-01  floor=0.0e+00  |dM|=2.67e-04  step=1.00e+00
  it  687  L= 3.175379e+02  comp= 2.7531e+01 expr= 2.9001e+02 L+= 1.7482e-01 L-= 1.6972e-01  Keff= 8.00(min  7.99)  gmin=1.14e-01  floor=0.0e+00  |dM|=2.68e-04  step=1.00e+00
  it  688  L= 3.175334e+02  comp= 2.7531e+01 expr= 2.9000e+02 L+= 1.7515e-01 L-= 1.7004e-01  Keff= 8.00(min  7.99)  gmin=1.14e-01  floor=0.0e+00  |dM|=2.68e-04  step=1.00e+00
  it  689  L= 3.175289e+02  comp= 2.7531e+01 expr= 2.9000e+02 L+= 1.7549e-01 L-= 1.7036e-01  Keff= 8.00(min  7.99)  gmin=1.14e-01  floor=0.0e+00  |dM|=2.69e-04  step=1.00e+00
  it  690  L= 3.175243e+02  comp= 2.7531e+01 expr= 2.8999e+02 L+= 1.7583e-01 L-= 1.7068e-01  Keff= 8.00(min  7.99)  gmin=1.14e-01  floor=0.0e+00  |dM|=2.70e-04  step=1.00e+00
  it  691  L= 3.175198e+02  comp= 2.7531e+01 expr= 2.8999e+02 L+= 1.7617e-01 L-= 1.7100e-01  Keff= 8.00(min  7.99)  gmin=1.14e-01  floor=0.0e+00  |dM|=2.71e-04  step=1.00e+00
  it  692  L= 3.175153e+02  comp= 2.7531e+01 expr= 2.8998e+02 L+= 1.7651e-01 L-= 1.7132e-01  Keff= 8.00(min  7.99)  gmin=1.14e-01  floor=0.0e+00  |dM|=2.71e-04  step=1.00e+00
  it  693  L= 3.175107e+02  comp= 2.7531e+01 expr= 2.8998e+02 L+= 1.7685e-01 L-= 1.7165e-01  Keff= 8.00(min  7.99)  gmin=1.14e-01  floor=0.0e+00  |dM|=2.72e-04  step=1.00e+00
  it  694  L= 3.175061e+02  comp= 2.7531e+01 expr= 2.8997e+02 L+= 1.7719e-01 L-= 1.7198e-01  Keff= 8.00(min  7.99)  gmin=1.14e-01  floor=0.0e+00  |dM|=2.73e-04  step=1.00e+00
  it  695  L= 3.175015e+02  comp= 2.7531e+01 expr= 2.8997e+02 L+= 1.7754e-01 L-= 1.7230e-01  Keff= 8.00(min  7.99)  gmin=1.14e-01  floor=0.0e+00  |dM|=2.73e-04  step=1.00e+00
  it  696  L= 3.174969e+02  comp= 2.7531e+01 expr= 2.8997e+02 L+= 1.7788e-01 L-= 1.7263e-01  Keff= 8.00(min  7.99)  gmin=1.14e-01  floor=0.0e+00  |dM|=2.74e-04  step=1.00e+00
  it  697  L= 3.174922e+02  comp= 2.7531e+01 expr= 2.8996e+02 L+= 1.7823e-01 L-= 1.7296e-01  Keff= 8.00(min  7.99)  gmin=1.14e-01  floor=0.0e+00  |dM|=2.75e-04  step=1.00e+00
  it  698  L= 3.174876e+02  comp= 2.7531e+01 expr= 2.8996e+02 L+= 1.7858e-01 L-= 1.7329e-01  Keff= 8.00(min  7.99)  gmin=1.14e-01  floor=0.0e+00  |dM|=2.75e-04  step=1.00e+00
  it  699  L= 3.174829e+02  comp= 2.7531e+01 expr= 2.8995e+02 L+= 1.7892e-01 L-= 1.7362e-01  Keff= 8.00(min  7.99)  gmin=1.14e-01  floor=0.0e+00  |dM|=2.76e-04  step=1.00e+00
  it  700  L= 3.174782e+02  comp= 2.7531e+01 expr= 2.8995e+02 L+= 1.7927e-01 L-= 1.7396e-01  Keff= 8.00(min  7.99)  gmin=1.14e-01  floor=0.0e+00  |dM|=2.77e-04  step=1.00e+00
  it  701  L= 3.174734e+02  comp= 2.7531e+01 expr= 2.8994e+02 L+= 1.7963e-01 L-= 1.7429e-01  Keff= 8.00(min  7.99)  gmin=1.14e-01  floor=0.0e+00  |dM|=2.78e-04  step=1.00e+00
  it  702  L= 3.174687e+02  comp= 2.7531e+01 expr= 2.8994e+02 L+= 1.7998e-01 L-= 1.7463e-01  Keff= 8.00(min  7.99)  gmin=1.14e-01  floor=0.0e+00  |dM|=2.78e-04  step=1.00e+00
  it  703  L= 3.174639e+02  comp= 2.7531e+01 expr= 2.8993e+02 L+= 1.8033e-01 L-= 1.7496e-01  Keff= 8.00(min  7.99)  gmin=1.14e-01  floor=0.0e+00  |dM|=2.79e-04  step=1.00e+00
  it  704  L= 3.174592e+02  comp= 2.7531e+01 expr= 2.8993e+02 L+= 1.8069e-01 L-= 1.7530e-01  Keff= 8.00(min  7.99)  gmin=1.14e-01  floor=0.0e+00  |dM|=2.80e-04  step=1.00e+00
  it  705  L= 3.174543e+02  comp= 2.7531e+01 expr= 2.8992e+02 L+= 1.8104e-01 L-= 1.7564e-01  Keff= 8.00(min  7.99)  gmin=1.14e-01  floor=0.0e+00  |dM|=2.80e-04  step=1.00e+00
  it  706  L= 3.174495e+02  comp= 2.7531e+01 expr= 2.8992e+02 L+= 1.8140e-01 L-= 1.7598e-01  Keff= 8.00(min  7.99)  gmin=1.14e-01  floor=0.0e+00  |dM|=2.81e-04  step=1.00e+00
  it  707  L= 3.174447e+02  comp= 2.7531e+01 expr= 2.8991e+02 L+= 1.8176e-01 L-= 1.7632e-01  Keff= 8.00(min  7.99)  gmin=1.14e-01  floor=0.0e+00  |dM|=2.82e-04  step=1.00e+00
  it  708  L= 3.174398e+02  comp= 2.7531e+01 expr= 2.8991e+02 L+= 1.8212e-01 L-= 1.7666e-01  Keff= 8.00(min  7.99)  gmin=1.14e-01  floor=0.0e+00  |dM|=2.83e-04  step=1.00e+00
  it  709  L= 3.174349e+02  comp= 2.7531e+01 expr= 2.8990e+02 L+= 1.8248e-01 L-= 1.7700e-01  Keff= 8.00(min  7.99)  gmin=1.14e-01  floor=0.0e+00  |dM|=2.83e-04  step=1.00e+00
  it  710  L= 3.174300e+02  comp= 2.7531e+01 expr= 2.8990e+02 L+= 1.8284e-01 L-= 1.7735e-01  Keff= 8.00(min  7.99)  gmin=1.14e-01  floor=0.0e+00  |dM|=2.84e-04  step=1.00e+00
  it  711  L= 3.174251e+02  comp= 2.7531e+01 expr= 2.8989e+02 L+= 1.8321e-01 L-= 1.7770e-01  Keff= 8.00(min  7.99)  gmin=1.14e-01  floor=0.0e+00  |dM|=2.85e-04  step=1.00e+00
  it  712  L= 3.174202e+02  comp= 2.7531e+01 expr= 2.8989e+02 L+= 1.8357e-01 L-= 1.7805e-01  Keff= 8.00(min  7.99)  gmin=1.14e-01  floor=0.0e+00  |dM|=2.86e-04  step=1.00e+00
  it  713  L= 3.174152e+02  comp= 2.7531e+01 expr= 2.8988e+02 L+= 1.8394e-01 L-= 1.7839e-01  Keff= 8.00(min  7.99)  gmin=1.14e-01  floor=0.0e+00  |dM|=2.86e-04  step=1.00e+00
  it  714  L= 3.174102e+02  comp= 2.7531e+01 expr= 2.8988e+02 L+= 1.8430e-01 L-= 1.7874e-01  Keff= 8.00(min  7.99)  gmin=1.14e-01  floor=0.0e+00  |dM|=2.87e-04  step=1.00e+00
  it  715  L= 3.174052e+02  comp= 2.7531e+01 expr= 2.8987e+02 L+= 1.8467e-01 L-= 1.7909e-01  Keff= 8.00(min  7.99)  gmin=1.14e-01  floor=0.0e+00  |dM|=2.88e-04  step=1.00e+00
  it  716  L= 3.174002e+02  comp= 2.7531e+01 expr= 2.8987e+02 L+= 1.8504e-01 L-= 1.7945e-01  Keff= 8.00(min  7.99)  gmin=1.14e-01  floor=0.0e+00  |dM|=2.88e-04  step=1.00e+00
  it  717  L= 3.173952e+02  comp= 2.7531e+01 expr= 2.8986e+02 L+= 1.8541e-01 L-= 1.7980e-01  Keff= 8.00(min  7.99)  gmin=1.14e-01  floor=0.0e+00  |dM|=2.89e-04  step=1.00e+00
  it  718  L= 3.173901e+02  comp= 2.7531e+01 expr= 2.8986e+02 L+= 1.8579e-01 L-= 1.8016e-01  Keff= 8.00(min  7.99)  gmin=1.14e-01  floor=0.0e+00  |dM|=2.90e-04  step=1.00e+00
  it  719  L= 3.173850e+02  comp= 2.7531e+01 expr= 2.8985e+02 L+= 1.8616e-01 L-= 1.8051e-01  Keff= 8.00(min  7.99)  gmin=1.14e-01  floor=0.0e+00  |dM|=2.91e-04  step=1.00e+00
  it  720  L= 3.173798e+02  comp= 2.7531e+01 expr= 2.8985e+02 L+= 1.8654e-01 L-= 1.8087e-01  Keff= 8.00(min  7.99)  gmin=1.14e-01  floor=0.0e+00  |dM|=2.91e-04  step=1.00e+00
  it  721  L= 3.173747e+02  comp= 2.7531e+01 expr= 2.8984e+02 L+= 1.8691e-01 L-= 1.8123e-01  Keff= 8.00(min  7.99)  gmin=1.14e-01  floor=0.0e+00  |dM|=2.92e-04  step=1.00e+00
  it  722  L= 3.173696e+02  comp= 2.7531e+01 expr= 2.8984e+02 L+= 1.8729e-01 L-= 1.8159e-01  Keff= 8.00(min  7.99)  gmin=1.14e-01  floor=0.0e+00  |dM|=2.93e-04  step=1.00e+00
  it  723  L= 3.173644e+02  comp= 2.7531e+01 expr= 2.8983e+02 L+= 1.8767e-01 L-= 1.8195e-01  Keff= 8.00(min  7.99)  gmin=1.14e-01  floor=0.0e+00  |dM|=2.94e-04  step=1.00e+00
  it  724  L= 3.173592e+02  comp= 2.7531e+01 expr= 2.8983e+02 L+= 1.8805e-01 L-= 1.8231e-01  Keff= 8.00(min  7.99)  gmin=1.14e-01  floor=0.0e+00  |dM|=2.94e-04  step=1.00e+00
  it  725  L= 3.173540e+02  comp= 2.7531e+01 expr= 2.8982e+02 L+= 1.8843e-01 L-= 1.8267e-01  Keff= 8.00(min  7.99)  gmin=1.14e-01  floor=0.0e+00  |dM|=2.95e-04  step=1.00e+00
  it  726  L= 3.173488e+02  comp= 2.7531e+01 expr= 2.8982e+02 L+= 1.8882e-01 L-= 1.8304e-01  Keff= 8.00(min  7.99)  gmin=1.14e-01  floor=0.0e+00  |dM|=2.96e-04  step=1.00e+00
  it  727  L= 3.173435e+02  comp= 2.7531e+01 expr= 2.8981e+02 L+= 1.8920e-01 L-= 1.8340e-01  Keff= 8.00(min  7.99)  gmin=1.14e-01  floor=0.0e+00  |dM|=2.97e-04  step=1.00e+00
  it  728  L= 3.173382e+02  comp= 2.7531e+01 expr= 2.8981e+02 L+= 1.8959e-01 L-= 1.8377e-01  Keff= 8.00(min  7.99)  gmin=1.14e-01  floor=0.0e+00  |dM|=2.97e-04  step=1.00e+00
  it  729  L= 3.173329e+02  comp= 2.7531e+01 expr= 2.8980e+02 L+= 1.8997e-01 L-= 1.8414e-01  Keff= 8.00(min  7.99)  gmin=1.14e-01  floor=0.0e+00  |dM|=2.98e-04  step=1.00e+00
  it  730  L= 3.173276e+02  comp= 2.7531e+01 expr= 2.8980e+02 L+= 1.9036e-01 L-= 1.8451e-01  Keff= 8.00(min  7.99)  gmin=1.14e-01  floor=0.0e+00  |dM|=2.99e-04  step=1.00e+00
  it  731  L= 3.173222e+02  comp= 2.7530e+01 expr= 2.8979e+02 L+= 1.9075e-01 L-= 1.8488e-01  Keff= 8.00(min  7.99)  gmin=1.14e-01  floor=0.0e+00  |dM|=3.00e-04  step=1.00e+00
  it  732  L= 3.173168e+02  comp= 2.7530e+01 expr= 2.8979e+02 L+= 1.9114e-01 L-= 1.8525e-01  Keff= 8.00(min  7.99)  gmin=1.14e-01  floor=0.0e+00  |dM|=3.00e-04  step=1.00e+00
  it  733  L= 3.173115e+02  comp= 2.7530e+01 expr= 2.8978e+02 L+= 1.9154e-01 L-= 1.8563e-01  Keff= 8.00(min  7.99)  gmin=1.14e-01  floor=0.0e+00  |dM|=3.01e-04  step=1.00e+00
  it  734  L= 3.173061e+02  comp= 2.7530e+01 expr= 2.8978e+02 L+= 1.9193e-01 L-= 1.8601e-01  Keff= 8.00(min  7.99)  gmin=1.14e-01  floor=0.0e+00  |dM|=3.02e-04  step=1.00e+00
  it  735  L= 3.173005e+02  comp= 2.7530e+01 expr= 2.8977e+02 L+= 1.9233e-01 L-= 1.8638e-01  Keff= 8.00(min  7.99)  gmin=1.14e-01  floor=0.0e+00  |dM|=3.03e-04  step=1.00e+00
  it  736  L= 3.172951e+02  comp= 2.7530e+01 expr= 2.8976e+02 L+= 1.9273e-01 L-= 1.8676e-01  Keff= 8.00(min  7.99)  gmin=1.14e-01  floor=0.0e+00  |dM|=3.04e-04  step=1.00e+00
  it  737  L= 3.172896e+02  comp= 2.7530e+01 expr= 2.8976e+02 L+= 1.9312e-01 L-= 1.8714e-01  Keff= 8.00(min  7.99)  gmin=1.14e-01  floor=0.0e+00  |dM|=3.04e-04  step=1.00e+00
  it  738  L= 3.172841e+02  comp= 2.7530e+01 expr= 2.8975e+02 L+= 1.9353e-01 L-= 1.8752e-01  Keff= 8.00(min  7.99)  gmin=1.14e-01  floor=0.0e+00  |dM|=3.05e-04  step=1.00e+00
  it  739  L= 3.172786e+02  comp= 2.7530e+01 expr= 2.8975e+02 L+= 1.9392e-01 L-= 1.8790e-01  Keff= 8.00(min  7.99)  gmin=1.14e-01  floor=0.0e+00  |dM|=3.06e-04  step=1.00e+00
  it  740  L= 3.172730e+02  comp= 2.7530e+01 expr= 2.8974e+02 L+= 1.9433e-01 L-= 1.8829e-01  Keff= 8.00(min  7.99)  gmin=1.14e-01  floor=0.0e+00  |dM|=3.07e-04  step=1.00e+00
  it  741  L= 3.172674e+02  comp= 2.7530e+01 expr= 2.8974e+02 L+= 1.9473e-01 L-= 1.8868e-01  Keff= 8.00(min  7.99)  gmin=1.14e-01  floor=0.0e+00  |dM|=3.07e-04  step=1.00e+00
  it  742  L= 3.172619e+02  comp= 2.7530e+01 expr= 2.8973e+02 L+= 1.9514e-01 L-= 1.8906e-01  Keff= 8.00(min  7.99)  gmin=1.14e-01  floor=0.0e+00  |dM|=3.08e-04  step=1.00e+00
  it  743  L= 3.172563e+02  comp= 2.7530e+01 expr= 2.8973e+02 L+= 1.9554e-01 L-= 1.8945e-01  Keff= 8.00(min  7.99)  gmin=1.14e-01  floor=0.0e+00  |dM|=3.09e-04  step=1.00e+00
  it  744  L= 3.172506e+02  comp= 2.7530e+01 expr= 2.8972e+02 L+= 1.9595e-01 L-= 1.8984e-01  Keff= 8.00(min  7.99)  gmin=1.14e-01  floor=0.0e+00  |dM|=3.10e-04  step=1.00e+00
  it  745  L= 3.172449e+02  comp= 2.7530e+01 expr= 2.8971e+02 L+= 1.9636e-01 L-= 1.9023e-01  Keff= 8.00(min  7.99)  gmin=1.14e-01  floor=0.0e+00  |dM|=3.10e-04  step=1.00e+00
  it  746  L= 3.172392e+02  comp= 2.7530e+01 expr= 2.8971e+02 L+= 1.9678e-01 L-= 1.9062e-01  Keff= 8.00(min  7.99)  gmin=1.14e-01  floor=0.0e+00  |dM|=3.11e-04  step=1.00e+00
  it  747  L= 3.172335e+02  comp= 2.7530e+01 expr= 2.8970e+02 L+= 1.9719e-01 L-= 1.9101e-01  Keff= 8.00(min  7.99)  gmin=1.14e-01  floor=0.0e+00  |dM|=3.12e-04  step=1.00e+00
  it  748  L= 3.172278e+02  comp= 2.7530e+01 expr= 2.8970e+02 L+= 1.9760e-01 L-= 1.9141e-01  Keff= 8.00(min  7.99)  gmin=1.14e-01  floor=0.0e+00  |dM|=3.13e-04  step=1.00e+00
  it  749  L= 3.172220e+02  comp= 2.7530e+01 expr= 2.8969e+02 L+= 1.9802e-01 L-= 1.9180e-01  Keff= 8.00(min  7.99)  gmin=1.14e-01  floor=0.0e+00  |dM|=3.14e-04  step=1.00e+00
  it  750  L= 3.172162e+02  comp= 2.7530e+01 expr= 2.8969e+02 L+= 1.9844e-01 L-= 1.9220e-01  Keff= 8.00(min  7.99)  gmin=1.14e-01  floor=0.0e+00  |dM|=3.14e-04  step=1.00e+00
  it  751  L= 3.172104e+02  comp= 2.7530e+01 expr= 2.8968e+02 L+= 1.9885e-01 L-= 1.9260e-01  Keff= 8.00(min  7.99)  gmin=1.14e-01  floor=0.0e+00  |dM|=3.15e-04  step=1.00e+00
  it  752  L= 3.172045e+02  comp= 2.7530e+01 expr= 2.8967e+02 L+= 1.9928e-01 L-= 1.9300e-01  Keff= 8.00(min  7.99)  gmin=1.14e-01  floor=0.0e+00  |dM|=3.16e-04  step=1.00e+00
  it  753  L= 3.171986e+02  comp= 2.7530e+01 expr= 2.8967e+02 L+= 1.9969e-01 L-= 1.9340e-01  Keff= 8.00(min  7.99)  gmin=1.14e-01  floor=0.0e+00  |dM|=3.17e-04  step=1.00e+00
  it  754  L= 3.171928e+02  comp= 2.7530e+01 expr= 2.8966e+02 L+= 2.0012e-01 L-= 1.9381e-01  Keff= 8.00(min  7.99)  gmin=1.14e-01  floor=0.0e+00  |dM|=3.18e-04  step=1.00e+00
  it  755  L= 3.171869e+02  comp= 2.7530e+01 expr= 2.8966e+02 L+= 2.0054e-01 L-= 1.9421e-01  Keff= 8.00(min  7.99)  gmin=1.14e-01  floor=0.0e+00  |dM|=3.18e-04  step=1.00e+00
  it  756  L= 3.171810e+02  comp= 2.7530e+01 expr= 2.8965e+02 L+= 2.0097e-01 L-= 1.9462e-01  Keff= 8.00(min  7.99)  gmin=1.14e-01  floor=0.0e+00  |dM|=3.19e-04  step=1.00e+00
  it  757  L= 3.171750e+02  comp= 2.7530e+01 expr= 2.8965e+02 L+= 2.0140e-01 L-= 1.9502e-01  Keff= 8.00(min  7.99)  gmin=1.14e-01  floor=0.0e+00  |dM|=3.20e-04  step=1.00e+00
  it  758  L= 3.171690e+02  comp= 2.7530e+01 expr= 2.8964e+02 L+= 2.0182e-01 L-= 1.9543e-01  Keff= 8.00(min  7.99)  gmin=1.14e-01  floor=0.0e+00  |dM|=3.21e-04  step=1.00e+00
  it  759  L= 3.171630e+02  comp= 2.7530e+01 expr= 2.8963e+02 L+= 2.0226e-01 L-= 1.9584e-01  Keff= 8.00(min  7.99)  gmin=1.14e-01  floor=0.0e+00  |dM|=3.22e-04  step=1.00e+00
  it  760  L= 3.171570e+02  comp= 2.7530e+01 expr= 2.8963e+02 L+= 2.0269e-01 L-= 1.9625e-01  Keff= 8.00(min  7.99)  gmin=1.14e-01  floor=0.0e+00  |dM|=3.22e-04  step=1.00e+00
  it  761  L= 3.171509e+02  comp= 2.7530e+01 expr= 2.8962e+02 L+= 2.0312e-01 L-= 1.9667e-01  Keff= 8.00(min  7.99)  gmin=1.14e-01  floor=0.0e+00  |dM|=3.23e-04  step=1.00e+00
  it  762  L= 3.171448e+02  comp= 2.7530e+01 expr= 2.8962e+02 L+= 2.0356e-01 L-= 1.9708e-01  Keff= 8.00(min  7.99)  gmin=1.14e-01  floor=0.0e+00  |dM|=3.24e-04  step=1.00e+00
  it  763  L= 3.171387e+02  comp= 2.7530e+01 expr= 2.8961e+02 L+= 2.0399e-01 L-= 1.9750e-01  Keff= 8.00(min  7.99)  gmin=1.14e-01  floor=0.0e+00  |dM|=3.25e-04  step=1.00e+00
  it  764  L= 3.171326e+02  comp= 2.7530e+01 expr= 2.8960e+02 L+= 2.0443e-01 L-= 1.9792e-01  Keff= 8.00(min  7.99)  gmin=1.14e-01  floor=0.0e+00  |dM|=3.25e-04  step=1.00e+00
  it  765  L= 3.171264e+02  comp= 2.7530e+01 expr= 2.8960e+02 L+= 2.0487e-01 L-= 1.9834e-01  Keff= 8.00(min  7.99)  gmin=1.14e-01  floor=0.0e+00  |dM|=3.26e-04  step=1.00e+00
  it  766  L= 3.171202e+02  comp= 2.7530e+01 expr= 2.8959e+02 L+= 2.0532e-01 L-= 1.9876e-01  Keff= 8.00(min  7.99)  gmin=1.14e-01  floor=0.0e+00  |dM|=3.27e-04  step=1.00e+00
  it  767  L= 3.171140e+02  comp= 2.7530e+01 expr= 2.8958e+02 L+= 2.0576e-01 L-= 1.9918e-01  Keff= 8.00(min  7.99)  gmin=1.14e-01  floor=0.0e+00  |dM|=3.28e-04  step=1.00e+00
  it  768  L= 3.171078e+02  comp= 2.7530e+01 expr= 2.8958e+02 L+= 2.0620e-01 L-= 1.9960e-01  Keff= 8.00(min  7.99)  gmin=1.14e-01  floor=0.0e+00  |dM|=3.29e-04  step=1.00e+00
  it  769  L= 3.171015e+02  comp= 2.7529e+01 expr= 2.8957e+02 L+= 2.0665e-01 L-= 2.0003e-01  Keff= 8.00(min  7.99)  gmin=1.14e-01  floor=0.0e+00  |dM|=3.29e-04  step=1.00e+00
  it  770  L= 3.170952e+02  comp= 2.7529e+01 expr= 2.8957e+02 L+= 2.0710e-01 L-= 2.0046e-01  Keff= 8.00(min  7.99)  gmin=1.14e-01  floor=0.0e+00  |dM|=3.30e-04  step=1.00e+00
  it  771  L= 3.170889e+02  comp= 2.7529e+01 expr= 2.8956e+02 L+= 2.0754e-01 L-= 2.0088e-01  Keff= 8.00(min  7.99)  gmin=1.14e-01  floor=0.0e+00  |dM|=3.31e-04  step=1.00e+00
  it  772  L= 3.170826e+02  comp= 2.7529e+01 expr= 2.8955e+02 L+= 2.0799e-01 L-= 2.0131e-01  Keff= 8.00(min  7.99)  gmin=1.14e-01  floor=0.0e+00  |dM|=3.32e-04  step=1.00e+00
  it  773  L= 3.170762e+02  comp= 2.7529e+01 expr= 2.8955e+02 L+= 2.0845e-01 L-= 2.0175e-01  Keff= 8.00(min  7.99)  gmin=1.14e-01  floor=0.0e+00  |dM|=3.33e-04  step=1.00e+00
  it  774  L= 3.170698e+02  comp= 2.7529e+01 expr= 2.8954e+02 L+= 2.0890e-01 L-= 2.0218e-01  Keff= 8.00(min  7.99)  gmin=1.14e-01  floor=0.0e+00  |dM|=3.34e-04  step=1.00e+00
  it  775  L= 3.170634e+02  comp= 2.7529e+01 expr= 2.8953e+02 L+= 2.0936e-01 L-= 2.0261e-01  Keff= 8.00(min  7.99)  gmin=1.14e-01  floor=0.0e+00  |dM|=3.34e-04  step=1.00e+00
  it  776  L= 3.170569e+02  comp= 2.7529e+01 expr= 2.8953e+02 L+= 2.0981e-01 L-= 2.0305e-01  Keff= 8.00(min  7.99)  gmin=1.14e-01  floor=0.0e+00  |dM|=3.35e-04  step=1.00e+00
  it  777  L= 3.170504e+02  comp= 2.7529e+01 expr= 2.8952e+02 L+= 2.1027e-01 L-= 2.0349e-01  Keff= 8.00(min  7.99)  gmin=1.14e-01  floor=0.0e+00  |dM|=3.36e-04  step=1.00e+00
  it  778  L= 3.170439e+02  comp= 2.7529e+01 expr= 2.8951e+02 L+= 2.1073e-01 L-= 2.0392e-01  Keff= 8.00(min  7.99)  gmin=1.14e-01  floor=0.0e+00  |dM|=3.37e-04  step=1.00e+00
  it  779  L= 3.170374e+02  comp= 2.7529e+01 expr= 2.8951e+02 L+= 2.1119e-01 L-= 2.0437e-01  Keff= 8.00(min  7.99)  gmin=1.14e-01  floor=0.0e+00  |dM|=3.38e-04  step=1.00e+00
  it  780  L= 3.170309e+02  comp= 2.7529e+01 expr= 2.8950e+02 L+= 2.1166e-01 L-= 2.0481e-01  Keff= 8.00(min  7.99)  gmin=1.14e-01  floor=0.0e+00  |dM|=3.38e-04  step=1.00e+00
  it  781  L= 3.170243e+02  comp= 2.7529e+01 expr= 2.8950e+02 L+= 2.1212e-01 L-= 2.0525e-01  Keff= 8.00(min  7.99)  gmin=1.14e-01  floor=0.0e+00  |dM|=3.39e-04  step=1.00e+00
  it  782  L= 3.170176e+02  comp= 2.7529e+01 expr= 2.8949e+02 L+= 2.1259e-01 L-= 2.0570e-01  Keff= 8.00(min  7.99)  gmin=1.14e-01  floor=0.0e+00  |dM|=3.40e-04  step=1.00e+00
  it  783  L= 3.170110e+02  comp= 2.7529e+01 expr= 2.8948e+02 L+= 2.1306e-01 L-= 2.0614e-01  Keff= 8.00(min  7.99)  gmin=1.14e-01  floor=0.0e+00  |dM|=3.41e-04  step=1.00e+00
  it  784  L= 3.170043e+02  comp= 2.7529e+01 expr= 2.8948e+02 L+= 2.1353e-01 L-= 2.0659e-01  Keff= 8.00(min  7.99)  gmin=1.14e-01  floor=0.0e+00  |dM|=3.42e-04  step=1.00e+00
  it  785  L= 3.169977e+02  comp= 2.7529e+01 expr= 2.8947e+02 L+= 2.1400e-01 L-= 2.0704e-01  Keff= 8.00(min  7.99)  gmin=1.14e-01  floor=0.0e+00  |dM|=3.42e-04  step=1.00e+00
  it  786  L= 3.169909e+02  comp= 2.7529e+01 expr= 2.8946e+02 L+= 2.1447e-01 L-= 2.0749e-01  Keff= 8.00(min  7.99)  gmin=1.14e-01  floor=0.0e+00  |dM|=3.43e-04  step=1.00e+00
  it  787  L= 3.169842e+02  comp= 2.7529e+01 expr= 2.8946e+02 L+= 2.1495e-01 L-= 2.0795e-01  Keff= 8.00(min  7.99)  gmin=1.14e-01  floor=0.0e+00  |dM|=3.44e-04  step=1.00e+00
  it  788  L= 3.169774e+02  comp= 2.7529e+01 expr= 2.8945e+02 L+= 2.1543e-01 L-= 2.0840e-01  Keff= 8.00(min  7.99)  gmin=1.14e-01  floor=0.0e+00  |dM|=3.45e-04  step=1.00e+00
  it  789  L= 3.169706e+02  comp= 2.7529e+01 expr= 2.8944e+02 L+= 2.1590e-01 L-= 2.0886e-01  Keff= 8.00(min  7.99)  gmin=1.14e-01  floor=0.0e+00  |dM|=3.46e-04  step=1.00e+00
  it  790  L= 3.169638e+02  comp= 2.7529e+01 expr= 2.8943e+02 L+= 2.1638e-01 L-= 2.0931e-01  Keff= 8.00(min  7.99)  gmin=1.14e-01  floor=0.0e+00  |dM|=3.46e-04  step=1.00e+00
  it  791  L= 3.169569e+02  comp= 2.7529e+01 expr= 2.8943e+02 L+= 2.1687e-01 L-= 2.0977e-01  Keff= 8.00(min  7.99)  gmin=1.14e-01  floor=0.0e+00  |dM|=3.47e-04  step=1.00e+00
  it  792  L= 3.169500e+02  comp= 2.7529e+01 expr= 2.8942e+02 L+= 2.1735e-01 L-= 2.1024e-01  Keff= 8.00(min  7.99)  gmin=1.14e-01  floor=0.0e+00  |dM|=3.48e-04  step=1.00e+00
  it  793  L= 3.169431e+02  comp= 2.7529e+01 expr= 2.8941e+02 L+= 2.1784e-01 L-= 2.1070e-01  Keff= 8.00(min  7.99)  gmin=1.14e-01  floor=0.0e+00  |dM|=3.49e-04  step=1.00e+00
  it  794  L= 3.169361e+02  comp= 2.7529e+01 expr= 2.8941e+02 L+= 2.1832e-01 L-= 2.1116e-01  Keff= 8.00(min  7.99)  gmin=1.14e-01  floor=0.0e+00  |dM|=3.50e-04  step=1.00e+00
  it  795  L= 3.169292e+02  comp= 2.7529e+01 expr= 2.8940e+02 L+= 2.1881e-01 L-= 2.1163e-01  Keff= 8.00(min  7.99)  gmin=1.14e-01  floor=0.0e+00  |dM|=3.51e-04  step=1.00e+00
  it  796  L= 3.169222e+02  comp= 2.7529e+01 expr= 2.8939e+02 L+= 2.1930e-01 L-= 2.1210e-01  Keff= 8.00(min  7.99)  gmin=1.14e-01  floor=0.0e+00  |dM|=3.51e-04  step=1.00e+00
  it  797  L= 3.169152e+02  comp= 2.7529e+01 expr= 2.8939e+02 L+= 2.1979e-01 L-= 2.1257e-01  Keff= 8.00(min  7.99)  gmin=1.14e-01  floor=0.0e+00  |dM|=3.52e-04  step=1.00e+00
  it  798  L= 3.169081e+02  comp= 2.7528e+01 expr= 2.8938e+02 L+= 2.2029e-01 L-= 2.1304e-01  Keff= 8.00(min  7.99)  gmin=1.14e-01  floor=0.0e+00  |dM|=3.53e-04  step=1.00e+00
  it  799  L= 3.169010e+02  comp= 2.7528e+01 expr= 2.8937e+02 L+= 2.2078e-01 L-= 2.1351e-01  Keff= 8.00(min  7.99)  gmin=1.14e-01  floor=0.0e+00  |dM|=3.54e-04  step=1.00e+00
  it  800  L= 3.168939e+02  comp= 2.7528e+01 expr= 2.8937e+02 L+= 2.2128e-01 L-= 2.1398e-01  Keff= 8.00(min  7.99)  gmin=1.14e-01  floor=0.0e+00  |dM|=3.55e-04  step=1.00e+00
  it  801  L= 3.168867e+02  comp= 2.7528e+01 expr= 2.8936e+02 L+= 2.2178e-01 L-= 2.1446e-01  Keff= 8.00(min  7.99)  gmin=1.14e-01  floor=0.0e+00  |dM|=3.55e-04  step=1.00e+00
  it  802  L= 3.168795e+02  comp= 2.7528e+01 expr= 2.8935e+02 L+= 2.2228e-01 L-= 2.1493e-01  Keff= 8.00(min  7.99)  gmin=1.14e-01  floor=0.0e+00  |dM|=3.56e-04  step=1.00e+00
  it  803  L= 3.168723e+02  comp= 2.7528e+01 expr= 2.8934e+02 L+= 2.2278e-01 L-= 2.1541e-01  Keff= 8.00(min  7.99)  gmin=1.14e-01  floor=0.0e+00  |dM|=3.57e-04  step=1.00e+00
  it  804  L= 3.168651e+02  comp= 2.7528e+01 expr= 2.8934e+02 L+= 2.2328e-01 L-= 2.1590e-01  Keff= 8.00(min  7.99)  gmin=1.14e-01  floor=0.0e+00  |dM|=3.58e-04  step=1.00e+00
  it  805  L= 3.168578e+02  comp= 2.7528e+01 expr= 2.8933e+02 L+= 2.2379e-01 L-= 2.1638e-01  Keff= 8.00(min  7.99)  gmin=1.14e-01  floor=0.0e+00  |dM|=3.59e-04  step=1.00e+00
  it  806  L= 3.168506e+02  comp= 2.7528e+01 expr= 2.8932e+02 L+= 2.2430e-01 L-= 2.1686e-01  Keff= 8.00(min  7.99)  gmin=1.14e-01  floor=0.0e+00  |dM|=3.59e-04  step=1.00e+00
  it  807  L= 3.168432e+02  comp= 2.7528e+01 expr= 2.8932e+02 L+= 2.2480e-01 L-= 2.1735e-01  Keff= 8.00(min  7.99)  gmin=1.14e-01  floor=0.0e+00  |dM|=3.60e-04  step=1.00e+00
  it  808  L= 3.168359e+02  comp= 2.7528e+01 expr= 2.8931e+02 L+= 2.2532e-01 L-= 2.1784e-01  Keff= 8.00(min  7.99)  gmin=1.14e-01  floor=0.0e+00  |dM|=3.61e-04  step=1.00e+00
  it  809  L= 3.168285e+02  comp= 2.7528e+01 expr= 2.8930e+02 L+= 2.2583e-01 L-= 2.1832e-01  Keff= 8.00(min  7.99)  gmin=1.14e-01  floor=0.0e+00  |dM|=3.62e-04  step=1.00e+00
  it  810  L= 3.168211e+02  comp= 2.7528e+01 expr= 2.8929e+02 L+= 2.2634e-01 L-= 2.1881e-01  Keff= 8.00(min  7.99)  gmin=1.14e-01  floor=0.0e+00  |dM|=3.63e-04  step=1.00e+00
  it  811  L= 3.168136e+02  comp= 2.7528e+01 expr= 2.8929e+02 L+= 2.2686e-01 L-= 2.1931e-01  Keff= 8.00(min  7.99)  gmin=1.13e-01  floor=0.0e+00  |dM|=3.64e-04  step=1.00e+00
  it  812  L= 3.168061e+02  comp= 2.7528e+01 expr= 2.8928e+02 L+= 2.2738e-01 L-= 2.1980e-01  Keff= 8.00(min  7.99)  gmin=1.13e-01  floor=0.0e+00  |dM|=3.64e-04  step=1.00e+00
  it  813  L= 3.167987e+02  comp= 2.7528e+01 expr= 2.8927e+02 L+= 2.2790e-01 L-= 2.2030e-01  Keff= 8.00(min  7.99)  gmin=1.13e-01  floor=0.0e+00  |dM|=3.65e-04  step=1.00e+00
  it  814  L= 3.167911e+02  comp= 2.7528e+01 expr= 2.8926e+02 L+= 2.2842e-01 L-= 2.2079e-01  Keff= 8.00(min  7.99)  gmin=1.13e-01  floor=0.0e+00  |dM|=3.66e-04  step=1.00e+00
  it  815  L= 3.167835e+02  comp= 2.7528e+01 expr= 2.8926e+02 L+= 2.2894e-01 L-= 2.2129e-01  Keff= 8.00(min  7.99)  gmin=1.13e-01  floor=0.0e+00  |dM|=3.67e-04  step=1.00e+00
  it  816  L= 3.167759e+02  comp= 2.7528e+01 expr= 2.8925e+02 L+= 2.2946e-01 L-= 2.2179e-01  Keff= 8.00(min  7.99)  gmin=1.13e-01  floor=0.0e+00  |dM|=3.68e-04  step=1.00e+00
  it  817  L= 3.167683e+02  comp= 2.7528e+01 expr= 2.8924e+02 L+= 2.2999e-01 L-= 2.2230e-01  Keff= 8.00(min  7.99)  gmin=1.13e-01  floor=0.0e+00  |dM|=3.68e-04  step=1.00e+00
  it  818  L= 3.167606e+02  comp= 2.7528e+01 expr= 2.8923e+02 L+= 2.3052e-01 L-= 2.2280e-01  Keff= 8.00(min  7.99)  gmin=1.13e-01  floor=0.0e+00  |dM|=3.69e-04  step=1.00e+00
  it  819  L= 3.167530e+02  comp= 2.7528e+01 expr= 2.8923e+02 L+= 2.3105e-01 L-= 2.2331e-01  Keff= 8.00(min  7.99)  gmin=1.13e-01  floor=0.0e+00  |dM|=3.70e-04  step=1.00e+00
  it  820  L= 3.167452e+02  comp= 2.7528e+01 expr= 2.8922e+02 L+= 2.3158e-01 L-= 2.2382e-01  Keff= 8.00(min  7.99)  gmin=1.13e-01  floor=0.0e+00  |dM|=3.71e-04  step=1.00e+00
  it  821  L= 3.167375e+02  comp= 2.7527e+01 expr= 2.8921e+02 L+= 2.3212e-01 L-= 2.2433e-01  Keff= 8.00(min  7.99)  gmin=1.13e-01  floor=0.0e+00  |dM|=3.72e-04  step=1.00e+00
  it  822  L= 3.167297e+02  comp= 2.7527e+01 expr= 2.8920e+02 L+= 2.3265e-01 L-= 2.2484e-01  Keff= 8.00(min  7.99)  gmin=1.13e-01  floor=0.0e+00  |dM|=3.72e-04  step=1.00e+00
  it  823  L= 3.167219e+02  comp= 2.7527e+01 expr= 2.8919e+02 L+= 2.3319e-01 L-= 2.2535e-01  Keff= 8.00(min  7.99)  gmin=1.13e-01  floor=0.0e+00  |dM|=3.73e-04  step=1.00e+00
  it  824  L= 3.167140e+02  comp= 2.7527e+01 expr= 2.8919e+02 L+= 2.3373e-01 L-= 2.2586e-01  Keff= 8.00(min  7.99)  gmin=1.13e-01  floor=0.0e+00  |dM|=3.74e-04  step=1.00e+00
  it  825  L= 3.167061e+02  comp= 2.7527e+01 expr= 2.8918e+02 L+= 2.3427e-01 L-= 2.2638e-01  Keff= 8.00(min  7.99)  gmin=1.13e-01  floor=0.0e+00  |dM|=3.75e-04  step=1.00e+00
  it  826  L= 3.166982e+02  comp= 2.7527e+01 expr= 2.8917e+02 L+= 2.3482e-01 L-= 2.2690e-01  Keff= 8.00(min  7.99)  gmin=1.13e-01  floor=0.0e+00  |dM|=3.76e-04  step=1.00e+00
  it  827  L= 3.166903e+02  comp= 2.7527e+01 expr= 2.8916e+02 L+= 2.3536e-01 L-= 2.2742e-01  Keff= 8.00(min  7.99)  gmin=1.13e-01  floor=0.0e+00  |dM|=3.76e-04  step=1.00e+00
  it  828  L= 3.166823e+02  comp= 2.7527e+01 expr= 2.8916e+02 L+= 2.3591e-01 L-= 2.2794e-01  Keff= 8.00(min  7.99)  gmin=1.13e-01  floor=0.0e+00  |dM|=3.77e-04  step=1.00e+00
  it  829  L= 3.166743e+02  comp= 2.7527e+01 expr= 2.8915e+02 L+= 2.3646e-01 L-= 2.2847e-01  Keff= 8.00(min  7.99)  gmin=1.13e-01  floor=0.0e+00  |dM|=3.78e-04  step=1.00e+00
  it  830  L= 3.166663e+02  comp= 2.7527e+01 expr= 2.8914e+02 L+= 2.3701e-01 L-= 2.2899e-01  Keff= 8.00(min  7.99)  gmin=1.13e-01  floor=0.0e+00  |dM|=3.79e-04  step=1.00e+00
  it  831  L= 3.166582e+02  comp= 2.7527e+01 expr= 2.8913e+02 L+= 2.3756e-01 L-= 2.2952e-01  Keff= 8.00(min  7.99)  gmin=1.13e-01  floor=0.0e+00  |dM|=3.80e-04  step=1.00e+00
  it  832  L= 3.166501e+02  comp= 2.7527e+01 expr= 2.8912e+02 L+= 2.3811e-01 L-= 2.3005e-01  Keff= 8.00(min  7.99)  gmin=1.13e-01  floor=0.0e+00  |dM|=3.80e-04  step=1.00e+00
  it  833  L= 3.166420e+02  comp= 2.7527e+01 expr= 2.8912e+02 L+= 2.3867e-01 L-= 2.3058e-01  Keff= 8.00(min  7.99)  gmin=1.13e-01  floor=0.0e+00  |dM|=3.81e-04  step=1.00e+00
  it  834  L= 3.166338e+02  comp= 2.7527e+01 expr= 2.8911e+02 L+= 2.3923e-01 L-= 2.3111e-01  Keff= 8.00(min  7.99)  gmin=1.13e-01  floor=0.0e+00  |dM|=3.82e-04  step=1.00e+00
  it  835  L= 3.166256e+02  comp= 2.7527e+01 expr= 2.8910e+02 L+= 2.3979e-01 L-= 2.3165e-01  Keff= 8.00(min  7.99)  gmin=1.13e-01  floor=0.0e+00  |dM|=3.83e-04  step=1.00e+00
  it  836  L= 3.166174e+02  comp= 2.7527e+01 expr= 2.8909e+02 L+= 2.4035e-01 L-= 2.3218e-01  Keff= 8.00(min  7.99)  gmin=1.13e-01  floor=0.0e+00  |dM|=3.84e-04  step=1.00e+00
  it  837  L= 3.166091e+02  comp= 2.7527e+01 expr= 2.8908e+02 L+= 2.4091e-01 L-= 2.3272e-01  Keff= 8.00(min  7.99)  gmin=1.13e-01  floor=0.0e+00  |dM|=3.84e-04  step=1.00e+00
  it  838  L= 3.166008e+02  comp= 2.7527e+01 expr= 2.8907e+02 L+= 2.4148e-01 L-= 2.3326e-01  Keff= 8.00(min  7.99)  gmin=1.13e-01  floor=0.0e+00  |dM|=3.85e-04  step=1.00e+00
  it  839  L= 3.165925e+02  comp= 2.7527e+01 expr= 2.8907e+02 L+= 2.4205e-01 L-= 2.3380e-01  Keff= 8.00(min  7.99)  gmin=1.13e-01  floor=0.0e+00  |dM|=3.86e-04  step=1.00e+00
  it  840  L= 3.165841e+02  comp= 2.7527e+01 expr= 2.8906e+02 L+= 2.4262e-01 L-= 2.3435e-01  Keff= 8.00(min  7.99)  gmin=1.13e-01  floor=0.0e+00  |dM|=3.87e-04  step=1.00e+00
  it  841  L= 3.165757e+02  comp= 2.7526e+01 expr= 2.8905e+02 L+= 2.4319e-01 L-= 2.3489e-01  Keff= 8.00(min  7.99)  gmin=1.13e-01  floor=0.0e+00  |dM|=3.87e-04  step=1.00e+00
  it  842  L= 3.165673e+02  comp= 2.7526e+01 expr= 2.8904e+02 L+= 2.4376e-01 L-= 2.3544e-01  Keff= 8.00(min  7.99)  gmin=1.13e-01  floor=0.0e+00  |dM|=3.88e-04  step=1.00e+00
  it  843  L= 3.165588e+02  comp= 2.7526e+01 expr= 2.8903e+02 L+= 2.4433e-01 L-= 2.3599e-01  Keff= 8.00(min  7.99)  gmin=1.13e-01  floor=0.0e+00  |dM|=3.89e-04  step=1.00e+00
  it  844  L= 3.165503e+02  comp= 2.7526e+01 expr= 2.8902e+02 L+= 2.4491e-01 L-= 2.3654e-01  Keff= 8.00(min  7.99)  gmin=1.13e-01  floor=0.0e+00  |dM|=3.90e-04  step=1.00e+00
  it  845  L= 3.165417e+02  comp= 2.7526e+01 expr= 2.8902e+02 L+= 2.4549e-01 L-= 2.3709e-01  Keff= 8.00(min  7.99)  gmin=1.13e-01  floor=0.0e+00  |dM|=3.90e-04  step=1.00e+00
  it  846  L= 3.165332e+02  comp= 2.7526e+01 expr= 2.8901e+02 L+= 2.4607e-01 L-= 2.3765e-01  Keff= 8.00(min  7.99)  gmin=1.13e-01  floor=0.0e+00  |dM|=3.91e-04  step=1.00e+00
  it  847  L= 3.165246e+02  comp= 2.7526e+01 expr= 2.8900e+02 L+= 2.4665e-01 L-= 2.3820e-01  Keff= 8.00(min  7.99)  gmin=1.13e-01  floor=0.0e+00  |dM|=3.92e-04  step=1.00e+00
  it  848  L= 3.165159e+02  comp= 2.7526e+01 expr= 2.8899e+02 L+= 2.4724e-01 L-= 2.3876e-01  Keff= 8.00(min  7.99)  gmin=1.13e-01  floor=0.0e+00  |dM|=3.93e-04  step=1.00e+00
  it  849  L= 3.165073e+02  comp= 2.7526e+01 expr= 2.8898e+02 L+= 2.4782e-01 L-= 2.3932e-01  Keff= 8.00(min  7.99)  gmin=1.13e-01  floor=0.0e+00  |dM|=3.94e-04  step=1.00e+00
  it  850  L= 3.164986e+02  comp= 2.7526e+01 expr= 2.8897e+02 L+= 2.4841e-01 L-= 2.3988e-01  Keff= 8.00(min  7.99)  gmin=1.13e-01  floor=0.0e+00  |dM|=3.94e-04  step=1.00e+00
  it  851  L= 3.164898e+02  comp= 2.7526e+01 expr= 2.8896e+02 L+= 2.4900e-01 L-= 2.4045e-01  Keff= 8.00(min  7.99)  gmin=1.13e-01  floor=0.0e+00  |dM|=3.95e-04  step=1.00e+00
  it  852  L= 3.164810e+02  comp= 2.7526e+01 expr= 2.8896e+02 L+= 2.4960e-01 L-= 2.4101e-01  Keff= 8.00(min  7.99)  gmin=1.13e-01  floor=0.0e+00  |dM|=3.96e-04  step=1.00e+00
  it  853  L= 3.164722e+02  comp= 2.7526e+01 expr= 2.8895e+02 L+= 2.5019e-01 L-= 2.4158e-01  Keff= 8.00(min  7.99)  gmin=1.13e-01  floor=0.0e+00  |dM|=3.97e-04  step=1.00e+00
  it  854  L= 3.164634e+02  comp= 2.7526e+01 expr= 2.8894e+02 L+= 2.5079e-01 L-= 2.4215e-01  Keff= 8.00(min  7.99)  gmin=1.13e-01  floor=0.0e+00  |dM|=3.97e-04  step=1.00e+00
  it  855  L= 3.164545e+02  comp= 2.7526e+01 expr= 2.8893e+02 L+= 2.5139e-01 L-= 2.4272e-01  Keff= 8.00(min  7.99)  gmin=1.13e-01  floor=0.0e+00  |dM|=3.98e-04  step=1.00e+00
  it  856  L= 3.164456e+02  comp= 2.7526e+01 expr= 2.8892e+02 L+= 2.5199e-01 L-= 2.4329e-01  Keff= 8.00(min  7.99)  gmin=1.13e-01  floor=0.0e+00  |dM|=3.99e-04  step=1.00e+00
  it  857  L= 3.164367e+02  comp= 2.7526e+01 expr= 2.8891e+02 L+= 2.5259e-01 L-= 2.4387e-01  Keff= 8.00(min  7.99)  gmin=1.13e-01  floor=0.0e+00  |dM|=3.99e-04  step=1.00e+00
  it  858  L= 3.164277e+02  comp= 2.7525e+01 expr= 2.8890e+02 L+= 2.5319e-01 L-= 2.4444e-01  Keff= 8.00(min  7.99)  gmin=1.13e-01  floor=0.0e+00  |dM|=4.00e-04  step=1.00e+00
  it  859  L= 3.164187e+02  comp= 2.7525e+01 expr= 2.8889e+02 L+= 2.5380e-01 L-= 2.4502e-01  Keff= 8.00(min  7.99)  gmin=1.13e-01  floor=0.0e+00  |dM|=4.01e-04  step=1.00e+00
  it  860  L= 3.164097e+02  comp= 2.7525e+01 expr= 2.8888e+02 L+= 2.5441e-01 L-= 2.4561e-01  Keff= 8.00(min  7.99)  gmin=1.13e-01  floor=0.0e+00  |dM|=4.02e-04  step=1.00e+00
  it  861  L= 3.164006e+02  comp= 2.7525e+01 expr= 2.8888e+02 L+= 2.5502e-01 L-= 2.4619e-01  Keff= 8.00(min  7.99)  gmin=1.13e-01  floor=0.0e+00  |dM|=4.02e-04  step=1.00e+00
  it  862  L= 3.163914e+02  comp= 2.7525e+01 expr= 2.8887e+02 L+= 2.5563e-01 L-= 2.4677e-01  Keff= 8.00(min  7.99)  gmin=1.13e-01  floor=0.0e+00  |dM|=4.03e-04  step=1.00e+00
  it  863  L= 3.163823e+02  comp= 2.7525e+01 expr= 2.8886e+02 L+= 2.5624e-01 L-= 2.4736e-01  Keff= 8.00(min  7.99)  gmin=1.13e-01  floor=0.0e+00  |dM|=4.04e-04  step=1.00e+00
  it  864  L= 3.163731e+02  comp= 2.7525e+01 expr= 2.8885e+02 L+= 2.5686e-01 L-= 2.4795e-01  Keff= 8.00(min  7.99)  gmin=1.13e-01  floor=0.0e+00  |dM|=4.05e-04  step=1.00e+00
  it  865  L= 3.163639e+02  comp= 2.7525e+01 expr= 2.8884e+02 L+= 2.5748e-01 L-= 2.4853e-01  Keff= 8.00(min  7.99)  gmin=1.13e-01  floor=0.0e+00  |dM|=4.05e-04  step=1.00e+00
  it  866  L= 3.163546e+02  comp= 2.7525e+01 expr= 2.8883e+02 L+= 2.5810e-01 L-= 2.4913e-01  Keff= 8.00(min  7.99)  gmin=1.13e-01  floor=0.0e+00  |dM|=4.06e-04  step=1.00e+00
  it  867  L= 3.163453e+02  comp= 2.7525e+01 expr= 2.8882e+02 L+= 2.5872e-01 L-= 2.4972e-01  Keff= 8.00(min  7.99)  gmin=1.13e-01  floor=0.0e+00  |dM|=4.07e-04  step=1.00e+00
  it  868  L= 3.163360e+02  comp= 2.7525e+01 expr= 2.8881e+02 L+= 2.5935e-01 L-= 2.5032e-01  Keff= 8.00(min  7.99)  gmin=1.13e-01  floor=0.0e+00  |dM|=4.07e-04  step=1.00e+00
  it  869  L= 3.163266e+02  comp= 2.7525e+01 expr= 2.8880e+02 L+= 2.5997e-01 L-= 2.5092e-01  Keff= 8.00(min  7.99)  gmin=1.13e-01  floor=0.0e+00  |dM|=4.08e-04  step=1.00e+00
  it  870  L= 3.163172e+02  comp= 2.7525e+01 expr= 2.8879e+02 L+= 2.6060e-01 L-= 2.5152e-01  Keff= 8.00(min  7.99)  gmin=1.13e-01  floor=0.0e+00  |dM|=4.09e-04  step=1.00e+00
  it  871  L= 3.163077e+02  comp= 2.7525e+01 expr= 2.8878e+02 L+= 2.6123e-01 L-= 2.5212e-01  Keff= 8.00(min  7.99)  gmin=1.13e-01  floor=0.0e+00  |dM|=4.09e-04  step=1.00e+00
  it  872  L= 3.162983e+02  comp= 2.7525e+01 expr= 2.8877e+02 L+= 2.6186e-01 L-= 2.5272e-01  Keff= 8.00(min  7.99)  gmin=1.13e-01  floor=0.0e+00  |dM|=4.10e-04  step=1.00e+00
  it  873  L= 3.162888e+02  comp= 2.7524e+01 expr= 2.8876e+02 L+= 2.6250e-01 L-= 2.5333e-01  Keff= 8.00(min  7.99)  gmin=1.13e-01  floor=0.0e+00  |dM|=4.11e-04  step=1.00e+00
  it  874  L= 3.162792e+02  comp= 2.7524e+01 expr= 2.8875e+02 L+= 2.6313e-01 L-= 2.5393e-01  Keff= 8.00(min  7.99)  gmin=1.13e-01  floor=0.0e+00  |dM|=4.12e-04  step=1.00e+00
  it  875  L= 3.162697e+02  comp= 2.7524e+01 expr= 2.8875e+02 L+= 2.6377e-01 L-= 2.5454e-01  Keff= 8.00(min  7.99)  gmin=1.13e-01  floor=0.0e+00  |dM|=4.12e-04  step=1.00e+00
  it  876  L= 3.162600e+02  comp= 2.7524e+01 expr= 2.8874e+02 L+= 2.6441e-01 L-= 2.5515e-01  Keff= 8.00(min  7.99)  gmin=1.13e-01  floor=0.0e+00  |dM|=4.13e-04  step=1.00e+00
  it  877  L= 3.162503e+02  comp= 2.7524e+01 expr= 2.8873e+02 L+= 2.6505e-01 L-= 2.5577e-01  Keff= 8.00(min  7.99)  gmin=1.13e-01  floor=0.0e+00  |dM|=4.14e-04  step=1.00e+00
  it  878  L= 3.162407e+02  comp= 2.7524e+01 expr= 2.8872e+02 L+= 2.6570e-01 L-= 2.5638e-01  Keff= 8.00(min  7.99)  gmin=1.13e-01  floor=0.0e+00  |dM|=4.14e-04  step=1.00e+00
  it  879  L= 3.162309e+02  comp= 2.7524e+01 expr= 2.8871e+02 L+= 2.6635e-01 L-= 2.5700e-01  Keff= 8.00(min  7.99)  gmin=1.13e-01  floor=0.0e+00  |dM|=4.15e-04  step=1.00e+00
  it  880  L= 3.162212e+02  comp= 2.7524e+01 expr= 2.8870e+02 L+= 2.6700e-01 L-= 2.5762e-01  Keff= 8.00(min  7.99)  gmin=1.13e-01  floor=0.0e+00  |dM|=4.15e-04  step=1.00e+00
  it  881  L= 3.162113e+02  comp= 2.7524e+01 expr= 2.8869e+02 L+= 2.6764e-01 L-= 2.5824e-01  Keff= 8.00(min  7.99)  gmin=1.13e-01  floor=0.0e+00  |dM|=4.16e-04  step=1.00e+00
  it  882  L= 3.162015e+02  comp= 2.7524e+01 expr= 2.8868e+02 L+= 2.6830e-01 L-= 2.5886e-01  Keff= 8.00(min  7.99)  gmin=1.13e-01  floor=0.0e+00  |dM|=4.17e-04  step=1.00e+00
  it  883  L= 3.161916e+02  comp= 2.7524e+01 expr= 2.8867e+02 L+= 2.6895e-01 L-= 2.5949e-01  Keff= 8.00(min  7.99)  gmin=1.13e-01  floor=0.0e+00  |dM|=4.17e-04  step=1.00e+00
  it  884  L= 3.161817e+02  comp= 2.7524e+01 expr= 2.8866e+02 L+= 2.6961e-01 L-= 2.6012e-01  Keff= 8.00(min  7.99)  gmin=1.13e-01  floor=0.0e+00  |dM|=4.18e-04  step=1.00e+00
  it  885  L= 3.161718e+02  comp= 2.7524e+01 expr= 2.8865e+02 L+= 2.7027e-01 L-= 2.6074e-01  Keff= 8.00(min  7.99)  gmin=1.13e-01  floor=0.0e+00  |dM|=4.19e-04  step=1.00e+00
  it  886  L= 3.161618e+02  comp= 2.7523e+01 expr= 2.8864e+02 L+= 2.7093e-01 L-= 2.6138e-01  Keff= 8.00(min  7.99)  gmin=1.13e-01  floor=0.0e+00  |dM|=4.19e-04  step=1.00e+00
  it  887  L= 3.161517e+02  comp= 2.7523e+01 expr= 2.8863e+02 L+= 2.7159e-01 L-= 2.6201e-01  Keff= 8.00(min  7.99)  gmin=1.13e-01  floor=0.0e+00  |dM|=4.20e-04  step=1.00e+00
  it  888  L= 3.161417e+02  comp= 2.7523e+01 expr= 2.8862e+02 L+= 2.7226e-01 L-= 2.6264e-01  Keff= 8.00(min  7.99)  gmin=1.13e-01  floor=0.0e+00  |dM|=4.21e-04  step=1.00e+00
  it  889  L= 3.161316e+02  comp= 2.7523e+01 expr= 2.8861e+02 L+= 2.7293e-01 L-= 2.6328e-01  Keff= 8.00(min  7.99)  gmin=1.13e-01  floor=0.0e+00  |dM|=4.21e-04  step=1.00e+00
  it  890  L= 3.161214e+02  comp= 2.7523e+01 expr= 2.8860e+02 L+= 2.7359e-01 L-= 2.6392e-01  Keff= 8.00(min  7.99)  gmin=1.13e-01  floor=0.0e+00  |dM|=4.22e-04  step=1.00e+00
  it  891  L= 3.161113e+02  comp= 2.7523e+01 expr= 2.8859e+02 L+= 2.7427e-01 L-= 2.6456e-01  Keff= 8.00(min  7.99)  gmin=1.13e-01  floor=0.0e+00  |dM|=4.22e-04  step=1.00e+00
  it  892  L= 3.161010e+02  comp= 2.7523e+01 expr= 2.8858e+02 L+= 2.7494e-01 L-= 2.6520e-01  Keff= 8.00(min  7.99)  gmin=1.13e-01  floor=0.0e+00  |dM|=4.23e-04  step=1.00e+00
  it  893  L= 3.160908e+02  comp= 2.7523e+01 expr= 2.8857e+02 L+= 2.7561e-01 L-= 2.6585e-01  Keff= 8.00(min  7.99)  gmin=1.13e-01  floor=0.0e+00  |dM|=4.24e-04  step=1.00e+00
  it  894  L= 3.160805e+02  comp= 2.7523e+01 expr= 2.8856e+02 L+= 2.7629e-01 L-= 2.6649e-01  Keff= 8.00(min  7.99)  gmin=1.13e-01  floor=0.0e+00  |dM|=4.24e-04  step=1.00e+00
  it  895  L= 3.160702e+02  comp= 2.7523e+01 expr= 2.8855e+02 L+= 2.7697e-01 L-= 2.6714e-01  Keff= 8.00(min  7.99)  gmin=1.13e-01  floor=0.0e+00  |dM|=4.25e-04  step=1.00e+00
  it  896  L= 3.160598e+02  comp= 2.7523e+01 expr= 2.8854e+02 L+= 2.7765e-01 L-= 2.6779e-01  Keff= 8.00(min  7.99)  gmin=1.13e-01  floor=0.0e+00  |dM|=4.25e-04  step=1.00e+00
  it  897  L= 3.160494e+02  comp= 2.7523e+01 expr= 2.8853e+02 L+= 2.7834e-01 L-= 2.6845e-01  Keff= 8.00(min  7.99)  gmin=1.13e-01  floor=0.0e+00  |dM|=4.26e-04  step=1.00e+00
  it  898  L= 3.160389e+02  comp= 2.7522e+01 expr= 2.8852e+02 L+= 2.7902e-01 L-= 2.6910e-01  Keff= 8.00(min  7.99)  gmin=1.13e-01  floor=0.0e+00  |dM|=4.27e-04  step=1.00e+00
  it  899  L= 3.160285e+02  comp= 2.7522e+01 expr= 2.8851e+02 L+= 2.7971e-01 L-= 2.6976e-01  Keff= 8.00(min  7.99)  gmin=1.13e-01  floor=0.0e+00  |dM|=4.27e-04  step=1.00e+00
  it  900  L= 3.160179e+02  comp= 2.7522e+01 expr= 2.8850e+02 L+= 2.8040e-01 L-= 2.7042e-01  Keff= 8.00(min  7.99)  gmin=1.13e-01  floor=0.0e+00  |dM|=4.28e-04  step=1.00e+00
  it  901  L= 3.160074e+02  comp= 2.7522e+01 expr= 2.8849e+02 L+= 2.8109e-01 L-= 2.7108e-01  Keff= 8.00(min  7.99)  gmin=1.13e-01  floor=0.0e+00  |dM|=4.28e-04  step=1.00e+00
  it  902  L= 3.159968e+02  comp= 2.7522e+01 expr= 2.8847e+02 L+= 2.8179e-01 L-= 2.7174e-01  Keff= 8.00(min  7.99)  gmin=1.13e-01  floor=0.0e+00  |dM|=4.29e-04  step=1.00e+00
  it  903  L= 3.159861e+02  comp= 2.7522e+01 expr= 2.8846e+02 L+= 2.8248e-01 L-= 2.7240e-01  Keff= 8.00(min  7.99)  gmin=1.13e-01  floor=0.0e+00  |dM|=4.29e-04  step=1.00e+00
  it  904  L= 3.159755e+02  comp= 2.7522e+01 expr= 2.8845e+02 L+= 2.8318e-01 L-= 2.7307e-01  Keff= 8.00(min  7.99)  gmin=1.13e-01  floor=0.0e+00  |dM|=4.30e-04  step=1.00e+00
  it  905  L= 3.159648e+02  comp= 2.7522e+01 expr= 2.8844e+02 L+= 2.8388e-01 L-= 2.7374e-01  Keff= 8.00(min  7.99)  gmin=1.13e-01  floor=0.0e+00  |dM|=4.30e-04  step=1.00e+00
  it  906  L= 3.159540e+02  comp= 2.7522e+01 expr= 2.8843e+02 L+= 2.8458e-01 L-= 2.7441e-01  Keff= 8.00(min  7.99)  gmin=1.13e-01  floor=0.0e+00  |dM|=4.31e-04  step=1.00e+00
  it  907  L= 3.159432e+02  comp= 2.7522e+01 expr= 2.8842e+02 L+= 2.8529e-01 L-= 2.7508e-01  Keff= 8.00(min  7.99)  gmin=1.13e-01  floor=0.0e+00  |dM|=4.31e-04  step=1.00e+00
  it  908  L= 3.159324e+02  comp= 2.7522e+01 expr= 2.8841e+02 L+= 2.8600e-01 L-= 2.7576e-01  Keff= 8.00(min  7.99)  gmin=1.13e-01  floor=0.0e+00  |dM|=4.32e-04  step=1.00e+00
  it  909  L= 3.159216e+02  comp= 2.7521e+01 expr= 2.8840e+02 L+= 2.8670e-01 L-= 2.7643e-01  Keff= 8.00(min  7.99)  gmin=1.13e-01  floor=0.0e+00  |dM|=4.32e-04  step=1.00e+00
  it  910  L= 3.159106e+02  comp= 2.7521e+01 expr= 2.8839e+02 L+= 2.8742e-01 L-= 2.7711e-01  Keff= 8.00(min  7.99)  gmin=1.13e-01  floor=0.0e+00  |dM|=4.33e-04  step=1.00e+00
  it  911  L= 3.158997e+02  comp= 2.7521e+01 expr= 2.8838e+02 L+= 2.8813e-01 L-= 2.7779e-01  Keff= 8.00(min  7.99)  gmin=1.13e-01  floor=0.0e+00  |dM|=4.34e-04  step=1.00e+00
  it  912  L= 3.158887e+02  comp= 2.7521e+01 expr= 2.8837e+02 L+= 2.8885e-01 L-= 2.7847e-01  Keff= 8.00(min  7.99)  gmin=1.13e-01  floor=0.0e+00  |dM|=4.34e-04  step=1.00e+00
  it  913  L= 3.158777e+02  comp= 2.7521e+01 expr= 2.8836e+02 L+= 2.8956e-01 L-= 2.7916e-01  Keff= 8.00(min  7.99)  gmin=1.13e-01  floor=0.0e+00  |dM|=4.35e-04  step=1.00e+00
  it  914  L= 3.158666e+02  comp= 2.7521e+01 expr= 2.8835e+02 L+= 2.9028e-01 L-= 2.7985e-01  Keff= 8.00(min  7.99)  gmin=1.13e-01  floor=0.0e+00  |dM|=4.35e-04  step=1.00e+00
  it  915  L= 3.158555e+02  comp= 2.7521e+01 expr= 2.8833e+02 L+= 2.9101e-01 L-= 2.8054e-01  Keff= 8.00(min  7.99)  gmin=1.13e-01  floor=0.0e+00  |dM|=4.36e-04  step=1.00e+00
  it  916  L= 3.158444e+02  comp= 2.7521e+01 expr= 2.8832e+02 L+= 2.9173e-01 L-= 2.8123e-01  Keff= 8.00(min  7.99)  gmin=1.13e-01  floor=0.0e+00  |dM|=4.36e-04  step=1.00e+00
  it  917  L= 3.158332e+02  comp= 2.7521e+01 expr= 2.8831e+02 L+= 2.9245e-01 L-= 2.8192e-01  Keff= 8.00(min  7.99)  gmin=1.13e-01  floor=0.0e+00  |dM|=4.36e-04  step=1.00e+00
  it  918  L= 3.158220e+02  comp= 2.7521e+01 expr= 2.8830e+02 L+= 2.9318e-01 L-= 2.8261e-01  Keff= 8.00(min  7.99)  gmin=1.13e-01  floor=0.0e+00  |dM|=4.37e-04  step=1.00e+00
  it  919  L= 3.158107e+02  comp= 2.7520e+01 expr= 2.8829e+02 L+= 2.9391e-01 L-= 2.8331e-01  Keff= 8.00(min  7.99)  gmin=1.13e-01  floor=0.0e+00  |dM|=4.37e-04  step=1.00e+00
  it  920  L= 3.157994e+02  comp= 2.7520e+01 expr= 2.8828e+02 L+= 2.9465e-01 L-= 2.8401e-01  Keff= 8.00(min  7.99)  gmin=1.13e-01  floor=0.0e+00  |dM|=4.38e-04  step=1.00e+00
  it  921  L= 3.157881e+02  comp= 2.7520e+01 expr= 2.8827e+02 L+= 2.9538e-01 L-= 2.8471e-01  Keff= 8.00(min  7.99)  gmin=1.13e-01  floor=0.0e+00  |dM|=4.38e-04  step=1.00e+00
  it  922  L= 3.157767e+02  comp= 2.7520e+01 expr= 2.8826e+02 L+= 2.9612e-01 L-= 2.8541e-01  Keff= 8.00(min  7.99)  gmin=1.13e-01  floor=0.0e+00  |dM|=4.39e-04  step=1.00e+00
  it  923  L= 3.157653e+02  comp= 2.7520e+01 expr= 2.8825e+02 L+= 2.9686e-01 L-= 2.8612e-01  Keff= 8.00(min  7.99)  gmin=1.13e-01  floor=0.0e+00  |dM|=4.39e-04  step=1.00e+00
  it  924  L= 3.157538e+02  comp= 2.7520e+01 expr= 2.8823e+02 L+= 2.9760e-01 L-= 2.8683e-01  Keff= 8.00(min  7.99)  gmin=1.13e-01  floor=0.0e+00  |dM|=4.40e-04  step=1.00e+00
  it  925  L= 3.157423e+02  comp= 2.7520e+01 expr= 2.8822e+02 L+= 2.9834e-01 L-= 2.8753e-01  Keff= 8.00(min  7.99)  gmin=1.13e-01  floor=0.0e+00  |dM|=4.40e-04  step=1.00e+00
  it  926  L= 3.157308e+02  comp= 2.7520e+01 expr= 2.8821e+02 L+= 2.9909e-01 L-= 2.8825e-01  Keff= 8.00(min  7.99)  gmin=1.13e-01  floor=0.0e+00  |dM|=4.41e-04  step=1.00e+00
  it  927  L= 3.157192e+02  comp= 2.7520e+01 expr= 2.8820e+02 L+= 2.9983e-01 L-= 2.8896e-01  Keff= 8.00(min  7.99)  gmin=1.13e-01  floor=0.0e+00  |dM|=4.41e-04  step=1.00e+00
  it  928  L= 3.157076e+02  comp= 2.7520e+01 expr= 2.8819e+02 L+= 3.0059e-01 L-= 2.8967e-01  Keff= 8.00(min  7.99)  gmin=1.13e-01  floor=0.0e+00  |dM|=4.41e-04  step=1.00e+00
  it  929  L= 3.156959e+02  comp= 2.7519e+01 expr= 2.8818e+02 L+= 3.0134e-01 L-= 2.9039e-01  Keff= 8.00(min  7.99)  gmin=1.13e-01  floor=0.0e+00  |dM|=4.42e-04  step=1.00e+00
  it  930  L= 3.156842e+02  comp= 2.7519e+01 expr= 2.8816e+02 L+= 3.0209e-01 L-= 2.9111e-01  Keff= 8.00(min  7.99)  gmin=1.13e-01  floor=0.0e+00  |dM|=4.42e-04  step=1.00e+00
  it  931  L= 3.156725e+02  comp= 2.7519e+01 expr= 2.8815e+02 L+= 3.0284e-01 L-= 2.9183e-01  Keff= 8.00(min  7.99)  gmin=1.13e-01  floor=0.0e+00  |dM|=4.43e-04  step=1.00e+00
  it  932  L= 3.156607e+02  comp= 2.7519e+01 expr= 2.8814e+02 L+= 3.0361e-01 L-= 2.9256e-01  Keff= 8.00(min  7.99)  gmin=1.13e-01  floor=0.0e+00  |dM|=4.43e-04  step=1.00e+00
  it  933  L= 3.156489e+02  comp= 2.7519e+01 expr= 2.8813e+02 L+= 3.0437e-01 L-= 2.9328e-01  Keff= 8.00(min  7.99)  gmin=1.13e-01  floor=0.0e+00  |dM|=4.44e-04  step=1.00e+00
  it  934  L= 3.156370e+02  comp= 2.7519e+01 expr= 2.8812e+02 L+= 3.0513e-01 L-= 2.9401e-01  Keff= 8.00(min  7.99)  gmin=1.13e-01  floor=0.0e+00  |dM|=4.44e-04  step=1.00e+00
  it  935  L= 3.156251e+02  comp= 2.7519e+01 expr= 2.8811e+02 L+= 3.0589e-01 L-= 2.9474e-01  Keff= 8.00(min  7.99)  gmin=1.13e-01  floor=0.0e+00  |dM|=4.44e-04  step=1.00e+00
  it  936  L= 3.156132e+02  comp= 2.7519e+01 expr= 2.8809e+02 L+= 3.0666e-01 L-= 2.9547e-01  Keff= 8.00(min  7.99)  gmin=1.13e-01  floor=0.0e+00  |dM|=4.45e-04  step=1.00e+00
  it  937  L= 3.156012e+02  comp= 2.7519e+01 expr= 2.8808e+02 L+= 3.0743e-01 L-= 2.9620e-01  Keff= 8.00(min  7.99)  gmin=1.13e-01  floor=0.0e+00  |dM|=4.45e-04  step=1.00e+00
  it  938  L= 3.155891e+02  comp= 2.7518e+01 expr= 2.8807e+02 L+= 3.0820e-01 L-= 2.9694e-01  Keff= 8.00(min  7.99)  gmin=1.13e-01  floor=0.0e+00  |dM|=4.46e-04  step=1.00e+00
  it  939  L= 3.155771e+02  comp= 2.7518e+01 expr= 2.8806e+02 L+= 3.0898e-01 L-= 2.9768e-01  Keff= 8.00(min  7.99)  gmin=1.13e-01  floor=0.0e+00  |dM|=4.46e-04  step=1.00e+00
  it  940  L= 3.155650e+02  comp= 2.7518e+01 expr= 2.8805e+02 L+= 3.0975e-01 L-= 2.9842e-01  Keff= 8.00(min  7.99)  gmin=1.13e-01  floor=0.0e+00  |dM|=4.46e-04  step=1.00e+00
  it  941  L= 3.155528e+02  comp= 2.7518e+01 expr= 2.8803e+02 L+= 3.1053e-01 L-= 2.9916e-01  Keff= 8.00(min  7.99)  gmin=1.13e-01  floor=0.0e+00  |dM|=4.47e-04  step=1.00e+00
  it  942  L= 3.155407e+02  comp= 2.7518e+01 expr= 2.8802e+02 L+= 3.1131e-01 L-= 2.9990e-01  Keff= 8.00(min  7.99)  gmin=1.13e-01  floor=0.0e+00  |dM|=4.47e-04  step=1.00e+00
  it  943  L= 3.155284e+02  comp= 2.7518e+01 expr= 2.8801e+02 L+= 3.1209e-01 L-= 3.0065e-01  Keff= 8.00(min  7.99)  gmin=1.13e-01  floor=0.0e+00  |dM|=4.47e-04  step=1.00e+00
  it  944  L= 3.155161e+02  comp= 2.7518e+01 expr= 2.8800e+02 L+= 3.1288e-01 L-= 3.0140e-01  Keff= 8.00(min  7.99)  gmin=1.13e-01  floor=0.0e+00  |dM|=4.48e-04  step=1.00e+00
  it  945  L= 3.155038e+02  comp= 2.7518e+01 expr= 2.8799e+02 L+= 3.1366e-01 L-= 3.0215e-01  Keff= 8.00(min  7.99)  gmin=1.13e-01  floor=0.0e+00  |dM|=4.48e-04  step=1.00e+00
  it  946  L= 3.154915e+02  comp= 2.7517e+01 expr= 2.8797e+02 L+= 3.1445e-01 L-= 3.0290e-01  Keff= 8.00(min  7.99)  gmin=1.13e-01  floor=0.0e+00  |dM|=4.49e-04  step=1.00e+00
  it  947  L= 3.154791e+02  comp= 2.7517e+01 expr= 2.8796e+02 L+= 3.1524e-01 L-= 3.0366e-01  Keff= 8.00(min  7.99)  gmin=1.13e-01  floor=0.0e+00  |dM|=4.49e-04  step=1.00e+00
  it  948  L= 3.154667e+02  comp= 2.7517e+01 expr= 2.8795e+02 L+= 3.1604e-01 L-= 3.0441e-01  Keff= 8.00(min  7.99)  gmin=1.13e-01  floor=0.0e+00  |dM|=4.49e-04  step=1.00e+00
  it  949  L= 3.154542e+02  comp= 2.7517e+01 expr= 2.8794e+02 L+= 3.1683e-01 L-= 3.0517e-01  Keff= 8.00(min  7.99)  gmin=1.13e-01  floor=0.0e+00  |dM|=4.50e-04  step=1.00e+00
  it  950  L= 3.154417e+02  comp= 2.7517e+01 expr= 2.8792e+02 L+= 3.1763e-01 L-= 3.0593e-01  Keff= 8.00(min  7.99)  gmin=1.13e-01  floor=0.0e+00  |dM|=4.50e-04  step=1.00e+00
  it  951  L= 3.154291e+02  comp= 2.7517e+01 expr= 2.8791e+02 L+= 3.1843e-01 L-= 3.0669e-01  Keff= 8.00(min  7.99)  gmin=1.13e-01  floor=0.0e+00  |dM|=4.50e-04  step=1.00e+00
  it  952  L= 3.154165e+02  comp= 2.7517e+01 expr= 2.8790e+02 L+= 3.1923e-01 L-= 3.0746e-01  Keff= 8.00(min  7.99)  gmin=1.13e-01  floor=0.0e+00  |dM|=4.51e-04  step=1.00e+00
  it  953  L= 3.154039e+02  comp= 2.7517e+01 expr= 2.8789e+02 L+= 3.2004e-01 L-= 3.0822e-01  Keff= 8.00(min  7.99)  gmin=1.13e-01  floor=0.0e+00  |dM|=4.51e-04  step=1.00e+00
  it  954  L= 3.153912e+02  comp= 2.7516e+01 expr= 2.8787e+02 L+= 3.2084e-01 L-= 3.0899e-01  Keff= 8.00(min  7.99)  gmin=1.13e-01  floor=0.0e+00  |dM|=4.51e-04  step=1.00e+00
  it  955  L= 3.153784e+02  comp= 2.7516e+01 expr= 2.8786e+02 L+= 3.2165e-01 L-= 3.0976e-01  Keff= 8.00(min  7.99)  gmin=1.13e-01  floor=0.0e+00  |dM|=4.52e-04  step=1.00e+00
  it  956  L= 3.153657e+02  comp= 2.7516e+01 expr= 2.8785e+02 L+= 3.2246e-01 L-= 3.1054e-01  Keff= 8.00(min  7.99)  gmin=1.13e-01  floor=0.0e+00  |dM|=4.52e-04  step=1.00e+00
  it  957  L= 3.153529e+02  comp= 2.7516e+01 expr= 2.8784e+02 L+= 3.2328e-01 L-= 3.1131e-01  Keff= 8.00(min  7.99)  gmin=1.13e-01  floor=0.0e+00  |dM|=4.52e-04  step=1.00e+00
  it  958  L= 3.153400e+02  comp= 2.7516e+01 expr= 2.8782e+02 L+= 3.2409e-01 L-= 3.1209e-01  Keff= 8.00(min  7.99)  gmin=1.13e-01  floor=0.0e+00  |dM|=4.53e-04  step=1.00e+00
  it  959  L= 3.153271e+02  comp= 2.7516e+01 expr= 2.8781e+02 L+= 3.2491e-01 L-= 3.1287e-01  Keff= 8.00(min  7.99)  gmin=1.13e-01  floor=0.0e+00  |dM|=4.53e-04  step=1.00e+00
  it  960  L= 3.153141e+02  comp= 2.7516e+01 expr= 2.8780e+02 L+= 3.2573e-01 L-= 3.1365e-01  Keff= 8.00(min  7.99)  gmin=1.13e-01  floor=0.0e+00  |dM|=4.53e-04  step=1.00e+00
  it  961  L= 3.153012e+02  comp= 2.7516e+01 expr= 2.8779e+02 L+= 3.2655e-01 L-= 3.1443e-01  Keff= 8.00(min  7.99)  gmin=1.13e-01  floor=0.0e+00  |dM|=4.54e-04  step=1.00e+00
  it  962  L= 3.152882e+02  comp= 2.7515e+01 expr= 2.8777e+02 L+= 3.2737e-01 L-= 3.1522e-01  Keff= 8.00(min  7.99)  gmin=1.12e-01  floor=0.0e+00  |dM|=4.54e-04  step=1.00e+00
  it  963  L= 3.152751e+02  comp= 2.7515e+01 expr= 2.8776e+02 L+= 3.2820e-01 L-= 3.1601e-01  Keff= 8.00(min  7.99)  gmin=1.12e-01  floor=0.0e+00  |dM|=4.54e-04  step=1.00e+00
  it  964  L= 3.152620e+02  comp= 2.7515e+01 expr= 2.8775e+02 L+= 3.2903e-01 L-= 3.1680e-01  Keff= 8.00(min  7.99)  gmin=1.12e-01  floor=0.0e+00  |dM|=4.54e-04  step=1.00e+00
  it  965  L= 3.152489e+02  comp= 2.7515e+01 expr= 2.8773e+02 L+= 3.2986e-01 L-= 3.1759e-01  Keff= 8.00(min  7.99)  gmin=1.12e-01  floor=0.0e+00  |dM|=4.55e-04  step=1.00e+00
  it  966  L= 3.152357e+02  comp= 2.7515e+01 expr= 2.8772e+02 L+= 3.3069e-01 L-= 3.1838e-01  Keff= 8.00(min  7.99)  gmin=1.12e-01  floor=0.0e+00  |dM|=4.55e-04  step=1.00e+00
  it  967  L= 3.152225e+02  comp= 2.7515e+01 expr= 2.8771e+02 L+= 3.3153e-01 L-= 3.1918e-01  Keff= 8.00(min  7.99)  gmin=1.12e-01  floor=0.0e+00  |dM|=4.55e-04  step=1.00e+00
  it  968  L= 3.152092e+02  comp= 2.7515e+01 expr= 2.8769e+02 L+= 3.3237e-01 L-= 3.1997e-01  Keff= 8.00(min  7.99)  gmin=1.12e-01  floor=0.0e+00  |dM|=4.56e-04  step=1.00e+00
  it  969  L= 3.151959e+02  comp= 2.7514e+01 expr= 2.8768e+02 L+= 3.3321e-01 L-= 3.2077e-01  Keff= 8.00(min  7.99)  gmin=1.12e-01  floor=0.0e+00  |dM|=4.56e-04  step=1.00e+00
  it  970  L= 3.151825e+02  comp= 2.7514e+01 expr= 2.8767e+02 L+= 3.3405e-01 L-= 3.2158e-01  Keff= 8.00(min  7.99)  gmin=1.12e-01  floor=0.0e+00  |dM|=4.56e-04  step=1.00e+00
  it  971  L= 3.151691e+02  comp= 2.7514e+01 expr= 2.8766e+02 L+= 3.3489e-01 L-= 3.2238e-01  Keff= 8.00(min  7.99)  gmin=1.12e-01  floor=0.0e+00  |dM|=4.56e-04  step=1.00e+00
  it  972  L= 3.151557e+02  comp= 2.7514e+01 expr= 2.8764e+02 L+= 3.3574e-01 L-= 3.2318e-01  Keff= 8.00(min  7.99)  gmin=1.12e-01  floor=0.0e+00  |dM|=4.57e-04  step=1.00e+00
  it  973  L= 3.151422e+02  comp= 2.7514e+01 expr= 2.8763e+02 L+= 3.3659e-01 L-= 3.2399e-01  Keff= 8.00(min  7.99)  gmin=1.12e-01  floor=0.0e+00  |dM|=4.57e-04  step=1.00e+00
  it  974  L= 3.151287e+02  comp= 2.7514e+01 expr= 2.8762e+02 L+= 3.3744e-01 L-= 3.2481e-01  Keff= 8.00(min  7.99)  gmin=1.12e-01  floor=0.0e+00  |dM|=4.57e-04  step=1.00e+00
  it  975  L= 3.151151e+02  comp= 2.7514e+01 expr= 2.8760e+02 L+= 3.3829e-01 L-= 3.2562e-01  Keff= 8.00(min  7.99)  gmin=1.12e-01  floor=0.0e+00  |dM|=4.57e-04  step=1.00e+00
  it  976  L= 3.151015e+02  comp= 2.7513e+01 expr= 2.8759e+02 L+= 3.3915e-01 L-= 3.2643e-01  Keff= 8.00(min  7.99)  gmin=1.12e-01  floor=0.0e+00  |dM|=4.58e-04  step=1.00e+00
  it  977  L= 3.150878e+02  comp= 2.7513e+01 expr= 2.8757e+02 L+= 3.4001e-01 L-= 3.2725e-01  Keff= 8.00(min  7.99)  gmin=1.12e-01  floor=0.0e+00  |dM|=4.58e-04  step=1.00e+00
  it  978  L= 3.150742e+02  comp= 2.7513e+01 expr= 2.8756e+02 L+= 3.4087e-01 L-= 3.2807e-01  Keff= 8.00(min  7.99)  gmin=1.12e-01  floor=0.0e+00  |dM|=4.58e-04  step=1.00e+00
  it  979  L= 3.150604e+02  comp= 2.7513e+01 expr= 2.8755e+02 L+= 3.4173e-01 L-= 3.2889e-01  Keff= 8.00(min  7.99)  gmin=1.12e-01  floor=0.0e+00  |dM|=4.59e-04  step=1.00e+00
  it  980  L= 3.150466e+02  comp= 2.7513e+01 expr= 2.8753e+02 L+= 3.4259e-01 L-= 3.2971e-01  Keff= 8.00(min  7.99)  gmin=1.12e-01  floor=0.0e+00  |dM|=4.59e-04  step=1.00e+00
  it  981  L= 3.150328e+02  comp= 2.7513e+01 expr= 2.8752e+02 L+= 3.4346e-01 L-= 3.3054e-01  Keff= 8.00(min  7.99)  gmin=1.12e-01  floor=0.0e+00  |dM|=4.59e-04  step=1.00e+00
  it  982  L= 3.150189e+02  comp= 2.7512e+01 expr= 2.8751e+02 L+= 3.4433e-01 L-= 3.3137e-01  Keff= 8.00(min  7.99)  gmin=1.12e-01  floor=0.0e+00  |dM|=4.59e-04  step=1.00e+00
  it  983  L= 3.150050e+02  comp= 2.7512e+01 expr= 2.8749e+02 L+= 3.4520e-01 L-= 3.3219e-01  Keff= 8.00(min  7.99)  gmin=1.12e-01  floor=0.0e+00  |dM|=4.60e-04  step=1.00e+00
  it  984  L= 3.149910e+02  comp= 2.7512e+01 expr= 2.8748e+02 L+= 3.4607e-01 L-= 3.3303e-01  Keff= 8.00(min  7.99)  gmin=1.12e-01  floor=0.0e+00  |dM|=4.60e-04  step=1.00e+00
  it  985  L= 3.149771e+02  comp= 2.7512e+01 expr= 2.8747e+02 L+= 3.4695e-01 L-= 3.3386e-01  Keff= 8.00(min  7.99)  gmin=1.12e-01  floor=0.0e+00  |dM|=4.60e-04  step=1.00e+00
  it  986  L= 3.149630e+02  comp= 2.7512e+01 expr= 2.8745e+02 L+= 3.4783e-01 L-= 3.3470e-01  Keff= 8.00(min  7.99)  gmin=1.12e-01  floor=0.0e+00  |dM|=4.60e-04  step=1.00e+00
  it  987  L= 3.149489e+02  comp= 2.7512e+01 expr= 2.8744e+02 L+= 3.4871e-01 L-= 3.3553e-01  Keff= 8.00(min  7.99)  gmin=1.12e-01  floor=0.0e+00  |dM|=4.60e-04  step=1.00e+00
  it  988  L= 3.149348e+02  comp= 2.7511e+01 expr= 2.8742e+02 L+= 3.4959e-01 L-= 3.3637e-01  Keff= 8.00(min  7.99)  gmin=1.12e-01  floor=0.0e+00  |dM|=4.61e-04  step=1.00e+00
  it  989  L= 3.149206e+02  comp= 2.7511e+01 expr= 2.8741e+02 L+= 3.5047e-01 L-= 3.3721e-01  Keff= 8.00(min  7.99)  gmin=1.12e-01  floor=0.0e+00  |dM|=4.61e-04  step=1.00e+00
  it  990  L= 3.149064e+02  comp= 2.7511e+01 expr= 2.8740e+02 L+= 3.5136e-01 L-= 3.3806e-01  Keff= 8.00(min  7.99)  gmin=1.12e-01  floor=0.0e+00  |dM|=4.61e-04  step=1.00e+00
  it  991  L= 3.148922e+02  comp= 2.7511e+01 expr= 2.8738e+02 L+= 3.5225e-01 L-= 3.3891e-01  Keff= 8.00(min  7.99)  gmin=1.12e-01  floor=0.0e+00  |dM|=4.61e-04  step=1.00e+00
  it  992  L= 3.148778e+02  comp= 2.7511e+01 expr= 2.8737e+02 L+= 3.5314e-01 L-= 3.3975e-01  Keff= 8.00(min  7.99)  gmin=1.12e-01  floor=0.0e+00  |dM|=4.62e-04  step=1.00e+00
  it  993  L= 3.148634e+02  comp= 2.7511e+01 expr= 2.8735e+02 L+= 3.5403e-01 L-= 3.4060e-01  Keff= 8.00(min  7.99)  gmin=1.12e-01  floor=0.0e+00  |dM|=4.62e-04  step=1.00e+00
  it  994  L= 3.148490e+02  comp= 2.7510e+01 expr= 2.8734e+02 L+= 3.5493e-01 L-= 3.4145e-01  Keff= 8.00(min  7.99)  gmin=1.12e-01  floor=0.0e+00  |dM|=4.62e-04  step=1.00e+00
  it  995  L= 3.148346e+02  comp= 2.7510e+01 expr= 2.8732e+02 L+= 3.5583e-01 L-= 3.4231e-01  Keff= 8.00(min  7.99)  gmin=1.12e-01  floor=0.0e+00  |dM|=4.62e-04  step=1.00e+00
  it  996  L= 3.148201e+02  comp= 2.7510e+01 expr= 2.8731e+02 L+= 3.5673e-01 L-= 3.4316e-01  Keff= 8.00(min  7.99)  gmin=1.12e-01  floor=0.0e+00  |dM|=4.62e-04  step=1.00e+00
  it  997  L= 3.148056e+02  comp= 2.7510e+01 expr= 2.8730e+02 L+= 3.5763e-01 L-= 3.4402e-01  Keff= 8.00(min  7.99)  gmin=1.12e-01  floor=0.0e+00  |dM|=4.63e-04  step=1.00e+00
  it  998  L= 3.147910e+02  comp= 2.7510e+01 expr= 2.8728e+02 L+= 3.5853e-01 L-= 3.4488e-01  Keff= 8.00(min  7.99)  gmin=1.12e-01  floor=0.0e+00  |dM|=4.63e-04  step=1.00e+00
  it  999  L= 3.147764e+02  comp= 2.7510e+01 expr= 2.8727e+02 L+= 3.5944e-01 L-= 3.4575e-01  Keff= 8.00(min  7.99)  gmin=1.12e-01  floor=0.0e+00  |dM|=4.63e-04  step=1.00e+00
  it 1000  L= 3.147617e+02  comp= 2.7509e+01 expr= 2.8725e+02 L+= 3.6035e-01 L-= 3.4661e-01  Keff= 8.00(min  7.99)  gmin=1.12e-01  floor=0.0e+00  |dM|=4.63e-04  step=1.00e+00
  it 1001  L= 3.147470e+02  comp= 2.7509e+01 expr= 2.8724e+02 L+= 3.6126e-01 L-= 3.4748e-01  Keff= 8.00(min  7.99)  gmin=1.12e-01  floor=0.0e+00  |dM|=4.63e-04  step=1.00e+00
  it 1002  L= 3.147323e+02  comp= 2.7509e+01 expr= 2.8722e+02 L+= 3.6217e-01 L-= 3.4835e-01  Keff= 8.00(min  7.99)  gmin=1.12e-01  floor=0.0e+00  |dM|=4.64e-04  step=1.00e+00
  it 1003  L= 3.147175e+02  comp= 2.7509e+01 expr= 2.8721e+02 L+= 3.6309e-01 L-= 3.4922e-01  Keff= 8.00(min  7.99)  gmin=1.12e-01  floor=0.0e+00  |dM|=4.64e-04  step=1.00e+00
  it 1004  L= 3.147027e+02  comp= 2.7509e+01 expr= 2.8719e+02 L+= 3.6401e-01 L-= 3.5009e-01  Keff= 8.00(min  7.99)  gmin=1.12e-01  floor=0.0e+00  |dM|=4.64e-04  step=1.00e+00
  it 1005  L= 3.146878e+02  comp= 2.7509e+01 expr= 2.8718e+02 L+= 3.6493e-01 L-= 3.5097e-01  Keff= 8.00(min  7.99)  gmin=1.12e-01  floor=0.0e+00  |dM|=4.64e-04  step=1.00e+00
  it 1006  L= 3.146729e+02  comp= 2.7508e+01 expr= 2.8716e+02 L+= 3.6585e-01 L-= 3.5185e-01  Keff= 8.00(min  7.99)  gmin=1.12e-01  floor=0.0e+00  |dM|=4.64e-04  step=1.00e+00
  it 1007  L= 3.146579e+02  comp= 2.7508e+01 expr= 2.8715e+02 L+= 3.6678e-01 L-= 3.5273e-01  Keff= 8.00(min  7.99)  gmin=1.12e-01  floor=0.0e+00  |dM|=4.65e-04  step=1.00e+00
  it 1008  L= 3.146429e+02  comp= 2.7508e+01 expr= 2.8713e+02 L+= 3.6770e-01 L-= 3.5361e-01  Keff= 8.00(min  7.99)  gmin=1.12e-01  floor=0.0e+00  |dM|=4.65e-04  step=1.00e+00
  it 1009  L= 3.146278e+02  comp= 2.7508e+01 expr= 2.8712e+02 L+= 3.6863e-01 L-= 3.5449e-01  Keff= 8.00(min  7.99)  gmin=1.12e-01  floor=0.0e+00  |dM|=4.65e-04  step=1.00e+00
  it 1010  L= 3.146127e+02  comp= 2.7508e+01 expr= 2.8711e+02 L+= 3.6957e-01 L-= 3.5538e-01  Keff= 8.00(min  7.99)  gmin=1.12e-01  floor=0.0e+00  |dM|=4.65e-04  step=1.00e+00
  it 1011  L= 3.145976e+02  comp= 2.7507e+01 expr= 2.8709e+02 L+= 3.7050e-01 L-= 3.5627e-01  Keff= 8.00(min  7.99)  gmin=1.12e-01  floor=0.0e+00  |dM|=4.65e-04  step=1.00e+00
  it 1012  L= 3.145823e+02  comp= 2.7507e+01 expr= 2.8708e+02 L+= 3.7144e-01 L-= 3.5716e-01  Keff= 8.00(min  7.99)  gmin=1.12e-01  floor=0.0e+00  |dM|=4.66e-04  step=1.00e+00
  it 1013  L= 3.145671e+02  comp= 2.7507e+01 expr= 2.8706e+02 L+= 3.7237e-01 L-= 3.5805e-01  Keff= 8.00(min  7.99)  gmin=1.12e-01  floor=0.0e+00  |dM|=4.66e-04  step=1.00e+00
  it 1014  L= 3.145518e+02  comp= 2.7507e+01 expr= 2.8704e+02 L+= 3.7331e-01 L-= 3.5894e-01  Keff= 8.00(min  7.99)  gmin=1.12e-01  floor=0.0e+00  |dM|=4.66e-04  step=1.00e+00
  it 1015  L= 3.145365e+02  comp= 2.7507e+01 expr= 2.8703e+02 L+= 3.7426e-01 L-= 3.5984e-01  Keff= 8.00(min  7.99)  gmin=1.12e-01  floor=0.0e+00  |dM|=4.66e-04  step=1.00e+00
  it 1016  L= 3.145211e+02  comp= 2.7506e+01 expr= 2.8701e+02 L+= 3.7520e-01 L-= 3.6074e-01  Keff= 8.00(min  7.99)  gmin=1.12e-01  floor=0.0e+00  |dM|=4.66e-04  step=1.00e+00
  it 1017  L= 3.145057e+02  comp= 2.7506e+01 expr= 2.8700e+02 L+= 3.7615e-01 L-= 3.6164e-01  Keff= 8.00(min  7.99)  gmin=1.12e-01  floor=0.0e+00  |dM|=4.67e-04  step=1.00e+00
  it 1018  L= 3.144902e+02  comp= 2.7506e+01 expr= 2.8698e+02 L+= 3.7710e-01 L-= 3.6254e-01  Keff= 8.00(min  7.99)  gmin=1.12e-01  floor=0.0e+00  |dM|=4.67e-04  step=1.00e+00
  it 1019  L= 3.144747e+02  comp= 2.7506e+01 expr= 2.8697e+02 L+= 3.7806e-01 L-= 3.6345e-01  Keff= 8.00(min  7.99)  gmin=1.12e-01  floor=0.0e+00  |dM|=4.67e-04  step=1.00e+00
  it 1020  L= 3.144591e+02  comp= 2.7506e+01 expr= 2.8695e+02 L+= 3.7901e-01 L-= 3.6436e-01  Keff= 8.00(min  7.99)  gmin=1.12e-01  floor=0.0e+00  |dM|=4.67e-04  step=1.00e+00
  it 1021  L= 3.144435e+02  comp= 2.7505e+01 expr= 2.8694e+02 L+= 3.7997e-01 L-= 3.6526e-01  Keff= 8.00(min  7.99)  gmin=1.12e-01  floor=0.0e+00  |dM|=4.67e-04  step=1.00e+00
  it 1022  L= 3.144279e+02  comp= 2.7505e+01 expr= 2.8692e+02 L+= 3.8093e-01 L-= 3.6618e-01  Keff= 8.00(min  7.99)  gmin=1.12e-01  floor=0.0e+00  |dM|=4.67e-04  step=1.00e+00
  it 1023  L= 3.144122e+02  comp= 2.7505e+01 expr= 2.8691e+02 L+= 3.8189e-01 L-= 3.6709e-01  Keff= 8.00(min  7.99)  gmin=1.12e-01  floor=0.0e+00  |dM|=4.68e-04  step=1.00e+00
  it 1024  L= 3.143964e+02  comp= 2.7505e+01 expr= 2.8689e+02 L+= 3.8285e-01 L-= 3.6801e-01  Keff= 8.00(min  7.99)  gmin=1.12e-01  floor=0.0e+00  |dM|=4.68e-04  step=1.00e+00
  it 1025  L= 3.143806e+02  comp= 2.7505e+01 expr= 2.8688e+02 L+= 3.8382e-01 L-= 3.6892e-01  Keff= 8.00(min  7.99)  gmin=1.12e-01  floor=0.0e+00  |dM|=4.68e-04  step=1.00e+00
  it 1026  L= 3.143648e+02  comp= 2.7504e+01 expr= 2.8686e+02 L+= 3.8479e-01 L-= 3.6984e-01  Keff= 8.00(min  7.99)  gmin=1.12e-01  floor=0.0e+00  |dM|=4.68e-04  step=1.00e+00
  it 1027  L= 3.143489e+02  comp= 2.7504e+01 expr= 2.8684e+02 L+= 3.8576e-01 L-= 3.7077e-01  Keff= 8.00(min  7.99)  gmin=1.12e-01  floor=0.0e+00  |dM|=4.68e-04  step=1.00e+00
  it 1028  L= 3.143330e+02  comp= 2.7504e+01 expr= 2.8683e+02 L+= 3.8673e-01 L-= 3.7169e-01  Keff= 8.00(min  7.99)  gmin=1.12e-01  floor=0.0e+00  |dM|=4.69e-04  step=1.00e+00
  it 1029  L= 3.143170e+02  comp= 2.7504e+01 expr= 2.8681e+02 L+= 3.8771e-01 L-= 3.7262e-01  Keff= 8.00(min  7.99)  gmin=1.12e-01  floor=0.0e+00  |dM|=4.69e-04  step=1.00e+00
  it 1030  L= 3.143010e+02  comp= 2.7504e+01 expr= 2.8680e+02 L+= 3.8868e-01 L-= 3.7355e-01  Keff= 8.00(min  7.99)  gmin=1.12e-01  floor=0.0e+00  |dM|=4.69e-04  step=1.00e+00
  it 1031  L= 3.142849e+02  comp= 2.7503e+01 expr= 2.8678e+02 L+= 3.8966e-01 L-= 3.7448e-01  Keff= 8.00(min  7.99)  gmin=1.12e-01  floor=0.0e+00  |dM|=4.69e-04  step=1.00e+00
  it 1032  L= 3.142688e+02  comp= 2.7503e+01 expr= 2.8677e+02 L+= 3.9064e-01 L-= 3.7541e-01  Keff= 8.00(min  7.99)  gmin=1.12e-01  floor=0.0e+00  |dM|=4.69e-04  step=1.00e+00
  it 1033  L= 3.142527e+02  comp= 2.7503e+01 expr= 2.8675e+02 L+= 3.9163e-01 L-= 3.7635e-01  Keff= 8.00(min  7.99)  gmin=1.12e-01  floor=0.0e+00  |dM|=4.69e-04  step=1.00e+00
  it 1034  L= 3.142364e+02  comp= 2.7503e+01 expr= 2.8673e+02 L+= 3.9262e-01 L-= 3.7728e-01  Keff= 8.00(min  7.99)  gmin=1.12e-01  floor=0.0e+00  |dM|=4.70e-04  step=1.00e+00
  it 1035  L= 3.142202e+02  comp= 2.7503e+01 expr= 2.8672e+02 L+= 3.9361e-01 L-= 3.7822e-01  Keff= 8.00(min  7.99)  gmin=1.12e-01  floor=0.0e+00  |dM|=4.70e-04  step=1.00e+00
  it 1036  L= 3.142039e+02  comp= 2.7502e+01 expr= 2.8670e+02 L+= 3.9460e-01 L-= 3.7916e-01  Keff= 8.00(min  7.99)  gmin=1.12e-01  floor=0.0e+00  |dM|=4.70e-04  step=1.00e+00
  it 1037  L= 3.141875e+02  comp= 2.7502e+01 expr= 2.8669e+02 L+= 3.9559e-01 L-= 3.8011e-01  Keff= 8.00(min  7.99)  gmin=1.12e-01  floor=0.0e+00  |dM|=4.70e-04  step=1.00e+00
  it 1038  L= 3.141711e+02  comp= 2.7502e+01 expr= 2.8667e+02 L+= 3.9659e-01 L-= 3.8105e-01  Keff= 8.00(min  7.99)  gmin=1.12e-01  floor=0.0e+00  |dM|=4.70e-04  step=1.00e+00
  it 1039  L= 3.141547e+02  comp= 2.7502e+01 expr= 2.8665e+02 L+= 3.9759e-01 L-= 3.8200e-01  Keff= 8.00(min  7.99)  gmin=1.12e-01  floor=0.0e+00  |dM|=4.71e-04  step=1.00e+00
  it 1040  L= 3.141382e+02  comp= 2.7501e+01 expr= 2.8664e+02 L+= 3.9859e-01 L-= 3.8295e-01  Keff= 8.00(min  7.99)  gmin=1.12e-01  floor=0.0e+00  |dM|=4.71e-04  step=1.00e+00
  it 1041  L= 3.141216e+02  comp= 2.7501e+01 expr= 2.8662e+02 L+= 3.9959e-01 L-= 3.8390e-01  Keff= 8.00(min  7.99)  gmin=1.12e-01  floor=0.0e+00  |dM|=4.71e-04  step=1.00e+00
  it 1042  L= 3.141050e+02  comp= 2.7501e+01 expr= 2.8660e+02 L+= 4.0059e-01 L-= 3.8486e-01  Keff= 8.00(min  7.99)  gmin=1.12e-01  floor=0.0e+00  |dM|=4.71e-04  step=1.00e+00
  it 1043  L= 3.140884e+02  comp= 2.7501e+01 expr= 2.8659e+02 L+= 4.0160e-01 L-= 3.8581e-01  Keff= 8.00(min  7.99)  gmin=1.12e-01  floor=0.0e+00  |dM|=4.71e-04  step=1.00e+00
  it 1044  L= 3.140717e+02  comp= 2.7501e+01 expr= 2.8657e+02 L+= 4.0262e-01 L-= 3.8677e-01  Keff= 8.00(min  7.99)  gmin=1.12e-01  floor=0.0e+00  |dM|=4.72e-04  step=1.00e+00
  it 1045  L= 3.140550e+02  comp= 2.7500e+01 expr= 2.8655e+02 L+= 4.0363e-01 L-= 3.8773e-01  Keff= 8.00(min  7.99)  gmin=1.12e-01  floor=0.0e+00  |dM|=4.72e-04  step=1.00e+00
  it 1046  L= 3.140382e+02  comp= 2.7500e+01 expr= 2.8654e+02 L+= 4.0464e-01 L-= 3.8869e-01  Keff= 8.00(min  7.99)  gmin=1.12e-01  floor=0.0e+00  |dM|=4.72e-04  step=1.00e+00
  it 1047  L= 3.140214e+02  comp= 2.7500e+01 expr= 2.8652e+02 L+= 4.0566e-01 L-= 3.8966e-01  Keff= 8.00(min  7.99)  gmin=1.12e-01  floor=0.0e+00  |dM|=4.72e-04  step=1.00e+00
  it 1048  L= 3.140045e+02  comp= 2.7500e+01 expr= 2.8650e+02 L+= 4.0668e-01 L-= 3.9063e-01  Keff= 8.00(min  7.99)  gmin=1.12e-01  floor=0.0e+00  |dM|=4.72e-04  step=1.00e+00
  it 1049  L= 3.139876e+02  comp= 2.7499e+01 expr= 2.8649e+02 L+= 4.0770e-01 L-= 3.9160e-01  Keff= 8.00(min  7.99)  gmin=1.12e-01  floor=0.0e+00  |dM|=4.73e-04  step=1.00e+00
  it 1050  L= 3.139707e+02  comp= 2.7499e+01 expr= 2.8647e+02 L+= 4.0872e-01 L-= 3.9257e-01  Keff= 8.00(min  7.99)  gmin=1.12e-01  floor=0.0e+00  |dM|=4.73e-04  step=1.00e+00
  it 1051  L= 3.139536e+02  comp= 2.7499e+01 expr= 2.8645e+02 L+= 4.0975e-01 L-= 3.9354e-01  Keff= 8.00(min  7.99)  gmin=1.12e-01  floor=0.0e+00  |dM|=4.73e-04  step=1.00e+00
  it 1052  L= 3.139366e+02  comp= 2.7499e+01 expr= 2.8644e+02 L+= 4.1078e-01 L-= 3.9452e-01  Keff= 8.00(min  7.99)  gmin=1.12e-01  floor=0.0e+00  |dM|=4.73e-04  step=1.00e+00
  it 1053  L= 3.139194e+02  comp= 2.7498e+01 expr= 2.8642e+02 L+= 4.1181e-01 L-= 3.9550e-01  Keff= 8.00(min  7.99)  gmin=1.12e-01  floor=0.0e+00  |dM|=4.74e-04  step=1.00e+00
  it 1054  L= 3.139023e+02  comp= 2.7498e+01 expr= 2.8640e+02 L+= 4.1285e-01 L-= 3.9648e-01  Keff= 8.00(min  7.99)  gmin=1.12e-01  floor=0.0e+00  |dM|=4.74e-04  step=1.00e+00
  it 1055  L= 3.138850e+02  comp= 2.7498e+01 expr= 2.8639e+02 L+= 4.1388e-01 L-= 3.9746e-01  Keff= 8.00(min  7.99)  gmin=1.12e-01  floor=0.0e+00  |dM|=4.74e-04  step=1.00e+00
  it 1056  L= 3.138678e+02  comp= 2.7498e+01 expr= 2.8637e+02 L+= 4.1492e-01 L-= 3.9844e-01  Keff= 8.00(min  7.99)  gmin=1.12e-01  floor=0.0e+00  |dM|=4.74e-04  step=1.00e+00
  it 1057  L= 3.138505e+02  comp= 2.7497e+01 expr= 2.8635e+02 L+= 4.1596e-01 L-= 3.9943e-01  Keff= 8.00(min  7.99)  gmin=1.12e-01  floor=0.0e+00  |dM|=4.75e-04  step=1.00e+00
  it 1058  L= 3.138331e+02  comp= 2.7497e+01 expr= 2.8634e+02 L+= 4.1700e-01 L-= 4.0042e-01  Keff= 8.00(min  7.99)  gmin=1.12e-01  floor=0.0e+00  |dM|=4.75e-04  step=1.00e+00
  it 1059  L= 3.138157e+02  comp= 2.7497e+01 expr= 2.8632e+02 L+= 4.1805e-01 L-= 4.0141e-01  Keff= 8.00(min  7.99)  gmin=1.12e-01  floor=0.0e+00  |dM|=4.75e-04  step=1.00e+00
  it 1060  L= 3.137982e+02  comp= 2.7497e+01 expr= 2.8630e+02 L+= 4.1910e-01 L-= 4.0241e-01  Keff= 8.00(min  7.99)  gmin=1.12e-01  floor=0.0e+00  |dM|=4.75e-04  step=1.00e+00
  it 1061  L= 3.137807e+02  comp= 2.7496e+01 expr= 2.8628e+02 L+= 4.2014e-01 L-= 4.0340e-01  Keff= 8.00(min  7.99)  gmin=1.12e-01  floor=0.0e+00  |dM|=4.76e-04  step=1.00e+00
  it 1062  L= 3.137632e+02  comp= 2.7496e+01 expr= 2.8627e+02 L+= 4.2120e-01 L-= 4.0440e-01  Keff= 8.00(min  7.99)  gmin=1.12e-01  floor=0.0e+00  |dM|=4.76e-04  step=1.00e+00
  it 1063  L= 3.137456e+02  comp= 2.7496e+01 expr= 2.8625e+02 L+= 4.2225e-01 L-= 4.0540e-01  Keff= 8.00(min  7.99)  gmin=1.12e-01  floor=0.0e+00  |dM|=4.76e-04  step=1.00e+00
  it 1064  L= 3.137279e+02  comp= 2.7496e+01 expr= 2.8623e+02 L+= 4.2331e-01 L-= 4.0640e-01  Keff= 8.00(min  7.99)  gmin=1.12e-01  floor=0.0e+00  |dM|=4.76e-04  step=1.00e+00
  it 1065  L= 3.137102e+02  comp= 2.7495e+01 expr= 2.8621e+02 L+= 4.2437e-01 L-= 4.0741e-01  Keff= 8.00(min  7.99)  gmin=1.12e-01  floor=0.0e+00  |dM|=4.77e-04  step=1.00e+00
  it 1066  L= 3.136924e+02  comp= 2.7495e+01 expr= 2.8620e+02 L+= 4.2543e-01 L-= 4.0841e-01  Keff= 8.00(min  7.99)  gmin=1.12e-01  floor=0.0e+00  |dM|=4.77e-04  step=1.00e+00
  it 1067  L= 3.136747e+02  comp= 2.7495e+01 expr= 2.8618e+02 L+= 4.2650e-01 L-= 4.0942e-01  Keff= 8.00(min  7.99)  gmin=1.12e-01  floor=0.0e+00  |dM|=4.77e-04  step=1.00e+00
  it 1068  L= 3.136568e+02  comp= 2.7495e+01 expr= 2.8616e+02 L+= 4.2756e-01 L-= 4.1043e-01  Keff= 8.00(min  7.99)  gmin=1.12e-01  floor=0.0e+00  |dM|=4.77e-04  step=1.00e+00
  it 1069  L= 3.136389e+02  comp= 2.7494e+01 expr= 2.8614e+02 L+= 4.2863e-01 L-= 4.1145e-01  Keff= 8.00(min  7.99)  gmin=1.12e-01  floor=0.0e+00  |dM|=4.78e-04  step=1.00e+00
  it 1070  L= 3.136209e+02  comp= 2.7494e+01 expr= 2.8613e+02 L+= 4.2970e-01 L-= 4.1246e-01  Keff= 8.00(min  7.99)  gmin=1.12e-01  floor=0.0e+00  |dM|=4.78e-04  step=1.00e+00
  it 1071  L= 3.136029e+02  comp= 2.7494e+01 expr= 2.8611e+02 L+= 4.3078e-01 L-= 4.1348e-01  Keff= 8.00(min  7.99)  gmin=1.11e-01  floor=0.0e+00  |dM|=4.78e-04  step=1.00e+00
  it 1072  L= 3.135849e+02  comp= 2.7494e+01 expr= 2.8609e+02 L+= 4.3185e-01 L-= 4.1449e-01  Keff= 8.00(min  7.99)  gmin=1.11e-01  floor=0.0e+00  |dM|=4.78e-04  step=1.00e+00
  it 1073  L= 3.135667e+02  comp= 2.7493e+01 expr= 2.8607e+02 L+= 4.3293e-01 L-= 4.1552e-01  Keff= 8.00(min  7.99)  gmin=1.11e-01  floor=0.0e+00  |dM|=4.79e-04  step=1.00e+00
  it 1074  L= 3.135486e+02  comp= 2.7493e+01 expr= 2.8606e+02 L+= 4.3401e-01 L-= 4.1655e-01  Keff= 8.00(min  7.99)  gmin=1.11e-01  floor=0.0e+00  |dM|=4.79e-04  step=1.00e+00
  it 1075  L= 3.135304e+02  comp= 2.7493e+01 expr= 2.8604e+02 L+= 4.3510e-01 L-= 4.1757e-01  Keff= 8.00(min  7.99)  gmin=1.11e-01  floor=0.0e+00  |dM|=4.79e-04  step=1.00e+00
  it 1076  L= 3.135121e+02  comp= 2.7492e+01 expr= 2.8602e+02 L+= 4.3618e-01 L-= 4.1860e-01  Keff= 8.00(min  7.99)  gmin=1.11e-01  floor=0.0e+00  |dM|=4.80e-04  step=1.00e+00
  it 1077  L= 3.134939e+02  comp= 2.7492e+01 expr= 2.8600e+02 L+= 4.3727e-01 L-= 4.1963e-01  Keff= 8.00(min  7.99)  gmin=1.11e-01  floor=0.0e+00  |dM|=4.80e-04  step=1.00e+00
  it 1078  L= 3.134755e+02  comp= 2.7492e+01 expr= 2.8598e+02 L+= 4.3836e-01 L-= 4.2066e-01  Keff= 8.00(min  7.99)  gmin=1.11e-01  floor=0.0e+00  |dM|=4.80e-04  step=1.00e+00
  it 1079  L= 3.134571e+02  comp= 2.7492e+01 expr= 2.8597e+02 L+= 4.3945e-01 L-= 4.2170e-01  Keff= 8.00(min  7.99)  gmin=1.11e-01  floor=0.0e+00  |dM|=4.80e-04  step=1.00e+00
  it 1080  L= 3.134386e+02  comp= 2.7491e+01 expr= 2.8595e+02 L+= 4.4055e-01 L-= 4.2273e-01  Keff= 8.00(min  7.99)  gmin=1.11e-01  floor=0.0e+00  |dM|=4.81e-04  step=1.00e+00
  it 1081  L= 3.134201e+02  comp= 2.7491e+01 expr= 2.8593e+02 L+= 4.4164e-01 L-= 4.2377e-01  Keff= 8.00(min  7.99)  gmin=1.11e-01  floor=0.0e+00  |dM|=4.81e-04  step=1.00e+00
  it 1082  L= 3.134016e+02  comp= 2.7491e+01 expr= 2.8591e+02 L+= 4.4274e-01 L-= 4.2481e-01  Keff= 8.00(min  7.99)  gmin=1.11e-01  floor=0.0e+00  |dM|=4.81e-04  step=1.00e+00
  it 1083  L= 3.133829e+02  comp= 2.7490e+01 expr= 2.8589e+02 L+= 4.4385e-01 L-= 4.2586e-01  Keff= 8.00(min  7.99)  gmin=1.11e-01  floor=0.0e+00  |dM|=4.82e-04  step=1.00e+00
  it 1084  L= 3.133643e+02  comp= 2.7490e+01 expr= 2.8587e+02 L+= 4.4495e-01 L-= 4.2690e-01  Keff= 8.00(min  7.99)  gmin=1.11e-01  floor=0.0e+00  |dM|=4.82e-04  step=1.00e+00
  it 1085  L= 3.133455e+02  comp= 2.7490e+01 expr= 2.8586e+02 L+= 4.4606e-01 L-= 4.2795e-01  Keff= 8.00(min  7.99)  gmin=1.11e-01  floor=0.0e+00  |dM|=4.82e-04  step=1.00e+00
  it 1086  L= 3.133268e+02  comp= 2.7490e+01 expr= 2.8584e+02 L+= 4.4717e-01 L-= 4.2900e-01  Keff= 8.00(min  7.99)  gmin=1.11e-01  floor=0.0e+00  |dM|=4.83e-04  step=1.00e+00
  it 1087  L= 3.133080e+02  comp= 2.7489e+01 expr= 2.8582e+02 L+= 4.4828e-01 L-= 4.3006e-01  Keff= 8.00(min  7.99)  gmin=1.11e-01  floor=0.0e+00  |dM|=4.83e-04  step=1.00e+00
  it 1088  L= 3.132891e+02  comp= 2.7489e+01 expr= 2.8580e+02 L+= 4.4939e-01 L-= 4.3111e-01  Keff= 8.00(min  7.99)  gmin=1.11e-01  floor=0.0e+00  |dM|=4.83e-04  step=1.00e+00
  it 1089  L= 3.132701e+02  comp= 2.7489e+01 expr= 2.8578e+02 L+= 4.5051e-01 L-= 4.3217e-01  Keff= 8.00(min  7.99)  gmin=1.11e-01  floor=0.0e+00  |dM|=4.83e-04  step=1.00e+00
  it 1090  L= 3.132512e+02  comp= 2.7488e+01 expr= 2.8576e+02 L+= 4.5163e-01 L-= 4.3323e-01  Keff= 8.00(min  7.99)  gmin=1.11e-01  floor=0.0e+00  |dM|=4.84e-04  step=1.00e+00
  it 1091  L= 3.132322e+02  comp= 2.7488e+01 expr= 2.8574e+02 L+= 4.5275e-01 L-= 4.3429e-01  Keff= 8.00(min  7.99)  gmin=1.11e-01  floor=0.0e+00  |dM|=4.84e-04  step=1.00e+00
  it 1092  L= 3.132131e+02  comp= 2.7488e+01 expr= 2.8573e+02 L+= 4.5387e-01 L-= 4.3535e-01  Keff= 8.00(min  7.99)  gmin=1.11e-01  floor=0.0e+00  |dM|=4.84e-04  step=1.00e+00
  it 1093  L= 3.131940e+02  comp= 2.7487e+01 expr= 2.8571e+02 L+= 4.5500e-01 L-= 4.3642e-01  Keff= 8.00(min  7.99)  gmin=1.11e-01  floor=0.0e+00  |dM|=4.85e-04  step=1.00e+00
  it 1094  L= 3.131748e+02  comp= 2.7487e+01 expr= 2.8569e+02 L+= 4.5613e-01 L-= 4.3749e-01  Keff= 8.00(min  7.99)  gmin=1.11e-01  floor=0.0e+00  |dM|=4.85e-04  step=1.00e+00
  it 1095  L= 3.131555e+02  comp= 2.7487e+01 expr= 2.8567e+02 L+= 4.5726e-01 L-= 4.3856e-01  Keff= 8.00(min  7.99)  gmin=1.11e-01  floor=0.0e+00  |dM|=4.85e-04  step=1.00e+00
  it 1096  L= 3.131363e+02  comp= 2.7487e+01 expr= 2.8565e+02 L+= 4.5840e-01 L-= 4.3963e-01  Keff= 8.00(min  7.99)  gmin=1.11e-01  floor=0.0e+00  |dM|=4.86e-04  step=1.00e+00
  it 1097  L= 3.131170e+02  comp= 2.7486e+01 expr= 2.8563e+02 L+= 4.5953e-01 L-= 4.4070e-01  Keff= 8.00(min  7.99)  gmin=1.11e-01  floor=0.0e+00  |dM|=4.86e-04  step=1.00e+00
  it 1098  L= 3.130976e+02  comp= 2.7486e+01 expr= 2.8561e+02 L+= 4.6067e-01 L-= 4.4178e-01  Keff= 8.00(min  7.99)  gmin=1.11e-01  floor=0.0e+00  |dM|=4.86e-04  step=1.00e+00
  it 1099  L= 3.130781e+02  comp= 2.7486e+01 expr= 2.8559e+02 L+= 4.6181e-01 L-= 4.4286e-01  Keff= 8.00(min  7.99)  gmin=1.11e-01  floor=0.0e+00  |dM|=4.86e-04  step=1.00e+00
  it 1100  L= 3.130586e+02  comp= 2.7485e+01 expr= 2.8557e+02 L+= 4.6295e-01 L-= 4.4394e-01  Keff= 8.00(min  7.99)  gmin=1.11e-01  floor=0.0e+00  |dM|=4.87e-04  step=1.00e+00
  it 1101  L= 3.130391e+02  comp= 2.7485e+01 expr= 2.8555e+02 L+= 4.6410e-01 L-= 4.4502e-01  Keff= 8.00(min  7.99)  gmin=1.11e-01  floor=0.0e+00  |dM|=4.87e-04  step=1.00e+00
  it 1102  L= 3.130195e+02  comp= 2.7485e+01 expr= 2.8553e+02 L+= 4.6524e-01 L-= 4.4611e-01  Keff= 8.00(min  7.99)  gmin=1.11e-01  floor=0.0e+00  |dM|=4.87e-04  step=1.00e+00
  it 1103  L= 3.129999e+02  comp= 2.7484e+01 expr= 2.8552e+02 L+= 4.6639e-01 L-= 4.4720e-01  Keff= 8.00(min  7.99)  gmin=1.11e-01  floor=0.0e+00  |dM|=4.88e-04  step=1.00e+00
  it 1104  L= 3.129802e+02  comp= 2.7484e+01 expr= 2.8550e+02 L+= 4.6755e-01 L-= 4.4829e-01  Keff= 8.00(min  7.99)  gmin=1.11e-01  floor=0.0e+00  |dM|=4.88e-04  step=1.00e+00
  it 1105  L= 3.129604e+02  comp= 2.7484e+01 expr= 2.8548e+02 L+= 4.6870e-01 L-= 4.4938e-01  Keff= 8.00(min  7.99)  gmin=1.11e-01  floor=0.0e+00  |dM|=4.88e-04  step=1.00e+00
  it 1106  L= 3.129406e+02  comp= 2.7483e+01 expr= 2.8546e+02 L+= 4.6986e-01 L-= 4.5047e-01  Keff= 8.00(min  7.99)  gmin=1.11e-01  floor=0.0e+00  |dM|=4.88e-04  step=1.00e+00
  it 1107  L= 3.129208e+02  comp= 2.7483e+01 expr= 2.8544e+02 L+= 4.7102e-01 L-= 4.5157e-01  Keff= 8.00(min  7.99)  gmin=1.11e-01  floor=0.0e+00  |dM|=4.89e-04  step=1.00e+00
  it 1108  L= 3.129009e+02  comp= 2.7483e+01 expr= 2.8542e+02 L+= 4.7218e-01 L-= 4.5267e-01  Keff= 8.00(min  7.99)  gmin=1.11e-01  floor=0.0e+00  |dM|=4.89e-04  step=1.00e+00
  it 1109  L= 3.128809e+02  comp= 2.7482e+01 expr= 2.8540e+02 L+= 4.7335e-01 L-= 4.5377e-01  Keff= 8.00(min  7.99)  gmin=1.11e-01  floor=0.0e+00  |dM|=4.89e-04  step=1.00e+00
  it 1110  L= 3.128609e+02  comp= 2.7482e+01 expr= 2.8538e+02 L+= 4.7451e-01 L-= 4.5487e-01  Keff= 8.00(min  7.98)  gmin=1.11e-01  floor=0.0e+00  |dM|=4.89e-04  step=1.00e+00
  it 1111  L= 3.128408e+02  comp= 2.7482e+01 expr= 2.8536e+02 L+= 4.7568e-01 L-= 4.5597e-01  Keff= 8.00(min  7.98)  gmin=1.11e-01  floor=0.0e+00  |dM|=4.90e-04  step=1.00e+00
  it 1112  L= 3.128207e+02  comp= 2.7481e+01 expr= 2.8534e+02 L+= 4.7685e-01 L-= 4.5708e-01  Keff= 8.00(min  7.98)  gmin=1.11e-01  floor=0.0e+00  |dM|=4.90e-04  step=1.00e+00
  it 1113  L= 3.128006e+02  comp= 2.7481e+01 expr= 2.8532e+02 L+= 4.7803e-01 L-= 4.5819e-01  Keff= 8.00(min  7.98)  gmin=1.11e-01  floor=0.0e+00  |dM|=4.90e-04  step=1.00e+00
  it 1114  L= 3.127803e+02  comp= 2.7481e+01 expr= 2.8530e+02 L+= 4.7920e-01 L-= 4.5931e-01  Keff= 8.00(min  7.98)  gmin=1.11e-01  floor=0.0e+00  |dM|=4.90e-04  step=1.00e+00
  it 1115  L= 3.127600e+02  comp= 2.7480e+01 expr= 2.8528e+02 L+= 4.8038e-01 L-= 4.6042e-01  Keff= 8.00(min  7.98)  gmin=1.11e-01  floor=0.0e+00  |dM|=4.91e-04  step=1.00e+00
  it 1116  L= 3.127397e+02  comp= 2.7480e+01 expr= 2.8526e+02 L+= 4.8156e-01 L-= 4.6153e-01  Keff= 8.00(min  7.98)  gmin=1.11e-01  floor=0.0e+00  |dM|=4.91e-04  step=1.00e+00
  it 1117  L= 3.127194e+02  comp= 2.7480e+01 expr= 2.8524e+02 L+= 4.8275e-01 L-= 4.6265e-01  Keff= 8.00(min  7.98)  gmin=1.11e-01  floor=0.0e+00  |dM|=4.91e-04  step=1.00e+00
  it 1118  L= 3.126990e+02  comp= 2.7479e+01 expr= 2.8522e+02 L+= 4.8393e-01 L-= 4.6378e-01  Keff= 8.00(min  7.98)  gmin=1.11e-01  floor=0.0e+00  |dM|=4.91e-04  step=1.00e+00
  it 1119  L= 3.126784e+02  comp= 2.7479e+01 expr= 2.8520e+02 L+= 4.8512e-01 L-= 4.6490e-01  Keff= 8.00(min  7.98)  gmin=1.11e-01  floor=0.0e+00  |dM|=4.92e-04  step=1.00e+00
  it 1120  L= 3.126579e+02  comp= 2.7479e+01 expr= 2.8518e+02 L+= 4.8631e-01 L-= 4.6602e-01  Keff= 8.00(min  7.98)  gmin=1.11e-01  floor=0.0e+00  |dM|=4.92e-04  step=1.00e+00
  it 1121  L= 3.126373e+02  comp= 2.7478e+01 expr= 2.8516e+02 L+= 4.8750e-01 L-= 4.6715e-01  Keff= 8.00(min  7.98)  gmin=1.11e-01  floor=0.0e+00  |dM|=4.92e-04  step=1.00e+00
  it 1122  L= 3.126167e+02  comp= 2.7478e+01 expr= 2.8514e+02 L+= 4.8870e-01 L-= 4.6828e-01  Keff= 8.00(min  7.98)  gmin=1.11e-01  floor=0.0e+00  |dM|=4.92e-04  step=1.00e+00
  it 1123  L= 3.125960e+02  comp= 2.7477e+01 expr= 2.8512e+02 L+= 4.8990e-01 L-= 4.6941e-01  Keff= 8.00(min  7.98)  gmin=1.11e-01  floor=0.0e+00  |dM|=4.92e-04  step=1.00e+00
  it 1124  L= 3.125753e+02  comp= 2.7477e+01 expr= 2.8510e+02 L+= 4.9109e-01 L-= 4.7054e-01  Keff= 8.00(min  7.98)  gmin=1.11e-01  floor=0.0e+00  |dM|=4.93e-04  step=1.00e+00
  it 1125  L= 3.125545e+02  comp= 2.7477e+01 expr= 2.8508e+02 L+= 4.9230e-01 L-= 4.7168e-01  Keff= 8.00(min  7.98)  gmin=1.11e-01  floor=0.0e+00  |dM|=4.93e-04  step=1.00e+00
  it 1126  L= 3.125337e+02  comp= 2.7476e+01 expr= 2.8506e+02 L+= 4.9350e-01 L-= 4.7282e-01  Keff= 8.00(min  7.98)  gmin=1.11e-01  floor=0.0e+00  |dM|=4.93e-04  step=1.00e+00
  it 1127  L= 3.125128e+02  comp= 2.7476e+01 expr= 2.8504e+02 L+= 4.9471e-01 L-= 4.7395e-01  Keff= 8.00(min  7.98)  gmin=1.11e-01  floor=0.0e+00  |dM|=4.93e-04  step=1.00e+00
  it 1128  L= 3.124919e+02  comp= 2.7476e+01 expr= 2.8502e+02 L+= 4.9592e-01 L-= 4.7510e-01  Keff= 8.00(min  7.98)  gmin=1.11e-01  floor=0.0e+00  |dM|=4.93e-04  step=1.00e+00
  it 1129  L= 3.124708e+02  comp= 2.7475e+01 expr= 2.8500e+02 L+= 4.9713e-01 L-= 4.7624e-01  Keff= 8.00(min  7.98)  gmin=1.11e-01  floor=0.0e+00  |dM|=4.94e-04  step=1.00e+00
  it 1130  L= 3.124498e+02  comp= 2.7475e+01 expr= 2.8497e+02 L+= 4.9834e-01 L-= 4.7739e-01  Keff= 8.00(min  7.98)  gmin=1.11e-01  floor=0.0e+00  |dM|=4.94e-04  step=1.00e+00
  it 1131  L= 3.124286e+02  comp= 2.7475e+01 expr= 2.8495e+02 L+= 4.9956e-01 L-= 4.7854e-01  Keff= 8.00(min  7.98)  gmin=1.11e-01  floor=0.0e+00  |dM|=4.94e-04  step=1.00e+00
  it 1132  L= 3.124075e+02  comp= 2.7474e+01 expr= 2.8493e+02 L+= 5.0078e-01 L-= 4.7969e-01  Keff= 8.00(min  7.98)  gmin=1.11e-01  floor=0.0e+00  |dM|=4.94e-04  step=1.00e+00
  it 1133  L= 3.123863e+02  comp= 2.7474e+01 expr= 2.8491e+02 L+= 5.0200e-01 L-= 4.8084e-01  Keff= 8.00(min  7.98)  gmin=1.11e-01  floor=0.0e+00  |dM|=4.94e-04  step=1.00e+00
  it 1134  L= 3.123651e+02  comp= 2.7473e+01 expr= 2.8489e+02 L+= 5.0322e-01 L-= 4.8199e-01  Keff= 8.00(min  7.98)  gmin=1.11e-01  floor=0.0e+00  |dM|=4.94e-04  step=1.00e+00
  it 1135  L= 3.123437e+02  comp= 2.7473e+01 expr= 2.8487e+02 L+= 5.0445e-01 L-= 4.8315e-01  Keff= 8.00(min  7.98)  gmin=1.11e-01  floor=0.0e+00  |dM|=4.95e-04  step=1.00e+00
  it 1136  L= 3.123223e+02  comp= 2.7473e+01 expr= 2.8485e+02 L+= 5.0567e-01 L-= 4.8431e-01  Keff= 8.00(min  7.98)  gmin=1.11e-01  floor=0.0e+00  |dM|=4.95e-04  step=1.00e+00
  it 1137  L= 3.123009e+02  comp= 2.7472e+01 expr= 2.8483e+02 L+= 5.0691e-01 L-= 4.8547e-01  Keff= 8.00(min  7.98)  gmin=1.11e-01  floor=0.0e+00  |dM|=4.95e-04  step=1.00e+00
  it 1138  L= 3.122794e+02  comp= 2.7472e+01 expr= 2.8481e+02 L+= 5.0814e-01 L-= 4.8663e-01  Keff= 8.00(min  7.98)  gmin=1.11e-01  floor=0.0e+00  |dM|=4.95e-04  step=1.00e+00
  it 1139  L= 3.122579e+02  comp= 2.7471e+01 expr= 2.8479e+02 L+= 5.0937e-01 L-= 4.8780e-01  Keff= 8.00(min  7.98)  gmin=1.11e-01  floor=0.0e+00  |dM|=4.95e-04  step=1.00e+00
  it 1140  L= 3.122363e+02  comp= 2.7471e+01 expr= 2.8477e+02 L+= 5.1061e-01 L-= 4.8897e-01  Keff= 8.00(min  7.98)  gmin=1.11e-01  floor=0.0e+00  |dM|=4.95e-04  step=1.00e+00
  it 1141  L= 3.122147e+02  comp= 2.7471e+01 expr= 2.8474e+02 L+= 5.1185e-01 L-= 4.9014e-01  Keff= 8.00(min  7.98)  gmin=1.11e-01  floor=0.0e+00  |dM|=4.96e-04  step=1.00e+00
  it 1142  L= 3.121930e+02  comp= 2.7470e+01 expr= 2.8472e+02 L+= 5.1309e-01 L-= 4.9131e-01  Keff= 8.00(min  7.98)  gmin=1.11e-01  floor=0.0e+00  |dM|=4.96e-04  step=1.00e+00
  it 1143  L= 3.121713e+02  comp= 2.7470e+01 expr= 2.8470e+02 L+= 5.1433e-01 L-= 4.9248e-01  Keff= 8.00(min  7.98)  gmin=1.11e-01  floor=0.0e+00  |dM|=4.96e-04  step=1.00e+00
  it 1144  L= 3.121495e+02  comp= 2.7469e+01 expr= 2.8468e+02 L+= 5.1558e-01 L-= 4.9366e-01  Keff= 8.00(min  7.98)  gmin=1.11e-01  floor=0.0e+00  |dM|=4.96e-04  step=1.00e+00
  it 1145  L= 3.121277e+02  comp= 2.7469e+01 expr= 2.8466e+02 L+= 5.1683e-01 L-= 4.9483e-01  Keff= 8.00(min  7.98)  gmin=1.11e-01  floor=0.0e+00  |dM|=4.96e-04  step=1.00e+00
  it 1146  L= 3.121058e+02  comp= 2.7469e+01 expr= 2.8464e+02 L+= 5.1808e-01 L-= 4.9601e-01  Keff= 8.00(min  7.98)  gmin=1.11e-01  floor=0.0e+00  |dM|=4.96e-04  step=1.00e+00
  it 1147  L= 3.120838e+02  comp= 2.7468e+01 expr= 2.8462e+02 L+= 5.1933e-01 L-= 4.9720e-01  Keff= 8.00(min  7.98)  gmin=1.11e-01  floor=0.0e+00  |dM|=4.97e-04  step=1.00e+00
  it 1148  L= 3.120619e+02  comp= 2.7468e+01 expr= 2.8459e+02 L+= 5.2059e-01 L-= 4.9838e-01  Keff= 8.00(min  7.98)  gmin=1.11e-01  floor=0.0e+00  |dM|=4.97e-04  step=1.00e+00
  it 1149  L= 3.120398e+02  comp= 2.7467e+01 expr= 2.8457e+02 L+= 5.2185e-01 L-= 4.9957e-01  Keff= 8.00(min  7.98)  gmin=1.11e-01  floor=0.0e+00  |dM|=4.97e-04  step=1.00e+00
  it 1150  L= 3.120177e+02  comp= 2.7467e+01 expr= 2.8455e+02 L+= 5.2310e-01 L-= 5.0075e-01  Keff= 8.00(min  7.98)  gmin=1.11e-01  floor=0.0e+00  |dM|=4.97e-04  step=1.00e+00
  it 1151  L= 3.119956e+02  comp= 2.7467e+01 expr= 2.8453e+02 L+= 5.2436e-01 L-= 5.0194e-01  Keff= 8.00(min  7.98)  gmin=1.11e-01  floor=0.0e+00  |dM|=4.97e-04  step=1.00e+00
  it 1152  L= 3.119734e+02  comp= 2.7466e+01 expr= 2.8451e+02 L+= 5.2563e-01 L-= 5.0313e-01  Keff= 8.00(min  7.98)  gmin=1.11e-01  floor=0.0e+00  |dM|=4.97e-04  step=1.00e+00
  it 1153  L= 3.119511e+02  comp= 2.7466e+01 expr= 2.8449e+02 L+= 5.2690e-01 L-= 5.0433e-01  Keff= 8.00(min  7.98)  gmin=1.11e-01  floor=0.0e+00  |dM|=4.97e-04  step=1.00e+00
  it 1154  L= 3.119288e+02  comp= 2.7465e+01 expr= 2.8446e+02 L+= 5.2817e-01 L-= 5.0553e-01  Keff= 8.00(min  7.98)  gmin=1.11e-01  floor=0.0e+00  |dM|=4.98e-04  step=1.00e+00
  it 1155  L= 3.119065e+02  comp= 2.7465e+01 expr= 2.8444e+02 L+= 5.2943e-01 L-= 5.0672e-01  Keff= 8.00(min  7.98)  gmin=1.11e-01  floor=0.0e+00  |dM|=4.98e-04  step=1.00e+00
  it 1156  L= 3.118841e+02  comp= 2.7465e+01 expr= 2.8442e+02 L+= 5.3071e-01 L-= 5.0792e-01  Keff= 7.99(min  7.98)  gmin=1.11e-01  floor=0.0e+00  |dM|=4.98e-04  step=1.00e+00
  it 1157  L= 3.118616e+02  comp= 2.7464e+01 expr= 2.8440e+02 L+= 5.3198e-01 L-= 5.0913e-01  Keff= 7.99(min  7.98)  gmin=1.11e-01  floor=0.0e+00  |dM|=4.98e-04  step=1.00e+00
  it 1158  L= 3.118391e+02  comp= 2.7464e+01 expr= 2.8438e+02 L+= 5.3326e-01 L-= 5.1033e-01  Keff= 7.99(min  7.98)  gmin=1.11e-01  floor=0.0e+00  |dM|=4.98e-04  step=1.00e+00
  it 1159  L= 3.118166e+02  comp= 2.7463e+01 expr= 2.8435e+02 L+= 5.3454e-01 L-= 5.1154e-01  Keff= 7.99(min  7.98)  gmin=1.11e-01  floor=0.0e+00  |dM|=4.98e-04  step=1.00e+00
  it 1160  L= 3.117939e+02  comp= 2.7463e+01 expr= 2.8433e+02 L+= 5.3582e-01 L-= 5.1275e-01  Keff= 7.99(min  7.98)  gmin=1.11e-01  floor=0.0e+00  |dM|=4.98e-04  step=1.00e+00
  it 1161  L= 3.117713e+02  comp= 2.7462e+01 expr= 2.8431e+02 L+= 5.3711e-01 L-= 5.1396e-01  Keff= 7.99(min  7.98)  gmin=1.11e-01  floor=0.0e+00  |dM|=4.99e-04  step=1.00e+00
  it 1162  L= 3.117486e+02  comp= 2.7462e+01 expr= 2.8429e+02 L+= 5.3839e-01 L-= 5.1517e-01  Keff= 7.99(min  7.98)  gmin=1.10e-01  floor=0.0e+00  |dM|=4.99e-04  step=1.00e+00
  it 1163  L= 3.117258e+02  comp= 2.7461e+01 expr= 2.8426e+02 L+= 5.3968e-01 L-= 5.1638e-01  Keff= 7.99(min  7.98)  gmin=1.10e-01  floor=0.0e+00  |dM|=4.99e-04  step=1.00e+00
  it 1164  L= 3.117030e+02  comp= 2.7461e+01 expr= 2.8424e+02 L+= 5.4098e-01 L-= 5.1760e-01  Keff= 7.99(min  7.98)  gmin=1.10e-01  floor=0.0e+00  |dM|=4.99e-04  step=1.00e+00
  it 1165  L= 3.116801e+02  comp= 2.7461e+01 expr= 2.8422e+02 L+= 5.4227e-01 L-= 5.1882e-01  Keff= 7.99(min  7.98)  gmin=1.10e-01  floor=0.0e+00  |dM|=4.99e-04  step=1.00e+00
  it 1166  L= 3.116573e+02  comp= 2.7460e+01 expr= 2.8420e+02 L+= 5.4356e-01 L-= 5.2004e-01  Keff= 7.99(min  7.98)  gmin=1.10e-01  floor=0.0e+00  |dM|=4.99e-04  step=1.00e+00
  it 1167  L= 3.116343e+02  comp= 2.7460e+01 expr= 2.8417e+02 L+= 5.4486e-01 L-= 5.2126e-01  Keff= 7.99(min  7.98)  gmin=1.10e-01  floor=0.0e+00  |dM|=5.00e-04  step=1.00e+00
  it 1168  L= 3.116113e+02  comp= 2.7459e+01 expr= 2.8415e+02 L+= 5.4616e-01 L-= 5.2249e-01  Keff= 7.99(min  7.98)  gmin=1.10e-01  floor=0.0e+00  |dM|=5.00e-04  step=1.00e+00
  it 1169  L= 3.115882e+02  comp= 2.7459e+01 expr= 2.8413e+02 L+= 5.4746e-01 L-= 5.2371e-01  Keff= 7.99(min  7.98)  gmin=1.10e-01  floor=0.0e+00  |dM|=5.00e-04  step=1.00e+00
  it 1170  L= 3.115651e+02  comp= 2.7458e+01 expr= 2.8411e+02 L+= 5.4877e-01 L-= 5.2494e-01  Keff= 7.99(min  7.98)  gmin=1.10e-01  floor=0.0e+00  |dM|=5.00e-04  step=1.00e+00
  it 1171  L= 3.115419e+02  comp= 2.7458e+01 expr= 2.8408e+02 L+= 5.5007e-01 L-= 5.2617e-01  Keff= 7.99(min  7.98)  gmin=1.10e-01  floor=0.0e+00  |dM|=5.00e-04  step=1.00e+00
  it 1172  L= 3.115187e+02  comp= 2.7457e+01 expr= 2.8406e+02 L+= 5.5138e-01 L-= 5.2740e-01  Keff= 7.99(min  7.98)  gmin=1.10e-01  floor=0.0e+00  |dM|=5.00e-04  step=1.00e+00
  it 1173  L= 3.114954e+02  comp= 2.7457e+01 expr= 2.8404e+02 L+= 5.5269e-01 L-= 5.2864e-01  Keff= 7.99(min  7.98)  gmin=1.10e-01  floor=0.0e+00  |dM|=5.01e-04  step=1.00e+00
  it 1174  L= 3.114720e+02  comp= 2.7456e+01 expr= 2.8402e+02 L+= 5.5400e-01 L-= 5.2987e-01  Keff= 7.99(min  7.98)  gmin=1.10e-01  floor=0.0e+00  |dM|=5.01e-04  step=1.00e+00
  it 1175  L= 3.114487e+02  comp= 2.7456e+01 expr= 2.8399e+02 L+= 5.5532e-01 L-= 5.3111e-01  Keff= 7.99(min  7.98)  gmin=1.10e-01  floor=0.0e+00  |dM|=5.01e-04  step=1.00e+00
  it 1176  L= 3.114253e+02  comp= 2.7456e+01 expr= 2.8397e+02 L+= 5.5663e-01 L-= 5.3235e-01  Keff= 7.99(min  7.98)  gmin=1.10e-01  floor=0.0e+00  |dM|=5.01e-04  step=1.00e+00
  it 1177  L= 3.114018e+02  comp= 2.7455e+01 expr= 2.8395e+02 L+= 5.5795e-01 L-= 5.3359e-01  Keff= 7.99(min  7.98)  gmin=1.10e-01  floor=0.0e+00  |dM|=5.01e-04  step=1.00e+00
  it 1178  L= 3.113783e+02  comp= 2.7455e+01 expr= 2.8392e+02 L+= 5.5927e-01 L-= 5.3484e-01  Keff= 7.99(min  7.98)  gmin=1.10e-01  floor=0.0e+00  |dM|=5.01e-04  step=1.00e+00
  it 1179  L= 3.113547e+02  comp= 2.7454e+01 expr= 2.8390e+02 L+= 5.6060e-01 L-= 5.3608e-01  Keff= 7.99(min  7.98)  gmin=1.10e-01  floor=0.0e+00  |dM|=5.02e-04  step=1.00e+00
  it 1180  L= 3.113311e+02  comp= 2.7454e+01 expr= 2.8388e+02 L+= 5.6192e-01 L-= 5.3733e-01  Keff= 7.99(min  7.98)  gmin=1.10e-01  floor=0.0e+00  |dM|=5.02e-04  step=1.00e+00
  it 1181  L= 3.113074e+02  comp= 2.7453e+01 expr= 2.8385e+02 L+= 5.6325e-01 L-= 5.3858e-01  Keff= 7.99(min  7.98)  gmin=1.10e-01  floor=0.0e+00  |dM|=5.02e-04  step=1.00e+00
  it 1182  L= 3.112837e+02  comp= 2.7453e+01 expr= 2.8383e+02 L+= 5.6458e-01 L-= 5.3983e-01  Keff= 7.99(min  7.98)  gmin=1.10e-01  floor=0.0e+00  |dM|=5.02e-04  step=1.00e+00
  it 1183  L= 3.112599e+02  comp= 2.7452e+01 expr= 2.8381e+02 L+= 5.6591e-01 L-= 5.4108e-01  Keff= 7.99(min  7.98)  gmin=1.10e-01  floor=0.0e+00  |dM|=5.02e-04  step=1.00e+00
  it 1184  L= 3.112361e+02  comp= 2.7452e+01 expr= 2.8378e+02 L+= 5.6725e-01 L-= 5.4234e-01  Keff= 7.99(min  7.98)  gmin=1.10e-01  floor=0.0e+00  |dM|=5.03e-04  step=1.00e+00
  it 1185  L= 3.112122e+02  comp= 2.7451e+01 expr= 2.8376e+02 L+= 5.6858e-01 L-= 5.4360e-01  Keff= 7.99(min  7.98)  gmin=1.10e-01  floor=0.0e+00  |dM|=5.03e-04  step=1.00e+00
  it 1186  L= 3.111884e+02  comp= 2.7451e+01 expr= 2.8374e+02 L+= 5.6992e-01 L-= 5.4485e-01  Keff= 7.99(min  7.98)  gmin=1.10e-01  floor=0.0e+00  |dM|=5.03e-04  step=1.00e+00
  it 1187  L= 3.111643e+02  comp= 2.7450e+01 expr= 2.8371e+02 L+= 5.7126e-01 L-= 5.4611e-01  Keff= 7.99(min  7.98)  gmin=1.10e-01  floor=0.0e+00  |dM|=5.03e-04  step=1.00e+00
  it 1188  L= 3.111403e+02  comp= 2.7450e+01 expr= 2.8369e+02 L+= 5.7260e-01 L-= 5.4737e-01  Keff= 7.99(min  7.98)  gmin=1.10e-01  floor=0.0e+00  |dM|=5.03e-04  step=1.00e+00
  it 1189  L= 3.111163e+02  comp= 2.7449e+01 expr= 2.8367e+02 L+= 5.7395e-01 L-= 5.4864e-01  Keff= 7.99(min  7.98)  gmin=1.10e-01  floor=0.0e+00  |dM|=5.03e-04  step=1.00e+00
  it 1190  L= 3.110921e+02  comp= 2.7449e+01 expr= 2.8364e+02 L+= 5.7529e-01 L-= 5.4991e-01  Keff= 7.99(min  7.98)  gmin=1.10e-01  floor=0.0e+00  |dM|=5.04e-04  step=1.00e+00
  it 1191  L= 3.110679e+02  comp= 2.7448e+01 expr= 2.8362e+02 L+= 5.7664e-01 L-= 5.5117e-01  Keff= 7.99(min  7.98)  gmin=1.10e-01  floor=0.0e+00  |dM|=5.04e-04  step=1.00e+00
  it 1192  L= 3.110437e+02  comp= 2.7448e+01 expr= 2.8360e+02 L+= 5.7799e-01 L-= 5.5244e-01  Keff= 7.99(min  7.98)  gmin=1.10e-01  floor=0.0e+00  |dM|=5.04e-04  step=1.00e+00
  it 1193  L= 3.110195e+02  comp= 2.7447e+01 expr= 2.8357e+02 L+= 5.7934e-01 L-= 5.5371e-01  Keff= 7.99(min  7.98)  gmin=1.10e-01  floor=0.0e+00  |dM|=5.04e-04  step=1.00e+00
  it 1194  L= 3.109951e+02  comp= 2.7447e+01 expr= 2.8355e+02 L+= 5.8069e-01 L-= 5.5499e-01  Keff= 7.99(min  7.98)  gmin=1.10e-01  floor=0.0e+00  |dM|=5.04e-04  step=1.00e+00
  it 1195  L= 3.109708e+02  comp= 2.7446e+01 expr= 2.8352e+02 L+= 5.8205e-01 L-= 5.5626e-01  Keff= 7.99(min  7.98)  gmin=1.10e-01  floor=0.0e+00  |dM|=5.04e-04  step=1.00e+00
  it 1196  L= 3.109464e+02  comp= 2.7446e+01 expr= 2.8350e+02 L+= 5.8341e-01 L-= 5.5754e-01  Keff= 7.99(min  7.98)  gmin=1.10e-01  floor=0.0e+00  |dM|=5.05e-04  step=1.00e+00
  it 1197  L= 3.109219e+02  comp= 2.7445e+01 expr= 2.8348e+02 L+= 5.8477e-01 L-= 5.5882e-01  Keff= 7.99(min  7.98)  gmin=1.10e-01  floor=0.0e+00  |dM|=5.05e-04  step=1.00e+00
  it 1198  L= 3.108974e+02  comp= 2.7445e+01 expr= 2.8345e+02 L+= 5.8613e-01 L-= 5.6010e-01  Keff= 7.99(min  7.98)  gmin=1.10e-01  floor=0.0e+00  |dM|=5.05e-04  step=1.00e+00
  it 1199  L= 3.108728e+02  comp= 2.7444e+01 expr= 2.8343e+02 L+= 5.8750e-01 L-= 5.6138e-01  Keff= 7.99(min  7.98)  gmin=1.10e-01  floor=0.0e+00  |dM|=5.05e-04  step=1.00e+00
  it 1200  L= 3.108482e+02  comp= 2.7444e+01 expr= 2.8340e+02 L+= 5.8886e-01 L-= 5.6266e-01  Keff= 7.99(min  7.98)  gmin=1.10e-01  floor=0.0e+00  |dM|=5.05e-04  step=1.00e+00
  it 1201  L= 3.108235e+02  comp= 2.7443e+01 expr= 2.8338e+02 L+= 5.9023e-01 L-= 5.6395e-01  Keff= 7.99(min  7.98)  gmin=1.10e-01  floor=0.0e+00  |dM|=5.05e-04  step=1.00e+00
  it 1202  L= 3.107988e+02  comp= 2.7443e+01 expr= 2.8336e+02 L+= 5.9160e-01 L-= 5.6524e-01  Keff= 7.99(min  7.98)  gmin=1.10e-01  floor=0.0e+00  |dM|=5.06e-04  step=1.00e+00
  it 1203  L= 3.107741e+02  comp= 2.7442e+01 expr= 2.8333e+02 L+= 5.9298e-01 L-= 5.6653e-01  Keff= 7.99(min  7.98)  gmin=1.10e-01  floor=0.0e+00  |dM|=5.06e-04  step=1.00e+00
  it 1204  L= 3.107492e+02  comp= 2.7441e+01 expr= 2.8331e+02 L+= 5.9435e-01 L-= 5.6782e-01  Keff= 7.99(min  7.98)  gmin=1.10e-01  floor=0.0e+00  |dM|=5.06e-04  step=1.00e+00
  it 1205  L= 3.107244e+02  comp= 2.7441e+01 expr= 2.8328e+02 L+= 5.9573e-01 L-= 5.6911e-01  Keff= 7.99(min  7.98)  gmin=1.10e-01  floor=0.0e+00  |dM|=5.06e-04  step=1.00e+00
  it 1206  L= 3.106995e+02  comp= 2.7440e+01 expr= 2.8326e+02 L+= 5.9710e-01 L-= 5.7041e-01  Keff= 7.99(min  7.98)  gmin=1.10e-01  floor=0.0e+00  |dM|=5.06e-04  step=1.00e+00
  it 1207  L= 3.106745e+02  comp= 2.7440e+01 expr= 2.8323e+02 L+= 5.9848e-01 L-= 5.7170e-01  Keff= 7.99(min  7.98)  gmin=1.10e-01  floor=0.0e+00  |dM|=5.06e-04  step=1.00e+00
  it 1208  L= 3.106495e+02  comp= 2.7439e+01 expr= 2.8321e+02 L+= 5.9987e-01 L-= 5.7300e-01  Keff= 7.99(min  7.98)  gmin=1.10e-01  floor=0.0e+00  |dM|=5.06e-04  step=1.00e+00
  it 1209  L= 3.106245e+02  comp= 2.7439e+01 expr= 2.8319e+02 L+= 6.0125e-01 L-= 5.7430e-01  Keff= 7.99(min  7.98)  gmin=1.10e-01  floor=0.0e+00  |dM|=5.06e-04  step=1.00e+00
  it 1210  L= 3.105994e+02  comp= 2.7438e+01 expr= 2.8316e+02 L+= 6.0264e-01 L-= 5.7560e-01  Keff= 7.99(min  7.98)  gmin=1.10e-01  floor=0.0e+00  |dM|=5.06e-04  step=1.00e+00
  it 1211  L= 3.105742e+02  comp= 2.7438e+01 expr= 2.8314e+02 L+= 6.0402e-01 L-= 5.7691e-01  Keff= 7.99(min  7.98)  gmin=1.10e-01  floor=0.0e+00  |dM|=5.07e-04  step=1.00e+00
  it 1212  L= 3.105491e+02  comp= 2.7437e+01 expr= 2.8311e+02 L+= 6.0541e-01 L-= 5.7821e-01  Keff= 7.99(min  7.98)  gmin=1.10e-01  floor=0.0e+00  |dM|=5.07e-04  step=1.00e+00
  it 1213  L= 3.105238e+02  comp= 2.7437e+01 expr= 2.8309e+02 L+= 6.0681e-01 L-= 5.7952e-01  Keff= 7.99(min  7.98)  gmin=1.10e-01  floor=0.0e+00  |dM|=5.07e-04  step=1.00e+00
  it 1214  L= 3.104985e+02  comp= 2.7436e+01 expr= 2.8306e+02 L+= 6.0820e-01 L-= 5.8083e-01  Keff= 7.99(min  7.98)  gmin=1.10e-01  floor=0.0e+00  |dM|=5.07e-04  step=1.00e+00
  it 1215  L= 3.104732e+02  comp= 2.7435e+01 expr= 2.8304e+02 L+= 6.0959e-01 L-= 5.8214e-01  Keff= 7.99(min  7.98)  gmin=1.10e-01  floor=0.0e+00  |dM|=5.07e-04  step=1.00e+00
  it 1216  L= 3.104478e+02  comp= 2.7435e+01 expr= 2.8301e+02 L+= 6.1099e-01 L-= 5.8345e-01  Keff= 7.99(min  7.98)  gmin=1.10e-01  floor=0.0e+00  |dM|=5.07e-04  step=1.00e+00
  it 1217  L= 3.104224e+02  comp= 2.7434e+01 expr= 2.8299e+02 L+= 6.1239e-01 L-= 5.8476e-01  Keff= 7.99(min  7.98)  gmin=1.10e-01  floor=0.0e+00  |dM|=5.07e-04  step=1.00e+00
  it 1218  L= 3.103969e+02  comp= 2.7434e+01 expr= 2.8296e+02 L+= 6.1379e-01 L-= 5.8607e-01  Keff= 7.99(min  7.98)  gmin=1.10e-01  floor=0.0e+00  |dM|=5.07e-04  step=1.00e+00
  it 1219  L= 3.103714e+02  comp= 2.7433e+01 expr= 2.8294e+02 L+= 6.1520e-01 L-= 5.8739e-01  Keff= 7.99(min  7.98)  gmin=1.10e-01  floor=0.0e+00  |dM|=5.07e-04  step=1.00e+00
  it 1220  L= 3.103459e+02  comp= 2.7433e+01 expr= 2.8291e+02 L+= 6.1660e-01 L-= 5.8871e-01  Keff= 7.99(min  7.98)  gmin=1.10e-01  floor=0.0e+00  |dM|=5.07e-04  step=1.00e+00
  it 1221  L= 3.103202e+02  comp= 2.7432e+01 expr= 2.8289e+02 L+= 6.1801e-01 L-= 5.9003e-01  Keff= 7.99(min  7.98)  gmin=1.10e-01  floor=0.0e+00  |dM|=5.07e-04  step=1.00e+00
  it 1222  L= 3.102945e+02  comp= 2.7431e+01 expr= 2.8286e+02 L+= 6.1942e-01 L-= 5.9135e-01  Keff= 7.99(min  7.98)  gmin=1.10e-01  floor=0.0e+00  |dM|=5.07e-04  step=1.00e+00
  it 1223  L= 3.102688e+02  comp= 2.7431e+01 expr= 2.8284e+02 L+= 6.2083e-01 L-= 5.9267e-01  Keff= 7.99(min  7.98)  gmin=1.10e-01  floor=0.0e+00  |dM|=5.07e-04  step=1.00e+00
  it 1224  L= 3.102431e+02  comp= 2.7430e+01 expr= 2.8281e+02 L+= 6.2224e-01 L-= 5.9400e-01  Keff= 7.99(min  7.98)  gmin=1.10e-01  floor=0.0e+00  |dM|=5.07e-04  step=1.00e+00
  it 1225  L= 3.102172e+02  comp= 2.7430e+01 expr= 2.8279e+02 L+= 6.2366e-01 L-= 5.9533e-01  Keff= 7.99(min  7.98)  gmin=1.10e-01  floor=0.0e+00  |dM|=5.07e-04  step=1.00e+00
  it 1226  L= 3.101914e+02  comp= 2.7429e+01 expr= 2.8276e+02 L+= 6.2507e-01 L-= 5.9666e-01  Keff= 7.99(min  7.98)  gmin=1.10e-01  floor=0.0e+00  |dM|=5.07e-04  step=1.00e+00
  it 1227  L= 3.101655e+02  comp= 2.7428e+01 expr= 2.8274e+02 L+= 6.2649e-01 L-= 5.9798e-01  Keff= 7.99(min  7.98)  gmin=1.10e-01  floor=0.0e+00  |dM|=5.07e-04  step=1.00e+00
  it 1228  L= 3.101396e+02  comp= 2.7428e+01 expr= 2.8271e+02 L+= 6.2791e-01 L-= 5.9932e-01  Keff= 7.99(min  7.98)  gmin=1.10e-01  floor=0.0e+00  |dM|=5.06e-04  step=1.00e+00
  it 1229  L= 3.101136e+02  comp= 2.7427e+01 expr= 2.8269e+02 L+= 6.2933e-01 L-= 6.0065e-01  Keff= 7.99(min  7.98)  gmin=1.10e-01  floor=0.0e+00  |dM|=5.06e-04  step=1.00e+00
  it 1230  L= 3.100875e+02  comp= 2.7427e+01 expr= 2.8266e+02 L+= 6.3076e-01 L-= 6.0198e-01  Keff= 7.99(min  7.98)  gmin=1.10e-01  floor=0.0e+00  |dM|=5.06e-04  step=1.00e+00
  it 1231  L= 3.100614e+02  comp= 2.7426e+01 expr= 2.8264e+02 L+= 6.3218e-01 L-= 6.0332e-01  Keff= 7.99(min  7.98)  gmin=1.10e-01  floor=0.0e+00  |dM|=5.06e-04  step=1.00e+00
  it 1232  L= 3.100353e+02  comp= 2.7426e+01 expr= 2.8261e+02 L+= 6.3361e-01 L-= 6.0466e-01  Keff= 7.99(min  7.98)  gmin=1.10e-01  floor=0.0e+00  |dM|=5.06e-04  step=1.00e+00
  it 1233  L= 3.100091e+02  comp= 2.7425e+01 expr= 2.8258e+02 L+= 6.3504e-01 L-= 6.0599e-01  Keff= 7.99(min  7.98)  gmin=1.10e-01  floor=0.0e+00  |dM|=5.06e-04  step=1.00e+00
  it 1234  L= 3.099829e+02  comp= 2.7424e+01 expr= 2.8256e+02 L+= 6.3647e-01 L-= 6.0734e-01  Keff= 7.99(min  7.98)  gmin=1.10e-01  floor=0.0e+00  |dM|=5.06e-04  step=1.00e+00
  it 1235  L= 3.099567e+02  comp= 2.7424e+01 expr= 2.8253e+02 L+= 6.3790e-01 L-= 6.0868e-01  Keff= 7.99(min  7.98)  gmin=1.10e-01  floor=0.0e+00  |dM|=5.06e-04  step=1.00e+00
  it 1236  L= 3.099304e+02  comp= 2.7423e+01 expr= 2.8251e+02 L+= 6.3934e-01 L-= 6.1002e-01  Keff= 7.99(min  7.98)  gmin=1.10e-01  floor=0.0e+00  |dM|=5.05e-04  step=1.00e+00
  it 1237  L= 3.099039e+02  comp= 2.7422e+01 expr= 2.8248e+02 L+= 6.4077e-01 L-= 6.1137e-01  Keff= 7.99(min  7.98)  gmin=1.10e-01  floor=0.0e+00  |dM|=5.05e-04  step=1.00e+00
  it 1238  L= 3.098776e+02  comp= 2.7422e+01 expr= 2.8246e+02 L+= 6.4221e-01 L-= 6.1272e-01  Keff= 7.99(min  7.98)  gmin=1.10e-01  floor=0.0e+00  |dM|=5.05e-04  step=1.00e+00
  it 1239  L= 3.098511e+02  comp= 2.7421e+01 expr= 2.8243e+02 L+= 6.4365e-01 L-= 6.1406e-01  Keff= 7.99(min  7.98)  gmin=1.10e-01  floor=0.0e+00  |dM|=5.05e-04  step=1.00e+00
  it 1240  L= 3.098246e+02  comp= 2.7421e+01 expr= 2.8240e+02 L+= 6.4510e-01 L-= 6.1541e-01  Keff= 7.99(min  7.98)  gmin=1.10e-01  floor=0.0e+00  |dM|=5.05e-04  step=1.00e+00
  it 1241  L= 3.097981e+02  comp= 2.7420e+01 expr= 2.8238e+02 L+= 6.4654e-01 L-= 6.1677e-01  Keff= 7.99(min  7.98)  gmin=1.10e-01  floor=0.0e+00  |dM|=5.04e-04  step=1.00e+00
  it 1242  L= 3.097715e+02  comp= 2.7419e+01 expr= 2.8235e+02 L+= 6.4798e-01 L-= 6.1812e-01  Keff= 7.99(min  7.98)  gmin=1.09e-01  floor=0.0e+00  |dM|=5.04e-04  step=1.00e+00
  it 1243  L= 3.097449e+02  comp= 2.7419e+01 expr= 2.8233e+02 L+= 6.4943e-01 L-= 6.1947e-01  Keff= 7.99(min  7.98)  gmin=1.09e-01  floor=0.0e+00  |dM|=5.04e-04  step=1.00e+00
  it 1244  L= 3.097182e+02  comp= 2.7418e+01 expr= 2.8230e+02 L+= 6.5088e-01 L-= 6.2083e-01  Keff= 7.99(min  7.98)  gmin=1.09e-01  floor=0.0e+00  |dM|=5.04e-04  step=1.00e+00
  it 1245  L= 3.096914e+02  comp= 2.7417e+01 expr= 2.8227e+02 L+= 6.5233e-01 L-= 6.2219e-01  Keff= 7.99(min  7.98)  gmin=1.09e-01  floor=0.0e+00  |dM|=5.03e-04  step=1.00e+00
  it 1246  L= 3.096647e+02  comp= 2.7417e+01 expr= 2.8225e+02 L+= 6.5378e-01 L-= 6.2355e-01  Keff= 7.99(min  7.98)  gmin=1.09e-01  floor=0.0e+00  |dM|=5.03e-04  step=1.00e+00
  it 1247  L= 3.096379e+02  comp= 2.7416e+01 expr= 2.8222e+02 L+= 6.5524e-01 L-= 6.2491e-01  Keff= 7.99(min  7.98)  gmin=1.09e-01  floor=0.0e+00  |dM|=5.03e-04  step=1.00e+00
  it 1248  L= 3.096111e+02  comp= 2.7416e+01 expr= 2.8220e+02 L+= 6.5669e-01 L-= 6.2627e-01  Keff= 7.99(min  7.98)  gmin=1.09e-01  floor=0.0e+00  |dM|=5.03e-04  step=1.00e+00
  it 1249  L= 3.095841e+02  comp= 2.7415e+01 expr= 2.8217e+02 L+= 6.5815e-01 L-= 6.2763e-01  Keff= 7.99(min  7.98)  gmin=1.09e-01  floor=0.0e+00  |dM|=5.02e-04  step=1.00e+00
  it 1250  L= 3.095572e+02  comp= 2.7414e+01 expr= 2.8214e+02 L+= 6.5961e-01 L-= 6.2900e-01  Keff= 7.99(min  7.98)  gmin=1.09e-01  floor=0.0e+00  |dM|=5.02e-04  step=1.00e+00
  it 1251  L= 3.095302e+02  comp= 2.7414e+01 expr= 2.8212e+02 L+= 6.6107e-01 L-= 6.3036e-01  Keff= 7.99(min  7.98)  gmin=1.09e-01  floor=0.0e+00  |dM|=5.02e-04  step=1.00e+00
  it 1252  L= 3.095031e+02  comp= 2.7413e+01 expr= 2.8209e+02 L+= 6.6253e-01 L-= 6.3173e-01  Keff= 7.99(min  7.98)  gmin=1.09e-01  floor=0.0e+00  |dM|=5.01e-04  step=1.00e+00
  it 1253  L= 3.094761e+02  comp= 2.7412e+01 expr= 2.8206e+02 L+= 6.6400e-01 L-= 6.3310e-01  Keff= 7.99(min  7.98)  gmin=1.09e-01  floor=0.0e+00  |dM|=5.01e-04  step=1.00e+00
  it 1254  L= 3.094489e+02  comp= 2.7412e+01 expr= 2.8204e+02 L+= 6.6547e-01 L-= 6.3448e-01  Keff= 7.99(min  7.98)  gmin=1.09e-01  floor=0.0e+00  |dM|=5.01e-04  step=1.00e+00
  it 1255  L= 3.094218e+02  comp= 2.7411e+01 expr= 2.8201e+02 L+= 6.6693e-01 L-= 6.3584e-01  Keff= 7.99(min  7.98)  gmin=1.09e-01  floor=0.0e+00  |dM|=5.00e-04  step=1.00e+00
  it 1256  L= 3.093945e+02  comp= 2.7410e+01 expr= 2.8198e+02 L+= 6.6840e-01 L-= 6.3722e-01  Keff= 7.99(min  7.98)  gmin=1.09e-01  floor=0.0e+00  |dM|=5.00e-04  step=1.00e+00
  it 1257  L= 3.093673e+02  comp= 2.7410e+01 expr= 2.8196e+02 L+= 6.6987e-01 L-= 6.3859e-01  Keff= 7.99(min  7.98)  gmin=1.09e-01  floor=0.0e+00  |dM|=5.00e-04  step=1.00e+00
  it 1258  L= 3.093400e+02  comp= 2.7409e+01 expr= 2.8193e+02 L+= 6.7135e-01 L-= 6.3997e-01  Keff= 7.99(min  7.98)  gmin=1.09e-01  floor=0.0e+00  |dM|=4.99e-04  step=1.00e+00
  it 1259  L= 3.093127e+02  comp= 2.7408e+01 expr= 2.8190e+02 L+= 6.7282e-01 L-= 6.4135e-01  Keff= 7.99(min  7.98)  gmin=1.09e-01  floor=0.0e+00  |dM|=4.99e-04  step=1.00e+00
  it 1260  L= 3.092853e+02  comp= 2.7408e+01 expr= 2.8188e+02 L+= 6.7430e-01 L-= 6.4273e-01  Keff= 7.99(min  7.98)  gmin=1.09e-01  floor=0.0e+00  |dM|=4.99e-04  step=1.00e+00
  it 1261  L= 3.092578e+02  comp= 2.7407e+01 expr= 2.8185e+02 L+= 6.7578e-01 L-= 6.4411e-01  Keff= 7.99(min  7.98)  gmin=1.09e-01  floor=0.0e+00  |dM|=4.98e-04  step=1.00e+00
  it 1262  L= 3.092303e+02  comp= 2.7406e+01 expr= 2.8182e+02 L+= 6.7726e-01 L-= 6.4549e-01  Keff= 7.99(min  7.98)  gmin=1.09e-01  floor=0.0e+00  |dM|=4.98e-04  step=1.00e+00
  it 1263  L= 3.092028e+02  comp= 2.7406e+01 expr= 2.8180e+02 L+= 6.7874e-01 L-= 6.4688e-01  Keff= 7.99(min  7.98)  gmin=1.09e-01  floor=0.0e+00  |dM|=4.98e-04  step=1.00e+00
  it 1264  L= 3.091752e+02  comp= 2.7405e+01 expr= 2.8177e+02 L+= 6.8022e-01 L-= 6.4826e-01  Keff= 7.99(min  7.98)  gmin=1.09e-01  floor=0.0e+00  |dM|=4.97e-04  step=1.00e+00
  it 1265  L= 3.091476e+02  comp= 2.7404e+01 expr= 2.8174e+02 L+= 6.8171e-01 L-= 6.4965e-01  Keff= 7.99(min  7.98)  gmin=1.09e-01  floor=0.0e+00  |dM|=4.97e-04  step=1.00e+00
  it 1266  L= 3.091200e+02  comp= 2.7404e+01 expr= 2.8172e+02 L+= 6.8319e-01 L-= 6.5104e-01  Keff= 7.99(min  7.98)  gmin=1.09e-01  floor=0.0e+00  |dM|=4.96e-04  step=1.00e+00
  it 1267  L= 3.090923e+02  comp= 2.7403e+01 expr= 2.8169e+02 L+= 6.8468e-01 L-= 6.5243e-01  Keff= 7.99(min  7.98)  gmin=1.09e-01  floor=0.0e+00  |dM|=4.96e-04  step=1.00e+00
  it 1268  L= 3.090645e+02  comp= 2.7402e+01 expr= 2.8166e+02 L+= 6.8617e-01 L-= 6.5382e-01  Keff= 7.99(min  7.98)  gmin=1.09e-01  floor=0.0e+00  |dM|=4.96e-04  step=1.00e+00
  it 1269  L= 3.090367e+02  comp= 2.7401e+01 expr= 2.8164e+02 L+= 6.8766e-01 L-= 6.5521e-01  Keff= 7.99(min  7.98)  gmin=1.09e-01  floor=0.0e+00  |dM|=4.95e-04  step=1.00e+00
  it 1270  L= 3.090089e+02  comp= 2.7401e+01 expr= 2.8161e+02 L+= 6.8915e-01 L-= 6.5661e-01  Keff= 7.99(min  7.98)  gmin=1.09e-01  floor=0.0e+00  |dM|=4.95e-04  step=1.00e+00
  it 1271  L= 3.089810e+02  comp= 2.7400e+01 expr= 2.8158e+02 L+= 6.9065e-01 L-= 6.5800e-01  Keff= 7.99(min  7.98)  gmin=1.09e-01  floor=0.0e+00  |dM|=4.94e-04  step=1.00e+00
  it 1272  L= 3.089531e+02  comp= 2.7399e+01 expr= 2.8155e+02 L+= 6.9215e-01 L-= 6.5940e-01  Keff= 7.99(min  7.98)  gmin=1.09e-01  floor=0.0e+00  |dM|=4.94e-04  step=1.00e+00
  it 1273  L= 3.089252e+02  comp= 2.7399e+01 expr= 2.8153e+02 L+= 6.9365e-01 L-= 6.6080e-01  Keff= 7.99(min  7.98)  gmin=1.09e-01  floor=0.0e+00  |dM|=4.94e-04  step=1.00e+00
  it 1274  L= 3.088972e+02  comp= 2.7398e+01 expr= 2.8150e+02 L+= 6.9515e-01 L-= 6.6220e-01  Keff= 7.99(min  7.98)  gmin=1.09e-01  floor=0.0e+00  |dM|=4.93e-04  step=1.00e+00
  it 1275  L= 3.088691e+02  comp= 2.7397e+01 expr= 2.8147e+02 L+= 6.9665e-01 L-= 6.6360e-01  Keff= 7.99(min  7.98)  gmin=1.09e-01  floor=0.0e+00  |dM|=4.93e-04  step=1.00e+00
  it 1276  L= 3.088410e+02  comp= 2.7397e+01 expr= 2.8144e+02 L+= 6.9815e-01 L-= 6.6500e-01  Keff= 7.99(min  7.97)  gmin=1.09e-01  floor=0.0e+00  |dM|=4.92e-04  step=1.00e+00
  it 1277  L= 3.088129e+02  comp= 2.7396e+01 expr= 2.8142e+02 L+= 6.9966e-01 L-= 6.6641e-01  Keff= 7.99(min  7.97)  gmin=1.09e-01  floor=0.0e+00  |dM|=4.92e-04  step=1.00e+00
  it 1278  L= 3.087847e+02  comp= 2.7395e+01 expr= 2.8139e+02 L+= 7.0116e-01 L-= 6.6781e-01  Keff= 7.99(min  7.97)  gmin=1.09e-01  floor=0.0e+00  |dM|=4.92e-04  step=1.00e+00
  it 1279  L= 3.087565e+02  comp= 2.7394e+01 expr= 2.8136e+02 L+= 7.0267e-01 L-= 6.6922e-01  Keff= 7.99(min  7.97)  gmin=1.09e-01  floor=0.0e+00  |dM|=4.91e-04  step=1.00e+00
  it 1280  L= 3.087282e+02  comp= 2.7394e+01 expr= 2.8133e+02 L+= 7.0418e-01 L-= 6.7062e-01  Keff= 7.99(min  7.97)  gmin=1.09e-01  floor=0.0e+00  |dM|=4.91e-04  step=1.00e+00
  it 1281  L= 3.086999e+02  comp= 2.7393e+01 expr= 2.8131e+02 L+= 7.0570e-01 L-= 6.7203e-01  Keff= 7.99(min  7.97)  gmin=1.09e-01  floor=0.0e+00  |dM|=4.90e-04  step=1.00e+00
  it 1282  L= 3.086716e+02  comp= 2.7392e+01 expr= 2.8128e+02 L+= 7.0721e-01 L-= 6.7345e-01  Keff= 7.99(min  7.97)  gmin=1.09e-01  floor=0.0e+00  |dM|=4.90e-04  step=1.00e+00
  it 1283  L= 3.086432e+02  comp= 2.7391e+01 expr= 2.8125e+02 L+= 7.0872e-01 L-= 6.7486e-01  Keff= 7.99(min  7.97)  gmin=1.09e-01  floor=0.0e+00  |dM|=4.90e-04  step=1.00e+00
  it 1284  L= 3.086147e+02  comp= 2.7391e+01 expr= 2.8122e+02 L+= 7.1024e-01 L-= 6.7627e-01  Keff= 7.99(min  7.97)  gmin=1.09e-01  floor=0.0e+00  |dM|=4.89e-04  step=1.00e+00
  it 1285  L= 3.085863e+02  comp= 2.7390e+01 expr= 2.8120e+02 L+= 7.1176e-01 L-= 6.7769e-01  Keff= 7.99(min  7.97)  gmin=1.09e-01  floor=0.0e+00  |dM|=4.89e-04  step=1.00e+00
  it 1286  L= 3.085577e+02  comp= 2.7389e+01 expr= 2.8117e+02 L+= 7.1328e-01 L-= 6.7910e-01  Keff= 7.99(min  7.97)  gmin=1.09e-01  floor=0.0e+00  |dM|=4.88e-04  step=1.00e+00
  it 1287  L= 3.085292e+02  comp= 2.7389e+01 expr= 2.8114e+02 L+= 7.1480e-01 L-= 6.8052e-01  Keff= 7.99(min  7.97)  gmin=1.09e-01  floor=0.0e+00  |dM|=4.88e-04  step=1.00e+00
  it 1288  L= 3.085005e+02  comp= 2.7388e+01 expr= 2.8111e+02 L+= 7.1632e-01 L-= 6.8194e-01  Keff= 7.99(min  7.97)  gmin=1.09e-01  floor=0.0e+00  |dM|=4.87e-04  step=1.00e+00
  it 1289  L= 3.084719e+02  comp= 2.7387e+01 expr= 2.8108e+02 L+= 7.1785e-01 L-= 6.8336e-01  Keff= 7.99(min  7.97)  gmin=1.09e-01  floor=0.0e+00  |dM|=4.87e-04  step=1.00e+00
  it 1290  L= 3.084432e+02  comp= 2.7386e+01 expr= 2.8106e+02 L+= 7.1937e-01 L-= 6.8478e-01  Keff= 7.99(min  7.97)  gmin=1.09e-01  floor=0.0e+00  |dM|=4.87e-04  step=1.00e+00
  it 1291  L= 3.084145e+02  comp= 2.7386e+01 expr= 2.8103e+02 L+= 7.2090e-01 L-= 6.8621e-01  Keff= 7.99(min  7.97)  gmin=1.09e-01  floor=0.0e+00  |dM|=4.86e-04  step=1.00e+00
  it 1292  L= 3.083857e+02  comp= 2.7385e+01 expr= 2.8100e+02 L+= 7.2243e-01 L-= 6.8763e-01  Keff= 7.99(min  7.97)  gmin=1.09e-01  floor=0.0e+00  |dM|=4.86e-04  step=1.00e+00
  it 1293  L= 3.083569e+02  comp= 2.7384e+01 expr= 2.8097e+02 L+= 7.2397e-01 L-= 6.8906e-01  Keff= 7.99(min  7.97)  gmin=1.09e-01  floor=0.0e+00  |dM|=4.85e-04  step=1.00e+00
  it 1294  L= 3.083280e+02  comp= 2.7383e+01 expr= 2.8094e+02 L+= 7.2550e-01 L-= 6.9048e-01  Keff= 7.99(min  7.97)  gmin=1.09e-01  floor=0.0e+00  |dM|=4.85e-04  step=1.00e+00
  it 1295  L= 3.082991e+02  comp= 2.7383e+01 expr= 2.8092e+02 L+= 7.2703e-01 L-= 6.9191e-01  Keff= 7.99(min  7.97)  gmin=1.09e-01  floor=0.0e+00  |dM|=4.85e-04  step=1.00e+00
  it 1296  L= 3.082701e+02  comp= 2.7382e+01 expr= 2.8089e+02 L+= 7.2857e-01 L-= 6.9334e-01  Keff= 7.99(min  7.97)  gmin=1.09e-01  floor=0.0e+00  |dM|=4.84e-04  step=1.00e+00
  it 1297  L= 3.082411e+02  comp= 2.7381e+01 expr= 2.8086e+02 L+= 7.3011e-01 L-= 6.9477e-01  Keff= 7.99(min  7.97)  gmin=1.09e-01  floor=0.0e+00  |dM|=4.84e-04  step=1.00e+00
  it 1298  L= 3.082121e+02  comp= 2.7380e+01 expr= 2.8083e+02 L+= 7.3164e-01 L-= 6.9621e-01  Keff= 7.99(min  7.97)  gmin=1.09e-01  floor=0.0e+00  |dM|=4.83e-04  step=1.00e+00
  it 1299  L= 3.081830e+02  comp= 2.7379e+01 expr= 2.8080e+02 L+= 7.3319e-01 L-= 6.9764e-01  Keff= 7.99(min  7.97)  gmin=1.09e-01  floor=0.0e+00  |dM|=4.83e-04  step=1.00e+00
  it 1300  L= 3.081539e+02  comp= 2.7379e+01 expr= 2.8078e+02 L+= 7.3473e-01 L-= 6.9908e-01  Keff= 7.99(min  7.97)  gmin=1.09e-01  floor=0.0e+00  |dM|=4.82e-04  step=1.00e+00
  it 1301  L= 3.081247e+02  comp= 2.7378e+01 expr= 2.8075e+02 L+= 7.3627e-01 L-= 7.0051e-01  Keff= 7.99(min  7.97)  gmin=1.09e-01  floor=0.0e+00  |dM|=4.82e-04  step=1.00e+00
  it 1302  L= 3.080955e+02  comp= 2.7377e+01 expr= 2.8072e+02 L+= 7.3782e-01 L-= 7.0195e-01  Keff= 7.99(min  7.97)  gmin=1.09e-01  floor=0.0e+00  |dM|=4.81e-04  step=1.00e+00
  it 1303  L= 3.080663e+02  comp= 2.7376e+01 expr= 2.8069e+02 L+= 7.3937e-01 L-= 7.0339e-01  Keff= 7.99(min  7.97)  gmin=1.09e-01  floor=0.0e+00  |dM|=4.81e-04  step=1.00e+00
  it 1304  L= 3.080370e+02  comp= 2.7376e+01 expr= 2.8066e+02 L+= 7.4091e-01 L-= 7.0483e-01  Keff= 7.99(min  7.97)  gmin=1.09e-01  floor=0.0e+00  |dM|=4.81e-04  step=1.00e+00
  it 1305  L= 3.080077e+02  comp= 2.7375e+01 expr= 2.8063e+02 L+= 7.4247e-01 L-= 7.0627e-01  Keff= 7.99(min  7.97)  gmin=1.09e-01  floor=0.0e+00  |dM|=4.80e-04  step=1.00e+00
  it 1306  L= 3.079783e+02  comp= 2.7374e+01 expr= 2.8060e+02 L+= 7.4402e-01 L-= 7.0772e-01  Keff= 7.99(min  7.97)  gmin=1.09e-01  floor=0.0e+00  |dM|=4.80e-04  step=1.00e+00
  it 1307  L= 3.079489e+02  comp= 2.7373e+01 expr= 2.8058e+02 L+= 7.4557e-01 L-= 7.0916e-01  Keff= 7.99(min  7.97)  gmin=1.09e-01  floor=0.0e+00  |dM|=4.79e-04  step=1.00e+00
  it 1308  L= 3.079194e+02  comp= 2.7372e+01 expr= 2.8055e+02 L+= 7.4713e-01 L-= 7.1061e-01  Keff= 7.99(min  7.97)  gmin=1.09e-01  floor=0.0e+00  |dM|=4.79e-04  step=1.00e+00
  it 1309  L= 3.078899e+02  comp= 2.7372e+01 expr= 2.8052e+02 L+= 7.4868e-01 L-= 7.1206e-01  Keff= 7.99(min  7.97)  gmin=1.09e-01  floor=0.0e+00  |dM|=4.78e-04  step=1.00e+00
  it 1310  L= 3.078604e+02  comp= 2.7371e+01 expr= 2.8049e+02 L+= 7.5024e-01 L-= 7.1350e-01  Keff= 7.99(min  7.97)  gmin=1.09e-01  floor=0.0e+00  |dM|=4.78e-04  step=1.00e+00
  it 1311  L= 3.078307e+02  comp= 2.7370e+01 expr= 2.8046e+02 L+= 7.5180e-01 L-= 7.1495e-01  Keff= 7.99(min  7.97)  gmin=1.09e-01  floor=0.0e+00  |dM|=4.77e-04  step=1.00e+00
  it 1312  L= 3.078011e+02  comp= 2.7369e+01 expr= 2.8043e+02 L+= 7.5337e-01 L-= 7.1641e-01  Keff= 7.99(min  7.97)  gmin=1.09e-01  floor=0.0e+00  |dM|=4.77e-04  step=1.00e+00
  it 1313  L= 3.077714e+02  comp= 2.7368e+01 expr= 2.8040e+02 L+= 7.5493e-01 L-= 7.1786e-01  Keff= 7.99(min  7.97)  gmin=1.09e-01  floor=0.0e+00  |dM|=4.77e-04  step=1.00e+00
  it 1314  L= 3.077417e+02  comp= 2.7368e+01 expr= 2.8037e+02 L+= 7.5649e-01 L-= 7.1931e-01  Keff= 7.99(min  7.97)  gmin=1.09e-01  floor=0.0e+00  |dM|=4.76e-04  step=1.00e+00
  it 1315  L= 3.077119e+02  comp= 2.7367e+01 expr= 2.8035e+02 L+= 7.5806e-01 L-= 7.2077e-01  Keff= 7.99(min  7.97)  gmin=1.09e-01  floor=0.0e+00  |dM|=4.76e-04  step=1.00e+00
  it 1316  L= 3.076821e+02  comp= 2.7366e+01 expr= 2.8032e+02 L+= 7.5963e-01 L-= 7.2222e-01  Keff= 7.99(min  7.97)  gmin=1.09e-01  floor=0.0e+00  |dM|=4.75e-04  step=1.00e+00
  it 1317  L= 3.076523e+02  comp= 2.7365e+01 expr= 2.8029e+02 L+= 7.6120e-01 L-= 7.2368e-01  Keff= 7.99(min  7.97)  gmin=1.09e-01  floor=0.0e+00  |dM|=4.75e-04  step=1.00e+00
  it 1318  L= 3.076224e+02  comp= 2.7364e+01 expr= 2.8026e+02 L+= 7.6277e-01 L-= 7.2514e-01  Keff= 7.99(min  7.97)  gmin=1.08e-01  floor=0.0e+00  |dM|=4.74e-04  step=1.00e+00
  it 1319  L= 3.075925e+02  comp= 2.7363e+01 expr= 2.8023e+02 L+= 7.6435e-01 L-= 7.2661e-01  Keff= 7.99(min  7.97)  gmin=1.08e-01  floor=0.0e+00  |dM|=4.74e-04  step=1.00e+00
  it 1320  L= 3.075625e+02  comp= 2.7363e+01 expr= 2.8020e+02 L+= 7.6592e-01 L-= 7.2807e-01  Keff= 7.99(min  7.97)  gmin=1.08e-01  floor=0.0e+00  |dM|=4.73e-04  step=1.00e+00
  it 1321  L= 3.075325e+02  comp= 2.7362e+01 expr= 2.8017e+02 L+= 7.6749e-01 L-= 7.2953e-01  Keff= 7.99(min  7.97)  gmin=1.08e-01  floor=0.0e+00  |dM|=4.73e-04  step=1.00e+00
  it 1322  L= 3.075024e+02  comp= 2.7361e+01 expr= 2.8014e+02 L+= 7.6907e-01 L-= 7.3099e-01  Keff= 7.99(min  7.97)  gmin=1.08e-01  floor=0.0e+00  |dM|=4.72e-04  step=1.00e+00
  it 1323  L= 3.074723e+02  comp= 2.7360e+01 expr= 2.8011e+02 L+= 7.7065e-01 L-= 7.3246e-01  Keff= 7.99(min  7.97)  gmin=1.08e-01  floor=0.0e+00  |dM|=4.72e-04  step=1.00e+00
  it 1324  L= 3.074422e+02  comp= 2.7359e+01 expr= 2.8008e+02 L+= 7.7223e-01 L-= 7.3393e-01  Keff= 7.99(min  7.97)  gmin=1.08e-01  floor=0.0e+00  |dM|=4.71e-04  step=1.00e+00
  it 1325  L= 3.074120e+02  comp= 2.7358e+01 expr= 2.8005e+02 L+= 7.7382e-01 L-= 7.3540e-01  Keff= 7.99(min  7.97)  gmin=1.08e-01  floor=0.0e+00  |dM|=4.71e-04  step=1.00e+00
  it 1326  L= 3.073817e+02  comp= 2.7358e+01 expr= 2.8002e+02 L+= 7.7540e-01 L-= 7.3687e-01  Keff= 7.99(min  7.97)  gmin=1.08e-01  floor=0.0e+00  |dM|=4.71e-04  step=1.00e+00
  it 1327  L= 3.073514e+02  comp= 2.7357e+01 expr= 2.7999e+02 L+= 7.7698e-01 L-= 7.3834e-01  Keff= 7.99(min  7.97)  gmin=1.08e-01  floor=0.0e+00  |dM|=4.70e-04  step=1.00e+00
  it 1328  L= 3.073211e+02  comp= 2.7356e+01 expr= 2.7997e+02 L+= 7.7857e-01 L-= 7.3981e-01  Keff= 7.99(min  7.97)  gmin=1.08e-01  floor=0.0e+00  |dM|=4.70e-04  step=1.00e+00
  it 1329  L= 3.072907e+02  comp= 2.7355e+01 expr= 2.7994e+02 L+= 7.8016e-01 L-= 7.4128e-01  Keff= 7.99(min  7.97)  gmin=1.08e-01  floor=0.0e+00  |dM|=4.69e-04  step=1.00e+00
  it 1330  L= 3.072603e+02  comp= 2.7354e+01 expr= 2.7991e+02 L+= 7.8175e-01 L-= 7.4276e-01  Keff= 7.99(min  7.97)  gmin=1.08e-01  floor=0.0e+00  |dM|=4.69e-04  step=1.00e+00
  it 1331  L= 3.072299e+02  comp= 2.7353e+01 expr= 2.7988e+02 L+= 7.8334e-01 L-= 7.4424e-01  Keff= 7.99(min  7.97)  gmin=1.08e-01  floor=0.0e+00  |dM|=4.68e-04  step=1.00e+00
  it 1332  L= 3.071994e+02  comp= 2.7352e+01 expr= 2.7985e+02 L+= 7.8494e-01 L-= 7.4572e-01  Keff= 7.99(min  7.97)  gmin=1.08e-01  floor=0.0e+00  |dM|=4.68e-04  step=1.00e+00
  it 1333  L= 3.071689e+02  comp= 2.7352e+01 expr= 2.7982e+02 L+= 7.8653e-01 L-= 7.4720e-01  Keff= 7.99(min  7.97)  gmin=1.08e-01  floor=0.0e+00  |dM|=4.67e-04  step=1.00e+00
  it 1334  L= 3.071383e+02  comp= 2.7351e+01 expr= 2.7979e+02 L+= 7.8813e-01 L-= 7.4868e-01  Keff= 7.99(min  7.97)  gmin=1.08e-01  floor=0.0e+00  |dM|=4.67e-04  step=1.00e+00
  it 1335  L= 3.071077e+02  comp= 2.7350e+01 expr= 2.7976e+02 L+= 7.8973e-01 L-= 7.5016e-01  Keff= 7.99(min  7.97)  gmin=1.08e-01  floor=0.0e+00  |dM|=4.66e-04  step=1.00e+00
  it 1336  L= 3.070770e+02  comp= 2.7349e+01 expr= 2.7973e+02 L+= 7.9133e-01 L-= 7.5164e-01  Keff= 7.99(min  7.97)  gmin=1.08e-01  floor=0.0e+00  |dM|=4.67e-04  step=1.00e+00
  it 1337  L= 3.070463e+02  comp= 2.7348e+01 expr= 2.7970e+02 L+= 7.9293e-01 L-= 7.5313e-01  Keff= 7.99(min  7.97)  gmin=1.08e-01  floor=0.0e+00  |dM|=4.67e-04  step=1.00e+00
  it 1338  L= 3.070155e+02  comp= 2.7347e+01 expr= 2.7967e+02 L+= 7.9453e-01 L-= 7.5462e-01  Keff= 7.99(min  7.97)  gmin=1.08e-01  floor=0.0e+00  |dM|=4.68e-04  step=1.00e+00
  it 1339  L= 3.069847e+02  comp= 2.7346e+01 expr= 2.7964e+02 L+= 7.9614e-01 L-= 7.5610e-01  Keff= 7.99(min  7.97)  gmin=1.08e-01  floor=0.0e+00  |dM|=4.68e-04  step=1.00e+00
  it 1340  L= 3.069539e+02  comp= 2.7345e+01 expr= 2.7961e+02 L+= 7.9775e-01 L-= 7.5759e-01  Keff= 7.99(min  7.97)  gmin=1.08e-01  floor=0.0e+00  |dM|=4.69e-04  step=1.00e+00
  it 1341  L= 3.069230e+02  comp= 2.7345e+01 expr= 2.7958e+02 L+= 7.9935e-01 L-= 7.5908e-01  Keff= 7.99(min  7.97)  gmin=1.08e-01  floor=0.0e+00  |dM|=4.69e-04  step=1.00e+00
  it 1342  L= 3.068921e+02  comp= 2.7344e+01 expr= 2.7955e+02 L+= 8.0096e-01 L-= 7.6057e-01  Keff= 7.99(min  7.97)  gmin=1.08e-01  floor=0.0e+00  |dM|=4.70e-04  step=1.00e+00
  it 1343  L= 3.068610e+02  comp= 2.7343e+01 expr= 2.7952e+02 L+= 8.0257e-01 L-= 7.6206e-01  Keff= 7.99(min  7.97)  gmin=1.08e-01  floor=0.0e+00  |dM|=4.71e-04  step=1.00e+00
  it 1344  L= 3.068301e+02  comp= 2.7342e+01 expr= 2.7949e+02 L+= 8.0419e-01 L-= 7.6356e-01  Keff= 7.99(min  7.97)  gmin=1.08e-01  floor=0.0e+00  |dM|=4.71e-04  step=1.00e+00
  it 1345  L= 3.067990e+02  comp= 2.7341e+01 expr= 2.7946e+02 L+= 8.0580e-01 L-= 7.6506e-01  Keff= 7.99(min  7.97)  gmin=1.08e-01  floor=0.0e+00  |dM|=4.72e-04  step=1.00e+00
  it 1346  L= 3.067679e+02  comp= 2.7340e+01 expr= 2.7943e+02 L+= 8.0742e-01 L-= 7.6655e-01  Keff= 7.99(min  7.97)  gmin=1.08e-01  floor=0.0e+00  |dM|=4.72e-04  step=1.00e+00
  it 1347  L= 3.067368e+02  comp= 2.7339e+01 expr= 2.7940e+02 L+= 8.0903e-01 L-= 7.6805e-01  Keff= 7.99(min  7.97)  gmin=1.08e-01  floor=0.0e+00  |dM|=4.73e-04  step=1.00e+00
  it 1348  L= 3.067056e+02  comp= 2.7338e+01 expr= 2.7937e+02 L+= 8.1065e-01 L-= 7.6955e-01  Keff= 7.99(min  7.97)  gmin=1.08e-01  floor=0.0e+00  |dM|=4.74e-04  step=1.00e+00
  it 1349  L= 3.066743e+02  comp= 2.7337e+01 expr= 2.7934e+02 L+= 8.1228e-01 L-= 7.7105e-01  Keff= 7.99(min  7.97)  gmin=1.08e-01  floor=0.0e+00  |dM|=4.74e-04  step=1.00e+00
  it 1350  L= 3.066431e+02  comp= 2.7337e+01 expr= 2.7931e+02 L+= 8.1390e-01 L-= 7.7256e-01  Keff= 7.99(min  7.97)  gmin=1.08e-01  floor=0.0e+00  |dM|=4.75e-04  step=1.00e+00
  it 1351  L= 3.066117e+02  comp= 2.7336e+01 expr= 2.7928e+02 L+= 8.1552e-01 L-= 7.7406e-01  Keff= 7.99(min  7.97)  gmin=1.08e-01  floor=0.0e+00  |dM|=4.76e-04  step=1.00e+00
  it 1352  L= 3.065804e+02  comp= 2.7335e+01 expr= 2.7925e+02 L+= 8.1715e-01 L-= 7.7556e-01  Keff= 7.99(min  7.97)  gmin=1.08e-01  floor=0.0e+00  |dM|=4.76e-04  step=1.00e+00
  it 1353  L= 3.065490e+02  comp= 2.7334e+01 expr= 2.7922e+02 L+= 8.1877e-01 L-= 7.7707e-01  Keff= 7.99(min  7.97)  gmin=1.08e-01  floor=0.0e+00  |dM|=4.77e-04  step=1.00e+00
  it 1354  L= 3.065175e+02  comp= 2.7333e+01 expr= 2.7918e+02 L+= 8.2040e-01 L-= 7.7858e-01  Keff= 7.99(min  7.97)  gmin=1.08e-01  floor=0.0e+00  |dM|=4.78e-04  step=1.00e+00
  it 1355  L= 3.064860e+02  comp= 2.7332e+01 expr= 2.7915e+02 L+= 8.2203e-01 L-= 7.8009e-01  Keff= 7.99(min  7.97)  gmin=1.08e-01  floor=0.0e+00  |dM|=4.78e-04  step=1.00e+00
  it 1356  L= 3.064544e+02  comp= 2.7331e+01 expr= 2.7912e+02 L+= 8.2366e-01 L-= 7.8160e-01  Keff= 7.99(min  7.97)  gmin=1.08e-01  floor=0.0e+00  |dM|=4.79e-04  step=1.00e+00
  it 1357  L= 3.064229e+02  comp= 2.7330e+01 expr= 2.7909e+02 L+= 8.2530e-01 L-= 7.8311e-01  Keff= 7.99(min  7.97)  gmin=1.08e-01  floor=0.0e+00  |dM|=4.80e-04  step=1.00e+00
  it 1358  L= 3.063913e+02  comp= 2.7329e+01 expr= 2.7906e+02 L+= 8.2693e-01 L-= 7.8462e-01  Keff= 7.99(min  7.97)  gmin=1.08e-01  floor=0.0e+00  |dM|=4.81e-04  step=1.00e+00
  it 1359  L= 3.063596e+02  comp= 2.7328e+01 expr= 2.7903e+02 L+= 8.2857e-01 L-= 7.8614e-01  Keff= 7.99(min  7.97)  gmin=1.08e-01  floor=0.0e+00  |dM|=4.81e-04  step=1.00e+00
  it 1360  L= 3.063279e+02  comp= 2.7327e+01 expr= 2.7900e+02 L+= 8.3020e-01 L-= 7.8765e-01  Keff= 7.99(min  7.97)  gmin=1.08e-01  floor=0.0e+00  |dM|=4.82e-04  step=1.00e+00
  it 1361  L= 3.062961e+02  comp= 2.7326e+01 expr= 2.7897e+02 L+= 8.3184e-01 L-= 7.8917e-01  Keff= 7.99(min  7.97)  gmin=1.08e-01  floor=0.0e+00  |dM|=4.83e-04  step=1.00e+00
  it 1362  L= 3.062642e+02  comp= 2.7325e+01 expr= 2.7894e+02 L+= 8.3348e-01 L-= 7.9068e-01  Keff= 7.99(min  7.97)  gmin=1.08e-01  floor=0.0e+00  |dM|=4.84e-04  step=1.00e+00
  it 1363  L= 3.062324e+02  comp= 2.7324e+01 expr= 2.7891e+02 L+= 8.3513e-01 L-= 7.9220e-01  Keff= 7.99(min  7.97)  gmin=1.08e-01  floor=0.0e+00  |dM|=4.84e-04  step=1.00e+00
  it 1364  L= 3.062005e+02  comp= 2.7323e+01 expr= 2.7888e+02 L+= 8.3677e-01 L-= 7.9372e-01  Keff= 7.99(min  7.97)  gmin=1.08e-01  floor=0.0e+00  |dM|=4.85e-04  step=1.00e+00
  it 1365  L= 3.061686e+02  comp= 2.7323e+01 expr= 2.7885e+02 L+= 8.3842e-01 L-= 7.9525e-01  Keff= 7.99(min  7.97)  gmin=1.08e-01  floor=0.0e+00  |dM|=4.86e-04  step=1.00e+00
  it 1366  L= 3.061366e+02  comp= 2.7322e+01 expr= 2.7882e+02 L+= 8.4006e-01 L-= 7.9677e-01  Keff= 7.99(min  7.97)  gmin=1.08e-01  floor=0.0e+00  |dM|=4.86e-04  step=1.00e+00
  it 1367  L= 3.061046e+02  comp= 2.7321e+01 expr= 2.7878e+02 L+= 8.4171e-01 L-= 7.9830e-01  Keff= 7.99(min  7.97)  gmin=1.08e-01  floor=0.0e+00  |dM|=4.87e-04  step=1.00e+00
  it 1368  L= 3.060725e+02  comp= 2.7320e+01 expr= 2.7875e+02 L+= 8.4336e-01 L-= 7.9982e-01  Keff= 7.99(min  7.97)  gmin=1.08e-01  floor=0.0e+00  |dM|=4.88e-04  step=1.00e+00
  it 1369  L= 3.060404e+02  comp= 2.7319e+01 expr= 2.7872e+02 L+= 8.4502e-01 L-= 8.0135e-01  Keff= 7.99(min  7.97)  gmin=1.08e-01  floor=0.0e+00  |dM|=4.89e-04  step=1.00e+00
  it 1370  L= 3.060082e+02  comp= 2.7318e+01 expr= 2.7869e+02 L+= 8.4667e-01 L-= 8.0288e-01  Keff= 7.99(min  7.97)  gmin=1.08e-01  floor=0.0e+00  |dM|=4.89e-04  step=1.00e+00
  it 1371  L= 3.059760e+02  comp= 2.7317e+01 expr= 2.7866e+02 L+= 8.4832e-01 L-= 8.0441e-01  Keff= 7.99(min  7.97)  gmin=1.08e-01  floor=0.0e+00  |dM|=4.90e-04  step=1.00e+00
  it 1372  L= 3.059438e+02  comp= 2.7316e+01 expr= 2.7863e+02 L+= 8.4998e-01 L-= 8.0594e-01  Keff= 7.99(min  7.97)  gmin=1.08e-01  floor=0.0e+00  |dM|=4.91e-04  step=1.00e+00
  it 1373  L= 3.059115e+02  comp= 2.7315e+01 expr= 2.7860e+02 L+= 8.5164e-01 L-= 8.0747e-01  Keff= 7.99(min  7.97)  gmin=1.08e-01  floor=0.0e+00  |dM|=4.91e-04  step=1.00e+00
  it 1374  L= 3.058792e+02  comp= 2.7314e+01 expr= 2.7857e+02 L+= 8.5329e-01 L-= 8.0900e-01  Keff= 7.99(min  7.97)  gmin=1.08e-01  floor=0.0e+00  |dM|=4.92e-04  step=1.00e+00
  it 1375  L= 3.058468e+02  comp= 2.7313e+01 expr= 2.7853e+02 L+= 8.5496e-01 L-= 8.1054e-01  Keff= 7.99(min  7.97)  gmin=1.08e-01  floor=0.0e+00  |dM|=4.93e-04  step=1.00e+00
  it 1376  L= 3.058144e+02  comp= 2.7312e+01 expr= 2.7850e+02 L+= 8.5662e-01 L-= 8.1208e-01  Keff= 7.99(min  7.97)  gmin=1.08e-01  floor=0.0e+00  |dM|=4.94e-04  step=1.00e+00
  it 1377  L= 3.057819e+02  comp= 2.7311e+01 expr= 2.7847e+02 L+= 8.5828e-01 L-= 8.1361e-01  Keff= 7.99(min  7.97)  gmin=1.08e-01  floor=0.0e+00  |dM|=4.94e-04  step=1.00e+00
  it 1378  L= 3.057494e+02  comp= 2.7310e+01 expr= 2.7844e+02 L+= 8.5995e-01 L-= 8.1515e-01  Keff= 7.99(min  7.97)  gmin=1.08e-01  floor=0.0e+00  |dM|=4.95e-04  step=1.00e+00
  it 1379  L= 3.057169e+02  comp= 2.7309e+01 expr= 2.7841e+02 L+= 8.6161e-01 L-= 8.1669e-01  Keff= 7.99(min  7.97)  gmin=1.08e-01  floor=0.0e+00  |dM|=4.96e-04  step=1.00e+00
  it 1380  L= 3.056843e+02  comp= 2.7308e+01 expr= 2.7838e+02 L+= 8.6328e-01 L-= 8.1823e-01  Keff= 7.99(min  7.96)  gmin=1.08e-01  floor=0.0e+00  |dM|=4.96e-04  step=1.00e+00
  it 1381  L= 3.056516e+02  comp= 2.7307e+01 expr= 2.7834e+02 L+= 8.6495e-01 L-= 8.1977e-01  Keff= 7.99(min  7.96)  gmin=1.08e-01  floor=0.0e+00  |dM|=4.97e-04  step=1.00e+00
  it 1382  L= 3.056190e+02  comp= 2.7306e+01 expr= 2.7831e+02 L+= 8.6662e-01 L-= 8.2132e-01  Keff= 7.99(min  7.96)  gmin=1.08e-01  floor=0.0e+00  |dM|=4.97e-04  step=1.00e+00
  it 1383  L= 3.055863e+02  comp= 2.7305e+01 expr= 2.7828e+02 L+= 8.6829e-01 L-= 8.2286e-01  Keff= 7.99(min  7.96)  gmin=1.08e-01  floor=0.0e+00  |dM|=4.98e-04  step=1.00e+00
  it 1384  L= 3.055535e+02  comp= 2.7304e+01 expr= 2.7825e+02 L+= 8.6997e-01 L-= 8.2441e-01  Keff= 7.99(min  7.96)  gmin=1.08e-01  floor=0.0e+00  |dM|=4.99e-04  step=1.00e+00
  it 1385  L= 3.055207e+02  comp= 2.7303e+01 expr= 2.7822e+02 L+= 8.7164e-01 L-= 8.2595e-01  Keff= 7.99(min  7.96)  gmin=1.08e-01  floor=0.0e+00  |dM|=4.99e-04  step=1.00e+00
  it 1386  L= 3.054878e+02  comp= 2.7302e+01 expr= 2.7819e+02 L+= 8.7332e-01 L-= 8.2750e-01  Keff= 7.99(min  7.96)  gmin=1.08e-01  floor=0.0e+00  |dM|=5.00e-04  step=1.00e+00
  it 1387  L= 3.054550e+02  comp= 2.7301e+01 expr= 2.7815e+02 L+= 8.7500e-01 L-= 8.2905e-01  Keff= 7.99(min  7.96)  gmin=1.08e-01  floor=0.0e+00  |dM|=5.00e-04  step=1.00e+00
  it 1388  L= 3.054220e+02  comp= 2.7300e+01 expr= 2.7812e+02 L+= 8.7668e-01 L-= 8.3060e-01  Keff= 7.99(min  7.96)  gmin=1.08e-01  floor=0.0e+00  |dM|=5.01e-04  step=1.00e+00
  it 1389  L= 3.053891e+02  comp= 2.7299e+01 expr= 2.7809e+02 L+= 8.7836e-01 L-= 8.3215e-01  Keff= 7.99(min  7.96)  gmin=1.08e-01  floor=0.0e+00  |dM|=5.01e-04  step=1.00e+00
  it 1390  L= 3.053561e+02  comp= 2.7298e+01 expr= 2.7806e+02 L+= 8.8004e-01 L-= 8.3371e-01  Keff= 7.99(min  7.96)  gmin=1.08e-01  floor=0.0e+00  |dM|=5.02e-04  step=1.00e+00
  it 1391  L= 3.053230e+02  comp= 2.7297e+01 expr= 2.7803e+02 L+= 8.8173e-01 L-= 8.3526e-01  Keff= 7.99(min  7.96)  gmin=1.08e-01  floor=0.0e+00  |dM|=5.02e-04  step=1.00e+00
  it 1392  L= 3.052899e+02  comp= 2.7296e+01 expr= 2.7799e+02 L+= 8.8341e-01 L-= 8.3682e-01  Keff= 7.99(min  7.96)  gmin=1.07e-01  floor=0.0e+00  |dM|=5.03e-04  step=1.00e+00
  it 1393  L= 3.052568e+02  comp= 2.7295e+01 expr= 2.7796e+02 L+= 8.8510e-01 L-= 8.3837e-01  Keff= 7.99(min  7.96)  gmin=1.07e-01  floor=0.0e+00  |dM|=5.03e-04  step=1.00e+00
  it 1394  L= 3.052236e+02  comp= 2.7294e+01 expr= 2.7793e+02 L+= 8.8679e-01 L-= 8.3993e-01  Keff= 7.99(min  7.96)  gmin=1.07e-01  floor=0.0e+00  |dM|=5.03e-04  step=1.00e+00
  it 1395  L= 3.051904e+02  comp= 2.7293e+01 expr= 2.7790e+02 L+= 8.8847e-01 L-= 8.4149e-01  Keff= 7.99(min  7.96)  gmin=1.07e-01  floor=0.0e+00  |dM|=5.04e-04  step=1.00e+00
  it 1396  L= 3.051572e+02  comp= 2.7292e+01 expr= 2.7787e+02 L+= 8.9017e-01 L-= 8.4305e-01  Keff= 7.99(min  7.96)  gmin=1.07e-01  floor=0.0e+00  |dM|=5.04e-04  step=1.00e+00
  it 1397  L= 3.051238e+02  comp= 2.7291e+01 expr= 2.7783e+02 L+= 8.9186e-01 L-= 8.4461e-01  Keff= 7.99(min  7.96)  gmin=1.07e-01  floor=0.0e+00  |dM|=5.04e-04  step=1.00e+00
  it 1398  L= 3.050905e+02  comp= 2.7290e+01 expr= 2.7780e+02 L+= 8.9355e-01 L-= 8.4617e-01  Keff= 7.99(min  7.96)  gmin=1.07e-01  floor=0.0e+00  |dM|=5.05e-04  step=1.00e+00
  it 1399  L= 3.050572e+02  comp= 2.7288e+01 expr= 2.7777e+02 L+= 8.9525e-01 L-= 8.4774e-01  Keff= 7.99(min  7.96)  gmin=1.07e-01  floor=0.0e+00  |dM|=5.05e-04  step=1.00e+00
  it 1400  L= 3.050237e+02  comp= 2.7287e+01 expr= 2.7774e+02 L+= 8.9694e-01 L-= 8.4930e-01  Keff= 7.99(min  7.96)  gmin=1.07e-01  floor=0.0e+00  |dM|=5.05e-04  step=1.00e+00
  it 1401  L= 3.049903e+02  comp= 2.7286e+01 expr= 2.7770e+02 L+= 8.9864e-01 L-= 8.5087e-01  Keff= 7.99(min  7.96)  gmin=1.07e-01  floor=0.0e+00  |dM|=5.05e-04  step=1.00e+00
  it 1402  L= 3.049568e+02  comp= 2.7285e+01 expr= 2.7767e+02 L+= 9.0034e-01 L-= 8.5243e-01  Keff= 7.99(min  7.96)  gmin=1.07e-01  floor=0.0e+00  |dM|=5.06e-04  step=1.00e+00
  it 1403  L= 3.049232e+02  comp= 2.7284e+01 expr= 2.7764e+02 L+= 9.0204e-01 L-= 8.5400e-01  Keff= 7.99(min  7.96)  gmin=1.07e-01  floor=0.0e+00  |dM|=5.06e-04  step=1.00e+00
  it 1404  L= 3.048896e+02  comp= 2.7283e+01 expr= 2.7761e+02 L+= 9.0374e-01 L-= 8.5557e-01  Keff= 7.99(min  7.96)  gmin=1.07e-01  floor=0.0e+00  |dM|=5.06e-04  step=1.00e+00
  it 1405  L= 3.048560e+02  comp= 2.7282e+01 expr= 2.7757e+02 L+= 9.0545e-01 L-= 8.5714e-01  Keff= 7.99(min  7.96)  gmin=1.07e-01  floor=0.0e+00  |dM|=5.06e-04  step=1.00e+00
  it 1406  L= 3.048224e+02  comp= 2.7281e+01 expr= 2.7754e+02 L+= 9.0715e-01 L-= 8.5871e-01  Keff= 7.99(min  7.96)  gmin=1.07e-01  floor=0.0e+00  |dM|=5.06e-04  step=1.00e+00
  it 1407  L= 3.047887e+02  comp= 2.7280e+01 expr= 2.7751e+02 L+= 9.0886e-01 L-= 8.6028e-01  Keff= 7.99(min  7.96)  gmin=1.07e-01  floor=0.0e+00  |dM|=5.06e-04  step=1.00e+00
  it 1408  L= 3.047549e+02  comp= 2.7279e+01 expr= 2.7748e+02 L+= 9.1056e-01 L-= 8.6186e-01  Keff= 7.99(min  7.96)  gmin=1.07e-01  floor=0.0e+00  |dM|=5.06e-04  step=1.00e+00
  it 1409  L= 3.047212e+02  comp= 2.7278e+01 expr= 2.7744e+02 L+= 9.1227e-01 L-= 8.6343e-01  Keff= 7.99(min  7.96)  gmin=1.07e-01  floor=0.0e+00  |dM|=5.06e-04  step=1.00e+00
  it 1410  L= 3.046873e+02  comp= 2.7277e+01 expr= 2.7741e+02 L+= 9.1398e-01 L-= 8.6500e-01  Keff= 7.99(min  7.96)  gmin=1.07e-01  floor=0.0e+00  |dM|=5.06e-04  step=1.00e+00
  it 1411  L= 3.046535e+02  comp= 2.7276e+01 expr= 2.7738e+02 L+= 9.1569e-01 L-= 8.6658e-01  Keff= 7.99(min  7.96)  gmin=1.07e-01  floor=0.0e+00  |dM|=5.06e-04  step=1.00e+00
  it 1412  L= 3.046196e+02  comp= 2.7275e+01 expr= 2.7735e+02 L+= 9.1741e-01 L-= 8.6816e-01  Keff= 7.99(min  7.96)  gmin=1.07e-01  floor=0.0e+00  |dM|=5.06e-04  step=1.00e+00
  it 1413  L= 3.045857e+02  comp= 2.7273e+01 expr= 2.7731e+02 L+= 9.1912e-01 L-= 8.6974e-01  Keff= 7.99(min  7.96)  gmin=1.07e-01  floor=0.0e+00  |dM|=5.05e-04  step=1.00e+00
  it 1414  L= 3.045518e+02  comp= 2.7272e+01 expr= 2.7728e+02 L+= 9.2083e-01 L-= 8.7132e-01  Keff= 7.99(min  7.96)  gmin=1.07e-01  floor=0.0e+00  |dM|=5.05e-04  step=1.00e+00
  it 1415  L= 3.045177e+02  comp= 2.7271e+01 expr= 2.7725e+02 L+= 9.2255e-01 L-= 8.7290e-01  Keff= 7.99(min  7.96)  gmin=1.07e-01  floor=0.0e+00  |dM|=5.05e-04  step=1.00e+00
  it 1416  L= 3.044837e+02  comp= 2.7270e+01 expr= 2.7721e+02 L+= 9.2427e-01 L-= 8.7448e-01  Keff= 7.99(min  7.96)  gmin=1.07e-01  floor=0.0e+00  |dM|=5.05e-04  step=1.00e+00
  it 1417  L= 3.044496e+02  comp= 2.7269e+01 expr= 2.7718e+02 L+= 9.2598e-01 L-= 8.7606e-01  Keff= 7.99(min  7.96)  gmin=1.07e-01  floor=0.0e+00  |dM|=5.05e-04  step=1.00e+00
  it 1418  L= 3.044155e+02  comp= 2.7268e+01 expr= 2.7715e+02 L+= 9.2770e-01 L-= 8.7764e-01  Keff= 7.99(min  7.96)  gmin=1.07e-01  floor=0.0e+00  |dM|=5.04e-04  step=1.00e+00
  it 1419  L= 3.043813e+02  comp= 2.7267e+01 expr= 2.7711e+02 L+= 9.2942e-01 L-= 8.7923e-01  Keff= 7.99(min  7.96)  gmin=1.07e-01  floor=0.0e+00  |dM|=5.04e-04  step=1.00e+00
  it 1420  L= 3.043472e+02  comp= 2.7266e+01 expr= 2.7708e+02 L+= 9.3115e-01 L-= 8.8081e-01  Keff= 7.99(min  7.96)  gmin=1.07e-01  floor=0.0e+00  |dM|=5.04e-04  step=1.00e+00
  it 1421  L= 3.043129e+02  comp= 2.7265e+01 expr= 2.7705e+02 L+= 9.3287e-01 L-= 8.8240e-01  Keff= 7.99(min  7.96)  gmin=1.07e-01  floor=0.0e+00  |dM|=5.03e-04  step=1.00e+00
  it 1422  L= 3.042787e+02  comp= 2.7264e+01 expr= 2.7702e+02 L+= 9.3459e-01 L-= 8.8398e-01  Keff= 7.99(min  7.96)  gmin=1.07e-01  floor=0.0e+00  |dM|=5.03e-04  step=1.00e+00
  it 1423  L= 3.042444e+02  comp= 2.7262e+01 expr= 2.7698e+02 L+= 9.3632e-01 L-= 8.8558e-01  Keff= 7.99(min  7.96)  gmin=1.07e-01  floor=0.0e+00  |dM|=5.02e-04  step=1.00e+00
  it 1424  L= 3.042101e+02  comp= 2.7261e+01 expr= 2.7695e+02 L+= 9.3805e-01 L-= 8.8716e-01  Keff= 7.99(min  7.96)  gmin=1.07e-01  floor=0.0e+00  |dM|=5.02e-04  step=1.00e+00
  it 1425  L= 3.041757e+02  comp= 2.7260e+01 expr= 2.7692e+02 L+= 9.3978e-01 L-= 8.8875e-01  Keff= 7.99(min  7.96)  gmin=1.07e-01  floor=0.0e+00  |dM|=5.01e-04  step=1.00e+00
  it 1426  L= 3.041412e+02  comp= 2.7259e+01 expr= 2.7688e+02 L+= 9.4151e-01 L-= 8.9035e-01  Keff= 7.99(min  7.96)  gmin=1.07e-01  floor=0.0e+00  |dM|=5.01e-04  step=1.00e+00
  it 1427  L= 3.041068e+02  comp= 2.7258e+01 expr= 2.7685e+02 L+= 9.4323e-01 L-= 8.9194e-01  Keff= 7.99(min  7.96)  gmin=1.07e-01  floor=0.0e+00  |dM|=5.00e-04  step=1.00e+00
  it 1428  L= 3.040723e+02  comp= 2.7257e+01 expr= 2.7682e+02 L+= 9.4497e-01 L-= 8.9353e-01  Keff= 7.99(min  7.96)  gmin=1.07e-01  floor=0.0e+00  |dM|=5.00e-04  step=1.00e+00
  it 1429  L= 3.040378e+02  comp= 2.7256e+01 expr= 2.7678e+02 L+= 9.4670e-01 L-= 8.9512e-01  Keff= 7.99(min  7.96)  gmin=1.07e-01  floor=0.0e+00  |dM|=4.99e-04  step=1.00e+00
  it 1430  L= 3.040032e+02  comp= 2.7255e+01 expr= 2.7675e+02 L+= 9.4843e-01 L-= 8.9672e-01  Keff= 7.99(min  7.96)  gmin=1.07e-01  floor=0.0e+00  |dM|=4.98e-04  step=1.00e+00
  it 1431  L= 3.039687e+02  comp= 2.7253e+01 expr= 2.7672e+02 L+= 9.5017e-01 L-= 8.9831e-01  Keff= 7.99(min  7.96)  gmin=1.07e-01  floor=0.0e+00  |dM|=4.98e-04  step=1.00e+00
  it 1432  L= 3.039340e+02  comp= 2.7252e+01 expr= 2.7668e+02 L+= 9.5190e-01 L-= 8.9991e-01  Keff= 7.99(min  7.96)  gmin=1.07e-01  floor=0.0e+00  |dM|=4.97e-04  step=1.00e+00
  it 1433  L= 3.038994e+02  comp= 2.7251e+01 expr= 2.7665e+02 L+= 9.5364e-01 L-= 9.0151e-01  Keff= 7.99(min  7.96)  gmin=1.07e-01  floor=0.0e+00  |dM|=4.96e-04  step=1.00e+00
  it 1434  L= 3.038647e+02  comp= 2.7250e+01 expr= 2.7661e+02 L+= 9.5538e-01 L-= 9.0310e-01  Keff= 7.99(min  7.96)  gmin=1.06e-01  floor=0.0e+00  |dM|=4.96e-04  step=1.00e+00
  it 1435  L= 3.038299e+02  comp= 2.7249e+01 expr= 2.7658e+02 L+= 9.5712e-01 L-= 9.0471e-01  Keff= 7.99(min  7.96)  gmin=1.06e-01  floor=0.0e+00  |dM|=4.95e-04  step=1.00e+00
  it 1436  L= 3.037951e+02  comp= 2.7248e+01 expr= 2.7655e+02 L+= 9.5886e-01 L-= 9.0630e-01  Keff= 7.99(min  7.96)  gmin=1.06e-01  floor=0.0e+00  |dM|=4.94e-04  step=1.00e+00
  it 1437  L= 3.037603e+02  comp= 2.7247e+01 expr= 2.7651e+02 L+= 9.6060e-01 L-= 9.0790e-01  Keff= 7.99(min  7.96)  gmin=1.06e-01  floor=0.0e+00  |dM|=4.94e-04  step=1.00e+00
  it 1438  L= 3.037255e+02  comp= 2.7245e+01 expr= 2.7648e+02 L+= 9.6235e-01 L-= 9.0951e-01  Keff= 7.99(min  7.96)  gmin=1.06e-01  floor=0.0e+00  |dM|=4.93e-04  step=1.00e+00
  it 1439  L= 3.036906e+02  comp= 2.7244e+01 expr= 2.7645e+02 L+= 9.6409e-01 L-= 9.1111e-01  Keff= 7.99(min  7.96)  gmin=1.06e-01  floor=0.0e+00  |dM|=4.92e-04  step=1.00e+00
  it 1440  L= 3.036557e+02  comp= 2.7243e+01 expr= 2.7641e+02 L+= 9.6584e-01 L-= 9.1271e-01  Keff= 7.99(min  7.96)  gmin=1.06e-01  floor=0.0e+00  |dM|=4.91e-04  step=1.00e+00
  it 1441  L= 3.036208e+02  comp= 2.7242e+01 expr= 2.7638e+02 L+= 9.6758e-01 L-= 9.1432e-01  Keff= 7.99(min  7.96)  gmin=1.06e-01  floor=0.0e+00  |dM|=4.91e-04  step=1.00e+00
  it 1442  L= 3.035858e+02  comp= 2.7241e+01 expr= 2.7635e+02 L+= 9.6933e-01 L-= 9.1592e-01  Keff= 7.99(min  7.96)  gmin=1.06e-01  floor=0.0e+00  |dM|=4.90e-04  step=1.00e+00
  it 1443  L= 3.035508e+02  comp= 2.7240e+01 expr= 2.7631e+02 L+= 9.7108e-01 L-= 9.1753e-01  Keff= 7.99(min  7.96)  gmin=1.06e-01  floor=0.0e+00  |dM|=4.89e-04  step=1.00e+00
  it 1444  L= 3.035157e+02  comp= 2.7238e+01 expr= 2.7628e+02 L+= 9.7283e-01 L-= 9.1914e-01  Keff= 7.99(min  7.96)  gmin=1.06e-01  floor=0.0e+00  |dM|=4.88e-04  step=1.00e+00
  it 1445  L= 3.034806e+02  comp= 2.7237e+01 expr= 2.7624e+02 L+= 9.7458e-01 L-= 9.2074e-01  Keff= 7.99(min  7.96)  gmin=1.06e-01  floor=0.0e+00  |dM|=4.87e-04  step=1.00e+00
  it 1446  L= 3.034455e+02  comp= 2.7236e+01 expr= 2.7621e+02 L+= 9.7633e-01 L-= 9.2235e-01  Keff= 7.99(min  7.96)  gmin=1.06e-01  floor=0.0e+00  |dM|=4.87e-04  step=1.00e+00
  it 1447  L= 3.034104e+02  comp= 2.7235e+01 expr= 2.7618e+02 L+= 9.7809e-01 L-= 9.2396e-01  Keff= 7.99(min  7.96)  gmin=1.06e-01  floor=0.0e+00  |dM|=4.86e-04  step=1.00e+00
  it 1448  L= 3.033752e+02  comp= 2.7234e+01 expr= 2.7614e+02 L+= 9.7984e-01 L-= 9.2557e-01  Keff= 7.99(min  7.96)  gmin=1.06e-01  floor=0.0e+00  |dM|=4.85e-04  step=1.00e+00
  it 1449  L= 3.033400e+02  comp= 2.7233e+01 expr= 2.7611e+02 L+= 9.8160e-01 L-= 9.2718e-01  Keff= 7.99(min  7.96)  gmin=1.06e-01  floor=0.0e+00  |dM|=4.84e-04  step=1.00e+00
  it 1450  L= 3.033047e+02  comp= 2.7231e+01 expr= 2.7607e+02 L+= 9.8335e-01 L-= 9.2880e-01  Keff= 7.99(min  7.96)  gmin=1.06e-01  floor=0.0e+00  |dM|=4.83e-04  step=1.00e+00
  it 1451  L= 3.032694e+02  comp= 2.7230e+01 expr= 2.7604e+02 L+= 9.8511e-01 L-= 9.3041e-01  Keff= 7.99(min  7.96)  gmin=1.06e-01  floor=0.0e+00  |dM|=4.83e-04  step=1.00e+00
  it 1452  L= 3.032341e+02  comp= 2.7229e+01 expr= 2.7601e+02 L+= 9.8687e-01 L-= 9.3202e-01  Keff= 7.99(min  7.96)  gmin=1.06e-01  floor=0.0e+00  |dM|=4.82e-04  step=1.00e+00
  it 1453  L= 3.031987e+02  comp= 2.7228e+01 expr= 2.7597e+02 L+= 9.8863e-01 L-= 9.3363e-01  Keff= 7.99(min  7.96)  gmin=1.06e-01  floor=0.0e+00  |dM|=4.81e-04  step=1.00e+00
  it 1454  L= 3.031633e+02  comp= 2.7227e+01 expr= 2.7594e+02 L+= 9.9039e-01 L-= 9.3525e-01  Keff= 7.99(min  7.96)  gmin=1.06e-01  floor=0.0e+00  |dM|=4.80e-04  step=1.00e+00
  it 1455  L= 3.031279e+02  comp= 2.7225e+01 expr= 2.7590e+02 L+= 9.9215e-01 L-= 9.3687e-01  Keff= 7.99(min  7.96)  gmin=1.06e-01  floor=0.0e+00  |dM|=4.79e-04  step=1.00e+00
  it 1456  L= 3.030924e+02  comp= 2.7224e+01 expr= 2.7587e+02 L+= 9.9392e-01 L-= 9.3849e-01  Keff= 7.99(min  7.96)  gmin=1.06e-01  floor=0.0e+00  |dM|=4.79e-04  step=1.00e+00
  it 1457  L= 3.030569e+02  comp= 2.7223e+01 expr= 2.7583e+02 L+= 9.9568e-01 L-= 9.4010e-01  Keff= 7.99(min  7.96)  gmin=1.06e-01  floor=0.0e+00  |dM|=4.78e-04  step=1.00e+00
  it 1458  L= 3.030214e+02  comp= 2.7222e+01 expr= 2.7580e+02 L+= 9.9744e-01 L-= 9.4172e-01  Keff= 7.99(min  7.95)  gmin=1.06e-01  floor=0.0e+00  |dM|=4.77e-04  step=1.00e+00
  it 1459  L= 3.029858e+02  comp= 2.7221e+01 expr= 2.7577e+02 L+= 9.9921e-01 L-= 9.4334e-01  Keff= 7.99(min  7.95)  gmin=1.06e-01  floor=0.0e+00  |dM|=4.76e-04  step=1.00e+00
  it 1460  L= 3.029502e+02  comp= 2.7219e+01 expr= 2.7573e+02 L+= 1.0010e+00 L-= 9.4496e-01  Keff= 7.99(min  7.95)  gmin=1.06e-01  floor=0.0e+00  |dM|=4.75e-04  step=1.00e+00
  it 1461  L= 3.029146e+02  comp= 2.7218e+01 expr= 2.7570e+02 L+= 1.0027e+00 L-= 9.4658e-01  Keff= 7.99(min  7.95)  gmin=1.06e-01  floor=0.0e+00  |dM|=4.75e-04  step=1.00e+00
  it 1462  L= 3.028789e+02  comp= 2.7217e+01 expr= 2.7566e+02 L+= 1.0045e+00 L-= 9.4820e-01  Keff= 7.99(min  7.95)  gmin=1.06e-01  floor=0.0e+00  |dM|=4.74e-04  step=1.00e+00
  it 1463  L= 3.028432e+02  comp= 2.7216e+01 expr= 2.7563e+02 L+= 1.0063e+00 L-= 9.4982e-01  Keff= 7.99(min  7.95)  gmin=1.06e-01  floor=0.0e+00  |dM|=4.73e-04  step=1.00e+00
  it 1464  L= 3.028075e+02  comp= 2.7214e+01 expr= 2.7559e+02 L+= 1.0081e+00 L-= 9.5145e-01  Keff= 7.99(min  7.95)  gmin=1.06e-01  floor=0.0e+00  |dM|=4.72e-04  step=1.00e+00
  it 1465  L= 3.027717e+02  comp= 2.7213e+01 expr= 2.7556e+02 L+= 1.0098e+00 L-= 9.5307e-01  Keff= 7.99(min  7.95)  gmin=1.06e-01  floor=0.0e+00  |dM|=4.72e-04  step=1.00e+00
  it 1466  L= 3.027359e+02  comp= 2.7212e+01 expr= 2.7552e+02 L+= 1.0116e+00 L-= 9.5470e-01  Keff= 7.99(min  7.95)  gmin=1.06e-01  floor=0.0e+00  |dM|=4.71e-04  step=1.00e+00
  it 1467  L= 3.027001e+02  comp= 2.7211e+01 expr= 2.7549e+02 L+= 1.0134e+00 L-= 9.5632e-01  Keff= 7.99(min  7.95)  gmin=1.06e-01  floor=0.0e+00  |dM|=4.70e-04  step=1.00e+00
  it 1468  L= 3.026642e+02  comp= 2.7210e+01 expr= 2.7545e+02 L+= 1.0152e+00 L-= 9.5795e-01  Keff= 7.99(min  7.95)  gmin=1.06e-01  floor=0.0e+00  |dM|=4.70e-04  step=1.00e+00
  it 1469  L= 3.026283e+02  comp= 2.7208e+01 expr= 2.7542e+02 L+= 1.0169e+00 L-= 9.5958e-01  Keff= 7.99(min  7.95)  gmin=1.06e-01  floor=0.0e+00  |dM|=4.69e-04  step=1.00e+00
  it 1470  L= 3.025924e+02  comp= 2.7207e+01 expr= 2.7539e+02 L+= 1.0187e+00 L-= 9.6120e-01  Keff= 7.99(min  7.95)  gmin=1.06e-01  floor=0.0e+00  |dM|=4.68e-04  step=1.00e+00
  it 1471  L= 3.025564e+02  comp= 2.7206e+01 expr= 2.7535e+02 L+= 1.0205e+00 L-= 9.6283e-01  Keff= 7.99(min  7.95)  gmin=1.06e-01  floor=0.0e+00  |dM|=4.68e-04  step=1.00e+00
  it 1472  L= 3.025204e+02  comp= 2.7205e+01 expr= 2.7532e+02 L+= 1.0223e+00 L-= 9.6446e-01  Keff= 7.99(min  7.95)  gmin=1.05e-01  floor=0.0e+00  |dM|=4.67e-04  step=1.00e+00
  it 1473  L= 3.024843e+02  comp= 2.7203e+01 expr= 2.7528e+02 L+= 1.0240e+00 L-= 9.6609e-01  Keff= 7.99(min  7.95)  gmin=1.05e-01  floor=0.0e+00  |dM|=4.66e-04  step=1.00e+00
  it 1474  L= 3.024483e+02  comp= 2.7202e+01 expr= 2.7525e+02 L+= 1.0258e+00 L-= 9.6772e-01  Keff= 7.99(min  7.95)  gmin=1.05e-01  floor=0.0e+00  |dM|=4.66e-04  step=1.00e+00
  it 1475  L= 3.024122e+02  comp= 2.7201e+01 expr= 2.7521e+02 L+= 1.0276e+00 L-= 9.6935e-01  Keff= 7.99(min  7.95)  gmin=1.05e-01  floor=0.0e+00  |dM|=4.65e-04  step=1.00e+00
  it 1476  L= 3.023761e+02  comp= 2.7200e+01 expr= 2.7518e+02 L+= 1.0294e+00 L-= 9.7099e-01  Keff= 7.99(min  7.95)  gmin=1.05e-01  floor=0.0e+00  |dM|=4.64e-04  step=1.00e+00
  it 1477  L= 3.023399e+02  comp= 2.7198e+01 expr= 2.7514e+02 L+= 1.0312e+00 L-= 9.7262e-01  Keff= 7.99(min  7.95)  gmin=1.05e-01  floor=0.0e+00  |dM|=4.64e-04  step=1.00e+00
  it 1478  L= 3.023036e+02  comp= 2.7197e+01 expr= 2.7511e+02 L+= 1.0330e+00 L-= 9.7425e-01  Keff= 7.99(min  7.95)  gmin=1.05e-01  floor=0.0e+00  |dM|=4.64e-04  step=1.00e+00
  it 1479  L= 3.022675e+02  comp= 2.7196e+01 expr= 2.7507e+02 L+= 1.0348e+00 L-= 9.7589e-01  Keff= 7.99(min  7.95)  gmin=1.05e-01  floor=0.0e+00  |dM|=4.65e-04  step=1.00e+00
  it 1480  L= 3.022312e+02  comp= 2.7195e+01 expr= 2.7504e+02 L+= 1.0365e+00 L-= 9.7752e-01  Keff= 7.99(min  7.95)  gmin=1.05e-01  floor=0.0e+00  |dM|=4.66e-04  step=1.00e+00
  it 1481  L= 3.021949e+02  comp= 2.7193e+01 expr= 2.7500e+02 L+= 1.0383e+00 L-= 9.7916e-01  Keff= 7.99(min  7.95)  gmin=1.05e-01  floor=0.0e+00  |dM|=4.66e-04  step=1.00e+00
  it 1482  L= 3.021585e+02  comp= 2.7192e+01 expr= 2.7497e+02 L+= 1.0401e+00 L-= 9.8080e-01  Keff= 7.99(min  7.95)  gmin=1.05e-01  floor=0.0e+00  |dM|=4.67e-04  step=1.00e+00
  it 1483  L= 3.021222e+02  comp= 2.7191e+01 expr= 2.7493e+02 L+= 1.0419e+00 L-= 9.8243e-01  Keff= 7.99(min  7.95)  gmin=1.05e-01  floor=0.0e+00  |dM|=4.68e-04  step=1.00e+00
  it 1484  L= 3.020858e+02  comp= 2.7189e+01 expr= 2.7490e+02 L+= 1.0437e+00 L-= 9.8407e-01  Keff= 7.99(min  7.95)  gmin=1.05e-01  floor=0.0e+00  |dM|=4.69e-04  step=1.00e+00
  it 1485  L= 3.020493e+02  comp= 2.7188e+01 expr= 2.7486e+02 L+= 1.0455e+00 L-= 9.8571e-01  Keff= 7.99(min  7.95)  gmin=1.05e-01  floor=0.0e+00  |dM|=4.70e-04  step=1.00e+00
  it 1486  L= 3.020128e+02  comp= 2.7187e+01 expr= 2.7483e+02 L+= 1.0473e+00 L-= 9.8735e-01  Keff= 7.99(min  7.95)  gmin=1.05e-01  floor=0.0e+00  |dM|=4.70e-04  step=1.00e+00
  it 1487  L= 3.019763e+02  comp= 2.7186e+01 expr= 2.7479e+02 L+= 1.0491e+00 L-= 9.8899e-01  Keff= 7.99(min  7.95)  gmin=1.05e-01  floor=0.0e+00  |dM|=4.71e-04  step=1.00e+00
  it 1488  L= 3.019398e+02  comp= 2.7184e+01 expr= 2.7476e+02 L+= 1.0509e+00 L-= 9.9063e-01  Keff= 7.99(min  7.95)  gmin=1.05e-01  floor=0.0e+00  |dM|=4.72e-04  step=1.00e+00
  it 1489  L= 3.019033e+02  comp= 2.7183e+01 expr= 2.7472e+02 L+= 1.0527e+00 L-= 9.9227e-01  Keff= 7.99(min  7.95)  gmin=1.05e-01  floor=0.0e+00  |dM|=4.73e-04  step=1.00e+00
  it 1490  L= 3.018667e+02  comp= 2.7182e+01 expr= 2.7468e+02 L+= 1.0545e+00 L-= 9.9391e-01  Keff= 7.99(min  7.95)  gmin=1.05e-01  floor=0.0e+00  |dM|=4.73e-04  step=1.00e+00
  it 1491  L= 3.018301e+02  comp= 2.7181e+01 expr= 2.7465e+02 L+= 1.0563e+00 L-= 9.9556e-01  Keff= 7.99(min  7.95)  gmin=1.05e-01  floor=0.0e+00  |dM|=4.74e-04  step=1.00e+00
  it 1492  L= 3.017934e+02  comp= 2.7179e+01 expr= 2.7461e+02 L+= 1.0581e+00 L-= 9.9720e-01  Keff= 7.99(min  7.95)  gmin=1.05e-01  floor=0.0e+00  |dM|=4.75e-04  step=1.00e+00
  it 1493  L= 3.017568e+02  comp= 2.7178e+01 expr= 2.7458e+02 L+= 1.0599e+00 L-= 9.9885e-01  Keff= 7.99(min  7.95)  gmin=1.05e-01  floor=0.0e+00  |dM|=4.76e-04  step=1.00e+00
  it 1494  L= 3.017200e+02  comp= 2.7177e+01 expr= 2.7454e+02 L+= 1.0617e+00 L-= 1.0005e+00  Keff= 7.99(min  7.95)  gmin=1.05e-01  floor=0.0e+00  |dM|=4.77e-04  step=1.00e+00
  it 1495  L= 3.016833e+02  comp= 2.7175e+01 expr= 2.7451e+02 L+= 1.0635e+00 L-= 1.0021e+00  Keff= 7.99(min  7.95)  gmin=1.05e-01  floor=0.0e+00  |dM|=4.77e-04  step=1.00e+00
  it 1496  L= 3.016465e+02  comp= 2.7174e+01 expr= 2.7447e+02 L+= 1.0653e+00 L-= 1.0038e+00  Keff= 7.99(min  7.95)  gmin=1.05e-01  floor=0.0e+00  |dM|=4.78e-04  step=1.00e+00
  it 1497  L= 3.016097e+02  comp= 2.7173e+01 expr= 2.7444e+02 L+= 1.0671e+00 L-= 1.0054e+00  Keff= 7.99(min  7.95)  gmin=1.05e-01  floor=0.0e+00  |dM|=4.79e-04  step=1.00e+00
  it 1498  L= 3.015729e+02  comp= 2.7171e+01 expr= 2.7440e+02 L+= 1.0689e+00 L-= 1.0071e+00  Keff= 7.99(min  7.95)  gmin=1.05e-01  floor=0.0e+00  |dM|=4.80e-04  step=1.00e+00
  it 1499  L= 3.015360e+02  comp= 2.7170e+01 expr= 2.7437e+02 L+= 1.0707e+00 L-= 1.0087e+00  Keff= 7.99(min  7.95)  gmin=1.05e-01  floor=0.0e+00  |dM|=4.81e-04  step=1.00e+00
  it 1500  L= 3.014991e+02  comp= 2.7169e+01 expr= 2.7433e+02 L+= 1.0725e+00 L-= 1.0104e+00  Keff= 7.99(min  7.95)  gmin=1.05e-01  floor=0.0e+00  |dM|=4.81e-04  step=1.00e+00
[fit] restart 2 (seed=2, init=random)
  it    1  L= 3.185984e+02  comp= 2.7533e+01 expr= 2.9107e+02 L+= 8.2334e-02 L-= 7.8558e-02  Keff= 8.00(min  7.99)  gmin=1.13e-01  floor=0.0e+00  |dM|=7.70e-05  step=1.00e+00
  it    2  L= 3.185979e+02  comp= 2.7533e+01 expr= 2.9106e+02 L+= 8.2386e-02 L-= 7.8605e-02  Keff= 8.00(min  7.99)  gmin=1.13e-01  floor=0.0e+00  |dM|=7.72e-05  step=1.00e+00
  it    3  L= 3.185974e+02  comp= 2.7533e+01 expr= 2.9106e+02 L+= 8.2439e-02 L-= 7.8653e-02  Keff= 8.00(min  7.99)  gmin=1.13e-01  floor=0.0e+00  |dM|=7.73e-05  step=1.00e+00
  it    4  L= 3.185969e+02  comp= 2.7533e+01 expr= 2.9106e+02 L+= 8.2493e-02 L-= 7.8699e-02  Keff= 8.00(min  7.99)  gmin=1.13e-01  floor=0.0e+00  |dM|=7.75e-05  step=1.00e+00
  it    5  L= 3.185963e+02  comp= 2.7533e+01 expr= 2.9106e+02 L+= 8.2546e-02 L-= 7.8749e-02  Keff= 8.00(min  7.99)  gmin=1.13e-01  floor=0.0e+00  |dM|=7.77e-05  step=1.00e+00
  it    6  L= 3.185959e+02  comp= 2.7533e+01 expr= 2.9106e+02 L+= 8.2599e-02 L-= 7.8796e-02  Keff= 8.00(min  7.99)  gmin=1.13e-01  floor=0.0e+00  |dM|=7.78e-05  step=1.00e+00
  it    7  L= 3.185953e+02  comp= 2.7533e+01 expr= 2.9106e+02 L+= 8.2653e-02 L-= 7.8843e-02  Keff= 8.00(min  7.99)  gmin=1.13e-01  floor=0.0e+00  |dM|=7.80e-05  step=1.00e+00
  it    8  L= 3.185948e+02  comp= 2.7533e+01 expr= 2.9106e+02 L+= 8.2704e-02 L-= 7.8889e-02  Keff= 8.00(min  7.99)  gmin=1.13e-01  floor=0.0e+00  |dM|=7.81e-05  step=1.00e+00
  it    9  L= 3.185943e+02  comp= 2.7533e+01 expr= 2.9106e+02 L+= 8.2760e-02 L-= 7.8939e-02  Keff= 8.00(min  7.99)  gmin=1.13e-01  floor=0.0e+00  |dM|=7.83e-05  step=1.00e+00
  it   10  L= 3.185938e+02  comp= 2.7533e+01 expr= 2.9106e+02 L+= 8.2815e-02 L-= 7.8988e-02  Keff= 8.00(min  7.99)  gmin=1.13e-01  floor=0.0e+00  |dM|=7.85e-05  step=1.00e+00
  it   11  L= 3.185933e+02  comp= 2.7533e+01 expr= 2.9106e+02 L+= 8.2868e-02 L-= 7.9036e-02  Keff= 8.00(min  7.99)  gmin=1.13e-01  floor=0.0e+00  |dM|=7.86e-05  step=1.00e+00
  it   12  L= 3.185928e+02  comp= 2.7533e+01 expr= 2.9106e+02 L+= 8.2921e-02 L-= 7.9086e-02  Keff= 8.00(min  7.99)  gmin=1.13e-01  floor=0.0e+00  |dM|=7.88e-05  step=1.00e+00
  it   13  L= 3.185922e+02  comp= 2.7533e+01 expr= 2.9106e+02 L+= 8.2976e-02 L-= 7.9134e-02  Keff= 8.00(min  7.99)  gmin=1.13e-01  floor=0.0e+00  |dM|=7.89e-05  step=1.00e+00
  it   14  L= 3.185917e+02  comp= 2.7533e+01 expr= 2.9106e+02 L+= 8.3030e-02 L-= 7.9182e-02  Keff= 8.00(min  7.99)  gmin=1.13e-01  floor=0.0e+00  |dM|=7.91e-05  step=1.00e+00
  it   15  L= 3.185912e+02  comp= 2.7533e+01 expr= 2.9106e+02 L+= 8.3083e-02 L-= 7.9230e-02  Keff= 8.00(min  7.99)  gmin=1.13e-01  floor=0.0e+00  |dM|=7.93e-05  step=1.00e+00
  it   16  L= 3.185907e+02  comp= 2.7533e+01 expr= 2.9106e+02 L+= 8.3139e-02 L-= 7.9279e-02  Keff= 8.00(min  7.99)  gmin=1.13e-01  floor=0.0e+00  |dM|=7.94e-05  step=1.00e+00
  it   17  L= 3.185901e+02  comp= 2.7533e+01 expr= 2.9106e+02 L+= 8.3194e-02 L-= 7.9330e-02  Keff= 8.00(min  7.99)  gmin=1.13e-01  floor=0.0e+00  |dM|=7.96e-05  step=1.00e+00
  it   18  L= 3.185896e+02  comp= 2.7533e+01 expr= 2.9106e+02 L+= 8.3248e-02 L-= 7.9376e-02  Keff= 8.00(min  7.99)  gmin=1.13e-01  floor=0.0e+00  |dM|=7.97e-05  step=1.00e+00
  it   19  L= 3.185891e+02  comp= 2.7533e+01 expr= 2.9106e+02 L+= 8.3306e-02 L-= 7.9428e-02  Keff= 8.00(min  7.99)  gmin=1.13e-01  floor=0.0e+00  |dM|=7.99e-05  step=1.00e+00
  it   20  L= 3.185886e+02  comp= 2.7533e+01 expr= 2.9106e+02 L+= 8.3358e-02 L-= 7.9474e-02  Keff= 8.00(min  7.99)  gmin=1.13e-01  floor=0.0e+00  |dM|=8.01e-05  step=1.00e+00
  it   21  L= 3.185880e+02  comp= 2.7533e+01 expr= 2.9105e+02 L+= 8.3416e-02 L-= 7.9527e-02  Keff= 8.00(min  7.99)  gmin=1.13e-01  floor=0.0e+00  |dM|=8.02e-05  step=1.00e+00
  it   22  L= 3.185874e+02  comp= 2.7533e+01 expr= 2.9105e+02 L+= 8.3469e-02 L-= 7.9574e-02  Keff= 8.00(min  7.99)  gmin=1.13e-01  floor=0.0e+00  |dM|=8.04e-05  step=1.00e+00
  it   23  L= 3.185869e+02  comp= 2.7533e+01 expr= 2.9105e+02 L+= 8.3527e-02 L-= 7.9625e-02  Keff= 8.00(min  7.99)  gmin=1.13e-01  floor=0.0e+00  |dM|=8.06e-05  step=1.00e+00
  it   24  L= 3.185864e+02  comp= 2.7533e+01 expr= 2.9105e+02 L+= 8.3583e-02 L-= 7.9675e-02  Keff= 8.00(min  7.99)  gmin=1.13e-01  floor=0.0e+00  |dM|=8.07e-05  step=1.00e+00
  it   25  L= 3.185858e+02  comp= 2.7533e+01 expr= 2.9105e+02 L+= 8.3636e-02 L-= 7.9725e-02  Keff= 8.00(min  7.99)  gmin=1.13e-01  floor=0.0e+00  |dM|=8.09e-05  step=1.00e+00
  it   26  L= 3.185853e+02  comp= 2.7533e+01 expr= 2.9105e+02 L+= 8.3694e-02 L-= 7.9775e-02  Keff= 8.00(min  7.99)  gmin=1.13e-01  floor=0.0e+00  |dM|=8.11e-05  step=1.00e+00
  it   27  L= 3.185847e+02  comp= 2.7533e+01 expr= 2.9105e+02 L+= 8.3750e-02 L-= 7.9826e-02  Keff= 8.00(min  7.99)  gmin=1.13e-01  floor=0.0e+00  |dM|=8.12e-05  step=1.00e+00
  it   28  L= 3.185842e+02  comp= 2.7533e+01 expr= 2.9105e+02 L+= 8.3806e-02 L-= 7.9875e-02  Keff= 8.00(min  7.99)  gmin=1.13e-01  floor=0.0e+00  |dM|=8.14e-05  step=1.00e+00
  it   29  L= 3.185836e+02  comp= 2.7533e+01 expr= 2.9105e+02 L+= 8.3862e-02 L-= 7.9926e-02  Keff= 8.00(min  7.99)  gmin=1.13e-01  floor=0.0e+00  |dM|=8.16e-05  step=1.00e+00
  it   30  L= 3.185831e+02  comp= 2.7533e+01 expr= 2.9105e+02 L+= 8.3920e-02 L-= 7.9977e-02  Keff= 8.00(min  7.99)  gmin=1.13e-01  floor=0.0e+00  |dM|=8.17e-05  step=1.00e+00
  it   31  L= 3.185826e+02  comp= 2.7533e+01 expr= 2.9105e+02 L+= 8.3974e-02 L-= 8.0027e-02  Keff= 8.00(min  7.99)  gmin=1.13e-01  floor=0.0e+00  |dM|=8.19e-05  step=1.00e+00
  it   32  L= 3.185820e+02  comp= 2.7533e+01 expr= 2.9105e+02 L+= 8.4033e-02 L-= 8.0079e-02  Keff= 8.00(min  7.99)  gmin=1.13e-01  floor=0.0e+00  |dM|=8.21e-05  step=1.00e+00
  it   33  L= 3.185814e+02  comp= 2.7533e+01 expr= 2.9105e+02 L+= 8.4087e-02 L-= 8.0129e-02  Keff= 8.00(min  7.99)  gmin=1.13e-01  floor=0.0e+00  |dM|=8.22e-05  step=1.00e+00
  it   34  L= 3.185808e+02  comp= 2.7533e+01 expr= 2.9105e+02 L+= 8.4148e-02 L-= 8.0181e-02  Keff= 8.00(min  7.99)  gmin=1.13e-01  floor=0.0e+00  |dM|=8.24e-05  step=1.00e+00
  it   35  L= 3.185804e+02  comp= 2.7533e+01 expr= 2.9105e+02 L+= 8.4203e-02 L-= 8.0233e-02  Keff= 8.00(min  7.99)  gmin=1.13e-01  floor=0.0e+00  |dM|=8.26e-05  step=1.00e+00
  it   36  L= 3.185797e+02  comp= 2.7533e+01 expr= 2.9105e+02 L+= 8.4260e-02 L-= 8.0284e-02  Keff= 8.00(min  7.99)  gmin=1.13e-01  floor=0.0e+00  |dM|=8.27e-05  step=1.00e+00
  it   37  L= 3.185792e+02  comp= 2.7533e+01 expr= 2.9105e+02 L+= 8.4319e-02 L-= 8.0334e-02  Keff= 8.00(min  7.99)  gmin=1.13e-01  floor=0.0e+00  |dM|=8.29e-05  step=1.00e+00
  it   38  L= 3.185786e+02  comp= 2.7533e+01 expr= 2.9105e+02 L+= 8.4378e-02 L-= 8.0388e-02  Keff= 8.00(min  7.99)  gmin=1.13e-01  floor=0.0e+00  |dM|=8.31e-05  step=1.00e+00
  it   39  L= 3.185781e+02  comp= 2.7533e+01 expr= 2.9104e+02 L+= 8.4435e-02 L-= 8.0439e-02  Keff= 8.00(min  7.99)  gmin=1.13e-01  floor=0.0e+00  |dM|=8.33e-05  step=1.00e+00
  it   40  L= 3.185775e+02  comp= 2.7533e+01 expr= 2.9104e+02 L+= 8.4492e-02 L-= 8.0490e-02  Keff= 8.00(min  7.99)  gmin=1.13e-01  floor=0.0e+00  |dM|=8.34e-05  step=1.00e+00
  it   41  L= 3.185769e+02  comp= 2.7533e+01 expr= 2.9104e+02 L+= 8.4552e-02 L-= 8.0543e-02  Keff= 8.00(min  7.99)  gmin=1.13e-01  floor=0.0e+00  |dM|=8.36e-05  step=1.00e+00
  it   42  L= 3.185764e+02  comp= 2.7533e+01 expr= 2.9104e+02 L+= 8.4609e-02 L-= 8.0595e-02  Keff= 8.00(min  7.99)  gmin=1.13e-01  floor=0.0e+00  |dM|=8.38e-05  step=1.00e+00
  it   43  L= 3.185758e+02  comp= 2.7533e+01 expr= 2.9104e+02 L+= 8.4667e-02 L-= 8.0645e-02  Keff= 8.00(min  7.99)  gmin=1.13e-01  floor=0.0e+00  |dM|=8.39e-05  step=1.00e+00
  it   44  L= 3.185752e+02  comp= 2.7533e+01 expr= 2.9104e+02 L+= 8.4725e-02 L-= 8.0699e-02  Keff= 8.00(min  7.99)  gmin=1.13e-01  floor=0.0e+00  |dM|=8.41e-05  step=1.00e+00
  it   45  L= 3.185746e+02  comp= 2.7533e+01 expr= 2.9104e+02 L+= 8.4784e-02 L-= 8.0752e-02  Keff= 8.00(min  7.99)  gmin=1.13e-01  floor=0.0e+00  |dM|=8.43e-05  step=1.00e+00
  it   46  L= 3.185740e+02  comp= 2.7533e+01 expr= 2.9104e+02 L+= 8.4844e-02 L-= 8.0805e-02  Keff= 8.00(min  7.99)  gmin=1.13e-01  floor=0.0e+00  |dM|=8.45e-05  step=1.00e+00
  it   47  L= 3.185735e+02  comp= 2.7533e+01 expr= 2.9104e+02 L+= 8.4903e-02 L-= 8.0859e-02  Keff= 8.00(min  7.99)  gmin=1.13e-01  floor=0.0e+00  |dM|=8.46e-05  step=1.00e+00
  it   48  L= 3.185728e+02  comp= 2.7533e+01 expr= 2.9104e+02 L+= 8.4963e-02 L-= 8.0910e-02  Keff= 8.00(min  7.99)  gmin=1.13e-01  floor=0.0e+00  |dM|=8.48e-05  step=1.00e+00
  it   49  L= 3.185723e+02  comp= 2.7533e+01 expr= 2.9104e+02 L+= 8.5022e-02 L-= 8.0964e-02  Keff= 8.00(min  7.99)  gmin=1.13e-01  floor=0.0e+00  |dM|=8.50e-05  step=1.00e+00
  it   50  L= 3.185717e+02  comp= 2.7533e+01 expr= 2.9104e+02 L+= 8.5080e-02 L-= 8.1018e-02  Keff= 8.00(min  7.99)  gmin=1.13e-01  floor=0.0e+00  |dM|=8.52e-05  step=1.00e+00
  it   51  L= 3.185711e+02  comp= 2.7533e+01 expr= 2.9104e+02 L+= 8.5140e-02 L-= 8.1070e-02  Keff= 8.00(min  7.99)  gmin=1.13e-01  floor=0.0e+00  |dM|=8.53e-05  step=1.00e+00
  it   52  L= 3.185705e+02  comp= 2.7533e+01 expr= 2.9104e+02 L+= 8.5200e-02 L-= 8.1125e-02  Keff= 8.00(min  7.99)  gmin=1.13e-01  floor=0.0e+00  |dM|=8.55e-05  step=1.00e+00
  it   53  L= 3.185699e+02  comp= 2.7533e+01 expr= 2.9104e+02 L+= 8.5259e-02 L-= 8.1177e-02  Keff= 8.00(min  7.99)  gmin=1.13e-01  floor=0.0e+00  |dM|=8.57e-05  step=1.00e+00
  it   54  L= 3.185693e+02  comp= 2.7533e+01 expr= 2.9104e+02 L+= 8.5319e-02 L-= 8.1231e-02  Keff= 8.00(min  7.99)  gmin=1.13e-01  floor=0.0e+00  |dM|=8.59e-05  step=1.00e+00
  it   55  L= 3.185687e+02  comp= 2.7533e+01 expr= 2.9104e+02 L+= 8.5382e-02 L-= 8.1288e-02  Keff= 8.00(min  7.99)  gmin=1.13e-01  floor=0.0e+00  |dM|=8.60e-05  step=1.00e+00
  it   56  L= 3.185681e+02  comp= 2.7533e+01 expr= 2.9103e+02 L+= 8.5441e-02 L-= 8.1340e-02  Keff= 8.00(min  7.99)  gmin=1.13e-01  floor=0.0e+00  |dM|=8.62e-05  step=1.00e+00
  it   57  L= 3.185675e+02  comp= 2.7533e+01 expr= 2.9103e+02 L+= 8.5503e-02 L-= 8.1395e-02  Keff= 8.00(min  7.99)  gmin=1.13e-01  floor=0.0e+00  |dM|=8.64e-05  step=1.00e+00
  it   58  L= 3.185670e+02  comp= 2.7533e+01 expr= 2.9103e+02 L+= 8.5563e-02 L-= 8.1449e-02  Keff= 8.00(min  7.99)  gmin=1.13e-01  floor=0.0e+00  |dM|=8.66e-05  step=1.00e+00
  it   59  L= 3.185663e+02  comp= 2.7533e+01 expr= 2.9103e+02 L+= 8.5623e-02 L-= 8.1502e-02  Keff= 8.00(min  7.99)  gmin=1.13e-01  floor=0.0e+00  |dM|=8.68e-05  step=1.00e+00
  it   60  L= 3.185657e+02  comp= 2.7533e+01 expr= 2.9103e+02 L+= 8.5684e-02 L-= 8.1556e-02  Keff= 8.00(min  7.99)  gmin=1.13e-01  floor=0.0e+00  |dM|=8.69e-05  step=1.00e+00
  it   61  L= 3.185651e+02  comp= 2.7533e+01 expr= 2.9103e+02 L+= 8.5747e-02 L-= 8.1612e-02  Keff= 8.00(min  7.99)  gmin=1.13e-01  floor=0.0e+00  |dM|=8.71e-05  step=1.00e+00
  it   62  L= 3.185645e+02  comp= 2.7533e+01 expr= 2.9103e+02 L+= 8.5806e-02 L-= 8.1668e-02  Keff= 8.00(min  7.99)  gmin=1.13e-01  floor=0.0e+00  |dM|=8.73e-05  step=1.00e+00
  it   63  L= 3.185639e+02  comp= 2.7533e+01 expr= 2.9103e+02 L+= 8.5867e-02 L-= 8.1721e-02  Keff= 8.00(min  7.99)  gmin=1.13e-01  floor=0.0e+00  |dM|=8.75e-05  step=1.00e+00
  it   64  L= 3.185633e+02  comp= 2.7533e+01 expr= 2.9103e+02 L+= 8.5931e-02 L-= 8.1779e-02  Keff= 8.00(min  7.99)  gmin=1.13e-01  floor=0.0e+00  |dM|=8.77e-05  step=1.00e+00
  it   65  L= 3.185626e+02  comp= 2.7533e+01 expr= 2.9103e+02 L+= 8.5991e-02 L-= 8.1834e-02  Keff= 8.00(min  7.99)  gmin=1.13e-01  floor=0.0e+00  |dM|=8.78e-05  step=1.00e+00
  it   66  L= 3.185621e+02  comp= 2.7533e+01 expr= 2.9103e+02 L+= 8.6055e-02 L-= 8.1890e-02  Keff= 8.00(min  7.99)  gmin=1.13e-01  floor=0.0e+00  |dM|=8.80e-05  step=1.00e+00
  it   67  L= 3.185614e+02  comp= 2.7533e+01 expr= 2.9103e+02 L+= 8.6117e-02 L-= 8.1944e-02  Keff= 8.00(min  7.99)  gmin=1.13e-01  floor=0.0e+00  |dM|=8.82e-05  step=1.00e+00
  it   68  L= 3.185608e+02  comp= 2.7533e+01 expr= 2.9103e+02 L+= 8.6179e-02 L-= 8.1998e-02  Keff= 8.00(min  7.99)  gmin=1.13e-01  floor=0.0e+00  |dM|=8.84e-05  step=1.00e+00
  it   69  L= 3.185602e+02  comp= 2.7533e+01 expr= 2.9103e+02 L+= 8.6242e-02 L-= 8.2058e-02  Keff= 8.00(min  7.99)  gmin=1.13e-01  floor=0.0e+00  |dM|=8.86e-05  step=1.00e+00
  it   70  L= 3.185595e+02  comp= 2.7533e+01 expr= 2.9103e+02 L+= 8.6304e-02 L-= 8.2112e-02  Keff= 8.00(min  7.99)  gmin=1.13e-01  floor=0.0e+00  |dM|=8.87e-05  step=1.00e+00
  it   71  L= 3.185589e+02  comp= 2.7533e+01 expr= 2.9103e+02 L+= 8.6367e-02 L-= 8.2169e-02  Keff= 8.00(min  7.99)  gmin=1.13e-01  floor=0.0e+00  |dM|=8.89e-05  step=1.00e+00
  it   72  L= 3.185583e+02  comp= 2.7533e+01 expr= 2.9103e+02 L+= 8.6433e-02 L-= 8.2228e-02  Keff= 8.00(min  7.99)  gmin=1.13e-01  floor=0.0e+00  |dM|=8.91e-05  step=1.00e+00
  it   73  L= 3.185576e+02  comp= 2.7533e+01 expr= 2.9102e+02 L+= 8.6493e-02 L-= 8.2281e-02  Keff= 8.00(min  7.99)  gmin=1.13e-01  floor=0.0e+00  |dM|=8.93e-05  step=1.00e+00
  it   74  L= 3.185570e+02  comp= 2.7533e+01 expr= 2.9102e+02 L+= 8.6557e-02 L-= 8.2340e-02  Keff= 8.00(min  7.99)  gmin=1.13e-01  floor=0.0e+00  |dM|=8.95e-05  step=1.00e+00
  it   75  L= 3.185564e+02  comp= 2.7533e+01 expr= 2.9102e+02 L+= 8.6618e-02 L-= 8.2393e-02  Keff= 8.00(min  7.99)  gmin=1.13e-01  floor=0.0e+00  |dM|=8.97e-05  step=1.00e+00
  it   76  L= 3.185557e+02  comp= 2.7533e+01 expr= 2.9102e+02 L+= 8.6682e-02 L-= 8.2452e-02  Keff= 8.00(min  7.99)  gmin=1.13e-01  floor=0.0e+00  |dM|=8.99e-05  step=1.00e+00
  it   77  L= 3.185551e+02  comp= 2.7533e+01 expr= 2.9102e+02 L+= 8.6747e-02 L-= 8.2508e-02  Keff= 8.00(min  7.99)  gmin=1.13e-01  floor=0.0e+00  |dM|=9.00e-05  step=1.00e+00
  it   78  L= 3.185545e+02  comp= 2.7533e+01 expr= 2.9102e+02 L+= 8.6810e-02 L-= 8.2566e-02  Keff= 8.00(min  7.99)  gmin=1.13e-01  floor=0.0e+00  |dM|=9.02e-05  step=1.00e+00
  it   79  L= 3.185538e+02  comp= 2.7533e+01 expr= 2.9102e+02 L+= 8.6874e-02 L-= 8.2624e-02  Keff= 8.00(min  7.99)  gmin=1.13e-01  floor=0.0e+00  |dM|=9.04e-05  step=1.00e+00
  it   80  L= 3.185531e+02  comp= 2.7533e+01 expr= 2.9102e+02 L+= 8.6939e-02 L-= 8.2683e-02  Keff= 8.00(min  7.99)  gmin=1.13e-01  floor=0.0e+00  |dM|=9.06e-05  step=1.00e+00
  it   81  L= 3.185525e+02  comp= 2.7533e+01 expr= 2.9102e+02 L+= 8.7004e-02 L-= 8.2740e-02  Keff= 8.00(min  7.99)  gmin=1.13e-01  floor=0.0e+00  |dM|=9.08e-05  step=1.00e+00
  it   82  L= 3.185518e+02  comp= 2.7533e+01 expr= 2.9102e+02 L+= 8.7067e-02 L-= 8.2797e-02  Keff= 8.00(min  7.99)  gmin=1.13e-01  floor=0.0e+00  |dM|=9.10e-05  step=1.00e+00
  it   83  L= 3.185512e+02  comp= 2.7533e+01 expr= 2.9102e+02 L+= 8.7134e-02 L-= 8.2856e-02  Keff= 8.00(min  7.99)  gmin=1.13e-01  floor=0.0e+00  |dM|=9.12e-05  step=1.00e+00
  it   84  L= 3.185505e+02  comp= 2.7533e+01 expr= 2.9102e+02 L+= 8.7198e-02 L-= 8.2914e-02  Keff= 8.00(min  7.99)  gmin=1.13e-01  floor=0.0e+00  |dM|=9.14e-05  step=1.00e+00
  it   85  L= 3.185499e+02  comp= 2.7533e+01 expr= 2.9102e+02 L+= 8.7261e-02 L-= 8.2972e-02  Keff= 8.00(min  7.99)  gmin=1.13e-01  floor=0.0e+00  |dM|=9.15e-05  step=1.00e+00
  it   86  L= 3.185492e+02  comp= 2.7533e+01 expr= 2.9102e+02 L+= 8.7327e-02 L-= 8.3029e-02  Keff= 8.00(min  7.99)  gmin=1.13e-01  floor=0.0e+00  |dM|=9.17e-05  step=1.00e+00
  it   87  L= 3.185486e+02  comp= 2.7533e+01 expr= 2.9102e+02 L+= 8.7392e-02 L-= 8.3088e-02  Keff= 8.00(min  7.99)  gmin=1.13e-01  floor=0.0e+00  |dM|=9.19e-05  step=1.00e+00
  it   88  L= 3.185479e+02  comp= 2.7533e+01 expr= 2.9101e+02 L+= 8.7458e-02 L-= 8.3147e-02  Keff= 8.00(min  7.99)  gmin=1.13e-01  floor=0.0e+00  |dM|=9.21e-05  step=1.00e+00
  it   89  L= 3.185472e+02  comp= 2.7533e+01 expr= 2.9101e+02 L+= 8.7526e-02 L-= 8.3207e-02  Keff= 8.00(min  7.99)  gmin=1.13e-01  floor=0.0e+00  |dM|=9.23e-05  step=1.00e+00
  it   90  L= 3.185466e+02  comp= 2.7533e+01 expr= 2.9101e+02 L+= 8.7589e-02 L-= 8.3266e-02  Keff= 8.00(min  7.99)  gmin=1.13e-01  floor=0.0e+00  |dM|=9.25e-05  step=1.00e+00
  it   91  L= 3.185459e+02  comp= 2.7533e+01 expr= 2.9101e+02 L+= 8.7658e-02 L-= 8.3326e-02  Keff= 8.00(min  7.99)  gmin=1.13e-01  floor=0.0e+00  |dM|=9.27e-05  step=1.00e+00
  it   92  L= 3.185453e+02  comp= 2.7533e+01 expr= 2.9101e+02 L+= 8.7722e-02 L-= 8.3384e-02  Keff= 8.00(min  7.99)  gmin=1.13e-01  floor=0.0e+00  |dM|=9.29e-05  step=1.00e+00
  it   93  L= 3.185446e+02  comp= 2.7533e+01 expr= 2.9101e+02 L+= 8.7789e-02 L-= 8.3444e-02  Keff= 8.00(min  7.99)  gmin=1.13e-01  floor=0.0e+00  |dM|=9.31e-05  step=1.00e+00
  it   94  L= 3.185439e+02  comp= 2.7533e+01 expr= 2.9101e+02 L+= 8.7855e-02 L-= 8.3502e-02  Keff= 8.00(min  7.99)  gmin=1.13e-01  floor=0.0e+00  |dM|=9.33e-05  step=1.00e+00
  it   95  L= 3.185432e+02  comp= 2.7533e+01 expr= 2.9101e+02 L+= 8.7921e-02 L-= 8.3562e-02  Keff= 8.00(min  7.99)  gmin=1.13e-01  floor=0.0e+00  |dM|=9.35e-05  step=1.00e+00
  it   96  L= 3.185425e+02  comp= 2.7533e+01 expr= 2.9101e+02 L+= 8.7989e-02 L-= 8.3623e-02  Keff= 8.00(min  7.99)  gmin=1.13e-01  floor=0.0e+00  |dM|=9.37e-05  step=1.00e+00
  it   97  L= 3.185418e+02  comp= 2.7533e+01 expr= 2.9101e+02 L+= 8.8057e-02 L-= 8.3683e-02  Keff= 8.00(min  7.99)  gmin=1.13e-01  floor=0.0e+00  |dM|=9.39e-05  step=1.00e+00
  it   98  L= 3.185411e+02  comp= 2.7533e+01 expr= 2.9101e+02 L+= 8.8125e-02 L-= 8.3745e-02  Keff= 8.00(min  7.99)  gmin=1.13e-01  floor=0.0e+00  |dM|=9.40e-05  step=1.00e+00
  it   99  L= 3.185405e+02  comp= 2.7533e+01 expr= 2.9101e+02 L+= 8.8193e-02 L-= 8.3803e-02  Keff= 8.00(min  7.99)  gmin=1.13e-01  floor=0.0e+00  |dM|=9.42e-05  step=1.00e+00
  it  100  L= 3.185397e+02  comp= 2.7533e+01 expr= 2.9101e+02 L+= 8.8259e-02 L-= 8.3866e-02  Keff= 8.00(min  7.99)  gmin=1.13e-01  floor=0.0e+00  |dM|=9.44e-05  step=1.00e+00
  it  101  L= 3.185391e+02  comp= 2.7533e+01 expr= 2.9101e+02 L+= 8.8328e-02 L-= 8.3929e-02  Keff= 8.00(min  7.99)  gmin=1.13e-01  floor=0.0e+00  |dM|=9.46e-05  step=1.00e+00
  it  102  L= 3.185384e+02  comp= 2.7533e+01 expr= 2.9101e+02 L+= 8.8395e-02 L-= 8.3987e-02  Keff= 8.00(min  7.99)  gmin=1.13e-01  floor=0.0e+00  |dM|=9.48e-05  step=1.00e+00
  it  103  L= 3.185377e+02  comp= 2.7533e+01 expr= 2.9100e+02 L+= 8.8464e-02 L-= 8.4049e-02  Keff= 8.00(min  7.99)  gmin=1.13e-01  floor=0.0e+00  |dM|=9.50e-05  step=1.00e+00
  it  104  L= 3.185370e+02  comp= 2.7533e+01 expr= 2.9100e+02 L+= 8.8532e-02 L-= 8.4109e-02  Keff= 8.00(min  7.99)  gmin=1.13e-01  floor=0.0e+00  |dM|=9.52e-05  step=1.00e+00
  it  105  L= 3.185363e+02  comp= 2.7533e+01 expr= 2.9100e+02 L+= 8.8601e-02 L-= 8.4170e-02  Keff= 8.00(min  7.99)  gmin=1.13e-01  floor=0.0e+00  |dM|=9.54e-05  step=1.00e+00
  it  106  L= 3.185356e+02  comp= 2.7533e+01 expr= 2.9100e+02 L+= 8.8668e-02 L-= 8.4233e-02  Keff= 8.00(min  7.99)  gmin=1.13e-01  floor=0.0e+00  |dM|=9.56e-05  step=1.00e+00
  it  107  L= 3.185349e+02  comp= 2.7533e+01 expr= 2.9100e+02 L+= 8.8739e-02 L-= 8.4296e-02  Keff= 8.00(min  7.99)  gmin=1.13e-01  floor=0.0e+00  |dM|=9.58e-05  step=1.00e+00
  it  108  L= 3.185342e+02  comp= 2.7533e+01 expr= 2.9100e+02 L+= 8.8809e-02 L-= 8.4358e-02  Keff= 8.00(min  7.99)  gmin=1.13e-01  floor=0.0e+00  |dM|=9.60e-05  step=1.00e+00
  it  109  L= 3.185334e+02  comp= 2.7533e+01 expr= 2.9100e+02 L+= 8.8878e-02 L-= 8.4418e-02  Keff= 8.00(min  7.99)  gmin=1.13e-01  floor=0.0e+00  |dM|=9.62e-05  step=1.00e+00
  it  110  L= 3.185327e+02  comp= 2.7533e+01 expr= 2.9100e+02 L+= 8.8948e-02 L-= 8.4481e-02  Keff= 8.00(min  7.99)  gmin=1.13e-01  floor=0.0e+00  |dM|=9.64e-05  step=1.00e+00
  it  111  L= 3.185320e+02  comp= 2.7533e+01 expr= 2.9100e+02 L+= 8.9018e-02 L-= 8.4542e-02  Keff= 8.00(min  7.99)  gmin=1.13e-01  floor=0.0e+00  |dM|=9.66e-05  step=1.00e+00
  it  112  L= 3.185313e+02  comp= 2.7533e+01 expr= 2.9100e+02 L+= 8.9088e-02 L-= 8.4608e-02  Keff= 8.00(min  7.99)  gmin=1.13e-01  floor=0.0e+00  |dM|=9.68e-05  step=1.00e+00
  it  113  L= 3.185306e+02  comp= 2.7533e+01 expr= 2.9100e+02 L+= 8.9157e-02 L-= 8.4671e-02  Keff= 8.00(min  7.99)  gmin=1.13e-01  floor=0.0e+00  |dM|=9.70e-05  step=1.00e+00
  it  114  L= 3.185299e+02  comp= 2.7533e+01 expr= 2.9100e+02 L+= 8.9229e-02 L-= 8.4734e-02  Keff= 8.00(min  7.99)  gmin=1.13e-01  floor=0.0e+00  |dM|=9.72e-05  step=1.00e+00
  it  115  L= 3.185291e+02  comp= 2.7533e+01 expr= 2.9100e+02 L+= 8.9298e-02 L-= 8.4796e-02  Keff= 8.00(min  7.99)  gmin=1.13e-01  floor=0.0e+00  |dM|=9.74e-05  step=1.00e+00
  it  116  L= 3.185284e+02  comp= 2.7533e+01 expr= 2.9100e+02 L+= 8.9368e-02 L-= 8.4859e-02  Keff= 8.00(min  7.99)  gmin=1.13e-01  floor=0.0e+00  |dM|=9.76e-05  step=1.00e+00
  it  117  L= 3.185277e+02  comp= 2.7533e+01 expr= 2.9099e+02 L+= 8.9439e-02 L-= 8.4924e-02  Keff= 8.00(min  7.99)  gmin=1.13e-01  floor=0.0e+00  |dM|=9.78e-05  step=1.00e+00
  it  118  L= 3.185270e+02  comp= 2.7533e+01 expr= 2.9099e+02 L+= 8.9512e-02 L-= 8.4990e-02  Keff= 8.00(min  7.99)  gmin=1.13e-01  floor=0.0e+00  |dM|=9.80e-05  step=1.00e+00
  it  119  L= 3.185262e+02  comp= 2.7533e+01 expr= 2.9099e+02 L+= 8.9581e-02 L-= 8.5050e-02  Keff= 8.00(min  7.99)  gmin=1.13e-01  floor=0.0e+00  |dM|=9.82e-05  step=1.00e+00
  it  120  L= 3.185255e+02  comp= 2.7533e+01 expr= 2.9099e+02 L+= 8.9652e-02 L-= 8.5115e-02  Keff= 8.00(min  7.99)  gmin=1.13e-01  floor=0.0e+00  |dM|=9.85e-05  step=1.00e+00
  it  121  L= 3.185247e+02  comp= 2.7533e+01 expr= 2.9099e+02 L+= 8.9724e-02 L-= 8.5179e-02  Keff= 8.00(min  7.99)  gmin=1.13e-01  floor=0.0e+00  |dM|=9.87e-05  step=1.00e+00
  it  122  L= 3.185240e+02  comp= 2.7533e+01 expr= 2.9099e+02 L+= 8.9797e-02 L-= 8.5243e-02  Keff= 8.00(min  7.99)  gmin=1.13e-01  floor=0.0e+00  |dM|=9.89e-05  step=1.00e+00
  it  123  L= 3.185233e+02  comp= 2.7533e+01 expr= 2.9099e+02 L+= 8.9869e-02 L-= 8.5307e-02  Keff= 8.00(min  7.99)  gmin=1.13e-01  floor=0.0e+00  |dM|=9.91e-05  step=1.00e+00
  it  124  L= 3.185225e+02  comp= 2.7533e+01 expr= 2.9099e+02 L+= 8.9939e-02 L-= 8.5373e-02  Keff= 8.00(min  7.99)  gmin=1.13e-01  floor=0.0e+00  |dM|=9.93e-05  step=1.00e+00
  it  125  L= 3.185218e+02  comp= 2.7533e+01 expr= 2.9099e+02 L+= 9.0016e-02 L-= 8.5438e-02  Keff= 8.00(min  7.99)  gmin=1.13e-01  floor=0.0e+00  |dM|=9.95e-05  step=1.00e+00
  it  126  L= 3.185210e+02  comp= 2.7533e+01 expr= 2.9099e+02 L+= 9.0085e-02 L-= 8.5502e-02  Keff= 8.00(min  7.99)  gmin=1.13e-01  floor=0.0e+00  |dM|=9.97e-05  step=1.00e+00
  it  127  L= 3.185203e+02  comp= 2.7533e+01 expr= 2.9099e+02 L+= 9.0158e-02 L-= 8.5567e-02  Keff= 8.00(min  7.99)  gmin=1.13e-01  floor=0.0e+00  |dM|=9.99e-05  step=1.00e+00
  it  128  L= 3.185195e+02  comp= 2.7533e+01 expr= 2.9099e+02 L+= 9.0230e-02 L-= 8.5633e-02  Keff= 8.00(min  7.99)  gmin=1.13e-01  floor=0.0e+00  |dM|=1.00e-04  step=1.00e+00
  it  129  L= 3.185188e+02  comp= 2.7533e+01 expr= 2.9099e+02 L+= 9.0304e-02 L-= 8.5698e-02  Keff= 8.00(min  7.99)  gmin=1.13e-01  floor=0.0e+00  |dM|=1.00e-04  step=1.00e+00
  it  130  L= 3.185180e+02  comp= 2.7533e+01 expr= 2.9098e+02 L+= 9.0378e-02 L-= 8.5765e-02  Keff= 8.00(min  7.99)  gmin=1.13e-01  floor=0.0e+00  |dM|=1.01e-04  step=1.00e+00
  it  131  L= 3.185172e+02  comp= 2.7533e+01 expr= 2.9098e+02 L+= 9.0452e-02 L-= 8.5830e-02  Keff= 8.00(min  7.99)  gmin=1.13e-01  floor=0.0e+00  |dM|=1.01e-04  step=1.00e+00
  it  132  L= 3.185164e+02  comp= 2.7533e+01 expr= 2.9098e+02 L+= 9.0526e-02 L-= 8.5897e-02  Keff= 8.00(min  7.99)  gmin=1.13e-01  floor=0.0e+00  |dM|=1.01e-04  step=1.00e+00
  it  133  L= 3.185157e+02  comp= 2.7533e+01 expr= 2.9098e+02 L+= 9.0602e-02 L-= 8.5964e-02  Keff= 8.00(min  7.99)  gmin=1.13e-01  floor=0.0e+00  |dM|=1.01e-04  step=1.00e+00
  it  134  L= 3.185149e+02  comp= 2.7533e+01 expr= 2.9098e+02 L+= 9.0673e-02 L-= 8.6030e-02  Keff= 8.00(min  7.99)  gmin=1.13e-01  floor=0.0e+00  |dM|=1.01e-04  step=1.00e+00
  it  135  L= 3.185142e+02  comp= 2.7533e+01 expr= 2.9098e+02 L+= 9.0749e-02 L-= 8.6097e-02  Keff= 8.00(min  7.99)  gmin=1.13e-01  floor=0.0e+00  |dM|=1.02e-04  step=1.00e+00
  it  136  L= 3.185134e+02  comp= 2.7533e+01 expr= 2.9098e+02 L+= 9.0821e-02 L-= 8.6164e-02  Keff= 8.00(min  7.99)  gmin=1.13e-01  floor=0.0e+00  |dM|=1.02e-04  step=1.00e+00
  it  137  L= 3.185126e+02  comp= 2.7533e+01 expr= 2.9098e+02 L+= 9.0896e-02 L-= 8.6231e-02  Keff= 8.00(min  7.99)  gmin=1.13e-01  floor=0.0e+00  |dM|=1.02e-04  step=1.00e+00
  it  138  L= 3.185118e+02  comp= 2.7533e+01 expr= 2.9098e+02 L+= 9.0970e-02 L-= 8.6296e-02  Keff= 8.00(min  7.99)  gmin=1.13e-01  floor=0.0e+00  |dM|=1.02e-04  step=1.00e+00
  it  139  L= 3.185110e+02  comp= 2.7533e+01 expr= 2.9098e+02 L+= 9.1047e-02 L-= 8.6367e-02  Keff= 8.00(min  7.99)  gmin=1.13e-01  floor=0.0e+00  |dM|=1.02e-04  step=1.00e+00
  it  140  L= 3.185103e+02  comp= 2.7533e+01 expr= 2.9098e+02 L+= 9.1121e-02 L-= 8.6434e-02  Keff= 8.00(min  7.99)  gmin=1.13e-01  floor=0.0e+00  |dM|=1.03e-04  step=1.00e+00
  it  141  L= 3.185095e+02  comp= 2.7533e+01 expr= 2.9098e+02 L+= 9.1198e-02 L-= 8.6503e-02  Keff= 8.00(min  7.99)  gmin=1.13e-01  floor=0.0e+00  |dM|=1.03e-04  step=1.00e+00
  it  142  L= 3.185087e+02  comp= 2.7533e+01 expr= 2.9098e+02 L+= 9.1275e-02 L-= 8.6570e-02  Keff= 8.00(min  7.99)  gmin=1.13e-01  floor=0.0e+00  |dM|=1.03e-04  step=1.00e+00
  it  143  L= 3.185078e+02  comp= 2.7533e+01 expr= 2.9097e+02 L+= 9.1352e-02 L-= 8.6637e-02  Keff= 8.00(min  7.99)  gmin=1.13e-01  floor=0.0e+00  |dM|=1.03e-04  step=1.00e+00
  it  144  L= 3.185070e+02  comp= 2.7533e+01 expr= 2.9097e+02 L+= 9.1425e-02 L-= 8.6704e-02  Keff= 8.00(min  7.99)  gmin=1.13e-01  floor=0.0e+00  |dM|=1.04e-04  step=1.00e+00
  it  145  L= 3.185063e+02  comp= 2.7533e+01 expr= 2.9097e+02 L+= 9.1505e-02 L-= 8.6776e-02  Keff= 8.00(min  7.99)  gmin=1.13e-01  floor=0.0e+00  |dM|=1.04e-04  step=1.00e+00
  it  146  L= 3.185055e+02  comp= 2.7533e+01 expr= 2.9097e+02 L+= 9.1578e-02 L-= 8.6843e-02  Keff= 8.00(min  7.99)  gmin=1.13e-01  floor=0.0e+00  |dM|=1.04e-04  step=1.00e+00
  it  147  L= 3.185046e+02  comp= 2.7533e+01 expr= 2.9097e+02 L+= 9.1656e-02 L-= 8.6913e-02  Keff= 8.00(min  7.99)  gmin=1.13e-01  floor=0.0e+00  |dM|=1.04e-04  step=1.00e+00
  it  148  L= 3.185038e+02  comp= 2.7533e+01 expr= 2.9097e+02 L+= 9.1734e-02 L-= 8.6981e-02  Keff= 8.00(min  7.99)  gmin=1.13e-01  floor=0.0e+00  |dM|=1.04e-04  step=1.00e+00
  it  149  L= 3.185030e+02  comp= 2.7533e+01 expr= 2.9097e+02 L+= 9.1810e-02 L-= 8.7049e-02  Keff= 8.00(min  7.99)  gmin=1.13e-01  floor=0.0e+00  |dM|=1.05e-04  step=1.00e+00
  it  150  L= 3.185022e+02  comp= 2.7533e+01 expr= 2.9097e+02 L+= 9.1888e-02 L-= 8.7120e-02  Keff= 8.00(min  7.99)  gmin=1.13e-01  floor=0.0e+00  |dM|=1.05e-04  step=1.00e+00
  it  151  L= 3.185014e+02  comp= 2.7533e+01 expr= 2.9097e+02 L+= 9.1968e-02 L-= 8.7191e-02  Keff= 8.00(min  7.99)  gmin=1.13e-01  floor=0.0e+00  |dM|=1.05e-04  step=1.00e+00
  it  152  L= 3.185005e+02  comp= 2.7533e+01 expr= 2.9097e+02 L+= 9.2046e-02 L-= 8.7262e-02  Keff= 8.00(min  7.99)  gmin=1.13e-01  floor=0.0e+00  |dM|=1.05e-04  step=1.00e+00
  it  153  L= 3.184998e+02  comp= 2.7533e+01 expr= 2.9097e+02 L+= 9.2124e-02 L-= 8.7330e-02  Keff= 8.00(min  7.99)  gmin=1.13e-01  floor=0.0e+00  |dM|=1.05e-04  step=1.00e+00
  it  154  L= 3.184989e+02  comp= 2.7533e+01 expr= 2.9097e+02 L+= 9.2202e-02 L-= 8.7402e-02  Keff= 8.00(min  7.99)  gmin=1.13e-01  floor=0.0e+00  |dM|=1.06e-04  step=1.00e+00
  it  155  L= 3.184981e+02  comp= 2.7533e+01 expr= 2.9096e+02 L+= 9.2279e-02 L-= 8.7471e-02  Keff= 8.00(min  7.99)  gmin=1.13e-01  floor=0.0e+00  |dM|=1.06e-04  step=1.00e+00
  it  156  L= 3.184973e+02  comp= 2.7533e+01 expr= 2.9096e+02 L+= 9.2359e-02 L-= 8.7543e-02  Keff= 8.00(min  7.99)  gmin=1.13e-01  floor=0.0e+00  |dM|=1.06e-04  step=1.00e+00
  it  157  L= 3.184964e+02  comp= 2.7533e+01 expr= 2.9096e+02 L+= 9.2435e-02 L-= 8.7612e-02  Keff= 8.00(min  7.99)  gmin=1.13e-01  floor=0.0e+00  |dM|=1.06e-04  step=1.00e+00
  it  158  L= 3.184956e+02  comp= 2.7533e+01 expr= 2.9096e+02 L+= 9.2515e-02 L-= 8.7684e-02  Keff= 8.00(min  7.99)  gmin=1.13e-01  floor=0.0e+00  |dM|=1.07e-04  step=1.00e+00
  it  159  L= 3.184948e+02  comp= 2.7533e+01 expr= 2.9096e+02 L+= 9.2596e-02 L-= 8.7756e-02  Keff= 8.00(min  7.99)  gmin=1.13e-01  floor=0.0e+00  |dM|=1.07e-04  step=1.00e+00
  it  160  L= 3.184939e+02  comp= 2.7533e+01 expr= 2.9096e+02 L+= 9.2677e-02 L-= 8.7827e-02  Keff= 8.00(min  7.99)  gmin=1.13e-01  floor=0.0e+00  |dM|=1.07e-04  step=1.00e+00
  it  161  L= 3.184931e+02  comp= 2.7533e+01 expr= 2.9096e+02 L+= 9.2755e-02 L-= 8.7899e-02  Keff= 8.00(min  7.99)  gmin=1.13e-01  floor=0.0e+00  |dM|=1.07e-04  step=1.00e+00
  it  162  L= 3.184922e+02  comp= 2.7533e+01 expr= 2.9096e+02 L+= 9.2835e-02 L-= 8.7969e-02  Keff= 8.00(min  7.99)  gmin=1.13e-01  floor=0.0e+00  |dM|=1.07e-04  step=1.00e+00
  it  163  L= 3.184914e+02  comp= 2.7533e+01 expr= 2.9096e+02 L+= 9.2916e-02 L-= 8.8043e-02  Keff= 8.00(min  7.99)  gmin=1.13e-01  floor=0.0e+00  |dM|=1.08e-04  step=1.00e+00
  it  164  L= 3.184905e+02  comp= 2.7533e+01 expr= 2.9096e+02 L+= 9.2998e-02 L-= 8.8116e-02  Keff= 8.00(min  7.99)  gmin=1.13e-01  floor=0.0e+00  |dM|=1.08e-04  step=1.00e+00
  it  165  L= 3.184897e+02  comp= 2.7533e+01 expr= 2.9096e+02 L+= 9.3077e-02 L-= 8.8188e-02  Keff= 8.00(min  7.99)  gmin=1.13e-01  floor=0.0e+00  |dM|=1.08e-04  step=1.00e+00
  it  166  L= 3.184888e+02  comp= 2.7533e+01 expr= 2.9096e+02 L+= 9.3156e-02 L-= 8.8259e-02  Keff= 8.00(min  7.99)  gmin=1.13e-01  floor=0.0e+00  |dM|=1.08e-04  step=1.00e+00
  it  167  L= 3.184879e+02  comp= 2.7533e+01 expr= 2.9095e+02 L+= 9.3237e-02 L-= 8.8332e-02  Keff= 8.00(min  7.99)  gmin=1.13e-01  floor=0.0e+00  |dM|=1.09e-04  step=1.00e+00
  it  168  L= 3.184871e+02  comp= 2.7533e+01 expr= 2.9095e+02 L+= 9.3320e-02 L-= 8.8408e-02  Keff= 8.00(min  7.99)  gmin=1.13e-01  floor=0.0e+00  |dM|=1.09e-04  step=1.00e+00
  it  169  L= 3.184862e+02  comp= 2.7533e+01 expr= 2.9095e+02 L+= 9.3403e-02 L-= 8.8480e-02  Keff= 8.00(min  7.99)  gmin=1.13e-01  floor=0.0e+00  |dM|=1.09e-04  step=1.00e+00
  it  170  L= 3.184853e+02  comp= 2.7533e+01 expr= 2.9095e+02 L+= 9.3482e-02 L-= 8.8552e-02  Keff= 8.00(min  7.99)  gmin=1.13e-01  floor=0.0e+00  |dM|=1.09e-04  step=1.00e+00
  it  171  L= 3.184845e+02  comp= 2.7533e+01 expr= 2.9095e+02 L+= 9.3566e-02 L-= 8.8626e-02  Keff= 8.00(min  7.99)  gmin=1.13e-01  floor=0.0e+00  |dM|=1.10e-04  step=1.00e+00
  it  172  L= 3.184836e+02  comp= 2.7533e+01 expr= 2.9095e+02 L+= 9.3647e-02 L-= 8.8701e-02  Keff= 8.00(min  7.99)  gmin=1.13e-01  floor=0.0e+00  |dM|=1.10e-04  step=1.00e+00
  it  173  L= 3.184827e+02  comp= 2.7533e+01 expr= 2.9095e+02 L+= 9.3731e-02 L-= 8.8773e-02  Keff= 8.00(min  7.99)  gmin=1.13e-01  floor=0.0e+00  |dM|=1.10e-04  step=1.00e+00
  it  174  L= 3.184818e+02  comp= 2.7533e+01 expr= 2.9095e+02 L+= 9.3813e-02 L-= 8.8850e-02  Keff= 8.00(min  7.99)  gmin=1.13e-01  floor=0.0e+00  |dM|=1.10e-04  step=1.00e+00
  it  175  L= 3.184810e+02  comp= 2.7533e+01 expr= 2.9095e+02 L+= 9.3898e-02 L-= 8.8924e-02  Keff= 8.00(min  7.99)  gmin=1.13e-01  floor=0.0e+00  |dM|=1.10e-04  step=1.00e+00
  it  176  L= 3.184801e+02  comp= 2.7533e+01 expr= 2.9095e+02 L+= 9.3980e-02 L-= 8.9000e-02  Keff= 8.00(min  7.99)  gmin=1.13e-01  floor=0.0e+00  |dM|=1.11e-04  step=1.00e+00
  it  177  L= 3.184792e+02  comp= 2.7533e+01 expr= 2.9095e+02 L+= 9.4064e-02 L-= 8.9075e-02  Keff= 8.00(min  7.99)  gmin=1.13e-01  floor=0.0e+00  |dM|=1.11e-04  step=1.00e+00
  it  178  L= 3.184783e+02  comp= 2.7533e+01 expr= 2.9095e+02 L+= 9.4147e-02 L-= 8.9148e-02  Keff= 8.00(min  7.99)  gmin=1.13e-01  floor=0.0e+00  |dM|=1.11e-04  step=1.00e+00
  it  179  L= 3.184774e+02  comp= 2.7533e+01 expr= 2.9094e+02 L+= 9.4231e-02 L-= 8.9225e-02  Keff= 8.00(min  7.99)  gmin=1.13e-01  floor=0.0e+00  |dM|=1.11e-04  step=1.00e+00
  it  180  L= 3.184765e+02  comp= 2.7533e+01 expr= 2.9094e+02 L+= 9.4315e-02 L-= 8.9301e-02  Keff= 8.00(min  7.99)  gmin=1.13e-01  floor=0.0e+00  |dM|=1.12e-04  step=1.00e+00
  it  181  L= 3.184756e+02  comp= 2.7533e+01 expr= 2.9094e+02 L+= 9.4402e-02 L-= 8.9377e-02  Keff= 8.00(min  7.99)  gmin=1.13e-01  floor=0.0e+00  |dM|=1.12e-04  step=1.00e+00
  it  182  L= 3.184747e+02  comp= 2.7533e+01 expr= 2.9094e+02 L+= 9.4485e-02 L-= 8.9452e-02  Keff= 8.00(min  7.99)  gmin=1.13e-01  floor=0.0e+00  |dM|=1.12e-04  step=1.00e+00
  it  183  L= 3.184738e+02  comp= 2.7533e+01 expr= 2.9094e+02 L+= 9.4570e-02 L-= 8.9529e-02  Keff= 8.00(min  7.99)  gmin=1.13e-01  floor=0.0e+00  |dM|=1.12e-04  step=1.00e+00
  it  184  L= 3.184729e+02  comp= 2.7533e+01 expr= 2.9094e+02 L+= 9.4656e-02 L-= 8.9605e-02  Keff= 8.00(min  7.99)  gmin=1.13e-01  floor=0.0e+00  |dM|=1.13e-04  step=1.00e+00
  it  185  L= 3.184719e+02  comp= 2.7533e+01 expr= 2.9094e+02 L+= 9.4742e-02 L-= 8.9682e-02  Keff= 8.00(min  7.99)  gmin=1.13e-01  floor=0.0e+00  |dM|=1.13e-04  step=1.00e+00
  it  186  L= 3.184710e+02  comp= 2.7533e+01 expr= 2.9094e+02 L+= 9.4826e-02 L-= 8.9759e-02  Keff= 8.00(min  7.99)  gmin=1.13e-01  floor=0.0e+00  |dM|=1.13e-04  step=1.00e+00
  it  187  L= 3.184701e+02  comp= 2.7533e+01 expr= 2.9094e+02 L+= 9.4912e-02 L-= 8.9837e-02  Keff= 8.00(min  7.99)  gmin=1.13e-01  floor=0.0e+00  |dM|=1.13e-04  step=1.00e+00
  it  188  L= 3.184691e+02  comp= 2.7533e+01 expr= 2.9094e+02 L+= 9.4997e-02 L-= 8.9915e-02  Keff= 8.00(min  7.99)  gmin=1.13e-01  floor=0.0e+00  |dM|=1.14e-04  step=1.00e+00
  it  189  L= 3.184682e+02  comp= 2.7533e+01 expr= 2.9093e+02 L+= 9.5084e-02 L-= 8.9991e-02  Keff= 8.00(min  7.99)  gmin=1.13e-01  floor=0.0e+00  |dM|=1.14e-04  step=1.00e+00
  it  190  L= 3.184673e+02  comp= 2.7533e+01 expr= 2.9093e+02 L+= 9.5172e-02 L-= 9.0069e-02  Keff= 8.00(min  7.99)  gmin=1.13e-01  floor=0.0e+00  |dM|=1.14e-04  step=1.00e+00
  it  191  L= 3.184664e+02  comp= 2.7533e+01 expr= 2.9093e+02 L+= 9.5259e-02 L-= 9.0146e-02  Keff= 8.00(min  7.99)  gmin=1.13e-01  floor=0.0e+00  |dM|=1.14e-04  step=1.00e+00
  it  192  L= 3.184655e+02  comp= 2.7533e+01 expr= 2.9093e+02 L+= 9.5344e-02 L-= 9.0227e-02  Keff= 8.00(min  7.99)  gmin=1.13e-01  floor=0.0e+00  |dM|=1.14e-04  step=1.00e+00
  it  193  L= 3.184645e+02  comp= 2.7533e+01 expr= 2.9093e+02 L+= 9.5433e-02 L-= 9.0305e-02  Keff= 8.00(min  7.99)  gmin=1.13e-01  floor=0.0e+00  |dM|=1.15e-04  step=1.00e+00
  it  194  L= 3.184636e+02  comp= 2.7533e+01 expr= 2.9093e+02 L+= 9.5520e-02 L-= 9.0385e-02  Keff= 8.00(min  7.99)  gmin=1.13e-01  floor=0.0e+00  |dM|=1.15e-04  step=1.00e+00
  it  195  L= 3.184626e+02  comp= 2.7533e+01 expr= 2.9093e+02 L+= 9.5607e-02 L-= 9.0463e-02  Keff= 8.00(min  7.99)  gmin=1.13e-01  floor=0.0e+00  |dM|=1.15e-04  step=1.00e+00
  it  196  L= 3.184616e+02  comp= 2.7533e+01 expr= 2.9093e+02 L+= 9.5696e-02 L-= 9.0541e-02  Keff= 8.00(min  7.99)  gmin=1.13e-01  floor=0.0e+00  |dM|=1.15e-04  step=1.00e+00
  it  197  L= 3.184607e+02  comp= 2.7533e+01 expr= 2.9093e+02 L+= 9.5785e-02 L-= 9.0622e-02  Keff= 8.00(min  7.99)  gmin=1.13e-01  floor=0.0e+00  |dM|=1.16e-04  step=1.00e+00
  it  198  L= 3.184597e+02  comp= 2.7533e+01 expr= 2.9093e+02 L+= 9.5875e-02 L-= 9.0701e-02  Keff= 8.00(min  7.99)  gmin=1.13e-01  floor=0.0e+00  |dM|=1.16e-04  step=1.00e+00
  it  199  L= 3.184588e+02  comp= 2.7533e+01 expr= 2.9093e+02 L+= 9.5963e-02 L-= 9.0782e-02  Keff= 8.00(min  7.99)  gmin=1.13e-01  floor=0.0e+00  |dM|=1.16e-04  step=1.00e+00
  it  200  L= 3.184578e+02  comp= 2.7533e+01 expr= 2.9092e+02 L+= 9.6051e-02 L-= 9.0862e-02  Keff= 8.00(min  7.99)  gmin=1.13e-01  floor=0.0e+00  |dM|=1.16e-04  step=1.00e+00
  it  201  L= 3.184568e+02  comp= 2.7533e+01 expr= 2.9092e+02 L+= 9.6140e-02 L-= 9.0940e-02  Keff= 8.00(min  7.99)  gmin=1.13e-01  floor=0.0e+00  |dM|=1.17e-04  step=1.00e+00
  it  202  L= 3.184559e+02  comp= 2.7533e+01 expr= 2.9092e+02 L+= 9.6231e-02 L-= 9.1022e-02  Keff= 8.00(min  7.99)  gmin=1.13e-01  floor=0.0e+00  |dM|=1.17e-04  step=1.00e+00
  it  203  L= 3.184550e+02  comp= 2.7533e+01 expr= 2.9092e+02 L+= 9.6320e-02 L-= 9.1103e-02  Keff= 8.00(min  7.99)  gmin=1.13e-01  floor=0.0e+00  |dM|=1.17e-04  step=1.00e+00
  it  204  L= 3.184539e+02  comp= 2.7533e+01 expr= 2.9092e+02 L+= 9.6412e-02 L-= 9.1184e-02  Keff= 8.00(min  7.99)  gmin=1.13e-01  floor=0.0e+00  |dM|=1.17e-04  step=1.00e+00
  it  205  L= 3.184529e+02  comp= 2.7533e+01 expr= 2.9092e+02 L+= 9.6501e-02 L-= 9.1264e-02  Keff= 8.00(min  7.99)  gmin=1.13e-01  floor=0.0e+00  |dM|=1.18e-04  step=1.00e+00
  it  206  L= 3.184520e+02  comp= 2.7533e+01 expr= 2.9092e+02 L+= 9.6591e-02 L-= 9.1345e-02  Keff= 8.00(min  7.99)  gmin=1.13e-01  floor=0.0e+00  |dM|=1.18e-04  step=1.00e+00
  it  207  L= 3.184510e+02  comp= 2.7533e+01 expr= 2.9092e+02 L+= 9.6683e-02 L-= 9.1430e-02  Keff= 8.00(min  7.99)  gmin=1.13e-01  floor=0.0e+00  |dM|=1.18e-04  step=1.00e+00
  it  208  L= 3.184500e+02  comp= 2.7533e+01 expr= 2.9092e+02 L+= 9.6774e-02 L-= 9.1509e-02  Keff= 8.00(min  7.99)  gmin=1.13e-01  floor=0.0e+00  |dM|=1.18e-04  step=1.00e+00
  it  209  L= 3.184490e+02  comp= 2.7533e+01 expr= 2.9092e+02 L+= 9.6865e-02 L-= 9.1592e-02  Keff= 8.00(min  7.99)  gmin=1.13e-01  floor=0.0e+00  |dM|=1.19e-04  step=1.00e+00
  it  210  L= 3.184480e+02  comp= 2.7533e+01 expr= 2.9091e+02 L+= 9.6957e-02 L-= 9.1676e-02  Keff= 8.00(min  7.99)  gmin=1.13e-01  floor=0.0e+00  |dM|=1.19e-04  step=1.00e+00
  it  211  L= 3.184470e+02  comp= 2.7533e+01 expr= 2.9091e+02 L+= 9.7049e-02 L-= 9.1759e-02  Keff= 8.00(min  7.99)  gmin=1.13e-01  floor=0.0e+00  |dM|=1.19e-04  step=1.00e+00
  it  212  L= 3.184460e+02  comp= 2.7533e+01 expr= 2.9091e+02 L+= 9.7141e-02 L-= 9.1841e-02  Keff= 8.00(min  7.99)  gmin=1.13e-01  floor=0.0e+00  |dM|=1.19e-04  step=1.00e+00
  it  213  L= 3.184450e+02  comp= 2.7533e+01 expr= 2.9091e+02 L+= 9.7235e-02 L-= 9.1925e-02  Keff= 8.00(min  7.99)  gmin=1.13e-01  floor=0.0e+00  |dM|=1.20e-04  step=1.00e+00
  it  214  L= 3.184440e+02  comp= 2.7533e+01 expr= 2.9091e+02 L+= 9.7327e-02 L-= 9.2009e-02  Keff= 8.00(min  7.99)  gmin=1.13e-01  floor=0.0e+00  |dM|=1.20e-04  step=1.00e+00
  it  215  L= 3.184430e+02  comp= 2.7533e+01 expr= 2.9091e+02 L+= 9.7419e-02 L-= 9.2091e-02  Keff= 8.00(min  7.99)  gmin=1.13e-01  floor=0.0e+00  |dM|=1.20e-04  step=1.00e+00
  it  216  L= 3.184419e+02  comp= 2.7533e+01 expr= 2.9091e+02 L+= 9.7513e-02 L-= 9.2176e-02  Keff= 8.00(min  7.99)  gmin=1.13e-01  floor=0.0e+00  |dM|=1.20e-04  step=1.00e+00
  it  217  L= 3.184409e+02  comp= 2.7533e+01 expr= 2.9091e+02 L+= 9.7607e-02 L-= 9.2258e-02  Keff= 8.00(min  7.99)  gmin=1.13e-01  floor=0.0e+00  |dM|=1.21e-04  step=1.00e+00
  it  218  L= 3.184399e+02  comp= 2.7533e+01 expr= 2.9091e+02 L+= 9.7699e-02 L-= 9.2344e-02  Keff= 8.00(min  7.99)  gmin=1.13e-01  floor=0.0e+00  |dM|=1.21e-04  step=1.00e+00
  it  219  L= 3.184389e+02  comp= 2.7533e+01 expr= 2.9091e+02 L+= 9.7793e-02 L-= 9.2430e-02  Keff= 8.00(min  7.99)  gmin=1.13e-01  floor=0.0e+00  |dM|=1.21e-04  step=1.00e+00
  it  220  L= 3.184378e+02  comp= 2.7533e+01 expr= 2.9090e+02 L+= 9.7889e-02 L-= 9.2514e-02  Keff= 8.00(min  7.99)  gmin=1.13e-01  floor=0.0e+00  |dM|=1.21e-04  step=1.00e+00
  it  221  L= 3.184368e+02  comp= 2.7533e+01 expr= 2.9090e+02 L+= 9.7983e-02 L-= 9.2599e-02  Keff= 8.00(min  7.99)  gmin=1.13e-01  floor=0.0e+00  |dM|=1.22e-04  step=1.00e+00
  it  222  L= 3.184358e+02  comp= 2.7533e+01 expr= 2.9090e+02 L+= 9.8077e-02 L-= 9.2685e-02  Keff= 8.00(min  7.99)  gmin=1.13e-01  floor=0.0e+00  |dM|=1.22e-04  step=1.00e+00
  it  223  L= 3.184347e+02  comp= 2.7533e+01 expr= 2.9090e+02 L+= 9.8174e-02 L-= 9.2769e-02  Keff= 8.00(min  7.99)  gmin=1.13e-01  floor=0.0e+00  |dM|=1.22e-04  step=1.00e+00
  it  224  L= 3.184337e+02  comp= 2.7533e+01 expr= 2.9090e+02 L+= 9.8268e-02 L-= 9.2856e-02  Keff= 8.00(min  7.99)  gmin=1.13e-01  floor=0.0e+00  |dM|=1.22e-04  step=1.00e+00
  it  225  L= 3.184326e+02  comp= 2.7533e+01 expr= 2.9090e+02 L+= 9.8364e-02 L-= 9.2941e-02  Keff= 8.00(min  7.99)  gmin=1.13e-01  floor=0.0e+00  |dM|=1.23e-04  step=1.00e+00
  it  226  L= 3.184315e+02  comp= 2.7533e+01 expr= 2.9090e+02 L+= 9.8460e-02 L-= 9.3028e-02  Keff= 8.00(min  7.99)  gmin=1.13e-01  floor=0.0e+00  |dM|=1.23e-04  step=1.00e+00
  it  227  L= 3.184305e+02  comp= 2.7533e+01 expr= 2.9090e+02 L+= 9.8557e-02 L-= 9.3114e-02  Keff= 8.00(min  7.99)  gmin=1.13e-01  floor=0.0e+00  |dM|=1.23e-04  step=1.00e+00
  it  228  L= 3.184294e+02  comp= 2.7533e+01 expr= 2.9090e+02 L+= 9.8654e-02 L-= 9.3202e-02  Keff= 8.00(min  7.99)  gmin=1.13e-01  floor=0.0e+00  |dM|=1.23e-04  step=1.00e+00
  it  229  L= 3.184284e+02  comp= 2.7533e+01 expr= 2.9090e+02 L+= 9.8749e-02 L-= 9.3289e-02  Keff= 8.00(min  7.99)  gmin=1.13e-01  floor=0.0e+00  |dM|=1.24e-04  step=1.00e+00
  it  230  L= 3.184273e+02  comp= 2.7533e+01 expr= 2.9089e+02 L+= 9.8847e-02 L-= 9.3377e-02  Keff= 8.00(min  7.99)  gmin=1.13e-01  floor=0.0e+00  |dM|=1.24e-04  step=1.00e+00
  it  231  L= 3.184262e+02  comp= 2.7533e+01 expr= 2.9089e+02 L+= 9.8943e-02 L-= 9.3463e-02  Keff= 8.00(min  7.99)  gmin=1.13e-01  floor=0.0e+00  |dM|=1.24e-04  step=1.00e+00
  it  232  L= 3.184252e+02  comp= 2.7533e+01 expr= 2.9089e+02 L+= 9.9040e-02 L-= 9.3550e-02  Keff= 8.00(min  7.99)  gmin=1.13e-01  floor=0.0e+00  |dM|=1.25e-04  step=1.00e+00
  it  233  L= 3.184241e+02  comp= 2.7533e+01 expr= 2.9089e+02 L+= 9.9141e-02 L-= 9.3641e-02  Keff= 8.00(min  7.99)  gmin=1.13e-01  floor=0.0e+00  |dM|=1.25e-04  step=1.00e+00
  it  234  L= 3.184230e+02  comp= 2.7533e+01 expr= 2.9089e+02 L+= 9.9240e-02 L-= 9.3729e-02  Keff= 8.00(min  7.99)  gmin=1.13e-01  floor=0.0e+00  |dM|=1.25e-04  step=1.00e+00
  it  235  L= 3.184219e+02  comp= 2.7533e+01 expr= 2.9089e+02 L+= 9.9338e-02 L-= 9.3816e-02  Keff= 8.00(min  7.99)  gmin=1.13e-01  floor=0.0e+00  |dM|=1.25e-04  step=1.00e+00
  it  236  L= 3.184208e+02  comp= 2.7533e+01 expr= 2.9089e+02 L+= 9.9438e-02 L-= 9.3906e-02  Keff= 8.00(min  7.99)  gmin=1.13e-01  floor=0.0e+00  |dM|=1.26e-04  step=1.00e+00
  it  237  L= 3.184197e+02  comp= 2.7533e+01 expr= 2.9089e+02 L+= 9.9537e-02 L-= 9.3996e-02  Keff= 8.00(min  7.99)  gmin=1.13e-01  floor=0.0e+00  |dM|=1.26e-04  step=1.00e+00
  it  238  L= 3.184186e+02  comp= 2.7533e+01 expr= 2.9089e+02 L+= 9.9637e-02 L-= 9.4088e-02  Keff= 8.00(min  7.99)  gmin=1.13e-01  floor=0.0e+00  |dM|=1.26e-04  step=1.00e+00
  it  239  L= 3.184175e+02  comp= 2.7533e+01 expr= 2.9088e+02 L+= 9.9736e-02 L-= 9.4176e-02  Keff= 8.00(min  7.99)  gmin=1.13e-01  floor=0.0e+00  |dM|=1.26e-04  step=1.00e+00
  it  240  L= 3.184164e+02  comp= 2.7533e+01 expr= 2.9088e+02 L+= 9.9834e-02 L-= 9.4265e-02  Keff= 8.00(min  7.99)  gmin=1.13e-01  floor=0.0e+00  |dM|=1.27e-04  step=1.00e+00
  it  241  L= 3.184153e+02  comp= 2.7533e+01 expr= 2.9088e+02 L+= 9.9934e-02 L-= 9.4354e-02  Keff= 8.00(min  7.99)  gmin=1.13e-01  floor=0.0e+00  |dM|=1.27e-04  step=1.00e+00
  it  242  L= 3.184142e+02  comp= 2.7533e+01 expr= 2.9088e+02 L+= 1.0004e-01 L-= 9.4445e-02  Keff= 8.00(min  7.99)  gmin=1.13e-01  floor=0.0e+00  |dM|=1.27e-04  step=1.00e+00
  it  243  L= 3.184130e+02  comp= 2.7533e+01 expr= 2.9088e+02 L+= 1.0013e-01 L-= 9.4537e-02  Keff= 8.00(min  7.99)  gmin=1.13e-01  floor=0.0e+00  |dM|=1.27e-04  step=1.00e+00
  it  244  L= 3.184120e+02  comp= 2.7533e+01 expr= 2.9088e+02 L+= 1.0024e-01 L-= 9.4628e-02  Keff= 8.00(min  7.99)  gmin=1.13e-01  floor=0.0e+00  |dM|=1.28e-04  step=1.00e+00
  it  245  L= 3.184108e+02  comp= 2.7533e+01 expr= 2.9088e+02 L+= 1.0034e-01 L-= 9.4720e-02  Keff= 8.00(min  7.99)  gmin=1.13e-01  floor=0.0e+00  |dM|=1.28e-04  step=1.00e+00
  it  246  L= 3.184097e+02  comp= 2.7533e+01 expr= 2.9088e+02 L+= 1.0044e-01 L-= 9.4812e-02  Keff= 8.00(min  7.99)  gmin=1.13e-01  floor=0.0e+00  |dM|=1.28e-04  step=1.00e+00
  it  247  L= 3.184085e+02  comp= 2.7533e+01 expr= 2.9088e+02 L+= 1.0054e-01 L-= 9.4903e-02  Keff= 8.00(min  7.99)  gmin=1.13e-01  floor=0.0e+00  |dM|=1.29e-04  step=1.00e+00
  it  248  L= 3.184074e+02  comp= 2.7533e+01 expr= 2.9087e+02 L+= 1.0065e-01 L-= 9.4994e-02  Keff= 8.00(min  7.99)  gmin=1.13e-01  floor=0.0e+00  |dM|=1.29e-04  step=1.00e+00
  it  249  L= 3.184063e+02  comp= 2.7533e+01 expr= 2.9087e+02 L+= 1.0075e-01 L-= 9.5087e-02  Keff= 8.00(min  7.99)  gmin=1.13e-01  floor=0.0e+00  |dM|=1.29e-04  step=1.00e+00
  it  250  L= 3.184051e+02  comp= 2.7533e+01 expr= 2.9087e+02 L+= 1.0085e-01 L-= 9.5181e-02  Keff= 8.00(min  7.99)  gmin=1.13e-01  floor=0.0e+00  |dM|=1.29e-04  step=1.00e+00
  it  251  L= 3.184040e+02  comp= 2.7533e+01 expr= 2.9087e+02 L+= 1.0096e-01 L-= 9.5275e-02  Keff= 8.00(min  7.99)  gmin=1.13e-01  floor=0.0e+00  |dM|=1.30e-04  step=1.00e+00
  it  252  L= 3.184028e+02  comp= 2.7533e+01 expr= 2.9087e+02 L+= 1.0106e-01 L-= 9.5369e-02  Keff= 8.00(min  7.99)  gmin=1.13e-01  floor=0.0e+00  |dM|=1.30e-04  step=1.00e+00
  it  253  L= 3.184017e+02  comp= 2.7533e+01 expr= 2.9087e+02 L+= 1.0116e-01 L-= 9.5463e-02  Keff= 8.00(min  7.99)  gmin=1.13e-01  floor=0.0e+00  |dM|=1.30e-04  step=1.00e+00
  it  254  L= 3.184005e+02  comp= 2.7533e+01 expr= 2.9087e+02 L+= 1.0127e-01 L-= 9.5558e-02  Keff= 8.00(min  7.99)  gmin=1.13e-01  floor=0.0e+00  |dM|=1.30e-04  step=1.00e+00
  it  255  L= 3.183993e+02  comp= 2.7533e+01 expr= 2.9087e+02 L+= 1.0137e-01 L-= 9.5650e-02  Keff= 8.00(min  7.99)  gmin=1.13e-01  floor=0.0e+00  |dM|=1.31e-04  step=1.00e+00
  it  256  L= 3.183982e+02  comp= 2.7533e+01 expr= 2.9087e+02 L+= 1.0148e-01 L-= 9.5745e-02  Keff= 8.00(min  7.99)  gmin=1.13e-01  floor=0.0e+00  |dM|=1.31e-04  step=1.00e+00
  it  257  L= 3.183970e+02  comp= 2.7533e+01 expr= 2.9086e+02 L+= 1.0158e-01 L-= 9.5841e-02  Keff= 8.00(min  7.99)  gmin=1.13e-01  floor=0.0e+00  |dM|=1.31e-04  step=1.00e+00
  it  258  L= 3.183958e+02  comp= 2.7533e+01 expr= 2.9086e+02 L+= 1.0169e-01 L-= 9.5934e-02  Keff= 8.00(min  7.99)  gmin=1.13e-01  floor=0.0e+00  |dM|=1.32e-04  step=1.00e+00
  it  259  L= 3.183946e+02  comp= 2.7533e+01 expr= 2.9086e+02 L+= 1.0179e-01 L-= 9.6029e-02  Keff= 8.00(min  7.99)  gmin=1.13e-01  floor=0.0e+00  |dM|=1.32e-04  step=1.00e+00
  it  260  L= 3.183935e+02  comp= 2.7533e+01 expr= 2.9086e+02 L+= 1.0190e-01 L-= 9.6124e-02  Keff= 8.00(min  7.99)  gmin=1.13e-01  floor=0.0e+00  |dM|=1.32e-04  step=1.00e+00
  it  261  L= 3.183923e+02  comp= 2.7533e+01 expr= 2.9086e+02 L+= 1.0201e-01 L-= 9.6222e-02  Keff= 8.00(min  7.99)  gmin=1.13e-01  floor=0.0e+00  |dM|=1.32e-04  step=1.00e+00
  it  262  L= 3.183911e+02  comp= 2.7533e+01 expr= 2.9086e+02 L+= 1.0211e-01 L-= 9.6315e-02  Keff= 8.00(min  7.99)  gmin=1.13e-01  floor=0.0e+00  |dM|=1.33e-04  step=1.00e+00
  it  263  L= 3.183898e+02  comp= 2.7533e+01 expr= 2.9086e+02 L+= 1.0222e-01 L-= 9.6414e-02  Keff= 8.00(min  7.99)  gmin=1.13e-01  floor=0.0e+00  |dM|=1.33e-04  step=1.00e+00
  it  264  L= 3.183887e+02  comp= 2.7533e+01 expr= 2.9086e+02 L+= 1.0233e-01 L-= 9.6510e-02  Keff= 8.00(min  7.99)  gmin=1.13e-01  floor=0.0e+00  |dM|=1.33e-04  step=1.00e+00
  it  265  L= 3.183875e+02  comp= 2.7533e+01 expr= 2.9085e+02 L+= 1.0243e-01 L-= 9.6609e-02  Keff= 8.00(min  7.99)  gmin=1.13e-01  floor=0.0e+00  |dM|=1.34e-04  step=1.00e+00
  it  266  L= 3.183862e+02  comp= 2.7533e+01 expr= 2.9085e+02 L+= 1.0254e-01 L-= 9.6706e-02  Keff= 8.00(min  7.99)  gmin=1.13e-01  floor=0.0e+00  |dM|=1.34e-04  step=1.00e+00
  it  267  L= 3.183850e+02  comp= 2.7533e+01 expr= 2.9085e+02 L+= 1.0265e-01 L-= 9.6802e-02  Keff= 8.00(min  7.99)  gmin=1.13e-01  floor=0.0e+00  |dM|=1.34e-04  step=1.00e+00
  it  268  L= 3.183838e+02  comp= 2.7533e+01 expr= 2.9085e+02 L+= 1.0276e-01 L-= 9.6900e-02  Keff= 8.00(min  7.99)  gmin=1.13e-01  floor=0.0e+00  |dM|=1.34e-04  step=1.00e+00
  it  269  L= 3.183826e+02  comp= 2.7533e+01 expr= 2.9085e+02 L+= 1.0287e-01 L-= 9.7000e-02  Keff= 8.00(min  7.99)  gmin=1.13e-01  floor=0.0e+00  |dM|=1.35e-04  step=1.00e+00
  it  270  L= 3.183814e+02  comp= 2.7533e+01 expr= 2.9085e+02 L+= 1.0298e-01 L-= 9.7098e-02  Keff= 8.00(min  7.99)  gmin=1.13e-01  floor=0.0e+00  |dM|=1.35e-04  step=1.00e+00
  it  271  L= 3.183801e+02  comp= 2.7533e+01 expr= 2.9085e+02 L+= 1.0309e-01 L-= 9.7196e-02  Keff= 8.00(min  7.99)  gmin=1.13e-01  floor=0.0e+00  |dM|=1.35e-04  step=1.00e+00
  it  272  L= 3.183788e+02  comp= 2.7533e+01 expr= 2.9085e+02 L+= 1.0320e-01 L-= 9.7296e-02  Keff= 8.00(min  7.99)  gmin=1.13e-01  floor=0.0e+00  |dM|=1.36e-04  step=1.00e+00
  it  273  L= 3.183776e+02  comp= 2.7533e+01 expr= 2.9084e+02 L+= 1.0331e-01 L-= 9.7396e-02  Keff= 8.00(min  7.99)  gmin=1.13e-01  floor=0.0e+00  |dM|=1.36e-04  step=1.00e+00
  it  274  L= 3.183763e+02  comp= 2.7533e+01 expr= 2.9084e+02 L+= 1.0342e-01 L-= 9.7495e-02  Keff= 8.00(min  7.99)  gmin=1.13e-01  floor=0.0e+00  |dM|=1.36e-04  step=1.00e+00
  it  275  L= 3.183752e+02  comp= 2.7533e+01 expr= 2.9084e+02 L+= 1.0353e-01 L-= 9.7596e-02  Keff= 8.00(min  7.99)  gmin=1.13e-01  floor=0.0e+00  |dM|=1.36e-04  step=1.00e+00
  it  276  L= 3.183739e+02  comp= 2.7533e+01 expr= 2.9084e+02 L+= 1.0364e-01 L-= 9.7695e-02  Keff= 8.00(min  7.99)  gmin=1.13e-01  floor=0.0e+00  |dM|=1.37e-04  step=1.00e+00
  it  277  L= 3.183726e+02  comp= 2.7533e+01 expr= 2.9084e+02 L+= 1.0375e-01 L-= 9.7796e-02  Keff= 8.00(min  7.99)  gmin=1.13e-01  floor=0.0e+00  |dM|=1.37e-04  step=1.00e+00
  it  278  L= 3.183713e+02  comp= 2.7533e+01 expr= 2.9084e+02 L+= 1.0386e-01 L-= 9.7896e-02  Keff= 8.00(min  7.99)  gmin=1.13e-01  floor=0.0e+00  |dM|=1.37e-04  step=1.00e+00
  it  279  L= 3.183701e+02  comp= 2.7533e+01 expr= 2.9084e+02 L+= 1.0398e-01 L-= 9.7998e-02  Keff= 8.00(min  7.99)  gmin=1.13e-01  floor=0.0e+00  |dM|=1.38e-04  step=1.00e+00
  it  280  L= 3.183688e+02  comp= 2.7533e+01 expr= 2.9084e+02 L+= 1.0409e-01 L-= 9.8101e-02  Keff= 8.00(min  7.99)  gmin=1.13e-01  floor=0.0e+00  |dM|=1.38e-04  step=1.00e+00
  it  281  L= 3.183675e+02  comp= 2.7533e+01 expr= 2.9083e+02 L+= 1.0420e-01 L-= 9.8202e-02  Keff= 8.00(min  7.99)  gmin=1.13e-01  floor=0.0e+00  |dM|=1.38e-04  step=1.00e+00
  it  282  L= 3.183662e+02  comp= 2.7533e+01 expr= 2.9083e+02 L+= 1.0432e-01 L-= 9.8304e-02  Keff= 8.00(min  7.99)  gmin=1.13e-01  floor=0.0e+00  |dM|=1.38e-04  step=1.00e+00
  it  283  L= 3.183649e+02  comp= 2.7533e+01 expr= 2.9083e+02 L+= 1.0443e-01 L-= 9.8407e-02  Keff= 8.00(min  7.99)  gmin=1.13e-01  floor=0.0e+00  |dM|=1.39e-04  step=1.00e+00
  it  284  L= 3.183636e+02  comp= 2.7533e+01 expr= 2.9083e+02 L+= 1.0454e-01 L-= 9.8511e-02  Keff= 8.00(min  7.99)  gmin=1.13e-01  floor=0.0e+00  |dM|=1.39e-04  step=1.00e+00
  it  285  L= 3.183623e+02  comp= 2.7533e+01 expr= 2.9083e+02 L+= 1.0466e-01 L-= 9.8612e-02  Keff= 8.00(min  7.99)  gmin=1.13e-01  floor=0.0e+00  |dM|=1.39e-04  step=1.00e+00
  it  286  L= 3.183611e+02  comp= 2.7533e+01 expr= 2.9083e+02 L+= 1.0477e-01 L-= 9.8718e-02  Keff= 8.00(min  7.99)  gmin=1.13e-01  floor=0.0e+00  |dM|=1.40e-04  step=1.00e+00
  it  287  L= 3.183597e+02  comp= 2.7533e+01 expr= 2.9083e+02 L+= 1.0489e-01 L-= 9.8819e-02  Keff= 8.00(min  7.99)  gmin=1.13e-01  floor=0.0e+00  |dM|=1.40e-04  step=1.00e+00
  it  288  L= 3.183585e+02  comp= 2.7533e+01 expr= 2.9083e+02 L+= 1.0500e-01 L-= 9.8926e-02  Keff= 8.00(min  7.99)  gmin=1.13e-01  floor=0.0e+00  |dM|=1.40e-04  step=1.00e+00
  it  289  L= 3.183571e+02  comp= 2.7533e+01 expr= 2.9082e+02 L+= 1.0512e-01 L-= 9.9028e-02  Keff= 8.00(min  7.99)  gmin=1.13e-01  floor=0.0e+00  |dM|=1.40e-04  step=1.00e+00
  it  290  L= 3.183558e+02  comp= 2.7533e+01 expr= 2.9082e+02 L+= 1.0524e-01 L-= 9.9135e-02  Keff= 8.00(min  7.99)  gmin=1.13e-01  floor=0.0e+00  |dM|=1.41e-04  step=1.00e+00
  it  291  L= 3.183545e+02  comp= 2.7533e+01 expr= 2.9082e+02 L+= 1.0535e-01 L-= 9.9238e-02  Keff= 8.00(min  7.99)  gmin=1.13e-01  floor=0.0e+00  |dM|=1.41e-04  step=1.00e+00
  it  292  L= 3.183532e+02  comp= 2.7533e+01 expr= 2.9082e+02 L+= 1.0547e-01 L-= 9.9344e-02  Keff= 8.00(min  7.99)  gmin=1.13e-01  floor=0.0e+00  |dM|=1.41e-04  step=1.00e+00
  it  293  L= 3.183518e+02  comp= 2.7533e+01 expr= 2.9082e+02 L+= 1.0559e-01 L-= 9.9449e-02  Keff= 8.00(min  7.99)  gmin=1.13e-01  floor=0.0e+00  |dM|=1.42e-04  step=1.00e+00
  it  294  L= 3.183505e+02  comp= 2.7533e+01 expr= 2.9082e+02 L+= 1.0570e-01 L-= 9.9558e-02  Keff= 8.00(min  7.99)  gmin=1.13e-01  floor=0.0e+00  |dM|=1.42e-04  step=1.00e+00
  it  295  L= 3.183491e+02  comp= 2.7533e+01 expr= 2.9082e+02 L+= 1.0582e-01 L-= 9.9663e-02  Keff= 8.00(min  7.99)  gmin=1.13e-01  floor=0.0e+00  |dM|=1.42e-04  step=1.00e+00
  it  296  L= 3.183478e+02  comp= 2.7533e+01 expr= 2.9081e+02 L+= 1.0594e-01 L-= 9.9768e-02  Keff= 8.00(min  7.99)  gmin=1.13e-01  floor=0.0e+00  |dM|=1.43e-04  step=1.00e+00
  it  297  L= 3.183464e+02  comp= 2.7533e+01 expr= 2.9081e+02 L+= 1.0606e-01 L-= 9.9876e-02  Keff= 8.00(min  7.99)  gmin=1.13e-01  floor=0.0e+00  |dM|=1.43e-04  step=1.00e+00
  it  298  L= 3.183451e+02  comp= 2.7533e+01 expr= 2.9081e+02 L+= 1.0618e-01 L-= 9.9983e-02  Keff= 8.00(min  7.99)  gmin=1.13e-01  floor=0.0e+00  |dM|=1.43e-04  step=1.00e+00
  it  299  L= 3.183437e+02  comp= 2.7533e+01 expr= 2.9081e+02 L+= 1.0630e-01 L-= 1.0009e-01  Keff= 8.00(min  7.99)  gmin=1.13e-01  floor=0.0e+00  |dM|=1.44e-04  step=1.00e+00
  it  300  L= 3.183423e+02  comp= 2.7533e+01 expr= 2.9081e+02 L+= 1.0641e-01 L-= 1.0020e-01  Keff= 8.00(min  7.99)  gmin=1.13e-01  floor=0.0e+00  |dM|=1.44e-04  step=1.00e+00
  it  301  L= 3.183409e+02  comp= 2.7533e+01 expr= 2.9081e+02 L+= 1.0654e-01 L-= 1.0031e-01  Keff= 8.00(min  7.99)  gmin=1.13e-01  floor=0.0e+00  |dM|=1.44e-04  step=1.00e+00
  it  302  L= 3.183396e+02  comp= 2.7533e+01 expr= 2.9081e+02 L+= 1.0666e-01 L-= 1.0042e-01  Keff= 8.00(min  7.99)  gmin=1.13e-01  floor=0.0e+00  |dM|=1.44e-04  step=1.00e+00
  it  303  L= 3.183382e+02  comp= 2.7533e+01 expr= 2.9081e+02 L+= 1.0678e-01 L-= 1.0052e-01  Keff= 8.00(min  7.99)  gmin=1.13e-01  floor=0.0e+00  |dM|=1.45e-04  step=1.00e+00
  it  304  L= 3.183368e+02  comp= 2.7533e+01 expr= 2.9080e+02 L+= 1.0690e-01 L-= 1.0063e-01  Keff= 8.00(min  7.99)  gmin=1.13e-01  floor=0.0e+00  |dM|=1.45e-04  step=1.00e+00
  it  305  L= 3.183354e+02  comp= 2.7533e+01 expr= 2.9080e+02 L+= 1.0702e-01 L-= 1.0074e-01  Keff= 8.00(min  7.99)  gmin=1.13e-01  floor=0.0e+00  |dM|=1.45e-04  step=1.00e+00
  it  306  L= 3.183340e+02  comp= 2.7533e+01 expr= 2.9080e+02 L+= 1.0714e-01 L-= 1.0086e-01  Keff= 8.00(min  7.99)  gmin=1.13e-01  floor=0.0e+00  |dM|=1.46e-04  step=1.00e+00
  it  307  L= 3.183326e+02  comp= 2.7533e+01 expr= 2.9080e+02 L+= 1.0726e-01 L-= 1.0096e-01  Keff= 8.00(min  7.99)  gmin=1.13e-01  floor=0.0e+00  |dM|=1.46e-04  step=1.00e+00
  it  308  L= 3.183312e+02  comp= 2.7533e+01 expr= 2.9080e+02 L+= 1.0739e-01 L-= 1.0107e-01  Keff= 8.00(min  7.99)  gmin=1.13e-01  floor=0.0e+00  |dM|=1.46e-04  step=1.00e+00
  it  309  L= 3.183298e+02  comp= 2.7533e+01 expr= 2.9080e+02 L+= 1.0751e-01 L-= 1.0119e-01  Keff= 8.00(min  7.99)  gmin=1.13e-01  floor=0.0e+00  |dM|=1.47e-04  step=1.00e+00
  it  310  L= 3.183284e+02  comp= 2.7533e+01 expr= 2.9080e+02 L+= 1.0763e-01 L-= 1.0130e-01  Keff= 8.00(min  7.99)  gmin=1.13e-01  floor=0.0e+00  |dM|=1.47e-04  step=1.00e+00
  it  311  L= 3.183270e+02  comp= 2.7533e+01 expr= 2.9079e+02 L+= 1.0776e-01 L-= 1.0141e-01  Keff= 8.00(min  7.99)  gmin=1.13e-01  floor=0.0e+00  |dM|=1.47e-04  step=1.00e+00
  it  312  L= 3.183255e+02  comp= 2.7533e+01 expr= 2.9079e+02 L+= 1.0788e-01 L-= 1.0152e-01  Keff= 8.00(min  7.99)  gmin=1.13e-01  floor=0.0e+00  |dM|=1.48e-04  step=1.00e+00
  it  313  L= 3.183241e+02  comp= 2.7533e+01 expr= 2.9079e+02 L+= 1.0800e-01 L-= 1.0163e-01  Keff= 8.00(min  7.99)  gmin=1.13e-01  floor=0.0e+00  |dM|=1.48e-04  step=1.00e+00
  it  314  L= 3.183227e+02  comp= 2.7533e+01 expr= 2.9079e+02 L+= 1.0813e-01 L-= 1.0175e-01  Keff= 8.00(min  7.99)  gmin=1.13e-01  floor=0.0e+00  |dM|=1.48e-04  step=1.00e+00
  it  315  L= 3.183212e+02  comp= 2.7533e+01 expr= 2.9079e+02 L+= 1.0826e-01 L-= 1.0186e-01  Keff= 8.00(min  7.99)  gmin=1.13e-01  floor=0.0e+00  |dM|=1.48e-04  step=1.00e+00
  it  316  L= 3.183198e+02  comp= 2.7533e+01 expr= 2.9079e+02 L+= 1.0838e-01 L-= 1.0197e-01  Keff= 8.00(min  7.99)  gmin=1.13e-01  floor=0.0e+00  |dM|=1.49e-04  step=1.00e+00
  it  317  L= 3.183183e+02  comp= 2.7533e+01 expr= 2.9079e+02 L+= 1.0851e-01 L-= 1.0209e-01  Keff= 8.00(min  7.99)  gmin=1.13e-01  floor=0.0e+00  |dM|=1.49e-04  step=1.00e+00
  it  318  L= 3.183169e+02  comp= 2.7533e+01 expr= 2.9078e+02 L+= 1.0863e-01 L-= 1.0220e-01  Keff= 8.00(min  7.99)  gmin=1.13e-01  floor=0.0e+00  |dM|=1.49e-04  step=1.00e+00
  it  319  L= 3.183154e+02  comp= 2.7533e+01 expr= 2.9078e+02 L+= 1.0876e-01 L-= 1.0232e-01  Keff= 8.00(min  7.99)  gmin=1.13e-01  floor=0.0e+00  |dM|=1.50e-04  step=1.00e+00
  it  320  L= 3.183139e+02  comp= 2.7533e+01 expr= 2.9078e+02 L+= 1.0889e-01 L-= 1.0243e-01  Keff= 8.00(min  7.99)  gmin=1.13e-01  floor=0.0e+00  |dM|=1.50e-04  step=1.00e+00
  it  321  L= 3.183124e+02  comp= 2.7533e+01 expr= 2.9078e+02 L+= 1.0902e-01 L-= 1.0255e-01  Keff= 8.00(min  7.99)  gmin=1.13e-01  floor=0.0e+00  |dM|=1.50e-04  step=1.00e+00
  it  322  L= 3.183109e+02  comp= 2.7533e+01 expr= 2.9078e+02 L+= 1.0914e-01 L-= 1.0266e-01  Keff= 8.00(min  7.99)  gmin=1.13e-01  floor=0.0e+00  |dM|=1.51e-04  step=1.00e+00
  it  323  L= 3.183095e+02  comp= 2.7533e+01 expr= 2.9078e+02 L+= 1.0927e-01 L-= 1.0278e-01  Keff= 8.00(min  7.99)  gmin=1.13e-01  floor=0.0e+00  |dM|=1.51e-04  step=1.00e+00
  it  324  L= 3.183080e+02  comp= 2.7533e+01 expr= 2.9077e+02 L+= 1.0940e-01 L-= 1.0290e-01  Keff= 8.00(min  7.99)  gmin=1.13e-01  floor=0.0e+00  |dM|=1.51e-04  step=1.00e+00
  it  325  L= 3.183065e+02  comp= 2.7533e+01 expr= 2.9077e+02 L+= 1.0953e-01 L-= 1.0301e-01  Keff= 8.00(min  7.99)  gmin=1.13e-01  floor=0.0e+00  |dM|=1.52e-04  step=1.00e+00
  it  326  L= 3.183050e+02  comp= 2.7533e+01 expr= 2.9077e+02 L+= 1.0966e-01 L-= 1.0313e-01  Keff= 8.00(min  7.99)  gmin=1.13e-01  floor=0.0e+00  |dM|=1.52e-04  step=1.00e+00
  it  327  L= 3.183035e+02  comp= 2.7533e+01 expr= 2.9077e+02 L+= 1.0979e-01 L-= 1.0325e-01  Keff= 8.00(min  7.99)  gmin=1.13e-01  floor=0.0e+00  |dM|=1.52e-04  step=1.00e+00
  it  328  L= 3.183020e+02  comp= 2.7533e+01 expr= 2.9077e+02 L+= 1.0992e-01 L-= 1.0336e-01  Keff= 8.00(min  7.99)  gmin=1.13e-01  floor=0.0e+00  |dM|=1.53e-04  step=1.00e+00
  it  329  L= 3.183004e+02  comp= 2.7533e+01 expr= 2.9077e+02 L+= 1.1005e-01 L-= 1.0348e-01  Keff= 8.00(min  7.99)  gmin=1.13e-01  floor=0.0e+00  |dM|=1.53e-04  step=1.00e+00
  it  330  L= 3.182989e+02  comp= 2.7533e+01 expr= 2.9077e+02 L+= 1.1018e-01 L-= 1.0360e-01  Keff= 8.00(min  7.99)  gmin=1.13e-01  floor=0.0e+00  |dM|=1.53e-04  step=1.00e+00
  it  331  L= 3.182974e+02  comp= 2.7533e+01 expr= 2.9076e+02 L+= 1.1031e-01 L-= 1.0372e-01  Keff= 8.00(min  7.99)  gmin=1.13e-01  floor=0.0e+00  |dM|=1.54e-04  step=1.00e+00
  it  332  L= 3.182958e+02  comp= 2.7533e+01 expr= 2.9076e+02 L+= 1.1044e-01 L-= 1.0384e-01  Keff= 8.00(min  7.99)  gmin=1.13e-01  floor=0.0e+00  |dM|=1.54e-04  step=1.00e+00
  it  333  L= 3.182943e+02  comp= 2.7533e+01 expr= 2.9076e+02 L+= 1.1058e-01 L-= 1.0396e-01  Keff= 8.00(min  7.99)  gmin=1.13e-01  floor=0.0e+00  |dM|=1.54e-04  step=1.00e+00
  it  334  L= 3.182927e+02  comp= 2.7533e+01 expr= 2.9076e+02 L+= 1.1071e-01 L-= 1.0408e-01  Keff= 8.00(min  7.99)  gmin=1.13e-01  floor=0.0e+00  |dM|=1.55e-04  step=1.00e+00
  it  335  L= 3.182912e+02  comp= 2.7533e+01 expr= 2.9076e+02 L+= 1.1084e-01 L-= 1.0420e-01  Keff= 8.00(min  7.99)  gmin=1.13e-01  floor=0.0e+00  |dM|=1.55e-04  step=1.00e+00
  it  336  L= 3.182897e+02  comp= 2.7533e+01 expr= 2.9076e+02 L+= 1.1098e-01 L-= 1.0432e-01  Keff= 8.00(min  7.99)  gmin=1.13e-01  floor=0.0e+00  |dM|=1.55e-04  step=1.00e+00
  it  337  L= 3.182881e+02  comp= 2.7533e+01 expr= 2.9076e+02 L+= 1.1111e-01 L-= 1.0444e-01  Keff= 8.00(min  7.99)  gmin=1.13e-01  floor=0.0e+00  |dM|=1.56e-04  step=1.00e+00
  it  338  L= 3.182865e+02  comp= 2.7533e+01 expr= 2.9075e+02 L+= 1.1124e-01 L-= 1.0456e-01  Keff= 8.00(min  7.99)  gmin=1.13e-01  floor=0.0e+00  |dM|=1.56e-04  step=1.00e+00
  it  339  L= 3.182849e+02  comp= 2.7533e+01 expr= 2.9075e+02 L+= 1.1138e-01 L-= 1.0468e-01  Keff= 8.00(min  7.99)  gmin=1.13e-01  floor=0.0e+00  |dM|=1.56e-04  step=1.00e+00
  it  340  L= 3.182834e+02  comp= 2.7533e+01 expr= 2.9075e+02 L+= 1.1152e-01 L-= 1.0481e-01  Keff= 8.00(min  7.99)  gmin=1.13e-01  floor=0.0e+00  |dM|=1.57e-04  step=1.00e+00
  it  341  L= 3.182818e+02  comp= 2.7533e+01 expr= 2.9075e+02 L+= 1.1165e-01 L-= 1.0493e-01  Keff= 8.00(min  7.99)  gmin=1.13e-01  floor=0.0e+00  |dM|=1.57e-04  step=1.00e+00
  it  342  L= 3.182802e+02  comp= 2.7533e+01 expr= 2.9075e+02 L+= 1.1179e-01 L-= 1.0506e-01  Keff= 8.00(min  7.99)  gmin=1.13e-01  floor=0.0e+00  |dM|=1.57e-04  step=1.00e+00
  it  343  L= 3.182786e+02  comp= 2.7533e+01 expr= 2.9075e+02 L+= 1.1193e-01 L-= 1.0518e-01  Keff= 8.00(min  7.99)  gmin=1.13e-01  floor=0.0e+00  |dM|=1.58e-04  step=1.00e+00
  it  344  L= 3.182769e+02  comp= 2.7533e+01 expr= 2.9074e+02 L+= 1.1206e-01 L-= 1.0530e-01  Keff= 8.00(min  7.99)  gmin=1.13e-01  floor=0.0e+00  |dM|=1.58e-04  step=1.00e+00
  it  345  L= 3.182754e+02  comp= 2.7533e+01 expr= 2.9074e+02 L+= 1.1220e-01 L-= 1.0542e-01  Keff= 8.00(min  7.99)  gmin=1.13e-01  floor=0.0e+00  |dM|=1.58e-04  step=1.00e+00
  it  346  L= 3.182738e+02  comp= 2.7533e+01 expr= 2.9074e+02 L+= 1.1234e-01 L-= 1.0555e-01  Keff= 8.00(min  7.99)  gmin=1.13e-01  floor=0.0e+00  |dM|=1.59e-04  step=1.00e+00
  it  347  L= 3.182722e+02  comp= 2.7533e+01 expr= 2.9074e+02 L+= 1.1248e-01 L-= 1.0568e-01  Keff= 8.00(min  7.99)  gmin=1.13e-01  floor=0.0e+00  |dM|=1.59e-04  step=1.00e+00
  it  348  L= 3.182705e+02  comp= 2.7533e+01 expr= 2.9074e+02 L+= 1.1262e-01 L-= 1.0580e-01  Keff= 8.00(min  7.99)  gmin=1.13e-01  floor=0.0e+00  |dM|=1.59e-04  step=1.00e+00
  it  349  L= 3.182689e+02  comp= 2.7533e+01 expr= 2.9074e+02 L+= 1.1276e-01 L-= 1.0593e-01  Keff= 8.00(min  7.99)  gmin=1.13e-01  floor=0.0e+00  |dM|=1.60e-04  step=1.00e+00
  it  350  L= 3.182672e+02  comp= 2.7533e+01 expr= 2.9073e+02 L+= 1.1289e-01 L-= 1.0606e-01  Keff= 8.00(min  7.99)  gmin=1.13e-01  floor=0.0e+00  |dM|=1.60e-04  step=1.00e+00
  it  351  L= 3.182656e+02  comp= 2.7533e+01 expr= 2.9073e+02 L+= 1.1303e-01 L-= 1.0618e-01  Keff= 8.00(min  7.99)  gmin=1.13e-01  floor=0.0e+00  |dM|=1.60e-04  step=1.00e+00
  it  352  L= 3.182639e+02  comp= 2.7533e+01 expr= 2.9073e+02 L+= 1.1317e-01 L-= 1.0631e-01  Keff= 8.00(min  7.99)  gmin=1.13e-01  floor=0.0e+00  |dM|=1.61e-04  step=1.00e+00
  it  353  L= 3.182623e+02  comp= 2.7533e+01 expr= 2.9073e+02 L+= 1.1332e-01 L-= 1.0644e-01  Keff= 8.00(min  7.99)  gmin=1.13e-01  floor=0.0e+00  |dM|=1.61e-04  step=1.00e+00
  it  354  L= 3.182606e+02  comp= 2.7533e+01 expr= 2.9073e+02 L+= 1.1346e-01 L-= 1.0656e-01  Keff= 8.00(min  7.99)  gmin=1.13e-01  floor=0.0e+00  |dM|=1.61e-04  step=1.00e+00
  it  355  L= 3.182589e+02  comp= 2.7533e+01 expr= 2.9073e+02 L+= 1.1360e-01 L-= 1.0669e-01  Keff= 8.00(min  7.99)  gmin=1.13e-01  floor=0.0e+00  |dM|=1.62e-04  step=1.00e+00
  it  356  L= 3.182573e+02  comp= 2.7533e+01 expr= 2.9072e+02 L+= 1.1374e-01 L-= 1.0682e-01  Keff= 8.00(min  7.99)  gmin=1.13e-01  floor=0.0e+00  |dM|=1.62e-04  step=1.00e+00
  it  357  L= 3.182556e+02  comp= 2.7533e+01 expr= 2.9072e+02 L+= 1.1388e-01 L-= 1.0695e-01  Keff= 8.00(min  7.99)  gmin=1.13e-01  floor=0.0e+00  |dM|=1.62e-04  step=1.00e+00
  it  358  L= 3.182539e+02  comp= 2.7533e+01 expr= 2.9072e+02 L+= 1.1403e-01 L-= 1.0708e-01  Keff= 8.00(min  7.99)  gmin=1.13e-01  floor=0.0e+00  |dM|=1.63e-04  step=1.00e+00
  it  359  L= 3.182522e+02  comp= 2.7533e+01 expr= 2.9072e+02 L+= 1.1417e-01 L-= 1.0721e-01  Keff= 8.00(min  7.99)  gmin=1.13e-01  floor=0.0e+00  |dM|=1.63e-04  step=1.00e+00
  it  360  L= 3.182505e+02  comp= 2.7533e+01 expr= 2.9072e+02 L+= 1.1432e-01 L-= 1.0734e-01  Keff= 8.00(min  7.99)  gmin=1.13e-01  floor=0.0e+00  |dM|=1.63e-04  step=1.00e+00
  it  361  L= 3.182488e+02  comp= 2.7533e+01 expr= 2.9072e+02 L+= 1.1446e-01 L-= 1.0747e-01  Keff= 8.00(min  7.99)  gmin=1.13e-01  floor=0.0e+00  |dM|=1.64e-04  step=1.00e+00
  it  362  L= 3.182471e+02  comp= 2.7533e+01 expr= 2.9071e+02 L+= 1.1460e-01 L-= 1.0760e-01  Keff= 8.00(min  7.99)  gmin=1.13e-01  floor=0.0e+00  |dM|=1.64e-04  step=1.00e+00
  it  363  L= 3.182453e+02  comp= 2.7533e+01 expr= 2.9071e+02 L+= 1.1475e-01 L-= 1.0774e-01  Keff= 8.00(min  7.99)  gmin=1.13e-01  floor=0.0e+00  |dM|=1.64e-04  step=1.00e+00
  it  364  L= 3.182436e+02  comp= 2.7533e+01 expr= 2.9071e+02 L+= 1.1490e-01 L-= 1.0787e-01  Keff= 8.00(min  7.99)  gmin=1.13e-01  floor=0.0e+00  |dM|=1.65e-04  step=1.00e+00
  it  365  L= 3.182419e+02  comp= 2.7533e+01 expr= 2.9071e+02 L+= 1.1504e-01 L-= 1.0800e-01  Keff= 8.00(min  7.99)  gmin=1.13e-01  floor=0.0e+00  |dM|=1.65e-04  step=1.00e+00
  it  366  L= 3.182401e+02  comp= 2.7533e+01 expr= 2.9071e+02 L+= 1.1519e-01 L-= 1.0813e-01  Keff= 8.00(min  7.99)  gmin=1.13e-01  floor=0.0e+00  |dM|=1.65e-04  step=1.00e+00
  it  367  L= 3.182384e+02  comp= 2.7533e+01 expr= 2.9071e+02 L+= 1.1534e-01 L-= 1.0827e-01  Keff= 8.00(min  7.99)  gmin=1.13e-01  floor=0.0e+00  |dM|=1.66e-04  step=1.00e+00
  it  368  L= 3.182366e+02  comp= 2.7533e+01 expr= 2.9070e+02 L+= 1.1548e-01 L-= 1.0840e-01  Keff= 8.00(min  7.99)  gmin=1.13e-01  floor=0.0e+00  |dM|=1.66e-04  step=1.00e+00
  it  369  L= 3.182349e+02  comp= 2.7533e+01 expr= 2.9070e+02 L+= 1.1563e-01 L-= 1.0854e-01  Keff= 8.00(min  7.99)  gmin=1.13e-01  floor=0.0e+00  |dM|=1.66e-04  step=1.00e+00
  it  370  L= 3.182332e+02  comp= 2.7533e+01 expr= 2.9070e+02 L+= 1.1578e-01 L-= 1.0867e-01  Keff= 8.00(min  7.99)  gmin=1.13e-01  floor=0.0e+00  |dM|=1.67e-04  step=1.00e+00
  it  371  L= 3.182313e+02  comp= 2.7533e+01 expr= 2.9070e+02 L+= 1.1593e-01 L-= 1.0881e-01  Keff= 8.00(min  7.99)  gmin=1.13e-01  floor=0.0e+00  |dM|=1.67e-04  step=1.00e+00
  it  372  L= 3.182296e+02  comp= 2.7533e+01 expr= 2.9070e+02 L+= 1.1608e-01 L-= 1.0894e-01  Keff= 8.00(min  7.99)  gmin=1.13e-01  floor=0.0e+00  |dM|=1.68e-04  step=1.00e+00
  it  373  L= 3.182278e+02  comp= 2.7533e+01 expr= 2.9069e+02 L+= 1.1623e-01 L-= 1.0908e-01  Keff= 8.00(min  7.99)  gmin=1.13e-01  floor=0.0e+00  |dM|=1.68e-04  step=1.00e+00
  it  374  L= 3.182260e+02  comp= 2.7533e+01 expr= 2.9069e+02 L+= 1.1638e-01 L-= 1.0921e-01  Keff= 8.00(min  7.99)  gmin=1.13e-01  floor=0.0e+00  |dM|=1.68e-04  step=1.00e+00
  it  375  L= 3.182242e+02  comp= 2.7533e+01 expr= 2.9069e+02 L+= 1.1653e-01 L-= 1.0935e-01  Keff= 8.00(min  7.99)  gmin=1.13e-01  floor=0.0e+00  |dM|=1.69e-04  step=1.00e+00
  it  376  L= 3.182224e+02  comp= 2.7533e+01 expr= 2.9069e+02 L+= 1.1669e-01 L-= 1.0949e-01  Keff= 8.00(min  7.99)  gmin=1.13e-01  floor=0.0e+00  |dM|=1.69e-04  step=1.00e+00
  it  377  L= 3.182206e+02  comp= 2.7533e+01 expr= 2.9069e+02 L+= 1.1684e-01 L-= 1.0963e-01  Keff= 8.00(min  7.99)  gmin=1.13e-01  floor=0.0e+00  |dM|=1.69e-04  step=1.00e+00
  it  378  L= 3.182188e+02  comp= 2.7533e+01 expr= 2.9069e+02 L+= 1.1699e-01 L-= 1.0976e-01  Keff= 8.00(min  7.99)  gmin=1.13e-01  floor=0.0e+00  |dM|=1.70e-04  step=1.00e+00
  it  379  L= 3.182169e+02  comp= 2.7533e+01 expr= 2.9068e+02 L+= 1.1714e-01 L-= 1.0990e-01  Keff= 8.00(min  7.99)  gmin=1.13e-01  floor=0.0e+00  |dM|=1.70e-04  step=1.00e+00
  it  380  L= 3.182151e+02  comp= 2.7533e+01 expr= 2.9068e+02 L+= 1.1730e-01 L-= 1.1004e-01  Keff= 8.00(min  7.99)  gmin=1.13e-01  floor=0.0e+00  |dM|=1.70e-04  step=1.00e+00
  it  381  L= 3.182133e+02  comp= 2.7533e+01 expr= 2.9068e+02 L+= 1.1745e-01 L-= 1.1018e-01  Keff= 8.00(min  7.99)  gmin=1.13e-01  floor=0.0e+00  |dM|=1.71e-04  step=1.00e+00
  it  382  L= 3.182114e+02  comp= 2.7533e+01 expr= 2.9068e+02 L+= 1.1760e-01 L-= 1.1032e-01  Keff= 8.00(min  7.99)  gmin=1.13e-01  floor=0.0e+00  |dM|=1.71e-04  step=1.00e+00
  it  383  L= 3.182096e+02  comp= 2.7533e+01 expr= 2.9068e+02 L+= 1.1776e-01 L-= 1.1046e-01  Keff= 8.00(min  7.99)  gmin=1.13e-01  floor=0.0e+00  |dM|=1.71e-04  step=1.00e+00
  it  384  L= 3.182077e+02  comp= 2.7533e+01 expr= 2.9067e+02 L+= 1.1792e-01 L-= 1.1060e-01  Keff= 8.00(min  7.99)  gmin=1.13e-01  floor=0.0e+00  |dM|=1.72e-04  step=1.00e+00
  it  385  L= 3.182058e+02  comp= 2.7533e+01 expr= 2.9067e+02 L+= 1.1807e-01 L-= 1.1074e-01  Keff= 8.00(min  7.99)  gmin=1.13e-01  floor=0.0e+00  |dM|=1.72e-04  step=1.00e+00
  it  386  L= 3.182039e+02  comp= 2.7533e+01 expr= 2.9067e+02 L+= 1.1823e-01 L-= 1.1089e-01  Keff= 8.00(min  7.99)  gmin=1.13e-01  floor=0.0e+00  |dM|=1.73e-04  step=1.00e+00
  it  387  L= 3.182021e+02  comp= 2.7533e+01 expr= 2.9067e+02 L+= 1.1839e-01 L-= 1.1103e-01  Keff= 8.00(min  7.99)  gmin=1.13e-01  floor=0.0e+00  |dM|=1.73e-04  step=1.00e+00
  it  388  L= 3.182002e+02  comp= 2.7533e+01 expr= 2.9067e+02 L+= 1.1854e-01 L-= 1.1117e-01  Keff= 8.00(min  7.99)  gmin=1.13e-01  floor=0.0e+00  |dM|=1.73e-04  step=1.00e+00
  it  389  L= 3.181984e+02  comp= 2.7533e+01 expr= 2.9067e+02 L+= 1.1870e-01 L-= 1.1132e-01  Keff= 8.00(min  7.99)  gmin=1.13e-01  floor=0.0e+00  |dM|=1.74e-04  step=1.00e+00
  it  390  L= 3.181964e+02  comp= 2.7533e+01 expr= 2.9066e+02 L+= 1.1886e-01 L-= 1.1146e-01  Keff= 8.00(min  7.99)  gmin=1.13e-01  floor=0.0e+00  |dM|=1.74e-04  step=1.00e+00
  it  391  L= 3.181945e+02  comp= 2.7533e+01 expr= 2.9066e+02 L+= 1.1902e-01 L-= 1.1161e-01  Keff= 8.00(min  7.99)  gmin=1.13e-01  floor=0.0e+00  |dM|=1.74e-04  step=1.00e+00
  it  392  L= 3.181926e+02  comp= 2.7533e+01 expr= 2.9066e+02 L+= 1.1918e-01 L-= 1.1175e-01  Keff= 8.00(min  7.99)  gmin=1.13e-01  floor=0.0e+00  |dM|=1.75e-04  step=1.00e+00
  it  393  L= 3.181907e+02  comp= 2.7533e+01 expr= 2.9066e+02 L+= 1.1934e-01 L-= 1.1189e-01  Keff= 8.00(min  7.99)  gmin=1.13e-01  floor=0.0e+00  |dM|=1.75e-04  step=1.00e+00
  it  394  L= 3.181887e+02  comp= 2.7533e+01 expr= 2.9066e+02 L+= 1.1950e-01 L-= 1.1204e-01  Keff= 8.00(min  7.99)  gmin=1.13e-01  floor=0.0e+00  |dM|=1.76e-04  step=1.00e+00
  it  395  L= 3.181868e+02  comp= 2.7533e+01 expr= 2.9065e+02 L+= 1.1966e-01 L-= 1.1219e-01  Keff= 8.00(min  7.99)  gmin=1.13e-01  floor=0.0e+00  |dM|=1.76e-04  step=1.00e+00
  it  396  L= 3.181848e+02  comp= 2.7533e+01 expr= 2.9065e+02 L+= 1.1982e-01 L-= 1.1233e-01  Keff= 8.00(min  7.99)  gmin=1.13e-01  floor=0.0e+00  |dM|=1.76e-04  step=1.00e+00
  it  397  L= 3.181829e+02  comp= 2.7533e+01 expr= 2.9065e+02 L+= 1.1998e-01 L-= 1.1248e-01  Keff= 8.00(min  7.99)  gmin=1.13e-01  floor=0.0e+00  |dM|=1.77e-04  step=1.00e+00
  it  398  L= 3.181809e+02  comp= 2.7533e+01 expr= 2.9065e+02 L+= 1.2015e-01 L-= 1.1263e-01  Keff= 8.00(min  7.99)  gmin=1.13e-01  floor=0.0e+00  |dM|=1.77e-04  step=1.00e+00
  it  399  L= 3.181790e+02  comp= 2.7533e+01 expr= 2.9065e+02 L+= 1.2031e-01 L-= 1.1277e-01  Keff= 8.00(min  7.99)  gmin=1.13e-01  floor=0.0e+00  |dM|=1.77e-04  step=1.00e+00
  it  400  L= 3.181770e+02  comp= 2.7533e+01 expr= 2.9064e+02 L+= 1.2047e-01 L-= 1.1292e-01  Keff= 8.00(min  7.99)  gmin=1.13e-01  floor=0.0e+00  |dM|=1.78e-04  step=1.00e+00
  it  401  L= 3.181750e+02  comp= 2.7533e+01 expr= 2.9064e+02 L+= 1.2064e-01 L-= 1.1307e-01  Keff= 8.00(min  7.99)  gmin=1.13e-01  floor=0.0e+00  |dM|=1.78e-04  step=1.00e+00
  it  402  L= 3.181730e+02  comp= 2.7533e+01 expr= 2.9064e+02 L+= 1.2080e-01 L-= 1.1322e-01  Keff= 8.00(min  7.99)  gmin=1.13e-01  floor=0.0e+00  |dM|=1.79e-04  step=1.00e+00
  it  403  L= 3.181711e+02  comp= 2.7533e+01 expr= 2.9064e+02 L+= 1.2097e-01 L-= 1.1337e-01  Keff= 8.00(min  7.99)  gmin=1.13e-01  floor=0.0e+00  |dM|=1.79e-04  step=1.00e+00
  it  404  L= 3.181690e+02  comp= 2.7533e+01 expr= 2.9064e+02 L+= 1.2113e-01 L-= 1.1352e-01  Keff= 8.00(min  7.99)  gmin=1.13e-01  floor=0.0e+00  |dM|=1.79e-04  step=1.00e+00
  it  405  L= 3.181671e+02  comp= 2.7533e+01 expr= 2.9063e+02 L+= 1.2130e-01 L-= 1.1367e-01  Keff= 8.00(min  7.99)  gmin=1.13e-01  floor=0.0e+00  |dM|=1.80e-04  step=1.00e+00
  it  406  L= 3.181650e+02  comp= 2.7533e+01 expr= 2.9063e+02 L+= 1.2147e-01 L-= 1.1382e-01  Keff= 8.00(min  7.99)  gmin=1.13e-01  floor=0.0e+00  |dM|=1.80e-04  step=1.00e+00
  it  407  L= 3.181630e+02  comp= 2.7533e+01 expr= 2.9063e+02 L+= 1.2163e-01 L-= 1.1398e-01  Keff= 8.00(min  7.99)  gmin=1.13e-01  floor=0.0e+00  |dM|=1.80e-04  step=1.00e+00
  it  408  L= 3.181610e+02  comp= 2.7533e+01 expr= 2.9063e+02 L+= 1.2180e-01 L-= 1.1413e-01  Keff= 8.00(min  7.99)  gmin=1.13e-01  floor=0.0e+00  |dM|=1.81e-04  step=1.00e+00
  it  409  L= 3.181589e+02  comp= 2.7533e+01 expr= 2.9063e+02 L+= 1.2197e-01 L-= 1.1428e-01  Keff= 8.00(min  7.99)  gmin=1.13e-01  floor=0.0e+00  |dM|=1.81e-04  step=1.00e+00
  it  410  L= 3.181569e+02  comp= 2.7533e+01 expr= 2.9062e+02 L+= 1.2214e-01 L-= 1.1444e-01  Keff= 8.00(min  7.99)  gmin=1.13e-01  floor=0.0e+00  |dM|=1.82e-04  step=1.00e+00
  it  411  L= 3.181548e+02  comp= 2.7533e+01 expr= 2.9062e+02 L+= 1.2231e-01 L-= 1.1459e-01  Keff= 8.00(min  7.99)  gmin=1.13e-01  floor=0.0e+00  |dM|=1.82e-04  step=1.00e+00
  it  412  L= 3.181527e+02  comp= 2.7533e+01 expr= 2.9062e+02 L+= 1.2248e-01 L-= 1.1474e-01  Keff= 8.00(min  7.99)  gmin=1.13e-01  floor=0.0e+00  |dM|=1.82e-04  step=1.00e+00
  it  413  L= 3.181507e+02  comp= 2.7533e+01 expr= 2.9062e+02 L+= 1.2265e-01 L-= 1.1490e-01  Keff= 8.00(min  7.99)  gmin=1.13e-01  floor=0.0e+00  |dM|=1.83e-04  step=1.00e+00
  it  414  L= 3.181486e+02  comp= 2.7533e+01 expr= 2.9062e+02 L+= 1.2282e-01 L-= 1.1506e-01  Keff= 8.00(min  7.99)  gmin=1.13e-01  floor=0.0e+00  |dM|=1.83e-04  step=1.00e+00
  it  415  L= 3.181465e+02  comp= 2.7533e+01 expr= 2.9061e+02 L+= 1.2300e-01 L-= 1.1521e-01  Keff= 8.00(min  7.99)  gmin=1.13e-01  floor=0.0e+00  |dM|=1.84e-04  step=1.00e+00
  it  416  L= 3.181444e+02  comp= 2.7533e+01 expr= 2.9061e+02 L+= 1.2317e-01 L-= 1.1537e-01  Keff= 8.00(min  7.99)  gmin=1.13e-01  floor=0.0e+00  |dM|=1.84e-04  step=1.00e+00
  it  417  L= 3.181423e+02  comp= 2.7533e+01 expr= 2.9061e+02 L+= 1.2334e-01 L-= 1.1552e-01  Keff= 8.00(min  7.99)  gmin=1.13e-01  floor=0.0e+00  |dM|=1.84e-04  step=1.00e+00
  it  418  L= 3.181402e+02  comp= 2.7533e+01 expr= 2.9061e+02 L+= 1.2351e-01 L-= 1.1568e-01  Keff= 8.00(min  7.99)  gmin=1.13e-01  floor=0.0e+00  |dM|=1.85e-04  step=1.00e+00
  it  419  L= 3.181381e+02  comp= 2.7533e+01 expr= 2.9061e+02 L+= 1.2369e-01 L-= 1.1584e-01  Keff= 8.00(min  7.99)  gmin=1.13e-01  floor=0.0e+00  |dM|=1.85e-04  step=1.00e+00
  it  420  L= 3.181360e+02  comp= 2.7533e+01 expr= 2.9060e+02 L+= 1.2386e-01 L-= 1.1600e-01  Keff= 8.00(min  7.99)  gmin=1.13e-01  floor=0.0e+00  |dM|=1.85e-04  step=1.00e+00
  it  421  L= 3.181339e+02  comp= 2.7533e+01 expr= 2.9060e+02 L+= 1.2404e-01 L-= 1.1616e-01  Keff= 8.00(min  7.99)  gmin=1.13e-01  floor=0.0e+00  |dM|=1.86e-04  step=1.00e+00
  it  422  L= 3.181317e+02  comp= 2.7533e+01 expr= 2.9060e+02 L+= 1.2422e-01 L-= 1.1632e-01  Keff= 8.00(min  7.99)  gmin=1.13e-01  floor=0.0e+00  |dM|=1.86e-04  step=1.00e+00
  it  423  L= 3.181295e+02  comp= 2.7533e+01 expr= 2.9060e+02 L+= 1.2439e-01 L-= 1.1648e-01  Keff= 8.00(min  7.99)  gmin=1.13e-01  floor=0.0e+00  |dM|=1.87e-04  step=1.00e+00
  it  424  L= 3.181273e+02  comp= 2.7533e+01 expr= 2.9059e+02 L+= 1.2457e-01 L-= 1.1664e-01  Keff= 8.00(min  7.99)  gmin=1.13e-01  floor=0.0e+00  |dM|=1.87e-04  step=1.00e+00
  it  425  L= 3.181252e+02  comp= 2.7533e+01 expr= 2.9059e+02 L+= 1.2475e-01 L-= 1.1680e-01  Keff= 8.00(min  7.99)  gmin=1.13e-01  floor=0.0e+00  |dM|=1.87e-04  step=1.00e+00
  it  426  L= 3.181230e+02  comp= 2.7533e+01 expr= 2.9059e+02 L+= 1.2492e-01 L-= 1.1696e-01  Keff= 8.00(min  7.99)  gmin=1.13e-01  floor=0.0e+00  |dM|=1.88e-04  step=1.00e+00
  it  427  L= 3.181209e+02  comp= 2.7533e+01 expr= 2.9059e+02 L+= 1.2510e-01 L-= 1.1713e-01  Keff= 8.00(min  7.99)  gmin=1.13e-01  floor=0.0e+00  |dM|=1.88e-04  step=1.00e+00
  it  428  L= 3.181187e+02  comp= 2.7533e+01 expr= 2.9059e+02 L+= 1.2528e-01 L-= 1.1729e-01  Keff= 8.00(min  7.99)  gmin=1.13e-01  floor=0.0e+00  |dM|=1.89e-04  step=1.00e+00
  it  429  L= 3.181165e+02  comp= 2.7533e+01 expr= 2.9058e+02 L+= 1.2546e-01 L-= 1.1745e-01  Keff= 8.00(min  7.99)  gmin=1.13e-01  floor=0.0e+00  |dM|=1.89e-04  step=1.00e+00
  it  430  L= 3.181143e+02  comp= 2.7533e+01 expr= 2.9058e+02 L+= 1.2564e-01 L-= 1.1762e-01  Keff= 8.00(min  7.99)  gmin=1.13e-01  floor=0.0e+00  |dM|=1.89e-04  step=1.00e+00
  it  431  L= 3.181121e+02  comp= 2.7533e+01 expr= 2.9058e+02 L+= 1.2582e-01 L-= 1.1778e-01  Keff= 8.00(min  7.99)  gmin=1.13e-01  floor=0.0e+00  |dM|=1.90e-04  step=1.00e+00
  it  432  L= 3.181098e+02  comp= 2.7533e+01 expr= 2.9058e+02 L+= 1.2601e-01 L-= 1.1795e-01  Keff= 8.00(min  7.99)  gmin=1.13e-01  floor=0.0e+00  |dM|=1.90e-04  step=1.00e+00
  it  433  L= 3.181076e+02  comp= 2.7533e+01 expr= 2.9057e+02 L+= 1.2619e-01 L-= 1.1811e-01  Keff= 8.00(min  7.99)  gmin=1.13e-01  floor=0.0e+00  |dM|=1.91e-04  step=1.00e+00
  it  434  L= 3.181053e+02  comp= 2.7533e+01 expr= 2.9057e+02 L+= 1.2637e-01 L-= 1.1828e-01  Keff= 8.00(min  7.99)  gmin=1.13e-01  floor=0.0e+00  |dM|=1.91e-04  step=1.00e+00
  it  435  L= 3.181031e+02  comp= 2.7533e+01 expr= 2.9057e+02 L+= 1.2655e-01 L-= 1.1844e-01  Keff= 8.00(min  7.99)  gmin=1.13e-01  floor=0.0e+00  |dM|=1.91e-04  step=1.00e+00
  it  436  L= 3.181008e+02  comp= 2.7533e+01 expr= 2.9057e+02 L+= 1.2674e-01 L-= 1.1861e-01  Keff= 8.00(min  7.99)  gmin=1.13e-01  floor=0.0e+00  |dM|=1.92e-04  step=1.00e+00
  it  437  L= 3.180986e+02  comp= 2.7533e+01 expr= 2.9057e+02 L+= 1.2692e-01 L-= 1.1878e-01  Keff= 8.00(min  7.99)  gmin=1.13e-01  floor=0.0e+00  |dM|=1.92e-04  step=1.00e+00
  it  438  L= 3.180963e+02  comp= 2.7533e+01 expr= 2.9056e+02 L+= 1.2711e-01 L-= 1.1895e-01  Keff= 8.00(min  7.99)  gmin=1.13e-01  floor=0.0e+00  |dM|=1.93e-04  step=1.00e+00
  it  439  L= 3.180940e+02  comp= 2.7533e+01 expr= 2.9056e+02 L+= 1.2730e-01 L-= 1.1912e-01  Keff= 8.00(min  7.99)  gmin=1.13e-01  floor=0.0e+00  |dM|=1.93e-04  step=1.00e+00
  it  440  L= 3.180917e+02  comp= 2.7533e+01 expr= 2.9056e+02 L+= 1.2748e-01 L-= 1.1929e-01  Keff= 8.00(min  7.99)  gmin=1.13e-01  floor=0.0e+00  |dM|=1.93e-04  step=1.00e+00
  it  441  L= 3.180894e+02  comp= 2.7533e+01 expr= 2.9056e+02 L+= 1.2767e-01 L-= 1.1946e-01  Keff= 8.00(min  7.99)  gmin=1.13e-01  floor=0.0e+00  |dM|=1.94e-04  step=1.00e+00
  it  442  L= 3.180871e+02  comp= 2.7533e+01 expr= 2.9055e+02 L+= 1.2786e-01 L-= 1.1963e-01  Keff= 8.00(min  7.99)  gmin=1.13e-01  floor=0.0e+00  |dM|=1.94e-04  step=1.00e+00
  it  443  L= 3.180847e+02  comp= 2.7533e+01 expr= 2.9055e+02 L+= 1.2804e-01 L-= 1.1980e-01  Keff= 8.00(min  7.99)  gmin=1.13e-01  floor=0.0e+00  |dM|=1.95e-04  step=1.00e+00
  it  444  L= 3.180824e+02  comp= 2.7533e+01 expr= 2.9055e+02 L+= 1.2823e-01 L-= 1.1997e-01  Keff= 8.00(min  7.99)  gmin=1.13e-01  floor=0.0e+00  |dM|=1.95e-04  step=1.00e+00
  it  445  L= 3.180801e+02  comp= 2.7533e+01 expr= 2.9055e+02 L+= 1.2842e-01 L-= 1.2014e-01  Keff= 8.00(min  7.99)  gmin=1.13e-01  floor=0.0e+00  |dM|=1.95e-04  step=1.00e+00
  it  446  L= 3.180778e+02  comp= 2.7533e+01 expr= 2.9054e+02 L+= 1.2861e-01 L-= 1.2031e-01  Keff= 8.00(min  7.99)  gmin=1.13e-01  floor=0.0e+00  |dM|=1.96e-04  step=1.00e+00
  it  447  L= 3.180754e+02  comp= 2.7533e+01 expr= 2.9054e+02 L+= 1.2880e-01 L-= 1.2049e-01  Keff= 8.00(min  7.99)  gmin=1.13e-01  floor=0.0e+00  |dM|=1.96e-04  step=1.00e+00
  it  448  L= 3.180731e+02  comp= 2.7533e+01 expr= 2.9054e+02 L+= 1.2900e-01 L-= 1.2066e-01  Keff= 8.00(min  7.99)  gmin=1.13e-01  floor=0.0e+00  |dM|=1.97e-04  step=1.00e+00
  it  449  L= 3.180706e+02  comp= 2.7533e+01 expr= 2.9054e+02 L+= 1.2919e-01 L-= 1.2084e-01  Keff= 8.00(min  7.99)  gmin=1.13e-01  floor=0.0e+00  |dM|=1.97e-04  step=1.00e+00
  it  450  L= 3.180683e+02  comp= 2.7533e+01 expr= 2.9054e+02 L+= 1.2938e-01 L-= 1.2102e-01  Keff= 8.00(min  7.99)  gmin=1.13e-01  floor=0.0e+00  |dM|=1.98e-04  step=1.00e+00
  it  451  L= 3.180659e+02  comp= 2.7533e+01 expr= 2.9053e+02 L+= 1.2958e-01 L-= 1.2119e-01  Keff= 8.00(min  7.99)  gmin=1.13e-01  floor=0.0e+00  |dM|=1.98e-04  step=1.00e+00
  it  452  L= 3.180635e+02  comp= 2.7533e+01 expr= 2.9053e+02 L+= 1.2977e-01 L-= 1.2137e-01  Keff= 8.00(min  7.99)  gmin=1.13e-01  floor=0.0e+00  |dM|=1.98e-04  step=1.00e+00
  it  453  L= 3.180611e+02  comp= 2.7533e+01 expr= 2.9053e+02 L+= 1.2996e-01 L-= 1.2154e-01  Keff= 8.00(min  7.99)  gmin=1.13e-01  floor=0.0e+00  |dM|=1.99e-04  step=1.00e+00
  it  454  L= 3.180587e+02  comp= 2.7533e+01 expr= 2.9053e+02 L+= 1.3016e-01 L-= 1.2172e-01  Keff= 8.00(min  7.99)  gmin=1.13e-01  floor=0.0e+00  |dM|=1.99e-04  step=1.00e+00
  it  455  L= 3.180562e+02  comp= 2.7533e+01 expr= 2.9052e+02 L+= 1.3035e-01 L-= 1.2190e-01  Keff= 8.00(min  7.99)  gmin=1.13e-01  floor=0.0e+00  |dM|=2.00e-04  step=1.00e+00
  it  456  L= 3.180538e+02  comp= 2.7533e+01 expr= 2.9052e+02 L+= 1.3055e-01 L-= 1.2208e-01  Keff= 8.00(min  7.99)  gmin=1.13e-01  floor=0.0e+00  |dM|=2.00e-04  step=1.00e+00
  it  457  L= 3.180514e+02  comp= 2.7533e+01 expr= 2.9052e+02 L+= 1.3075e-01 L-= 1.2226e-01  Keff= 8.00(min  7.99)  gmin=1.13e-01  floor=0.0e+00  |dM|=2.00e-04  step=1.00e+00
  it  458  L= 3.180489e+02  comp= 2.7533e+01 expr= 2.9052e+02 L+= 1.3095e-01 L-= 1.2244e-01  Keff= 8.00(min  7.99)  gmin=1.13e-01  floor=0.0e+00  |dM|=2.01e-04  step=1.00e+00
  it  459  L= 3.180464e+02  comp= 2.7533e+01 expr= 2.9051e+02 L+= 1.3114e-01 L-= 1.2262e-01  Keff= 8.00(min  7.99)  gmin=1.13e-01  floor=0.0e+00  |dM|=2.01e-04  step=1.00e+00
  it  460  L= 3.180439e+02  comp= 2.7533e+01 expr= 2.9051e+02 L+= 1.3135e-01 L-= 1.2280e-01  Keff= 8.00(min  7.99)  gmin=1.13e-01  floor=0.0e+00  |dM|=2.02e-04  step=1.00e+00
  it  461  L= 3.180414e+02  comp= 2.7533e+01 expr= 2.9051e+02 L+= 1.3155e-01 L-= 1.2298e-01  Keff= 8.00(min  7.99)  gmin=1.13e-01  floor=0.0e+00  |dM|=2.02e-04  step=1.00e+00
  it  462  L= 3.180390e+02  comp= 2.7533e+01 expr= 2.9051e+02 L+= 1.3175e-01 L-= 1.2317e-01  Keff= 8.00(min  7.99)  gmin=1.13e-01  floor=0.0e+00  |dM|=2.03e-04  step=1.00e+00
  it  463  L= 3.180365e+02  comp= 2.7533e+01 expr= 2.9050e+02 L+= 1.3195e-01 L-= 1.2335e-01  Keff= 8.00(min  7.99)  gmin=1.13e-01  floor=0.0e+00  |dM|=2.03e-04  step=1.00e+00
  it  464  L= 3.180339e+02  comp= 2.7533e+01 expr= 2.9050e+02 L+= 1.3215e-01 L-= 1.2353e-01  Keff= 8.00(min  7.99)  gmin=1.13e-01  floor=0.0e+00  |dM|=2.03e-04  step=1.00e+00
  it  465  L= 3.180314e+02  comp= 2.7533e+01 expr= 2.9050e+02 L+= 1.3235e-01 L-= 1.2372e-01  Keff= 8.00(min  7.99)  gmin=1.13e-01  floor=0.0e+00  |dM|=2.04e-04  step=1.00e+00
  it  466  L= 3.180288e+02  comp= 2.7533e+01 expr= 2.9050e+02 L+= 1.3256e-01 L-= 1.2390e-01  Keff= 8.00(min  7.99)  gmin=1.13e-01  floor=0.0e+00  |dM|=2.04e-04  step=1.00e+00
  it  467  L= 3.180263e+02  comp= 2.7533e+01 expr= 2.9049e+02 L+= 1.3276e-01 L-= 1.2409e-01  Keff= 8.00(min  7.99)  gmin=1.13e-01  floor=0.0e+00  |dM|=2.05e-04  step=1.00e+00
  it  468  L= 3.180238e+02  comp= 2.7533e+01 expr= 2.9049e+02 L+= 1.3297e-01 L-= 1.2428e-01  Keff= 8.00(min  7.99)  gmin=1.13e-01  floor=0.0e+00  |dM|=2.05e-04  step=1.00e+00
  it  469  L= 3.180212e+02  comp= 2.7533e+01 expr= 2.9049e+02 L+= 1.3317e-01 L-= 1.2446e-01  Keff= 8.00(min  7.99)  gmin=1.13e-01  floor=0.0e+00  |dM|=2.06e-04  step=1.00e+00
  it  470  L= 3.180186e+02  comp= 2.7533e+01 expr= 2.9049e+02 L+= 1.3338e-01 L-= 1.2465e-01  Keff= 8.00(min  7.99)  gmin=1.13e-01  floor=0.0e+00  |dM|=2.06e-04  step=1.00e+00
  it  471  L= 3.180161e+02  comp= 2.7533e+01 expr= 2.9048e+02 L+= 1.3359e-01 L-= 1.2484e-01  Keff= 8.00(min  7.99)  gmin=1.13e-01  floor=0.0e+00  |dM|=2.06e-04  step=1.00e+00
  it  472  L= 3.180135e+02  comp= 2.7533e+01 expr= 2.9048e+02 L+= 1.3379e-01 L-= 1.2503e-01  Keff= 8.00(min  7.99)  gmin=1.13e-01  floor=0.0e+00  |dM|=2.07e-04  step=1.00e+00
  it  473  L= 3.180108e+02  comp= 2.7533e+01 expr= 2.9048e+02 L+= 1.3400e-01 L-= 1.2522e-01  Keff= 8.00(min  7.99)  gmin=1.13e-01  floor=0.0e+00  |dM|=2.07e-04  step=1.00e+00
  it  474  L= 3.180083e+02  comp= 2.7533e+01 expr= 2.9048e+02 L+= 1.3421e-01 L-= 1.2541e-01  Keff= 8.00(min  7.99)  gmin=1.13e-01  floor=0.0e+00  |dM|=2.08e-04  step=1.00e+00
  it  475  L= 3.180056e+02  comp= 2.7533e+01 expr= 2.9047e+02 L+= 1.3442e-01 L-= 1.2560e-01  Keff= 8.00(min  7.99)  gmin=1.13e-01  floor=0.0e+00  |dM|=2.08e-04  step=1.00e+00
  it  476  L= 3.180030e+02  comp= 2.7533e+01 expr= 2.9047e+02 L+= 1.3463e-01 L-= 1.2579e-01  Keff= 8.00(min  7.99)  gmin=1.13e-01  floor=0.0e+00  |dM|=2.09e-04  step=1.00e+00
  it  477  L= 3.180003e+02  comp= 2.7533e+01 expr= 2.9047e+02 L+= 1.3484e-01 L-= 1.2598e-01  Keff= 8.00(min  7.99)  gmin=1.13e-01  floor=0.0e+00  |dM|=2.09e-04  step=1.00e+00
  it  478  L= 3.179977e+02  comp= 2.7533e+01 expr= 2.9047e+02 L+= 1.3505e-01 L-= 1.2618e-01  Keff= 8.00(min  7.99)  gmin=1.13e-01  floor=0.0e+00  |dM|=2.09e-04  step=1.00e+00
  it  479  L= 3.179951e+02  comp= 2.7533e+01 expr= 2.9046e+02 L+= 1.3526e-01 L-= 1.2637e-01  Keff= 8.00(min  7.99)  gmin=1.13e-01  floor=0.0e+00  |dM|=2.10e-04  step=1.00e+00
  it  480  L= 3.179924e+02  comp= 2.7533e+01 expr= 2.9046e+02 L+= 1.3548e-01 L-= 1.2656e-01  Keff= 8.00(min  7.99)  gmin=1.13e-01  floor=0.0e+00  |dM|=2.10e-04  step=1.00e+00
  it  481  L= 3.179897e+02  comp= 2.7533e+01 expr= 2.9046e+02 L+= 1.3569e-01 L-= 1.2676e-01  Keff= 8.00(min  7.99)  gmin=1.13e-01  floor=0.0e+00  |dM|=2.11e-04  step=1.00e+00
  it  482  L= 3.179870e+02  comp= 2.7533e+01 expr= 2.9045e+02 L+= 1.3591e-01 L-= 1.2695e-01  Keff= 8.00(min  7.99)  gmin=1.13e-01  floor=0.0e+00  |dM|=2.11e-04  step=1.00e+00
  it  483  L= 3.179843e+02  comp= 2.7533e+01 expr= 2.9045e+02 L+= 1.3612e-01 L-= 1.2715e-01  Keff= 8.00(min  7.99)  gmin=1.13e-01  floor=0.0e+00  |dM|=2.12e-04  step=1.00e+00
  it  484  L= 3.179815e+02  comp= 2.7533e+01 expr= 2.9045e+02 L+= 1.3634e-01 L-= 1.2735e-01  Keff= 8.00(min  7.99)  gmin=1.13e-01  floor=0.0e+00  |dM|=2.12e-04  step=1.00e+00
  it  485  L= 3.179789e+02  comp= 2.7533e+01 expr= 2.9045e+02 L+= 1.3655e-01 L-= 1.2754e-01  Keff= 8.00(min  7.99)  gmin=1.13e-01  floor=0.0e+00  |dM|=2.13e-04  step=1.00e+00
  it  486  L= 3.179761e+02  comp= 2.7533e+01 expr= 2.9044e+02 L+= 1.3677e-01 L-= 1.2774e-01  Keff= 8.00(min  7.99)  gmin=1.13e-01  floor=0.0e+00  |dM|=2.13e-04  step=1.00e+00
  it  487  L= 3.179733e+02  comp= 2.7533e+01 expr= 2.9044e+02 L+= 1.3699e-01 L-= 1.2794e-01  Keff= 8.00(min  7.99)  gmin=1.13e-01  floor=0.0e+00  |dM|=2.13e-04  step=1.00e+00
  it  488  L= 3.179706e+02  comp= 2.7533e+01 expr= 2.9044e+02 L+= 1.3721e-01 L-= 1.2814e-01  Keff= 8.00(min  7.99)  gmin=1.13e-01  floor=0.0e+00  |dM|=2.14e-04  step=1.00e+00
  it  489  L= 3.179678e+02  comp= 2.7533e+01 expr= 2.9044e+02 L+= 1.3743e-01 L-= 1.2834e-01  Keff= 8.00(min  7.99)  gmin=1.13e-01  floor=0.0e+00  |dM|=2.14e-04  step=1.00e+00
  it  490  L= 3.179651e+02  comp= 2.7533e+01 expr= 2.9043e+02 L+= 1.3765e-01 L-= 1.2854e-01  Keff= 8.00(min  7.99)  gmin=1.13e-01  floor=0.0e+00  |dM|=2.15e-04  step=1.00e+00
  it  491  L= 3.179623e+02  comp= 2.7533e+01 expr= 2.9043e+02 L+= 1.3787e-01 L-= 1.2874e-01  Keff= 8.00(min  7.99)  gmin=1.13e-01  floor=0.0e+00  |dM|=2.15e-04  step=1.00e+00
  it  492  L= 3.179594e+02  comp= 2.7533e+01 expr= 2.9043e+02 L+= 1.3809e-01 L-= 1.2895e-01  Keff= 8.00(min  7.99)  gmin=1.13e-01  floor=0.0e+00  |dM|=2.16e-04  step=1.00e+00
  it  493  L= 3.179567e+02  comp= 2.7533e+01 expr= 2.9042e+02 L+= 1.3831e-01 L-= 1.2915e-01  Keff= 8.00(min  7.99)  gmin=1.13e-01  floor=0.0e+00  |dM|=2.16e-04  step=1.00e+00
  it  494  L= 3.179538e+02  comp= 2.7533e+01 expr= 2.9042e+02 L+= 1.3854e-01 L-= 1.2935e-01  Keff= 8.00(min  7.99)  gmin=1.13e-01  floor=0.0e+00  |dM|=2.17e-04  step=1.00e+00
  it  495  L= 3.179510e+02  comp= 2.7533e+01 expr= 2.9042e+02 L+= 1.3876e-01 L-= 1.2956e-01  Keff= 8.00(min  7.99)  gmin=1.13e-01  floor=0.0e+00  |dM|=2.17e-04  step=1.00e+00
  it  496  L= 3.179481e+02  comp= 2.7533e+01 expr= 2.9042e+02 L+= 1.3899e-01 L-= 1.2976e-01  Keff= 8.00(min  7.99)  gmin=1.13e-01  floor=0.0e+00  |dM|=2.17e-04  step=1.00e+00
  it  497  L= 3.179453e+02  comp= 2.7533e+01 expr= 2.9041e+02 L+= 1.3921e-01 L-= 1.2997e-01  Keff= 8.00(min  7.99)  gmin=1.13e-01  floor=0.0e+00  |dM|=2.18e-04  step=1.00e+00
  it  498  L= 3.179424e+02  comp= 2.7533e+01 expr= 2.9041e+02 L+= 1.3944e-01 L-= 1.3018e-01  Keff= 8.00(min  7.99)  gmin=1.13e-01  floor=0.0e+00  |dM|=2.18e-04  step=1.00e+00
  it  499  L= 3.179396e+02  comp= 2.7533e+01 expr= 2.9041e+02 L+= 1.3967e-01 L-= 1.3038e-01  Keff= 8.00(min  7.99)  gmin=1.13e-01  floor=0.0e+00  |dM|=2.19e-04  step=1.00e+00
  it  500  L= 3.179367e+02  comp= 2.7533e+01 expr= 2.9040e+02 L+= 1.3990e-01 L-= 1.3059e-01  Keff= 8.00(min  7.99)  gmin=1.13e-01  floor=0.0e+00  |dM|=2.19e-04  step=1.00e+00
  it  501  L= 3.179337e+02  comp= 2.7533e+01 expr= 2.9040e+02 L+= 1.4012e-01 L-= 1.3080e-01  Keff= 8.00(min  7.99)  gmin=1.13e-01  floor=0.0e+00  |dM|=2.20e-04  step=1.00e+00
  it  502  L= 3.179308e+02  comp= 2.7533e+01 expr= 2.9040e+02 L+= 1.4036e-01 L-= 1.3101e-01  Keff= 8.00(min  7.99)  gmin=1.13e-01  floor=0.0e+00  |dM|=2.20e-04  step=1.00e+00
  it  503  L= 3.179280e+02  comp= 2.7533e+01 expr= 2.9040e+02 L+= 1.4059e-01 L-= 1.3122e-01  Keff= 8.00(min  7.99)  gmin=1.13e-01  floor=0.0e+00  |dM|=2.21e-04  step=1.00e+00
  it  504  L= 3.179250e+02  comp= 2.7533e+01 expr= 2.9039e+02 L+= 1.4082e-01 L-= 1.3143e-01  Keff= 8.00(min  7.99)  gmin=1.13e-01  floor=0.0e+00  |dM|=2.21e-04  step=1.00e+00
  it  505  L= 3.179221e+02  comp= 2.7533e+01 expr= 2.9039e+02 L+= 1.4105e-01 L-= 1.3164e-01  Keff= 8.00(min  7.99)  gmin=1.13e-01  floor=0.0e+00  |dM|=2.22e-04  step=1.00e+00
  it  506  L= 3.179191e+02  comp= 2.7533e+01 expr= 2.9039e+02 L+= 1.4128e-01 L-= 1.3185e-01  Keff= 8.00(min  7.99)  gmin=1.13e-01  floor=0.0e+00  |dM|=2.22e-04  step=1.00e+00
  it  507  L= 3.179161e+02  comp= 2.7533e+01 expr= 2.9038e+02 L+= 1.4151e-01 L-= 1.3207e-01  Keff= 8.00(min  7.99)  gmin=1.13e-01  floor=0.0e+00  |dM|=2.22e-04  step=1.00e+00
  it  508  L= 3.179131e+02  comp= 2.7533e+01 expr= 2.9038e+02 L+= 1.4175e-01 L-= 1.3228e-01  Keff= 8.00(min  7.99)  gmin=1.13e-01  floor=0.0e+00  |dM|=2.23e-04  step=1.00e+00
  it  509  L= 3.179102e+02  comp= 2.7533e+01 expr= 2.9038e+02 L+= 1.4199e-01 L-= 1.3250e-01  Keff= 8.00(min  7.99)  gmin=1.13e-01  floor=0.0e+00  |dM|=2.23e-04  step=1.00e+00
  it  510  L= 3.179071e+02  comp= 2.7533e+01 expr= 2.9037e+02 L+= 1.4222e-01 L-= 1.3271e-01  Keff= 8.00(min  7.99)  gmin=1.13e-01  floor=0.0e+00  |dM|=2.24e-04  step=1.00e+00
  it  511  L= 3.179041e+02  comp= 2.7533e+01 expr= 2.9037e+02 L+= 1.4246e-01 L-= 1.3293e-01  Keff= 8.00(min  7.99)  gmin=1.13e-01  floor=0.0e+00  |dM|=2.24e-04  step=1.00e+00
  it  512  L= 3.179011e+02  comp= 2.7533e+01 expr= 2.9037e+02 L+= 1.4269e-01 L-= 1.3314e-01  Keff= 8.00(min  7.99)  gmin=1.13e-01  floor=0.0e+00  |dM|=2.25e-04  step=1.00e+00
  it  513  L= 3.178981e+02  comp= 2.7532e+01 expr= 2.9037e+02 L+= 1.4293e-01 L-= 1.3336e-01  Keff= 8.00(min  7.99)  gmin=1.13e-01  floor=0.0e+00  |dM|=2.25e-04  step=1.00e+00
  it  514  L= 3.178950e+02  comp= 2.7532e+01 expr= 2.9036e+02 L+= 1.4317e-01 L-= 1.3358e-01  Keff= 8.00(min  7.99)  gmin=1.13e-01  floor=0.0e+00  |dM|=2.26e-04  step=1.00e+00
  it  515  L= 3.178920e+02  comp= 2.7532e+01 expr= 2.9036e+02 L+= 1.4341e-01 L-= 1.3380e-01  Keff= 8.00(min  7.99)  gmin=1.13e-01  floor=0.0e+00  |dM|=2.26e-04  step=1.00e+00
  it  516  L= 3.178889e+02  comp= 2.7532e+01 expr= 2.9036e+02 L+= 1.4365e-01 L-= 1.3402e-01  Keff= 8.00(min  7.99)  gmin=1.13e-01  floor=0.0e+00  |dM|=2.27e-04  step=1.00e+00
  it  517  L= 3.178858e+02  comp= 2.7532e+01 expr= 2.9035e+02 L+= 1.4389e-01 L-= 1.3424e-01  Keff= 8.00(min  7.99)  gmin=1.13e-01  floor=0.0e+00  |dM|=2.27e-04  step=1.00e+00
  it  518  L= 3.178827e+02  comp= 2.7532e+01 expr= 2.9035e+02 L+= 1.4414e-01 L-= 1.3446e-01  Keff= 8.00(min  7.99)  gmin=1.13e-01  floor=0.0e+00  |dM|=2.27e-04  step=1.00e+00
  it  519  L= 3.178796e+02  comp= 2.7532e+01 expr= 2.9035e+02 L+= 1.4438e-01 L-= 1.3468e-01  Keff= 8.00(min  7.99)  gmin=1.13e-01  floor=0.0e+00  |dM|=2.28e-04  step=1.00e+00
  it  520  L= 3.178764e+02  comp= 2.7532e+01 expr= 2.9034e+02 L+= 1.4462e-01 L-= 1.3490e-01  Keff= 8.00(min  7.99)  gmin=1.13e-01  floor=0.0e+00  |dM|=2.28e-04  step=1.00e+00
  it  521  L= 3.178733e+02  comp= 2.7532e+01 expr= 2.9034e+02 L+= 1.4487e-01 L-= 1.3513e-01  Keff= 8.00(min  7.99)  gmin=1.13e-01  floor=0.0e+00  |dM|=2.29e-04  step=1.00e+00
  it  522  L= 3.178701e+02  comp= 2.7532e+01 expr= 2.9034e+02 L+= 1.4511e-01 L-= 1.3535e-01  Keff= 8.00(min  7.99)  gmin=1.13e-01  floor=0.0e+00  |dM|=2.29e-04  step=1.00e+00
  it  523  L= 3.178670e+02  comp= 2.7532e+01 expr= 2.9033e+02 L+= 1.4536e-01 L-= 1.3558e-01  Keff= 8.00(min  7.99)  gmin=1.13e-01  floor=0.0e+00  |dM|=2.30e-04  step=1.00e+00
  it  524  L= 3.178639e+02  comp= 2.7532e+01 expr= 2.9033e+02 L+= 1.4561e-01 L-= 1.3581e-01  Keff= 8.00(min  7.99)  gmin=1.13e-01  floor=0.0e+00  |dM|=2.30e-04  step=1.00e+00
  it  525  L= 3.178606e+02  comp= 2.7532e+01 expr= 2.9033e+02 L+= 1.4586e-01 L-= 1.3603e-01  Keff= 8.00(min  7.99)  gmin=1.13e-01  floor=0.0e+00  |dM|=2.31e-04  step=1.00e+00
  it  526  L= 3.178575e+02  comp= 2.7532e+01 expr= 2.9033e+02 L+= 1.4610e-01 L-= 1.3626e-01  Keff= 8.00(min  7.99)  gmin=1.13e-01  floor=0.0e+00  |dM|=2.31e-04  step=1.00e+00
  it  527  L= 3.178543e+02  comp= 2.7532e+01 expr= 2.9032e+02 L+= 1.4636e-01 L-= 1.3649e-01  Keff= 8.00(min  7.99)  gmin=1.13e-01  floor=0.0e+00  |dM|=2.32e-04  step=1.00e+00
  it  528  L= 3.178511e+02  comp= 2.7532e+01 expr= 2.9032e+02 L+= 1.4661e-01 L-= 1.3672e-01  Keff= 8.00(min  7.99)  gmin=1.13e-01  floor=0.0e+00  |dM|=2.32e-04  step=1.00e+00
  it  529  L= 3.178478e+02  comp= 2.7532e+01 expr= 2.9032e+02 L+= 1.4686e-01 L-= 1.3695e-01  Keff= 8.00(min  7.99)  gmin=1.13e-01  floor=0.0e+00  |dM|=2.33e-04  step=1.00e+00
  it  530  L= 3.178446e+02  comp= 2.7532e+01 expr= 2.9031e+02 L+= 1.4711e-01 L-= 1.3718e-01  Keff= 8.00(min  7.99)  gmin=1.13e-01  floor=0.0e+00  |dM|=2.33e-04  step=1.00e+00
  it  531  L= 3.178413e+02  comp= 2.7532e+01 expr= 2.9031e+02 L+= 1.4737e-01 L-= 1.3741e-01  Keff= 8.00(min  7.99)  gmin=1.13e-01  floor=0.0e+00  |dM|=2.34e-04  step=1.00e+00
  it  532  L= 3.178380e+02  comp= 2.7532e+01 expr= 2.9031e+02 L+= 1.4762e-01 L-= 1.3764e-01  Keff= 8.00(min  7.99)  gmin=1.13e-01  floor=0.0e+00  |dM|=2.34e-04  step=1.00e+00
  it  533  L= 3.178347e+02  comp= 2.7532e+01 expr= 2.9030e+02 L+= 1.4787e-01 L-= 1.3787e-01  Keff= 8.00(min  7.99)  gmin=1.13e-01  floor=0.0e+00  |dM|=2.35e-04  step=1.00e+00
  it  534  L= 3.178314e+02  comp= 2.7532e+01 expr= 2.9030e+02 L+= 1.4813e-01 L-= 1.3811e-01  Keff= 8.00(min  7.99)  gmin=1.13e-01  floor=0.0e+00  |dM|=2.35e-04  step=1.00e+00
  it  535  L= 3.178281e+02  comp= 2.7532e+01 expr= 2.9030e+02 L+= 1.4839e-01 L-= 1.3834e-01  Keff= 8.00(min  7.99)  gmin=1.13e-01  floor=0.0e+00  |dM|=2.36e-04  step=1.00e+00
  it  536  L= 3.178248e+02  comp= 2.7532e+01 expr= 2.9029e+02 L+= 1.4864e-01 L-= 1.3858e-01  Keff= 8.00(min  7.99)  gmin=1.13e-01  floor=0.0e+00  |dM|=2.36e-04  step=1.00e+00
  it  537  L= 3.178215e+02  comp= 2.7532e+01 expr= 2.9029e+02 L+= 1.4890e-01 L-= 1.3882e-01  Keff= 8.00(min  7.99)  gmin=1.13e-01  floor=0.0e+00  |dM|=2.36e-04  step=1.00e+00
  it  538  L= 3.178181e+02  comp= 2.7532e+01 expr= 2.9029e+02 L+= 1.4916e-01 L-= 1.3905e-01  Keff= 8.00(min  7.99)  gmin=1.13e-01  floor=0.0e+00  |dM|=2.37e-04  step=1.00e+00
  it  539  L= 3.178147e+02  comp= 2.7532e+01 expr= 2.9028e+02 L+= 1.4942e-01 L-= 1.3929e-01  Keff= 8.00(min  7.99)  gmin=1.13e-01  floor=0.0e+00  |dM|=2.37e-04  step=1.00e+00
  it  540  L= 3.178114e+02  comp= 2.7532e+01 expr= 2.9028e+02 L+= 1.4968e-01 L-= 1.3953e-01  Keff= 8.00(min  7.99)  gmin=1.13e-01  floor=0.0e+00  |dM|=2.38e-04  step=1.00e+00
  it  541  L= 3.178080e+02  comp= 2.7532e+01 expr= 2.9028e+02 L+= 1.4995e-01 L-= 1.3977e-01  Keff= 8.00(min  7.99)  gmin=1.13e-01  floor=0.0e+00  |dM|=2.38e-04  step=1.00e+00
  it  542  L= 3.178046e+02  comp= 2.7532e+01 expr= 2.9027e+02 L+= 1.5021e-01 L-= 1.4001e-01  Keff= 8.00(min  7.99)  gmin=1.13e-01  floor=0.0e+00  |dM|=2.39e-04  step=1.00e+00
  it  543  L= 3.178011e+02  comp= 2.7532e+01 expr= 2.9027e+02 L+= 1.5048e-01 L-= 1.4025e-01  Keff= 8.00(min  7.99)  gmin=1.13e-01  floor=0.0e+00  |dM|=2.39e-04  step=1.00e+00
  it  544  L= 3.177977e+02  comp= 2.7532e+01 expr= 2.9027e+02 L+= 1.5074e-01 L-= 1.4049e-01  Keff= 8.00(min  7.99)  gmin=1.13e-01  floor=0.0e+00  |dM|=2.40e-04  step=1.00e+00
  it  545  L= 3.177943e+02  comp= 2.7532e+01 expr= 2.9026e+02 L+= 1.5101e-01 L-= 1.4074e-01  Keff= 8.00(min  7.99)  gmin=1.13e-01  floor=0.0e+00  |dM|=2.40e-04  step=1.00e+00
  it  546  L= 3.177908e+02  comp= 2.7532e+01 expr= 2.9026e+02 L+= 1.5127e-01 L-= 1.4098e-01  Keff= 8.00(min  7.99)  gmin=1.13e-01  floor=0.0e+00  |dM|=2.41e-04  step=1.00e+00
  it  547  L= 3.177873e+02  comp= 2.7532e+01 expr= 2.9026e+02 L+= 1.5154e-01 L-= 1.4123e-01  Keff= 8.00(min  7.99)  gmin=1.13e-01  floor=0.0e+00  |dM|=2.41e-04  step=1.00e+00
  it  548  L= 3.177838e+02  comp= 2.7532e+01 expr= 2.9025e+02 L+= 1.5181e-01 L-= 1.4147e-01  Keff= 8.00(min  7.99)  gmin=1.13e-01  floor=0.0e+00  |dM|=2.42e-04  step=1.00e+00
  it  549  L= 3.177804e+02  comp= 2.7532e+01 expr= 2.9025e+02 L+= 1.5208e-01 L-= 1.4172e-01  Keff= 8.00(min  7.99)  gmin=1.13e-01  floor=0.0e+00  |dM|=2.42e-04  step=1.00e+00
  it  550  L= 3.177769e+02  comp= 2.7532e+01 expr= 2.9024e+02 L+= 1.5235e-01 L-= 1.4197e-01  Keff= 8.00(min  7.99)  gmin=1.13e-01  floor=0.0e+00  |dM|=2.43e-04  step=1.00e+00
  it  551  L= 3.177733e+02  comp= 2.7532e+01 expr= 2.9024e+02 L+= 1.5262e-01 L-= 1.4221e-01  Keff= 8.00(min  7.99)  gmin=1.13e-01  floor=0.0e+00  |dM|=2.43e-04  step=1.00e+00
  it  552  L= 3.177698e+02  comp= 2.7532e+01 expr= 2.9024e+02 L+= 1.5290e-01 L-= 1.4246e-01  Keff= 8.00(min  7.99)  gmin=1.13e-01  floor=0.0e+00  |dM|=2.44e-04  step=1.00e+00
  it  553  L= 3.177662e+02  comp= 2.7532e+01 expr= 2.9023e+02 L+= 1.5317e-01 L-= 1.4271e-01  Keff= 8.00(min  7.99)  gmin=1.13e-01  floor=0.0e+00  |dM|=2.44e-04  step=1.00e+00
  it  554  L= 3.177627e+02  comp= 2.7532e+01 expr= 2.9023e+02 L+= 1.5344e-01 L-= 1.4296e-01  Keff= 8.00(min  7.99)  gmin=1.13e-01  floor=0.0e+00  |dM|=2.45e-04  step=1.00e+00
  it  555  L= 3.177590e+02  comp= 2.7532e+01 expr= 2.9023e+02 L+= 1.5372e-01 L-= 1.4322e-01  Keff= 8.00(min  7.99)  gmin=1.13e-01  floor=0.0e+00  |dM|=2.45e-04  step=1.00e+00
  it  556  L= 3.177554e+02  comp= 2.7532e+01 expr= 2.9022e+02 L+= 1.5400e-01 L-= 1.4347e-01  Keff= 8.00(min  7.99)  gmin=1.13e-01  floor=0.0e+00  |dM|=2.46e-04  step=1.00e+00
  it  557  L= 3.177519e+02  comp= 2.7532e+01 expr= 2.9022e+02 L+= 1.5427e-01 L-= 1.4372e-01  Keff= 8.00(min  7.99)  gmin=1.13e-01  floor=0.0e+00  |dM|=2.46e-04  step=1.00e+00
  it  558  L= 3.177482e+02  comp= 2.7532e+01 expr= 2.9022e+02 L+= 1.5455e-01 L-= 1.4398e-01  Keff= 8.00(min  7.99)  gmin=1.13e-01  floor=0.0e+00  |dM|=2.47e-04  step=1.00e+00
  it  559  L= 3.177446e+02  comp= 2.7532e+01 expr= 2.9021e+02 L+= 1.5483e-01 L-= 1.4423e-01  Keff= 8.00(min  7.99)  gmin=1.13e-01  floor=0.0e+00  |dM|=2.47e-04  step=1.00e+00
  it  560  L= 3.177409e+02  comp= 2.7532e+01 expr= 2.9021e+02 L+= 1.5511e-01 L-= 1.4449e-01  Keff= 8.00(min  7.99)  gmin=1.13e-01  floor=0.0e+00  |dM|=2.48e-04  step=1.00e+00
  it  561  L= 3.177372e+02  comp= 2.7532e+01 expr= 2.9021e+02 L+= 1.5539e-01 L-= 1.4475e-01  Keff= 8.00(min  7.99)  gmin=1.13e-01  floor=0.0e+00  |dM|=2.48e-04  step=1.00e+00
  it  562  L= 3.177336e+02  comp= 2.7532e+01 expr= 2.9020e+02 L+= 1.5567e-01 L-= 1.4501e-01  Keff= 8.00(min  7.99)  gmin=1.13e-01  floor=0.0e+00  |dM|=2.49e-04  step=1.00e+00
  it  563  L= 3.177299e+02  comp= 2.7532e+01 expr= 2.9020e+02 L+= 1.5596e-01 L-= 1.4526e-01  Keff= 8.00(min  7.99)  gmin=1.13e-01  floor=0.0e+00  |dM|=2.49e-04  step=1.00e+00
  it  564  L= 3.177261e+02  comp= 2.7532e+01 expr= 2.9019e+02 L+= 1.5624e-01 L-= 1.4552e-01  Keff= 8.00(min  7.99)  gmin=1.13e-01  floor=0.0e+00  |dM|=2.50e-04  step=1.00e+00
  it  565  L= 3.177224e+02  comp= 2.7532e+01 expr= 2.9019e+02 L+= 1.5653e-01 L-= 1.4578e-01  Keff= 8.00(min  7.99)  gmin=1.13e-01  floor=0.0e+00  |dM|=2.50e-04  step=1.00e+00
  it  566  L= 3.177187e+02  comp= 2.7532e+01 expr= 2.9019e+02 L+= 1.5681e-01 L-= 1.4605e-01  Keff= 8.00(min  7.99)  gmin=1.13e-01  floor=0.0e+00  |dM|=2.51e-04  step=1.00e+00
  it  567  L= 3.177149e+02  comp= 2.7532e+01 expr= 2.9018e+02 L+= 1.5710e-01 L-= 1.4631e-01  Keff= 8.00(min  7.99)  gmin=1.13e-01  floor=0.0e+00  |dM|=2.51e-04  step=1.00e+00
  it  568  L= 3.177112e+02  comp= 2.7532e+01 expr= 2.9018e+02 L+= 1.5739e-01 L-= 1.4657e-01  Keff= 8.00(min  7.99)  gmin=1.13e-01  floor=0.0e+00  |dM|=2.52e-04  step=1.00e+00
  it  569  L= 3.177074e+02  comp= 2.7532e+01 expr= 2.9018e+02 L+= 1.5768e-01 L-= 1.4684e-01  Keff= 8.00(min  7.99)  gmin=1.13e-01  floor=0.0e+00  |dM|=2.52e-04  step=1.00e+00
  it  570  L= 3.177036e+02  comp= 2.7532e+01 expr= 2.9017e+02 L+= 1.5796e-01 L-= 1.4710e-01  Keff= 8.00(min  7.99)  gmin=1.13e-01  floor=0.0e+00  |dM|=2.53e-04  step=1.00e+00
  it  571  L= 3.176997e+02  comp= 2.7532e+01 expr= 2.9017e+02 L+= 1.5826e-01 L-= 1.4737e-01  Keff= 8.00(min  7.99)  gmin=1.13e-01  floor=0.0e+00  |dM|=2.53e-04  step=1.00e+00
  it  572  L= 3.176959e+02  comp= 2.7532e+01 expr= 2.9016e+02 L+= 1.5855e-01 L-= 1.4764e-01  Keff= 8.00(min  7.99)  gmin=1.13e-01  floor=0.0e+00  |dM|=2.54e-04  step=1.00e+00
  it  573  L= 3.176921e+02  comp= 2.7532e+01 expr= 2.9016e+02 L+= 1.5884e-01 L-= 1.4791e-01  Keff= 8.00(min  7.99)  gmin=1.13e-01  floor=0.0e+00  |dM|=2.54e-04  step=1.00e+00
  it  574  L= 3.176882e+02  comp= 2.7532e+01 expr= 2.9016e+02 L+= 1.5914e-01 L-= 1.4817e-01  Keff= 8.00(min  7.99)  gmin=1.13e-01  floor=0.0e+00  |dM|=2.55e-04  step=1.00e+00
  it  575  L= 3.176843e+02  comp= 2.7532e+01 expr= 2.9015e+02 L+= 1.5943e-01 L-= 1.4844e-01  Keff= 8.00(min  7.99)  gmin=1.13e-01  floor=0.0e+00  |dM|=2.55e-04  step=1.00e+00
  it  576  L= 3.176805e+02  comp= 2.7532e+01 expr= 2.9015e+02 L+= 1.5973e-01 L-= 1.4871e-01  Keff= 8.00(min  7.99)  gmin=1.13e-01  floor=0.0e+00  |dM|=2.56e-04  step=1.00e+00
  it  577  L= 3.176765e+02  comp= 2.7532e+01 expr= 2.9014e+02 L+= 1.6002e-01 L-= 1.4899e-01  Keff= 8.00(min  7.99)  gmin=1.13e-01  floor=0.0e+00  |dM|=2.56e-04  step=1.00e+00
  it  578  L= 3.176726e+02  comp= 2.7532e+01 expr= 2.9014e+02 L+= 1.6032e-01 L-= 1.4926e-01  Keff= 8.00(min  7.99)  gmin=1.13e-01  floor=0.0e+00  |dM|=2.57e-04  step=1.00e+00
  it  579  L= 3.176687e+02  comp= 2.7532e+01 expr= 2.9014e+02 L+= 1.6062e-01 L-= 1.4954e-01  Keff= 8.00(min  7.99)  gmin=1.13e-01  floor=0.0e+00  |dM|=2.57e-04  step=1.00e+00
  it  580  L= 3.176647e+02  comp= 2.7532e+01 expr= 2.9013e+02 L+= 1.6092e-01 L-= 1.4981e-01  Keff= 8.00(min  7.99)  gmin=1.13e-01  floor=0.0e+00  |dM|=2.58e-04  step=1.00e+00
  it  581  L= 3.176607e+02  comp= 2.7532e+01 expr= 2.9013e+02 L+= 1.6122e-01 L-= 1.5009e-01  Keff= 8.00(min  7.99)  gmin=1.13e-01  floor=0.0e+00  |dM|=2.58e-04  step=1.00e+00
  it  582  L= 3.176567e+02  comp= 2.7532e+01 expr= 2.9012e+02 L+= 1.6153e-01 L-= 1.5036e-01  Keff= 8.00(min  7.99)  gmin=1.13e-01  floor=0.0e+00  |dM|=2.59e-04  step=1.00e+00
  it  583  L= 3.176528e+02  comp= 2.7532e+01 expr= 2.9012e+02 L+= 1.6183e-01 L-= 1.5064e-01  Keff= 8.00(min  7.99)  gmin=1.13e-01  floor=0.0e+00  |dM|=2.59e-04  step=1.00e+00
  it  584  L= 3.176487e+02  comp= 2.7532e+01 expr= 2.9012e+02 L+= 1.6213e-01 L-= 1.5092e-01  Keff= 8.00(min  7.99)  gmin=1.13e-01  floor=0.0e+00  |dM|=2.60e-04  step=1.00e+00
  it  585  L= 3.176447e+02  comp= 2.7532e+01 expr= 2.9011e+02 L+= 1.6244e-01 L-= 1.5120e-01  Keff= 8.00(min  7.99)  gmin=1.13e-01  floor=0.0e+00  |dM|=2.60e-04  step=1.00e+00
  it  586  L= 3.176406e+02  comp= 2.7532e+01 expr= 2.9011e+02 L+= 1.6275e-01 L-= 1.5148e-01  Keff= 8.00(min  7.99)  gmin=1.13e-01  floor=0.0e+00  |dM|=2.61e-04  step=1.00e+00
  it  587  L= 3.176365e+02  comp= 2.7532e+01 expr= 2.9010e+02 L+= 1.6306e-01 L-= 1.5176e-01  Keff= 8.00(min  7.99)  gmin=1.13e-01  floor=0.0e+00  |dM|=2.61e-04  step=1.00e+00
  it  588  L= 3.176325e+02  comp= 2.7532e+01 expr= 2.9010e+02 L+= 1.6336e-01 L-= 1.5205e-01  Keff= 8.00(min  7.99)  gmin=1.13e-01  floor=0.0e+00  |dM|=2.62e-04  step=1.00e+00
  it  589  L= 3.176283e+02  comp= 2.7532e+01 expr= 2.9010e+02 L+= 1.6367e-01 L-= 1.5233e-01  Keff= 8.00(min  7.99)  gmin=1.13e-01  floor=0.0e+00  |dM|=2.62e-04  step=1.00e+00
  it  590  L= 3.176242e+02  comp= 2.7532e+01 expr= 2.9009e+02 L+= 1.6398e-01 L-= 1.5262e-01  Keff= 8.00(min  7.99)  gmin=1.13e-01  floor=0.0e+00  |dM|=2.63e-04  step=1.00e+00
  it  591  L= 3.176201e+02  comp= 2.7532e+01 expr= 2.9009e+02 L+= 1.6430e-01 L-= 1.5290e-01  Keff= 8.00(min  7.99)  gmin=1.13e-01  floor=0.0e+00  |dM|=2.63e-04  step=1.00e+00
  it  592  L= 3.176160e+02  comp= 2.7532e+01 expr= 2.9008e+02 L+= 1.6461e-01 L-= 1.5319e-01  Keff= 8.00(min  7.99)  gmin=1.13e-01  floor=0.0e+00  |dM|=2.64e-04  step=1.00e+00
  it  593  L= 3.176118e+02  comp= 2.7532e+01 expr= 2.9008e+02 L+= 1.6493e-01 L-= 1.5348e-01  Keff= 8.00(min  7.99)  gmin=1.13e-01  floor=0.0e+00  |dM|=2.64e-04  step=1.00e+00
  it  594  L= 3.176076e+02  comp= 2.7532e+01 expr= 2.9008e+02 L+= 1.6524e-01 L-= 1.5377e-01  Keff= 8.00(min  7.99)  gmin=1.13e-01  floor=0.0e+00  |dM|=2.65e-04  step=1.00e+00
  it  595  L= 3.176034e+02  comp= 2.7532e+01 expr= 2.9007e+02 L+= 1.6556e-01 L-= 1.5406e-01  Keff= 8.00(min  7.99)  gmin=1.13e-01  floor=0.0e+00  |dM|=2.65e-04  step=1.00e+00
  it  596  L= 3.175992e+02  comp= 2.7532e+01 expr= 2.9007e+02 L+= 1.6587e-01 L-= 1.5435e-01  Keff= 8.00(min  7.99)  gmin=1.13e-01  floor=0.0e+00  |dM|=2.66e-04  step=1.00e+00
  it  597  L= 3.175950e+02  comp= 2.7532e+01 expr= 2.9006e+02 L+= 1.6619e-01 L-= 1.5464e-01  Keff= 8.00(min  7.99)  gmin=1.13e-01  floor=0.0e+00  |dM|=2.66e-04  step=1.00e+00
  it  598  L= 3.175906e+02  comp= 2.7532e+01 expr= 2.9006e+02 L+= 1.6651e-01 L-= 1.5493e-01  Keff= 8.00(min  7.99)  gmin=1.13e-01  floor=0.0e+00  |dM|=2.67e-04  step=1.00e+00
  it  599  L= 3.175864e+02  comp= 2.7532e+01 expr= 2.9005e+02 L+= 1.6683e-01 L-= 1.5523e-01  Keff= 8.00(min  7.99)  gmin=1.13e-01  floor=0.0e+00  |dM|=2.67e-04  step=1.00e+00
  it  600  L= 3.175822e+02  comp= 2.7532e+01 expr= 2.9005e+02 L+= 1.6715e-01 L-= 1.5552e-01  Keff= 8.00(min  7.99)  gmin=1.13e-01  floor=0.0e+00  |dM|=2.68e-04  step=1.00e+00
  it  601  L= 3.175779e+02  comp= 2.7532e+01 expr= 2.9005e+02 L+= 1.6748e-01 L-= 1.5582e-01  Keff= 8.00(min  7.99)  gmin=1.13e-01  floor=0.0e+00  |dM|=2.68e-04  step=1.00e+00
  it  602  L= 3.175735e+02  comp= 2.7532e+01 expr= 2.9004e+02 L+= 1.6780e-01 L-= 1.5612e-01  Keff= 8.00(min  7.99)  gmin=1.13e-01  floor=0.0e+00  |dM|=2.69e-04  step=1.00e+00
  it  603  L= 3.175692e+02  comp= 2.7532e+01 expr= 2.9004e+02 L+= 1.6813e-01 L-= 1.5642e-01  Keff= 8.00(min  7.99)  gmin=1.13e-01  floor=0.0e+00  |dM|=2.69e-04  step=1.00e+00
  it  604  L= 3.175648e+02  comp= 2.7532e+01 expr= 2.9003e+02 L+= 1.6846e-01 L-= 1.5672e-01  Keff= 8.00(min  7.99)  gmin=1.13e-01  floor=0.0e+00  |dM|=2.70e-04  step=1.00e+00
  it  605  L= 3.175605e+02  comp= 2.7532e+01 expr= 2.9003e+02 L+= 1.6878e-01 L-= 1.5702e-01  Keff= 8.00(min  7.99)  gmin=1.13e-01  floor=0.0e+00  |dM|=2.70e-04  step=1.00e+00
  it  606  L= 3.175560e+02  comp= 2.7532e+01 expr= 2.9002e+02 L+= 1.6911e-01 L-= 1.5732e-01  Keff= 8.00(min  7.99)  gmin=1.13e-01  floor=0.0e+00  |dM|=2.71e-04  step=1.00e+00
  it  607  L= 3.175516e+02  comp= 2.7532e+01 expr= 2.9002e+02 L+= 1.6944e-01 L-= 1.5762e-01  Keff= 8.00(min  7.99)  gmin=1.13e-01  floor=0.0e+00  |dM|=2.71e-04  step=1.00e+00
  it  608  L= 3.175472e+02  comp= 2.7532e+01 expr= 2.9002e+02 L+= 1.6977e-01 L-= 1.5792e-01  Keff= 8.00(min  7.99)  gmin=1.13e-01  floor=0.0e+00  |dM|=2.72e-04  step=1.00e+00
  it  609  L= 3.175428e+02  comp= 2.7532e+01 expr= 2.9001e+02 L+= 1.7010e-01 L-= 1.5823e-01  Keff= 8.00(min  7.99)  gmin=1.13e-01  floor=0.0e+00  |dM|=2.72e-04  step=1.00e+00
  it  610  L= 3.175383e+02  comp= 2.7532e+01 expr= 2.9001e+02 L+= 1.7044e-01 L-= 1.5854e-01  Keff= 8.00(min  7.99)  gmin=1.13e-01  floor=0.0e+00  |dM|=2.73e-04  step=1.00e+00
  it  611  L= 3.175339e+02  comp= 2.7532e+01 expr= 2.9000e+02 L+= 1.7077e-01 L-= 1.5884e-01  Keff= 8.00(min  7.99)  gmin=1.13e-01  floor=0.0e+00  |dM|=2.73e-04  step=1.00e+00
  it  612  L= 3.175293e+02  comp= 2.7532e+01 expr= 2.9000e+02 L+= 1.7111e-01 L-= 1.5915e-01  Keff= 8.00(min  7.99)  gmin=1.13e-01  floor=0.0e+00  |dM|=2.74e-04  step=1.00e+00
  it  613  L= 3.175248e+02  comp= 2.7532e+01 expr= 2.8999e+02 L+= 1.7145e-01 L-= 1.5946e-01  Keff= 8.00(min  7.99)  gmin=1.13e-01  floor=0.0e+00  |dM|=2.75e-04  step=1.00e+00
  it  614  L= 3.175203e+02  comp= 2.7532e+01 expr= 2.8999e+02 L+= 1.7178e-01 L-= 1.5977e-01  Keff= 8.00(min  7.99)  gmin=1.13e-01  floor=0.0e+00  |dM|=2.75e-04  step=1.00e+00
  it  615  L= 3.175157e+02  comp= 2.7532e+01 expr= 2.8998e+02 L+= 1.7212e-01 L-= 1.6008e-01  Keff= 8.00(min  7.99)  gmin=1.13e-01  floor=0.0e+00  |dM|=2.76e-04  step=1.00e+00
  it  616  L= 3.175112e+02  comp= 2.7532e+01 expr= 2.8998e+02 L+= 1.7246e-01 L-= 1.6040e-01  Keff= 8.00(min  7.99)  gmin=1.13e-01  floor=0.0e+00  |dM|=2.76e-04  step=1.00e+00
  it  617  L= 3.175066e+02  comp= 2.7532e+01 expr= 2.8998e+02 L+= 1.7281e-01 L-= 1.6071e-01  Keff= 8.00(min  7.99)  gmin=1.13e-01  floor=0.0e+00  |dM|=2.77e-04  step=1.00e+00
  it  618  L= 3.175020e+02  comp= 2.7532e+01 expr= 2.8997e+02 L+= 1.7315e-01 L-= 1.6102e-01  Keff= 8.00(min  7.99)  gmin=1.13e-01  floor=0.0e+00  |dM|=2.77e-04  step=1.00e+00
  it  619  L= 3.174973e+02  comp= 2.7532e+01 expr= 2.8997e+02 L+= 1.7349e-01 L-= 1.6134e-01  Keff= 8.00(min  7.99)  gmin=1.13e-01  floor=0.0e+00  |dM|=2.78e-04  step=1.00e+00
  it  620  L= 3.174927e+02  comp= 2.7532e+01 expr= 2.8996e+02 L+= 1.7384e-01 L-= 1.6166e-01  Keff= 8.00(min  7.99)  gmin=1.13e-01  floor=0.0e+00  |dM|=2.78e-04  step=1.00e+00
  it  621  L= 3.174880e+02  comp= 2.7532e+01 expr= 2.8996e+02 L+= 1.7418e-01 L-= 1.6197e-01  Keff= 8.00(min  7.99)  gmin=1.13e-01  floor=0.0e+00  |dM|=2.79e-04  step=1.00e+00
  it  622  L= 3.174834e+02  comp= 2.7532e+01 expr= 2.8995e+02 L+= 1.7453e-01 L-= 1.6229e-01  Keff= 8.00(min  7.99)  gmin=1.13e-01  floor=0.0e+00  |dM|=2.79e-04  step=1.00e+00
  it  623  L= 3.174787e+02  comp= 2.7532e+01 expr= 2.8995e+02 L+= 1.7488e-01 L-= 1.6261e-01  Keff= 8.00(min  7.99)  gmin=1.13e-01  floor=0.0e+00  |dM|=2.80e-04  step=1.00e+00
  it  624  L= 3.174740e+02  comp= 2.7531e+01 expr= 2.8994e+02 L+= 1.7523e-01 L-= 1.6293e-01  Keff= 8.00(min  7.99)  gmin=1.13e-01  floor=0.0e+00  |dM|=2.80e-04  step=1.00e+00
  it  625  L= 3.174692e+02  comp= 2.7531e+01 expr= 2.8994e+02 L+= 1.7558e-01 L-= 1.6326e-01  Keff= 8.00(min  7.99)  gmin=1.13e-01  floor=0.0e+00  |dM|=2.81e-04  step=1.00e+00
  it  626  L= 3.174644e+02  comp= 2.7531e+01 expr= 2.8993e+02 L+= 1.7594e-01 L-= 1.6358e-01  Keff= 8.00(min  7.99)  gmin=1.13e-01  floor=0.0e+00  |dM|=2.81e-04  step=1.00e+00
  it  627  L= 3.174597e+02  comp= 2.7531e+01 expr= 2.8993e+02 L+= 1.7629e-01 L-= 1.6391e-01  Keff= 8.00(min  7.99)  gmin=1.13e-01  floor=0.0e+00  |dM|=2.82e-04  step=1.00e+00
  it  628  L= 3.174549e+02  comp= 2.7531e+01 expr= 2.8992e+02 L+= 1.7665e-01 L-= 1.6423e-01  Keff= 8.00(min  7.99)  gmin=1.13e-01  floor=0.0e+00  |dM|=2.82e-04  step=1.00e+00
  it  629  L= 3.174501e+02  comp= 2.7531e+01 expr= 2.8992e+02 L+= 1.7700e-01 L-= 1.6456e-01  Keff= 8.00(min  7.99)  gmin=1.13e-01  floor=0.0e+00  |dM|=2.83e-04  step=1.00e+00
  it  630  L= 3.174453e+02  comp= 2.7531e+01 expr= 2.8991e+02 L+= 1.7736e-01 L-= 1.6489e-01  Keff= 8.00(min  7.99)  gmin=1.13e-01  floor=0.0e+00  |dM|=2.83e-04  step=1.00e+00
  it  631  L= 3.174404e+02  comp= 2.7531e+01 expr= 2.8991e+02 L+= 1.7772e-01 L-= 1.6522e-01  Keff= 8.00(min  7.99)  gmin=1.13e-01  floor=0.0e+00  |dM|=2.84e-04  step=1.00e+00
  it  632  L= 3.174355e+02  comp= 2.7531e+01 expr= 2.8990e+02 L+= 1.7808e-01 L-= 1.6555e-01  Keff= 8.00(min  7.99)  gmin=1.13e-01  floor=0.0e+00  |dM|=2.84e-04  step=1.00e+00
  it  633  L= 3.174306e+02  comp= 2.7531e+01 expr= 2.8990e+02 L+= 1.7844e-01 L-= 1.6588e-01  Keff= 8.00(min  7.99)  gmin=1.13e-01  floor=0.0e+00  |dM|=2.85e-04  step=1.00e+00
  it  634  L= 3.174258e+02  comp= 2.7531e+01 expr= 2.8989e+02 L+= 1.7880e-01 L-= 1.6621e-01  Keff= 8.00(min  7.99)  gmin=1.13e-01  floor=0.0e+00  |dM|=2.86e-04  step=1.00e+00
  it  635  L= 3.174208e+02  comp= 2.7531e+01 expr= 2.8989e+02 L+= 1.7917e-01 L-= 1.6655e-01  Keff= 8.00(min  7.99)  gmin=1.13e-01  floor=0.0e+00  |dM|=2.86e-04  step=1.00e+00
  it  636  L= 3.174159e+02  comp= 2.7531e+01 expr= 2.8988e+02 L+= 1.7953e-01 L-= 1.6689e-01  Keff= 8.00(min  7.99)  gmin=1.13e-01  floor=0.0e+00  |dM|=2.87e-04  step=1.00e+00
  it  637  L= 3.174109e+02  comp= 2.7531e+01 expr= 2.8988e+02 L+= 1.7990e-01 L-= 1.6722e-01  Keff= 8.00(min  7.99)  gmin=1.13e-01  floor=0.0e+00  |dM|=2.87e-04  step=1.00e+00
  it  638  L= 3.174059e+02  comp= 2.7531e+01 expr= 2.8987e+02 L+= 1.8027e-01 L-= 1.6756e-01  Keff= 8.00(min  7.99)  gmin=1.13e-01  floor=0.0e+00  |dM|=2.88e-04  step=1.00e+00
  it  639  L= 3.174009e+02  comp= 2.7531e+01 expr= 2.8987e+02 L+= 1.8064e-01 L-= 1.6790e-01  Keff= 8.00(min  7.99)  gmin=1.13e-01  floor=0.0e+00  |dM|=2.88e-04  step=1.00e+00
  it  640  L= 3.173959e+02  comp= 2.7531e+01 expr= 2.8986e+02 L+= 1.8101e-01 L-= 1.6824e-01  Keff= 8.00(min  7.99)  gmin=1.13e-01  floor=0.0e+00  |dM|=2.89e-04  step=1.00e+00
  it  641  L= 3.173908e+02  comp= 2.7531e+01 expr= 2.8986e+02 L+= 1.8138e-01 L-= 1.6858e-01  Keff= 8.00(min  7.99)  gmin=1.13e-01  floor=0.0e+00  |dM|=2.89e-04  step=1.00e+00
  it  642  L= 3.173857e+02  comp= 2.7531e+01 expr= 2.8985e+02 L+= 1.8175e-01 L-= 1.6892e-01  Keff= 8.00(min  7.99)  gmin=1.13e-01  floor=0.0e+00  |dM|=2.90e-04  step=1.00e+00
  it  643  L= 3.173806e+02  comp= 2.7531e+01 expr= 2.8985e+02 L+= 1.8213e-01 L-= 1.6927e-01  Keff= 8.00(min  7.99)  gmin=1.13e-01  floor=0.0e+00  |dM|=2.90e-04  step=1.00e+00
  it  644  L= 3.173755e+02  comp= 2.7531e+01 expr= 2.8984e+02 L+= 1.8250e-01 L-= 1.6961e-01  Keff= 8.00(min  7.99)  gmin=1.13e-01  floor=0.0e+00  |dM|=2.91e-04  step=1.00e+00
  it  645  L= 3.173704e+02  comp= 2.7531e+01 expr= 2.8984e+02 L+= 1.8288e-01 L-= 1.6996e-01  Keff= 8.00(min  7.99)  gmin=1.13e-01  floor=0.0e+00  |dM|=2.91e-04  step=1.00e+00
  it  646  L= 3.173653e+02  comp= 2.7531e+01 expr= 2.8983e+02 L+= 1.8326e-01 L-= 1.7031e-01  Keff= 8.00(min  7.99)  gmin=1.13e-01  floor=0.0e+00  |dM|=2.92e-04  step=1.00e+00
  it  647  L= 3.173601e+02  comp= 2.7531e+01 expr= 2.8983e+02 L+= 1.8364e-01 L-= 1.7066e-01  Keff= 8.00(min  7.99)  gmin=1.13e-01  floor=0.0e+00  |dM|=2.92e-04  step=1.00e+00
  it  648  L= 3.173549e+02  comp= 2.7531e+01 expr= 2.8982e+02 L+= 1.8402e-01 L-= 1.7101e-01  Keff= 8.00(min  7.99)  gmin=1.13e-01  floor=0.0e+00  |dM|=2.93e-04  step=1.00e+00
  it  649  L= 3.173497e+02  comp= 2.7531e+01 expr= 2.8982e+02 L+= 1.8440e-01 L-= 1.7136e-01  Keff= 8.00(min  7.99)  gmin=1.13e-01  floor=0.0e+00  |dM|=2.93e-04  step=1.00e+00
  it  650  L= 3.173445e+02  comp= 2.7531e+01 expr= 2.8981e+02 L+= 1.8479e-01 L-= 1.7171e-01  Keff= 8.00(min  7.99)  gmin=1.13e-01  floor=0.0e+00  |dM|=2.94e-04  step=1.00e+00
  it  651  L= 3.173392e+02  comp= 2.7531e+01 expr= 2.8981e+02 L+= 1.8517e-01 L-= 1.7207e-01  Keff= 8.00(min  7.99)  gmin=1.13e-01  floor=0.0e+00  |dM|=2.95e-04  step=1.00e+00
  it  652  L= 3.173340e+02  comp= 2.7531e+01 expr= 2.8980e+02 L+= 1.8556e-01 L-= 1.7242e-01  Keff= 8.00(min  7.99)  gmin=1.13e-01  floor=0.0e+00  |dM|=2.95e-04  step=1.00e+00
  it  653  L= 3.173286e+02  comp= 2.7531e+01 expr= 2.8980e+02 L+= 1.8595e-01 L-= 1.7278e-01  Keff= 8.00(min  7.99)  gmin=1.13e-01  floor=0.0e+00  |dM|=2.96e-04  step=1.00e+00
  it  654  L= 3.173233e+02  comp= 2.7531e+01 expr= 2.8979e+02 L+= 1.8634e-01 L-= 1.7314e-01  Keff= 8.00(min  7.99)  gmin=1.13e-01  floor=0.0e+00  |dM|=2.96e-04  step=1.00e+00
  it  655  L= 3.173180e+02  comp= 2.7531e+01 expr= 2.8979e+02 L+= 1.8673e-01 L-= 1.7350e-01  Keff= 8.00(min  7.99)  gmin=1.13e-01  floor=0.0e+00  |dM|=2.97e-04  step=1.00e+00
  it  656  L= 3.173127e+02  comp= 2.7531e+01 expr= 2.8978e+02 L+= 1.8712e-01 L-= 1.7386e-01  Keff= 8.00(min  7.99)  gmin=1.13e-01  floor=0.0e+00  |dM|=2.97e-04  step=1.00e+00
  it  657  L= 3.173072e+02  comp= 2.7531e+01 expr= 2.8978e+02 L+= 1.8751e-01 L-= 1.7422e-01  Keff= 8.00(min  7.99)  gmin=1.13e-01  floor=0.0e+00  |dM|=2.98e-04  step=1.00e+00
  it  658  L= 3.173018e+02  comp= 2.7531e+01 expr= 2.8977e+02 L+= 1.8791e-01 L-= 1.7458e-01  Keff= 8.00(min  7.99)  gmin=1.13e-01  floor=0.0e+00  |dM|=2.98e-04  step=1.00e+00
  it  659  L= 3.172964e+02  comp= 2.7531e+01 expr= 2.8977e+02 L+= 1.8830e-01 L-= 1.7495e-01  Keff= 8.00(min  7.99)  gmin=1.13e-01  floor=0.0e+00  |dM|=2.99e-04  step=1.00e+00
  it  660  L= 3.172909e+02  comp= 2.7531e+01 expr= 2.8976e+02 L+= 1.8870e-01 L-= 1.7531e-01  Keff= 8.00(min  7.99)  gmin=1.13e-01  floor=0.0e+00  |dM|=2.99e-04  step=1.00e+00
  it  661  L= 3.172855e+02  comp= 2.7531e+01 expr= 2.8975e+02 L+= 1.8910e-01 L-= 1.7568e-01  Keff= 8.00(min  7.99)  gmin=1.13e-01  floor=0.0e+00  |dM|=3.00e-04  step=1.00e+00
  it  662  L= 3.172800e+02  comp= 2.7531e+01 expr= 2.8975e+02 L+= 1.8950e-01 L-= 1.7605e-01  Keff= 8.00(min  7.99)  gmin=1.13e-01  floor=0.0e+00  |dM|=3.00e-04  step=1.00e+00
  it  663  L= 3.172745e+02  comp= 2.7531e+01 expr= 2.8974e+02 L+= 1.8990e-01 L-= 1.7642e-01  Keff= 8.00(min  7.99)  gmin=1.13e-01  floor=0.0e+00  |dM|=3.01e-04  step=1.00e+00
  it  664  L= 3.172690e+02  comp= 2.7531e+01 expr= 2.8974e+02 L+= 1.9031e-01 L-= 1.7679e-01  Keff= 8.00(min  7.99)  gmin=1.13e-01  floor=0.0e+00  |dM|=3.01e-04  step=1.00e+00
  it  665  L= 3.172634e+02  comp= 2.7531e+01 expr= 2.8973e+02 L+= 1.9071e-01 L-= 1.7716e-01  Keff= 8.00(min  7.99)  gmin=1.13e-01  floor=0.0e+00  |dM|=3.02e-04  step=1.00e+00
  it  666  L= 3.172578e+02  comp= 2.7531e+01 expr= 2.8973e+02 L+= 1.9112e-01 L-= 1.7753e-01  Keff= 8.00(min  7.99)  gmin=1.13e-01  floor=0.0e+00  |dM|=3.03e-04  step=1.00e+00
  it  667  L= 3.172522e+02  comp= 2.7531e+01 expr= 2.8972e+02 L+= 1.9152e-01 L-= 1.7791e-01  Keff= 8.00(min  7.99)  gmin=1.13e-01  floor=0.0e+00  |dM|=3.03e-04  step=1.00e+00
  it  668  L= 3.172466e+02  comp= 2.7531e+01 expr= 2.8972e+02 L+= 1.9193e-01 L-= 1.7828e-01  Keff= 8.00(min  7.99)  gmin=1.13e-01  floor=0.0e+00  |dM|=3.04e-04  step=1.00e+00
  it  669  L= 3.172409e+02  comp= 2.7531e+01 expr= 2.8971e+02 L+= 1.9234e-01 L-= 1.7866e-01  Keff= 8.00(min  7.99)  gmin=1.13e-01  floor=0.0e+00  |dM|=3.04e-04  step=1.00e+00
  it  670  L= 3.172353e+02  comp= 2.7531e+01 expr= 2.8970e+02 L+= 1.9275e-01 L-= 1.7904e-01  Keff= 8.00(min  7.99)  gmin=1.13e-01  floor=0.0e+00  |dM|=3.05e-04  step=1.00e+00
  it  671  L= 3.172296e+02  comp= 2.7531e+01 expr= 2.8970e+02 L+= 1.9317e-01 L-= 1.7942e-01  Keff= 8.00(min  7.99)  gmin=1.13e-01  floor=0.0e+00  |dM|=3.05e-04  step=1.00e+00
  it  672  L= 3.172239e+02  comp= 2.7531e+01 expr= 2.8969e+02 L+= 1.9358e-01 L-= 1.7980e-01  Keff= 8.00(min  7.99)  gmin=1.13e-01  floor=0.0e+00  |dM|=3.06e-04  step=1.00e+00
  it  673  L= 3.172181e+02  comp= 2.7531e+01 expr= 2.8969e+02 L+= 1.9400e-01 L-= 1.8018e-01  Keff= 8.00(min  7.99)  gmin=1.13e-01  floor=0.0e+00  |dM|=3.06e-04  step=1.00e+00
  it  674  L= 3.172123e+02  comp= 2.7531e+01 expr= 2.8968e+02 L+= 1.9442e-01 L-= 1.8057e-01  Keff= 8.00(min  7.99)  gmin=1.13e-01  floor=0.0e+00  |dM|=3.07e-04  step=1.00e+00
  it  675  L= 3.172065e+02  comp= 2.7531e+01 expr= 2.8968e+02 L+= 1.9483e-01 L-= 1.8095e-01  Keff= 8.00(min  7.99)  gmin=1.13e-01  floor=0.0e+00  |dM|=3.07e-04  step=1.00e+00
  it  676  L= 3.172007e+02  comp= 2.7531e+01 expr= 2.8967e+02 L+= 1.9525e-01 L-= 1.8134e-01  Keff= 8.00(min  7.99)  gmin=1.13e-01  floor=0.0e+00  |dM|=3.08e-04  step=1.00e+00
  it  677  L= 3.171949e+02  comp= 2.7531e+01 expr= 2.8966e+02 L+= 1.9568e-01 L-= 1.8173e-01  Keff= 8.00(min  7.99)  gmin=1.13e-01  floor=0.0e+00  |dM|=3.08e-04  step=1.00e+00
  it  678  L= 3.171891e+02  comp= 2.7531e+01 expr= 2.8966e+02 L+= 1.9610e-01 L-= 1.8212e-01  Keff= 8.00(min  7.99)  gmin=1.13e-01  floor=0.0e+00  |dM|=3.09e-04  step=1.00e+00
  it  679  L= 3.171832e+02  comp= 2.7531e+01 expr= 2.8965e+02 L+= 1.9652e-01 L-= 1.8251e-01  Keff= 8.00(min  7.99)  gmin=1.13e-01  floor=0.0e+00  |dM|=3.09e-04  step=1.00e+00
  it  680  L= 3.171773e+02  comp= 2.7531e+01 expr= 2.8965e+02 L+= 1.9695e-01 L-= 1.8290e-01  Keff= 8.00(min  7.99)  gmin=1.13e-01  floor=0.0e+00  |dM|=3.10e-04  step=1.00e+00
  it  681  L= 3.171714e+02  comp= 2.7531e+01 expr= 2.8964e+02 L+= 1.9738e-01 L-= 1.8330e-01  Keff= 8.00(min  7.99)  gmin=1.13e-01  floor=0.0e+00  |dM|=3.11e-04  step=1.00e+00
  it  682  L= 3.171654e+02  comp= 2.7531e+01 expr= 2.8963e+02 L+= 1.9781e-01 L-= 1.8369e-01  Keff= 8.00(min  7.99)  gmin=1.13e-01  floor=0.0e+00  |dM|=3.11e-04  step=1.00e+00
  it  683  L= 3.171595e+02  comp= 2.7531e+01 expr= 2.8963e+02 L+= 1.9824e-01 L-= 1.8409e-01  Keff= 8.00(min  7.99)  gmin=1.13e-01  floor=0.0e+00  |dM|=3.12e-04  step=1.00e+00
  it  684  L= 3.171535e+02  comp= 2.7531e+01 expr= 2.8962e+02 L+= 1.9867e-01 L-= 1.8448e-01  Keff= 8.00(min  7.99)  gmin=1.13e-01  floor=0.0e+00  |dM|=3.12e-04  step=1.00e+00
  it  685  L= 3.171475e+02  comp= 2.7530e+01 expr= 2.8962e+02 L+= 1.9910e-01 L-= 1.8488e-01  Keff= 8.00(min  7.99)  gmin=1.13e-01  floor=0.0e+00  |dM|=3.13e-04  step=1.00e+00
  it  686  L= 3.171414e+02  comp= 2.7530e+01 expr= 2.8961e+02 L+= 1.9954e-01 L-= 1.8528e-01  Keff= 8.00(min  7.99)  gmin=1.13e-01  floor=0.0e+00  |dM|=3.13e-04  step=1.00e+00
  it  687  L= 3.171354e+02  comp= 2.7530e+01 expr= 2.8960e+02 L+= 1.9998e-01 L-= 1.8569e-01  Keff= 8.00(min  7.99)  gmin=1.13e-01  floor=0.0e+00  |dM|=3.14e-04  step=1.00e+00
  it  688  L= 3.171293e+02  comp= 2.7530e+01 expr= 2.8960e+02 L+= 2.0042e-01 L-= 1.8609e-01  Keff= 8.00(min  7.99)  gmin=1.13e-01  floor=0.0e+00  |dM|=3.14e-04  step=1.00e+00
  it  689  L= 3.171231e+02  comp= 2.7530e+01 expr= 2.8959e+02 L+= 2.0085e-01 L-= 1.8650e-01  Keff= 8.00(min  7.99)  gmin=1.13e-01  floor=0.0e+00  |dM|=3.15e-04  step=1.00e+00
  it  690  L= 3.171170e+02  comp= 2.7530e+01 expr= 2.8959e+02 L+= 2.0130e-01 L-= 1.8690e-01  Keff= 8.00(min  7.99)  gmin=1.13e-01  floor=0.0e+00  |dM|=3.15e-04  step=1.00e+00
  it  691  L= 3.171109e+02  comp= 2.7530e+01 expr= 2.8958e+02 L+= 2.0174e-01 L-= 1.8731e-01  Keff= 8.00(min  7.99)  gmin=1.13e-01  floor=0.0e+00  |dM|=3.16e-04  step=1.00e+00
  it  692  L= 3.171047e+02  comp= 2.7530e+01 expr= 2.8957e+02 L+= 2.0218e-01 L-= 1.8772e-01  Keff= 8.00(min  7.99)  gmin=1.13e-01  floor=0.0e+00  |dM|=3.16e-04  step=1.00e+00
  it  693  L= 3.170985e+02  comp= 2.7530e+01 expr= 2.8957e+02 L+= 2.0263e-01 L-= 1.8813e-01  Keff= 8.00(min  7.99)  gmin=1.13e-01  floor=0.0e+00  |dM|=3.17e-04  step=1.00e+00
  it  694  L= 3.170922e+02  comp= 2.7530e+01 expr= 2.8956e+02 L+= 2.0308e-01 L-= 1.8854e-01  Keff= 8.00(min  7.99)  gmin=1.13e-01  floor=0.0e+00  |dM|=3.17e-04  step=1.00e+00
  it  695  L= 3.170860e+02  comp= 2.7530e+01 expr= 2.8956e+02 L+= 2.0353e-01 L-= 1.8895e-01  Keff= 8.00(min  7.99)  gmin=1.13e-01  floor=0.0e+00  |dM|=3.18e-04  step=1.00e+00
  it  696  L= 3.170797e+02  comp= 2.7530e+01 expr= 2.8955e+02 L+= 2.0398e-01 L-= 1.8937e-01  Keff= 8.00(min  7.99)  gmin=1.13e-01  floor=0.0e+00  |dM|=3.19e-04  step=1.00e+00
  it  697  L= 3.170734e+02  comp= 2.7530e+01 expr= 2.8954e+02 L+= 2.0443e-01 L-= 1.8979e-01  Keff= 8.00(min  7.99)  gmin=1.13e-01  floor=0.0e+00  |dM|=3.19e-04  step=1.00e+00
  it  698  L= 3.170670e+02  comp= 2.7530e+01 expr= 2.8954e+02 L+= 2.0488e-01 L-= 1.9020e-01  Keff= 8.00(min  7.99)  gmin=1.13e-01  floor=0.0e+00  |dM|=3.20e-04  step=1.00e+00
  it  699  L= 3.170607e+02  comp= 2.7530e+01 expr= 2.8953e+02 L+= 2.0534e-01 L-= 1.9062e-01  Keff= 8.00(min  7.99)  gmin=1.13e-01  floor=0.0e+00  |dM|=3.20e-04  step=1.00e+00
  it  700  L= 3.170543e+02  comp= 2.7530e+01 expr= 2.8952e+02 L+= 2.0579e-01 L-= 1.9104e-01  Keff= 8.00(min  7.99)  gmin=1.13e-01  floor=0.0e+00  |dM|=3.21e-04  step=1.00e+00
  it  701  L= 3.170479e+02  comp= 2.7530e+01 expr= 2.8952e+02 L+= 2.0625e-01 L-= 1.9147e-01  Keff= 8.00(min  7.99)  gmin=1.13e-01  floor=0.0e+00  |dM|=3.21e-04  step=1.00e+00
  it  702  L= 3.170414e+02  comp= 2.7530e+01 expr= 2.8951e+02 L+= 2.0671e-01 L-= 1.9189e-01  Keff= 8.00(min  7.99)  gmin=1.13e-01  floor=0.0e+00  |dM|=3.22e-04  step=1.00e+00
  it  703  L= 3.170350e+02  comp= 2.7530e+01 expr= 2.8950e+02 L+= 2.0718e-01 L-= 1.9231e-01  Keff= 8.00(min  7.99)  gmin=1.13e-01  floor=0.0e+00  |dM|=3.22e-04  step=1.00e+00
  it  704  L= 3.170285e+02  comp= 2.7530e+01 expr= 2.8950e+02 L+= 2.0764e-01 L-= 1.9274e-01  Keff= 8.00(min  7.99)  gmin=1.13e-01  floor=0.0e+00  |dM|=3.23e-04  step=1.00e+00
  it  705  L= 3.170220e+02  comp= 2.7530e+01 expr= 2.8949e+02 L+= 2.0810e-01 L-= 1.9317e-01  Keff= 8.00(min  7.99)  gmin=1.13e-01  floor=0.0e+00  |dM|=3.23e-04  step=1.00e+00
  it  706  L= 3.170155e+02  comp= 2.7530e+01 expr= 2.8949e+02 L+= 2.0857e-01 L-= 1.9360e-01  Keff= 8.00(min  7.99)  gmin=1.13e-01  floor=0.0e+00  |dM|=3.24e-04  step=1.00e+00
  it  707  L= 3.170089e+02  comp= 2.7530e+01 expr= 2.8948e+02 L+= 2.0904e-01 L-= 1.9403e-01  Keff= 8.00(min  7.99)  gmin=1.13e-01  floor=0.0e+00  |dM|=3.24e-04  step=1.00e+00
  it  708  L= 3.170023e+02  comp= 2.7530e+01 expr= 2.8947e+02 L+= 2.0951e-01 L-= 1.9447e-01  Keff= 8.00(min  7.99)  gmin=1.13e-01  floor=0.0e+00  |dM|=3.25e-04  step=1.00e+00
  it  709  L= 3.169957e+02  comp= 2.7530e+01 expr= 2.8947e+02 L+= 2.0998e-01 L-= 1.9490e-01  Keff= 8.00(min  7.99)  gmin=1.13e-01  floor=0.0e+00  |dM|=3.25e-04  step=1.00e+00
  it  710  L= 3.169890e+02  comp= 2.7530e+01 expr= 2.8946e+02 L+= 2.1045e-01 L-= 1.9533e-01  Keff= 8.00(min  7.99)  gmin=1.13e-01  floor=0.0e+00  |dM|=3.26e-04  step=1.00e+00
  it  711  L= 3.169824e+02  comp= 2.7530e+01 expr= 2.8945e+02 L+= 2.1093e-01 L-= 1.9577e-01  Keff= 8.00(min  7.99)  gmin=1.13e-01  floor=0.0e+00  |dM|=3.26e-04  step=1.00e+00
  it  712  L= 3.169757e+02  comp= 2.7530e+01 expr= 2.8945e+02 L+= 2.1140e-01 L-= 1.9621e-01  Keff= 8.00(min  7.99)  gmin=1.13e-01  floor=0.0e+00  |dM|=3.27e-04  step=1.00e+00
  it  713  L= 3.169690e+02  comp= 2.7530e+01 expr= 2.8944e+02 L+= 2.1188e-01 L-= 1.9665e-01  Keff= 8.00(min  7.99)  gmin=1.13e-01  floor=0.0e+00  |dM|=3.28e-04  step=1.00e+00
  it  714  L= 3.169622e+02  comp= 2.7530e+01 expr= 2.8943e+02 L+= 2.1236e-01 L-= 1.9709e-01  Keff= 8.00(min  7.99)  gmin=1.13e-01  floor=0.0e+00  |dM|=3.28e-04  step=1.00e+00
  it  715  L= 3.169555e+02  comp= 2.7530e+01 expr= 2.8943e+02 L+= 2.1284e-01 L-= 1.9754e-01  Keff= 8.00(min  7.99)  gmin=1.13e-01  floor=0.0e+00  |dM|=3.29e-04  step=1.00e+00
  it  716  L= 3.169487e+02  comp= 2.7530e+01 expr= 2.8942e+02 L+= 2.1333e-01 L-= 1.9798e-01  Keff= 8.00(min  7.99)  gmin=1.13e-01  floor=0.0e+00  |dM|=3.29e-04  step=1.00e+00
  it  717  L= 3.169418e+02  comp= 2.7530e+01 expr= 2.8941e+02 L+= 2.1381e-01 L-= 1.9843e-01  Keff= 8.00(min  7.99)  gmin=1.13e-01  floor=0.0e+00  |dM|=3.30e-04  step=1.00e+00
  it  718  L= 3.169350e+02  comp= 2.7530e+01 expr= 2.8941e+02 L+= 2.1430e-01 L-= 1.9888e-01  Keff= 8.00(min  7.99)  gmin=1.13e-01  floor=0.0e+00  |dM|=3.30e-04  step=1.00e+00
  it  719  L= 3.169281e+02  comp= 2.7530e+01 expr= 2.8940e+02 L+= 2.1478e-01 L-= 1.9933e-01  Keff= 8.00(min  7.99)  gmin=1.13e-01  floor=0.0e+00  |dM|=3.31e-04  step=1.00e+00
  it  720  L= 3.169212e+02  comp= 2.7530e+01 expr= 2.8939e+02 L+= 2.1527e-01 L-= 1.9978e-01  Keff= 8.00(min  7.99)  gmin=1.13e-01  floor=0.0e+00  |dM|=3.31e-04  step=1.00e+00
  it  721  L= 3.169143e+02  comp= 2.7530e+01 expr= 2.8938e+02 L+= 2.1576e-01 L-= 2.0023e-01  Keff= 8.00(min  7.99)  gmin=1.13e-01  floor=0.0e+00  |dM|=3.32e-04  step=1.00e+00
  it  722  L= 3.169073e+02  comp= 2.7530e+01 expr= 2.8938e+02 L+= 2.1626e-01 L-= 2.0068e-01  Keff= 8.00(min  7.99)  gmin=1.13e-01  floor=0.0e+00  |dM|=3.32e-04  step=1.00e+00
  it  723  L= 3.169003e+02  comp= 2.7530e+01 expr= 2.8937e+02 L+= 2.1675e-01 L-= 2.0114e-01  Keff= 8.00(min  7.99)  gmin=1.13e-01  floor=0.0e+00  |dM|=3.33e-04  step=1.00e+00
  it  724  L= 3.168933e+02  comp= 2.7530e+01 expr= 2.8936e+02 L+= 2.1725e-01 L-= 2.0160e-01  Keff= 8.00(min  7.99)  gmin=1.13e-01  floor=0.0e+00  |dM|=3.33e-04  step=1.00e+00
  it  725  L= 3.168863e+02  comp= 2.7530e+01 expr= 2.8936e+02 L+= 2.1775e-01 L-= 2.0206e-01  Keff= 8.00(min  7.99)  gmin=1.13e-01  floor=0.0e+00  |dM|=3.34e-04  step=1.00e+00
  it  726  L= 3.168792e+02  comp= 2.7529e+01 expr= 2.8935e+02 L+= 2.1825e-01 L-= 2.0252e-01  Keff= 8.00(min  7.99)  gmin=1.13e-01  floor=0.0e+00  |dM|=3.34e-04  step=1.00e+00
  it  727  L= 3.168721e+02  comp= 2.7529e+01 expr= 2.8934e+02 L+= 2.1875e-01 L-= 2.0298e-01  Keff= 8.00(min  7.99)  gmin=1.13e-01  floor=0.0e+00  |dM|=3.35e-04  step=1.00e+00
  it  728  L= 3.168650e+02  comp= 2.7529e+01 expr= 2.8934e+02 L+= 2.1925e-01 L-= 2.0345e-01  Keff= 8.00(min  7.99)  gmin=1.13e-01  floor=0.0e+00  |dM|=3.35e-04  step=1.00e+00
  it  729  L= 3.168579e+02  comp= 2.7529e+01 expr= 2.8933e+02 L+= 2.1976e-01 L-= 2.0391e-01  Keff= 8.00(min  7.99)  gmin=1.13e-01  floor=0.0e+00  |dM|=3.36e-04  step=1.00e+00
  it  730  L= 3.168506e+02  comp= 2.7529e+01 expr= 2.8932e+02 L+= 2.2026e-01 L-= 2.0438e-01  Keff= 8.00(min  7.99)  gmin=1.13e-01  floor=0.0e+00  |dM|=3.36e-04  step=1.00e+00
  it  731  L= 3.168435e+02  comp= 2.7529e+01 expr= 2.8931e+02 L+= 2.2077e-01 L-= 2.0484e-01  Keff= 8.00(min  7.99)  gmin=1.13e-01  floor=0.0e+00  |dM|=3.37e-04  step=1.00e+00
  it  732  L= 3.168362e+02  comp= 2.7529e+01 expr= 2.8931e+02 L+= 2.2128e-01 L-= 2.0531e-01  Keff= 8.00(min  7.99)  gmin=1.13e-01  floor=0.0e+00  |dM|=3.38e-04  step=1.00e+00
  it  733  L= 3.168290e+02  comp= 2.7529e+01 expr= 2.8930e+02 L+= 2.2179e-01 L-= 2.0579e-01  Keff= 8.00(min  7.99)  gmin=1.13e-01  floor=0.0e+00  |dM|=3.38e-04  step=1.00e+00
  it  734  L= 3.168217e+02  comp= 2.7529e+01 expr= 2.8929e+02 L+= 2.2230e-01 L-= 2.0626e-01  Keff= 8.00(min  7.99)  gmin=1.13e-01  floor=0.0e+00  |dM|=3.39e-04  step=1.00e+00
  it  735  L= 3.168143e+02  comp= 2.7529e+01 expr= 2.8929e+02 L+= 2.2282e-01 L-= 2.0674e-01  Keff= 8.00(min  7.99)  gmin=1.13e-01  floor=0.0e+00  |dM|=3.40e-04  step=1.00e+00
  it  736  L= 3.168070e+02  comp= 2.7529e+01 expr= 2.8928e+02 L+= 2.2334e-01 L-= 2.0721e-01  Keff= 8.00(min  7.99)  gmin=1.13e-01  floor=0.0e+00  |dM|=3.41e-04  step=1.00e+00
  it  737  L= 3.167997e+02  comp= 2.7529e+01 expr= 2.8927e+02 L+= 2.2385e-01 L-= 2.0769e-01  Keff= 8.00(min  7.99)  gmin=1.13e-01  floor=0.0e+00  |dM|=3.41e-04  step=1.00e+00
  it  738  L= 3.167923e+02  comp= 2.7529e+01 expr= 2.8926e+02 L+= 2.2438e-01 L-= 2.0817e-01  Keff= 8.00(min  7.99)  gmin=1.13e-01  floor=0.0e+00  |dM|=3.42e-04  step=1.00e+00
  it  739  L= 3.167848e+02  comp= 2.7529e+01 expr= 2.8926e+02 L+= 2.2490e-01 L-= 2.0865e-01  Keff= 8.00(min  7.99)  gmin=1.13e-01  floor=0.0e+00  |dM|=3.43e-04  step=1.00e+00
  it  740  L= 3.167773e+02  comp= 2.7529e+01 expr= 2.8925e+02 L+= 2.2542e-01 L-= 2.0913e-01  Keff= 8.00(min  7.99)  gmin=1.13e-01  floor=0.0e+00  |dM|=3.44e-04  step=1.00e+00
  it  741  L= 3.167698e+02  comp= 2.7529e+01 expr= 2.8924e+02 L+= 2.2595e-01 L-= 2.0962e-01  Keff= 8.00(min  7.99)  gmin=1.13e-01  floor=0.0e+00  |dM|=3.45e-04  step=1.00e+00
  it  742  L= 3.167624e+02  comp= 2.7529e+01 expr= 2.8923e+02 L+= 2.2647e-01 L-= 2.1011e-01  Keff= 8.00(min  7.99)  gmin=1.13e-01  floor=0.0e+00  |dM|=3.45e-04  step=1.00e+00
  it  743  L= 3.167548e+02  comp= 2.7529e+01 expr= 2.8923e+02 L+= 2.2700e-01 L-= 2.1059e-01  Keff= 8.00(min  7.99)  gmin=1.13e-01  floor=0.0e+00  |dM|=3.46e-04  step=1.00e+00
  it  744  L= 3.167472e+02  comp= 2.7529e+01 expr= 2.8922e+02 L+= 2.2753e-01 L-= 2.1108e-01  Keff= 8.00(min  7.99)  gmin=1.13e-01  floor=0.0e+00  |dM|=3.47e-04  step=1.00e+00
  it  745  L= 3.167396e+02  comp= 2.7529e+01 expr= 2.8921e+02 L+= 2.2806e-01 L-= 2.1157e-01  Keff= 8.00(min  7.99)  gmin=1.13e-01  floor=0.0e+00  |dM|=3.48e-04  step=1.00e+00
  it  746  L= 3.167320e+02  comp= 2.7529e+01 expr= 2.8920e+02 L+= 2.2860e-01 L-= 2.1207e-01  Keff= 8.00(min  7.99)  gmin=1.13e-01  floor=0.0e+00  |dM|=3.49e-04  step=1.00e+00
  it  747  L= 3.167244e+02  comp= 2.7529e+01 expr= 2.8920e+02 L+= 2.2914e-01 L-= 2.1256e-01  Keff= 8.00(min  7.99)  gmin=1.13e-01  floor=0.0e+00  |dM|=3.49e-04  step=1.00e+00
  it  748  L= 3.167167e+02  comp= 2.7529e+01 expr= 2.8919e+02 L+= 2.2967e-01 L-= 2.1306e-01  Keff= 8.00(min  7.99)  gmin=1.13e-01  floor=0.0e+00  |dM|=3.50e-04  step=1.00e+00
  it  749  L= 3.167090e+02  comp= 2.7529e+01 expr= 2.8918e+02 L+= 2.3021e-01 L-= 2.1356e-01  Keff= 8.00(min  7.99)  gmin=1.13e-01  floor=0.0e+00  |dM|=3.51e-04  step=1.00e+00
  it  750  L= 3.167012e+02  comp= 2.7529e+01 expr= 2.8917e+02 L+= 2.3076e-01 L-= 2.1405e-01  Keff= 8.00(min  7.99)  gmin=1.13e-01  floor=0.0e+00  |dM|=3.52e-04  step=1.00e+00
  it  751  L= 3.166934e+02  comp= 2.7529e+01 expr= 2.8916e+02 L+= 2.3130e-01 L-= 2.1455e-01  Keff= 8.00(min  7.99)  gmin=1.13e-01  floor=0.0e+00  |dM|=3.52e-04  step=1.00e+00
  it  752  L= 3.166856e+02  comp= 2.7529e+01 expr= 2.8916e+02 L+= 2.3185e-01 L-= 2.1506e-01  Keff= 8.00(min  7.99)  gmin=1.13e-01  floor=0.0e+00  |dM|=3.53e-04  step=1.00e+00
  it  753  L= 3.166778e+02  comp= 2.7529e+01 expr= 2.8915e+02 L+= 2.3239e-01 L-= 2.1557e-01  Keff= 8.00(min  7.99)  gmin=1.13e-01  floor=0.0e+00  |dM|=3.54e-04  step=1.00e+00
  it  754  L= 3.166699e+02  comp= 2.7529e+01 expr= 2.8914e+02 L+= 2.3294e-01 L-= 2.1607e-01  Keff= 8.00(min  7.99)  gmin=1.13e-01  floor=0.0e+00  |dM|=3.55e-04  step=1.00e+00
  it  755  L= 3.166620e+02  comp= 2.7529e+01 expr= 2.8913e+02 L+= 2.3349e-01 L-= 2.1658e-01  Keff= 8.00(min  7.99)  gmin=1.13e-01  floor=0.0e+00  |dM|=3.55e-04  step=1.00e+00
  it  756  L= 3.166541e+02  comp= 2.7529e+01 expr= 2.8913e+02 L+= 2.3404e-01 L-= 2.1709e-01  Keff= 8.00(min  7.99)  gmin=1.13e-01  floor=0.0e+00  |dM|=3.56e-04  step=1.00e+00
  it  757  L= 3.166461e+02  comp= 2.7529e+01 expr= 2.8912e+02 L+= 2.3460e-01 L-= 2.1760e-01  Keff= 8.00(min  7.99)  gmin=1.13e-01  floor=0.0e+00  |dM|=3.57e-04  step=1.00e+00
  it  758  L= 3.166382e+02  comp= 2.7528e+01 expr= 2.8911e+02 L+= 2.3515e-01 L-= 2.1811e-01  Keff= 8.00(min  7.99)  gmin=1.13e-01  floor=0.0e+00  |dM|=3.58e-04  step=1.00e+00
  it  759  L= 3.166301e+02  comp= 2.7528e+01 expr= 2.8910e+02 L+= 2.3571e-01 L-= 2.1863e-01  Keff= 8.00(min  7.99)  gmin=1.13e-01  floor=0.0e+00  |dM|=3.58e-04  step=1.00e+00
  it  760  L= 3.166220e+02  comp= 2.7528e+01 expr= 2.8909e+02 L+= 2.3627e-01 L-= 2.1914e-01  Keff= 8.00(min  7.99)  gmin=1.13e-01  floor=0.0e+00  |dM|=3.59e-04  step=1.00e+00
  it  761  L= 3.166140e+02  comp= 2.7528e+01 expr= 2.8909e+02 L+= 2.3683e-01 L-= 2.1966e-01  Keff= 8.00(min  7.99)  gmin=1.13e-01  floor=0.0e+00  |dM|=3.60e-04  step=1.00e+00
  it  762  L= 3.166059e+02  comp= 2.7528e+01 expr= 2.8908e+02 L+= 2.3740e-01 L-= 2.2018e-01  Keff= 8.00(min  7.99)  gmin=1.13e-01  floor=0.0e+00  |dM|=3.61e-04  step=1.00e+00
  it  763  L= 3.165978e+02  comp= 2.7528e+01 expr= 2.8907e+02 L+= 2.3796e-01 L-= 2.2070e-01  Keff= 8.00(min  7.99)  gmin=1.13e-01  floor=0.0e+00  |dM|=3.61e-04  step=1.00e+00
  it  764  L= 3.165896e+02  comp= 2.7528e+01 expr= 2.8906e+02 L+= 2.3853e-01 L-= 2.2123e-01  Keff= 8.00(min  7.99)  gmin=1.13e-01  floor=0.0e+00  |dM|=3.62e-04  step=1.00e+00
  it  765  L= 3.165814e+02  comp= 2.7528e+01 expr= 2.8905e+02 L+= 2.3910e-01 L-= 2.2175e-01  Keff= 8.00(min  7.99)  gmin=1.13e-01  floor=0.0e+00  |dM|=3.63e-04  step=1.00e+00
  it  766  L= 3.165732e+02  comp= 2.7528e+01 expr= 2.8904e+02 L+= 2.3967e-01 L-= 2.2228e-01  Keff= 8.00(min  7.99)  gmin=1.13e-01  floor=0.0e+00  |dM|=3.64e-04  step=1.00e+00
  it  767  L= 3.165649e+02  comp= 2.7528e+01 expr= 2.8904e+02 L+= 2.4024e-01 L-= 2.2281e-01  Keff= 8.00(min  7.99)  gmin=1.13e-01  floor=0.0e+00  |dM|=3.64e-04  step=1.00e+00
  it  768  L= 3.165566e+02  comp= 2.7528e+01 expr= 2.8903e+02 L+= 2.4082e-01 L-= 2.2334e-01  Keff= 8.00(min  7.99)  gmin=1.13e-01  floor=0.0e+00  |dM|=3.65e-04  step=1.00e+00
  it  769  L= 3.165483e+02  comp= 2.7528e+01 expr= 2.8902e+02 L+= 2.4140e-01 L-= 2.2387e-01  Keff= 8.00(min  7.99)  gmin=1.13e-01  floor=0.0e+00  |dM|=3.66e-04  step=1.00e+00
  it  770  L= 3.165399e+02  comp= 2.7528e+01 expr= 2.8901e+02 L+= 2.4197e-01 L-= 2.2440e-01  Keff= 8.00(min  7.99)  gmin=1.13e-01  floor=0.0e+00  |dM|=3.67e-04  step=1.00e+00
  it  771  L= 3.165316e+02  comp= 2.7528e+01 expr= 2.8900e+02 L+= 2.4255e-01 L-= 2.2494e-01  Keff= 8.00(min  7.99)  gmin=1.13e-01  floor=0.0e+00  |dM|=3.67e-04  step=1.00e+00
  it  772  L= 3.165232e+02  comp= 2.7528e+01 expr= 2.8900e+02 L+= 2.4314e-01 L-= 2.2547e-01  Keff= 8.00(min  7.99)  gmin=1.13e-01  floor=0.0e+00  |dM|=3.68e-04  step=1.00e+00
  it  773  L= 3.165147e+02  comp= 2.7528e+01 expr= 2.8899e+02 L+= 2.4372e-01 L-= 2.2601e-01  Keff= 8.00(min  7.99)  gmin=1.13e-01  floor=0.0e+00  |dM|=3.69e-04  step=1.00e+00
  it  774  L= 3.165063e+02  comp= 2.7528e+01 expr= 2.8898e+02 L+= 2.4431e-01 L-= 2.2656e-01  Keff= 8.00(min  7.99)  gmin=1.13e-01  floor=0.0e+00  |dM|=3.69e-04  step=1.00e+00
  it  775  L= 3.164977e+02  comp= 2.7528e+01 expr= 2.8897e+02 L+= 2.4489e-01 L-= 2.2710e-01  Keff= 8.00(min  7.99)  gmin=1.13e-01  floor=0.0e+00  |dM|=3.70e-04  step=1.00e+00
  it  776  L= 3.164892e+02  comp= 2.7528e+01 expr= 2.8896e+02 L+= 2.4548e-01 L-= 2.2764e-01  Keff= 8.00(min  7.99)  gmin=1.13e-01  floor=0.0e+00  |dM|=3.71e-04  step=1.00e+00
  it  777  L= 3.164806e+02  comp= 2.7528e+01 expr= 2.8895e+02 L+= 2.4607e-01 L-= 2.2818e-01  Keff= 8.00(min  7.99)  gmin=1.13e-01  floor=0.0e+00  |dM|=3.72e-04  step=1.00e+00
  it  778  L= 3.164720e+02  comp= 2.7528e+01 expr= 2.8894e+02 L+= 2.4667e-01 L-= 2.2873e-01  Keff= 8.00(min  7.99)  gmin=1.13e-01  floor=0.0e+00  |dM|=3.72e-04  step=1.00e+00
  it  779  L= 3.164634e+02  comp= 2.7528e+01 expr= 2.8894e+02 L+= 2.4726e-01 L-= 2.2928e-01  Keff= 8.00(min  7.99)  gmin=1.13e-01  floor=0.0e+00  |dM|=3.73e-04  step=1.00e+00
  it  780  L= 3.164547e+02  comp= 2.7528e+01 expr= 2.8893e+02 L+= 2.4786e-01 L-= 2.2984e-01  Keff= 8.00(min  7.99)  gmin=1.13e-01  floor=0.0e+00  |dM|=3.74e-04  step=1.00e+00
  it  781  L= 3.164460e+02  comp= 2.7528e+01 expr= 2.8892e+02 L+= 2.4846e-01 L-= 2.3039e-01  Keff= 8.00(min  7.99)  gmin=1.13e-01  floor=0.0e+00  |dM|=3.74e-04  step=1.00e+00
  it  782  L= 3.164373e+02  comp= 2.7528e+01 expr= 2.8891e+02 L+= 2.4906e-01 L-= 2.3094e-01  Keff= 8.00(min  7.99)  gmin=1.13e-01  floor=0.0e+00  |dM|=3.75e-04  step=1.00e+00
  it  783  L= 3.164285e+02  comp= 2.7528e+01 expr= 2.8890e+02 L+= 2.4966e-01 L-= 2.3150e-01  Keff= 8.00(min  7.99)  gmin=1.13e-01  floor=0.0e+00  |dM|=3.76e-04  step=1.00e+00
  it  784  L= 3.164198e+02  comp= 2.7527e+01 expr= 2.8889e+02 L+= 2.5027e-01 L-= 2.3206e-01  Keff= 8.00(min  7.99)  gmin=1.13e-01  floor=0.0e+00  |dM|=3.77e-04  step=1.00e+00
  it  785  L= 3.164109e+02  comp= 2.7527e+01 expr= 2.8888e+02 L+= 2.5088e-01 L-= 2.3262e-01  Keff= 8.00(min  7.99)  gmin=1.13e-01  floor=0.0e+00  |dM|=3.77e-04  step=1.00e+00
  it  786  L= 3.164021e+02  comp= 2.7527e+01 expr= 2.8887e+02 L+= 2.5149e-01 L-= 2.3318e-01  Keff= 8.00(min  7.99)  gmin=1.13e-01  floor=0.0e+00  |dM|=3.78e-04  step=1.00e+00
  it  787  L= 3.163932e+02  comp= 2.7527e+01 expr= 2.8887e+02 L+= 2.5210e-01 L-= 2.3374e-01  Keff= 8.00(min  7.99)  gmin=1.13e-01  floor=0.0e+00  |dM|=3.79e-04  step=1.00e+00
  it  788  L= 3.163843e+02  comp= 2.7527e+01 expr= 2.8886e+02 L+= 2.5271e-01 L-= 2.3431e-01  Keff= 8.00(min  7.99)  gmin=1.13e-01  floor=0.0e+00  |dM|=3.79e-04  step=1.00e+00
  it  789  L= 3.163753e+02  comp= 2.7527e+01 expr= 2.8885e+02 L+= 2.5333e-01 L-= 2.3488e-01  Keff= 8.00(min  7.99)  gmin=1.13e-01  floor=0.0e+00  |dM|=3.80e-04  step=1.00e+00
  it  790  L= 3.163663e+02  comp= 2.7527e+01 expr= 2.8884e+02 L+= 2.5394e-01 L-= 2.3545e-01  Keff= 8.00(min  7.99)  gmin=1.13e-01  floor=0.0e+00  |dM|=3.81e-04  step=1.00e+00
  it  791  L= 3.163573e+02  comp= 2.7527e+01 expr= 2.8883e+02 L+= 2.5456e-01 L-= 2.3602e-01  Keff= 8.00(min  7.99)  gmin=1.13e-01  floor=0.0e+00  |dM|=3.81e-04  step=1.00e+00
  it  792  L= 3.163483e+02  comp= 2.7527e+01 expr= 2.8882e+02 L+= 2.5518e-01 L-= 2.3659e-01  Keff= 8.00(min  7.99)  gmin=1.13e-01  floor=0.0e+00  |dM|=3.82e-04  step=1.00e+00
  it  793  L= 3.163392e+02  comp= 2.7527e+01 expr= 2.8881e+02 L+= 2.5581e-01 L-= 2.3716e-01  Keff= 8.00(min  7.99)  gmin=1.13e-01  floor=0.0e+00  |dM|=3.83e-04  step=1.00e+00
  it  794  L= 3.163300e+02  comp= 2.7527e+01 expr= 2.8880e+02 L+= 2.5643e-01 L-= 2.3774e-01  Keff= 8.00(min  7.99)  gmin=1.13e-01  floor=0.0e+00  |dM|=3.83e-04  step=1.00e+00
  it  795  L= 3.163209e+02  comp= 2.7527e+01 expr= 2.8879e+02 L+= 2.5706e-01 L-= 2.3832e-01  Keff= 8.00(min  7.99)  gmin=1.13e-01  floor=0.0e+00  |dM|=3.84e-04  step=1.00e+00
  it  796  L= 3.163117e+02  comp= 2.7527e+01 expr= 2.8878e+02 L+= 2.5768e-01 L-= 2.3890e-01  Keff= 8.00(min  7.99)  gmin=1.13e-01  floor=0.0e+00  |dM|=3.85e-04  step=1.00e+00
  it  797  L= 3.163025e+02  comp= 2.7527e+01 expr= 2.8878e+02 L+= 2.5832e-01 L-= 2.3948e-01  Keff= 8.00(min  7.99)  gmin=1.13e-01  floor=0.0e+00  |dM|=3.86e-04  step=1.00e+00
  it  798  L= 3.162933e+02  comp= 2.7527e+01 expr= 2.8877e+02 L+= 2.5895e-01 L-= 2.4007e-01  Keff= 8.00(min  7.99)  gmin=1.13e-01  floor=0.0e+00  |dM|=3.86e-04  step=1.00e+00
  it  799  L= 3.162840e+02  comp= 2.7527e+01 expr= 2.8876e+02 L+= 2.5958e-01 L-= 2.4065e-01  Keff= 8.00(min  7.99)  gmin=1.13e-01  floor=0.0e+00  |dM|=3.87e-04  step=1.00e+00
  it  800  L= 3.162747e+02  comp= 2.7527e+01 expr= 2.8875e+02 L+= 2.6022e-01 L-= 2.4124e-01  Keff= 8.00(min  7.99)  gmin=1.13e-01  floor=0.0e+00  |dM|=3.88e-04  step=1.00e+00
  it  801  L= 3.162654e+02  comp= 2.7527e+01 expr= 2.8874e+02 L+= 2.6086e-01 L-= 2.4183e-01  Keff= 8.00(min  7.99)  gmin=1.13e-01  floor=0.0e+00  |dM|=3.88e-04  step=1.00e+00
  it  802  L= 3.162560e+02  comp= 2.7527e+01 expr= 2.8873e+02 L+= 2.6150e-01 L-= 2.4242e-01  Keff= 8.00(min  7.99)  gmin=1.13e-01  floor=0.0e+00  |dM|=3.89e-04  step=1.00e+00
  it  803  L= 3.162466e+02  comp= 2.7527e+01 expr= 2.8872e+02 L+= 2.6214e-01 L-= 2.4301e-01  Keff= 8.00(min  7.99)  gmin=1.13e-01  floor=0.0e+00  |dM|=3.90e-04  step=1.00e+00
  it  804  L= 3.162371e+02  comp= 2.7527e+01 expr= 2.8871e+02 L+= 2.6279e-01 L-= 2.4360e-01  Keff= 8.00(min  7.99)  gmin=1.13e-01  floor=0.0e+00  |dM|=3.90e-04  step=1.00e+00
  it  805  L= 3.162276e+02  comp= 2.7527e+01 expr= 2.8870e+02 L+= 2.6343e-01 L-= 2.4420e-01  Keff= 8.00(min  7.99)  gmin=1.13e-01  floor=0.0e+00  |dM|=3.91e-04  step=1.00e+00
  it  806  L= 3.162181e+02  comp= 2.7526e+01 expr= 2.8869e+02 L+= 2.6408e-01 L-= 2.4480e-01  Keff= 8.00(min  7.99)  gmin=1.13e-01  floor=0.0e+00  |dM|=3.92e-04  step=1.00e+00
  it  807  L= 3.162086e+02  comp= 2.7526e+01 expr= 2.8868e+02 L+= 2.6473e-01 L-= 2.4540e-01  Keff= 8.00(min  7.99)  gmin=1.13e-01  floor=0.0e+00  |dM|=3.92e-04  step=1.00e+00
  it  808  L= 3.161990e+02  comp= 2.7526e+01 expr= 2.8867e+02 L+= 2.6539e-01 L-= 2.4600e-01  Keff= 8.00(min  7.99)  gmin=1.13e-01  floor=0.0e+00  |dM|=3.93e-04  step=1.00e+00
  it  809  L= 3.161894e+02  comp= 2.7526e+01 expr= 2.8866e+02 L+= 2.6604e-01 L-= 2.4660e-01  Keff= 8.00(min  7.99)  gmin=1.13e-01  floor=0.0e+00  |dM|=3.94e-04  step=1.00e+00
  it  810  L= 3.161797e+02  comp= 2.7526e+01 expr= 2.8865e+02 L+= 2.6670e-01 L-= 2.4721e-01  Keff= 8.00(min  7.99)  gmin=1.13e-01  floor=0.0e+00  |dM|=3.94e-04  step=1.00e+00
  it  811  L= 3.161701e+02  comp= 2.7526e+01 expr= 2.8864e+02 L+= 2.6736e-01 L-= 2.4782e-01  Keff= 8.00(min  7.99)  gmin=1.13e-01  floor=0.0e+00  |dM|=3.95e-04  step=1.00e+00
  it  812  L= 3.161603e+02  comp= 2.7526e+01 expr= 2.8863e+02 L+= 2.6802e-01 L-= 2.4843e-01  Keff= 8.00(min  7.99)  gmin=1.13e-01  floor=0.0e+00  |dM|=3.96e-04  step=1.00e+00
  it  813  L= 3.161506e+02  comp= 2.7526e+01 expr= 2.8862e+02 L+= 2.6868e-01 L-= 2.4904e-01  Keff= 8.00(min  7.99)  gmin=1.13e-01  floor=0.0e+00  |dM|=3.96e-04  step=1.00e+00
  it  814  L= 3.161408e+02  comp= 2.7526e+01 expr= 2.8861e+02 L+= 2.6934e-01 L-= 2.4965e-01  Keff= 8.00(min  7.99)  gmin=1.13e-01  floor=0.0e+00  |dM|=3.97e-04  step=1.00e+00
  it  815  L= 3.161310e+02  comp= 2.7526e+01 expr= 2.8860e+02 L+= 2.7001e-01 L-= 2.5027e-01  Keff= 8.00(min  7.99)  gmin=1.13e-01  floor=0.0e+00  |dM|=3.98e-04  step=1.00e+00
  it  816  L= 3.161212e+02  comp= 2.7526e+01 expr= 2.8860e+02 L+= 2.7068e-01 L-= 2.5089e-01  Keff= 8.00(min  7.99)  gmin=1.13e-01  floor=0.0e+00  |dM|=3.98e-04  step=1.00e+00
  it  817  L= 3.161113e+02  comp= 2.7526e+01 expr= 2.8859e+02 L+= 2.7135e-01 L-= 2.5151e-01  Keff= 8.00(min  7.99)  gmin=1.13e-01  floor=0.0e+00  |dM|=3.99e-04  step=1.00e+00
  it  818  L= 3.161013e+02  comp= 2.7526e+01 expr= 2.8858e+02 L+= 2.7202e-01 L-= 2.5213e-01  Keff= 8.00(min  7.99)  gmin=1.13e-01  floor=0.0e+00  |dM|=4.00e-04  step=1.00e+00
  it  819  L= 3.160914e+02  comp= 2.7526e+01 expr= 2.8857e+02 L+= 2.7270e-01 L-= 2.5275e-01  Keff= 8.00(min  7.99)  gmin=1.13e-01  floor=0.0e+00  |dM|=4.00e-04  step=1.00e+00
  it  820  L= 3.160814e+02  comp= 2.7526e+01 expr= 2.8856e+02 L+= 2.7338e-01 L-= 2.5337e-01  Keff= 8.00(min  7.99)  gmin=1.13e-01  floor=0.0e+00  |dM|=4.01e-04  step=1.00e+00
  it  821  L= 3.160714e+02  comp= 2.7526e+01 expr= 2.8855e+02 L+= 2.7406e-01 L-= 2.5400e-01  Keff= 8.00(min  7.99)  gmin=1.13e-01  floor=0.0e+00  |dM|=4.02e-04  step=1.00e+00
  it  822  L= 3.160613e+02  comp= 2.7526e+01 expr= 2.8854e+02 L+= 2.7474e-01 L-= 2.5463e-01  Keff= 8.00(min  7.99)  gmin=1.13e-01  floor=0.0e+00  |dM|=4.02e-04  step=1.00e+00
  it  823  L= 3.160512e+02  comp= 2.7526e+01 expr= 2.8853e+02 L+= 2.7542e-01 L-= 2.5526e-01  Keff= 8.00(min  7.99)  gmin=1.13e-01  floor=0.0e+00  |dM|=4.03e-04  step=1.00e+00
  it  824  L= 3.160410e+02  comp= 2.7526e+01 expr= 2.8852e+02 L+= 2.7611e-01 L-= 2.5589e-01  Keff= 8.00(min  7.99)  gmin=1.13e-01  floor=0.0e+00  |dM|=4.04e-04  step=1.00e+00
  it  825  L= 3.160309e+02  comp= 2.7525e+01 expr= 2.8851e+02 L+= 2.7679e-01 L-= 2.5652e-01  Keff= 8.00(min  7.99)  gmin=1.13e-01  floor=0.0e+00  |dM|=4.04e-04  step=1.00e+00
  it  826  L= 3.160207e+02  comp= 2.7525e+01 expr= 2.8850e+02 L+= 2.7748e-01 L-= 2.5716e-01  Keff= 8.00(min  7.99)  gmin=1.13e-01  floor=0.0e+00  |dM|=4.05e-04  step=1.00e+00
  it  827  L= 3.160105e+02  comp= 2.7525e+01 expr= 2.8849e+02 L+= 2.7818e-01 L-= 2.5780e-01  Keff= 8.00(min  7.99)  gmin=1.13e-01  floor=0.0e+00  |dM|=4.06e-04  step=1.00e+00
  it  828  L= 3.160002e+02  comp= 2.7525e+01 expr= 2.8847e+02 L+= 2.7887e-01 L-= 2.5844e-01  Keff= 8.00(min  7.99)  gmin=1.13e-01  floor=0.0e+00  |dM|=4.06e-04  step=1.00e+00
  it  829  L= 3.159899e+02  comp= 2.7525e+01 expr= 2.8846e+02 L+= 2.7956e-01 L-= 2.5908e-01  Keff= 8.00(min  7.98)  gmin=1.13e-01  floor=0.0e+00  |dM|=4.07e-04  step=1.00e+00
  it  830  L= 3.159796e+02  comp= 2.7525e+01 expr= 2.8845e+02 L+= 2.8026e-01 L-= 2.5973e-01  Keff= 8.00(min  7.98)  gmin=1.13e-01  floor=0.0e+00  |dM|=4.08e-04  step=1.00e+00
  it  831  L= 3.159692e+02  comp= 2.7525e+01 expr= 2.8844e+02 L+= 2.8096e-01 L-= 2.6037e-01  Keff= 8.00(min  7.98)  gmin=1.13e-01  floor=0.0e+00  |dM|=4.08e-04  step=1.00e+00
  it  832  L= 3.159588e+02  comp= 2.7525e+01 expr= 2.8843e+02 L+= 2.8166e-01 L-= 2.6102e-01  Keff= 8.00(min  7.98)  gmin=1.13e-01  floor=0.0e+00  |dM|=4.09e-04  step=1.00e+00
  it  833  L= 3.159483e+02  comp= 2.7525e+01 expr= 2.8842e+02 L+= 2.8237e-01 L-= 2.6167e-01  Keff= 8.00(min  7.98)  gmin=1.13e-01  floor=0.0e+00  |dM|=4.10e-04  step=1.00e+00
  it  834  L= 3.159378e+02  comp= 2.7525e+01 expr= 2.8841e+02 L+= 2.8307e-01 L-= 2.6232e-01  Keff= 8.00(min  7.98)  gmin=1.13e-01  floor=0.0e+00  |dM|=4.10e-04  step=1.00e+00
  it  835  L= 3.159274e+02  comp= 2.7525e+01 expr= 2.8840e+02 L+= 2.8378e-01 L-= 2.6297e-01  Keff= 8.00(min  7.98)  gmin=1.13e-01  floor=0.0e+00  |dM|=4.11e-04  step=1.00e+00
  it  836  L= 3.159168e+02  comp= 2.7525e+01 expr= 2.8839e+02 L+= 2.8450e-01 L-= 2.6363e-01  Keff= 7.99(min  7.98)  gmin=1.13e-01  floor=0.0e+00  |dM|=4.12e-04  step=1.00e+00
  it  837  L= 3.159062e+02  comp= 2.7525e+01 expr= 2.8838e+02 L+= 2.8521e-01 L-= 2.6428e-01  Keff= 7.99(min  7.98)  gmin=1.13e-01  floor=0.0e+00  |dM|=4.12e-04  step=1.00e+00
  it  838  L= 3.158956e+02  comp= 2.7525e+01 expr= 2.8837e+02 L+= 2.8592e-01 L-= 2.6494e-01  Keff= 7.99(min  7.98)  gmin=1.13e-01  floor=0.0e+00  |dM|=4.13e-04  step=1.00e+00
  it  839  L= 3.158849e+02  comp= 2.7525e+01 expr= 2.8836e+02 L+= 2.8664e-01 L-= 2.6560e-01  Keff= 7.99(min  7.98)  gmin=1.13e-01  floor=0.0e+00  |dM|=4.14e-04  step=1.00e+00
  it  840  L= 3.158742e+02  comp= 2.7525e+01 expr= 2.8835e+02 L+= 2.8736e-01 L-= 2.6627e-01  Keff= 7.99(min  7.98)  gmin=1.13e-01  floor=0.0e+00  |dM|=4.14e-04  step=1.00e+00
  it  841  L= 3.158635e+02  comp= 2.7525e+01 expr= 2.8834e+02 L+= 2.8808e-01 L-= 2.6693e-01  Keff= 7.99(min  7.98)  gmin=1.13e-01  floor=0.0e+00  |dM|=4.15e-04  step=1.00e+00
  it  842  L= 3.158528e+02  comp= 2.7524e+01 expr= 2.8833e+02 L+= 2.8880e-01 L-= 2.6760e-01  Keff= 7.99(min  7.98)  gmin=1.13e-01  floor=0.0e+00  |dM|=4.16e-04  step=1.00e+00
  it  843  L= 3.158419e+02  comp= 2.7524e+01 expr= 2.8832e+02 L+= 2.8953e-01 L-= 2.6827e-01  Keff= 7.99(min  7.98)  gmin=1.13e-01  floor=0.0e+00  |dM|=4.16e-04  step=1.00e+00
  it  844  L= 3.158311e+02  comp= 2.7524e+01 expr= 2.8831e+02 L+= 2.9026e-01 L-= 2.6894e-01  Keff= 7.99(min  7.98)  gmin=1.13e-01  floor=0.0e+00  |dM|=4.17e-04  step=1.00e+00
  it  845  L= 3.158202e+02  comp= 2.7524e+01 expr= 2.8830e+02 L+= 2.9099e-01 L-= 2.6961e-01  Keff= 7.99(min  7.98)  gmin=1.13e-01  floor=0.0e+00  |dM|=4.18e-04  step=1.00e+00
  it  846  L= 3.158093e+02  comp= 2.7524e+01 expr= 2.8829e+02 L+= 2.9172e-01 L-= 2.7029e-01  Keff= 7.99(min  7.98)  gmin=1.13e-01  floor=0.0e+00  |dM|=4.18e-04  step=1.00e+00
  it  847  L= 3.157984e+02  comp= 2.7524e+01 expr= 2.8827e+02 L+= 2.9245e-01 L-= 2.7096e-01  Keff= 7.99(min  7.98)  gmin=1.13e-01  floor=0.0e+00  |dM|=4.19e-04  step=1.00e+00
  it  848  L= 3.157874e+02  comp= 2.7524e+01 expr= 2.8826e+02 L+= 2.9319e-01 L-= 2.7164e-01  Keff= 7.99(min  7.98)  gmin=1.13e-01  floor=0.0e+00  |dM|=4.20e-04  step=1.00e+00
  it  849  L= 3.157763e+02  comp= 2.7524e+01 expr= 2.8825e+02 L+= 2.9393e-01 L-= 2.7232e-01  Keff= 7.99(min  7.98)  gmin=1.13e-01  floor=0.0e+00  |dM|=4.20e-04  step=1.00e+00
  it  850  L= 3.157653e+02  comp= 2.7524e+01 expr= 2.8824e+02 L+= 2.9467e-01 L-= 2.7300e-01  Keff= 7.99(min  7.98)  gmin=1.13e-01  floor=0.0e+00  |dM|=4.21e-04  step=1.00e+00
  it  851  L= 3.157542e+02  comp= 2.7524e+01 expr= 2.8823e+02 L+= 2.9541e-01 L-= 2.7369e-01  Keff= 7.99(min  7.98)  gmin=1.13e-01  floor=0.0e+00  |dM|=4.22e-04  step=1.00e+00
  it  852  L= 3.157431e+02  comp= 2.7524e+01 expr= 2.8822e+02 L+= 2.9615e-01 L-= 2.7438e-01  Keff= 7.99(min  7.98)  gmin=1.13e-01  floor=0.0e+00  |dM|=4.22e-04  step=1.00e+00
  it  853  L= 3.157319e+02  comp= 2.7524e+01 expr= 2.8821e+02 L+= 2.9690e-01 L-= 2.7506e-01  Keff= 7.99(min  7.98)  gmin=1.13e-01  floor=0.0e+00  |dM|=4.23e-04  step=1.00e+00
  it  854  L= 3.157207e+02  comp= 2.7524e+01 expr= 2.8820e+02 L+= 2.9765e-01 L-= 2.7575e-01  Keff= 7.99(min  7.98)  gmin=1.13e-01  floor=0.0e+00  |dM|=4.24e-04  step=1.00e+00
  it  855  L= 3.157095e+02  comp= 2.7524e+01 expr= 2.8819e+02 L+= 2.9840e-01 L-= 2.7645e-01  Keff= 7.99(min  7.98)  gmin=1.13e-01  floor=0.0e+00  |dM|=4.25e-04  step=1.00e+00
  it  856  L= 3.156982e+02  comp= 2.7524e+01 expr= 2.8817e+02 L+= 2.9915e-01 L-= 2.7714e-01  Keff= 7.99(min  7.98)  gmin=1.13e-01  floor=0.0e+00  |dM|=4.25e-04  step=1.00e+00
  it  857  L= 3.156869e+02  comp= 2.7523e+01 expr= 2.8816e+02 L+= 2.9991e-01 L-= 2.7784e-01  Keff= 7.99(min  7.98)  gmin=1.13e-01  floor=0.0e+00  |dM|=4.26e-04  step=1.00e+00
  it  858  L= 3.156755e+02  comp= 2.7523e+01 expr= 2.8815e+02 L+= 3.0067e-01 L-= 2.7853e-01  Keff= 7.99(min  7.98)  gmin=1.13e-01  floor=0.0e+00  |dM|=4.27e-04  step=1.00e+00
  it  859  L= 3.156642e+02  comp= 2.7523e+01 expr= 2.8814e+02 L+= 3.0143e-01 L-= 2.7924e-01  Keff= 7.99(min  7.98)  gmin=1.13e-01  floor=0.0e+00  |dM|=4.27e-04  step=1.00e+00
  it  860  L= 3.156527e+02  comp= 2.7523e+01 expr= 2.8813e+02 L+= 3.0219e-01 L-= 2.7994e-01  Keff= 7.99(min  7.98)  gmin=1.13e-01  floor=0.0e+00  |dM|=4.28e-04  step=1.00e+00
  it  861  L= 3.156412e+02  comp= 2.7523e+01 expr= 2.8812e+02 L+= 3.0296e-01 L-= 2.8064e-01  Keff= 7.99(min  7.98)  gmin=1.13e-01  floor=0.0e+00  |dM|=4.29e-04  step=1.00e+00
  it  862  L= 3.156297e+02  comp= 2.7523e+01 expr= 2.8811e+02 L+= 3.0372e-01 L-= 2.8135e-01  Keff= 7.99(min  7.98)  gmin=1.13e-01  floor=0.0e+00  |dM|=4.29e-04  step=1.00e+00
  it  863  L= 3.156182e+02  comp= 2.7523e+01 expr= 2.8810e+02 L+= 3.0449e-01 L-= 2.8206e-01  Keff= 7.99(min  7.98)  gmin=1.13e-01  floor=0.0e+00  |dM|=4.30e-04  step=1.00e+00
  it  864  L= 3.156066e+02  comp= 2.7523e+01 expr= 2.8808e+02 L+= 3.0526e-01 L-= 2.8277e-01  Keff= 7.99(min  7.98)  gmin=1.13e-01  floor=0.0e+00  |dM|=4.31e-04  step=1.00e+00
  it  865  L= 3.155950e+02  comp= 2.7523e+01 expr= 2.8807e+02 L+= 3.0603e-01 L-= 2.8348e-01  Keff= 7.99(min  7.98)  gmin=1.13e-01  floor=0.0e+00  |dM|=4.32e-04  step=1.00e+00
  it  866  L= 3.155833e+02  comp= 2.7523e+01 expr= 2.8806e+02 L+= 3.0681e-01 L-= 2.8419e-01  Keff= 7.99(min  7.98)  gmin=1.13e-01  floor=0.0e+00  |dM|=4.32e-04  step=1.00e+00
  it  867  L= 3.155717e+02  comp= 2.7523e+01 expr= 2.8805e+02 L+= 3.0759e-01 L-= 2.8491e-01  Keff= 7.99(min  7.98)  gmin=1.13e-01  floor=0.0e+00  |dM|=4.33e-04  step=1.00e+00
  it  868  L= 3.155599e+02  comp= 2.7523e+01 expr= 2.8804e+02 L+= 3.0837e-01 L-= 2.8563e-01  Keff= 7.99(min  7.98)  gmin=1.13e-01  floor=0.0e+00  |dM|=4.34e-04  step=1.00e+00
  it  869  L= 3.155482e+02  comp= 2.7523e+01 expr= 2.8803e+02 L+= 3.0915e-01 L-= 2.8635e-01  Keff= 7.99(min  7.98)  gmin=1.13e-01  floor=0.0e+00  |dM|=4.34e-04  step=1.00e+00
  it  870  L= 3.155364e+02  comp= 2.7523e+01 expr= 2.8801e+02 L+= 3.0993e-01 L-= 2.8707e-01  Keff= 7.99(min  7.98)  gmin=1.13e-01  floor=0.0e+00  |dM|=4.35e-04  step=1.00e+00
  it  871  L= 3.155245e+02  comp= 2.7522e+01 expr= 2.8800e+02 L+= 3.1072e-01 L-= 2.8780e-01  Keff= 7.99(min  7.98)  gmin=1.13e-01  floor=0.0e+00  |dM|=4.36e-04  step=1.00e+00
  it  872  L= 3.155127e+02  comp= 2.7522e+01 expr= 2.8799e+02 L+= 3.1151e-01 L-= 2.8852e-01  Keff= 7.99(min  7.98)  gmin=1.13e-01  floor=0.0e+00  |dM|=4.36e-04  step=1.00e+00
  it  873  L= 3.155007e+02  comp= 2.7522e+01 expr= 2.8798e+02 L+= 3.1230e-01 L-= 2.8925e-01  Keff= 7.99(min  7.98)  gmin=1.13e-01  floor=0.0e+00  |dM|=4.37e-04  step=1.00e+00
  it  874  L= 3.154888e+02  comp= 2.7522e+01 expr= 2.8797e+02 L+= 3.1310e-01 L-= 2.8998e-01  Keff= 7.99(min  7.98)  gmin=1.13e-01  floor=0.0e+00  |dM|=4.38e-04  step=1.00e+00
  it  875  L= 3.154768e+02  comp= 2.7522e+01 expr= 2.8795e+02 L+= 3.1389e-01 L-= 2.9071e-01  Keff= 7.99(min  7.98)  gmin=1.13e-01  floor=0.0e+00  |dM|=4.39e-04  step=1.00e+00
  it  876  L= 3.154648e+02  comp= 2.7522e+01 expr= 2.8794e+02 L+= 3.1469e-01 L-= 2.9145e-01  Keff= 7.99(min  7.98)  gmin=1.13e-01  floor=0.0e+00  |dM|=4.39e-04  step=1.00e+00
  it  877  L= 3.154527e+02  comp= 2.7522e+01 expr= 2.8793e+02 L+= 3.1549e-01 L-= 2.9218e-01  Keff= 7.99(min  7.98)  gmin=1.13e-01  floor=0.0e+00  |dM|=4.40e-04  step=1.00e+00
  it  878  L= 3.154406e+02  comp= 2.7522e+01 expr= 2.8792e+02 L+= 3.1629e-01 L-= 2.9292e-01  Keff= 7.99(min  7.98)  gmin=1.13e-01  floor=0.0e+00  |dM|=4.41e-04  step=1.00e+00
  it  879  L= 3.154285e+02  comp= 2.7522e+01 expr= 2.8791e+02 L+= 3.1709e-01 L-= 2.9366e-01  Keff= 7.99(min  7.98)  gmin=1.13e-01  floor=0.0e+00  |dM|=4.42e-04  step=1.00e+00
  it  880  L= 3.154163e+02  comp= 2.7522e+01 expr= 2.8789e+02 L+= 3.1790e-01 L-= 2.9441e-01  Keff= 7.99(min  7.98)  gmin=1.13e-01  floor=0.0e+00  |dM|=4.42e-04  step=1.00e+00
  it  881  L= 3.154040e+02  comp= 2.7522e+01 expr= 2.8788e+02 L+= 3.1871e-01 L-= 2.9515e-01  Keff= 7.99(min  7.98)  gmin=1.13e-01  floor=0.0e+00  |dM|=4.43e-04  step=1.00e+00
  it  882  L= 3.153918e+02  comp= 2.7522e+01 expr= 2.8787e+02 L+= 3.1952e-01 L-= 2.9590e-01  Keff= 7.99(min  7.98)  gmin=1.13e-01  floor=0.0e+00  |dM|=4.44e-04  step=1.00e+00
  it  883  L= 3.153794e+02  comp= 2.7522e+01 expr= 2.8786e+02 L+= 3.2033e-01 L-= 2.9665e-01  Keff= 7.99(min  7.98)  gmin=1.13e-01  floor=0.0e+00  |dM|=4.44e-04  step=1.00e+00
  it  884  L= 3.153672e+02  comp= 2.7521e+01 expr= 2.8785e+02 L+= 3.2115e-01 L-= 2.9740e-01  Keff= 7.99(min  7.98)  gmin=1.13e-01  floor=0.0e+00  |dM|=4.45e-04  step=1.00e+00
  it  885  L= 3.153548e+02  comp= 2.7521e+01 expr= 2.8783e+02 L+= 3.2197e-01 L-= 2.9815e-01  Keff= 7.99(min  7.98)  gmin=1.13e-01  floor=0.0e+00  |dM|=4.46e-04  step=1.00e+00
  it  886  L= 3.153423e+02  comp= 2.7521e+01 expr= 2.8782e+02 L+= 3.2279e-01 L-= 2.9890e-01  Keff= 7.99(min  7.98)  gmin=1.13e-01  floor=0.0e+00  |dM|=4.47e-04  step=1.00e+00
  it  887  L= 3.153299e+02  comp= 2.7521e+01 expr= 2.8781e+02 L+= 3.2361e-01 L-= 2.9966e-01  Keff= 7.99(min  7.98)  gmin=1.13e-01  floor=0.0e+00  |dM|=4.47e-04  step=1.00e+00
  it  888  L= 3.153174e+02  comp= 2.7521e+01 expr= 2.8780e+02 L+= 3.2444e-01 L-= 3.0042e-01  Keff= 7.99(min  7.98)  gmin=1.13e-01  floor=0.0e+00  |dM|=4.48e-04  step=1.00e+00
  it  889  L= 3.153049e+02  comp= 2.7521e+01 expr= 2.8778e+02 L+= 3.2526e-01 L-= 3.0118e-01  Keff= 7.99(min  7.98)  gmin=1.13e-01  floor=0.0e+00  |dM|=4.49e-04  step=1.00e+00
  it  890  L= 3.152923e+02  comp= 2.7521e+01 expr= 2.8777e+02 L+= 3.2609e-01 L-= 3.0195e-01  Keff= 7.99(min  7.98)  gmin=1.13e-01  floor=0.0e+00  |dM|=4.50e-04  step=1.00e+00
  it  891  L= 3.152797e+02  comp= 2.7521e+01 expr= 2.8776e+02 L+= 3.2692e-01 L-= 3.0271e-01  Keff= 7.99(min  7.98)  gmin=1.13e-01  floor=0.0e+00  |dM|=4.50e-04  step=1.00e+00
  it  892  L= 3.152670e+02  comp= 2.7521e+01 expr= 2.8775e+02 L+= 3.2776e-01 L-= 3.0348e-01  Keff= 7.99(min  7.98)  gmin=1.13e-01  floor=0.0e+00  |dM|=4.51e-04  step=1.00e+00
  it  893  L= 3.152543e+02  comp= 2.7521e+01 expr= 2.8773e+02 L+= 3.2859e-01 L-= 3.0425e-01  Keff= 7.99(min  7.98)  gmin=1.13e-01  floor=0.0e+00  |dM|=4.52e-04  step=1.00e+00
  it  894  L= 3.152416e+02  comp= 2.7521e+01 expr= 2.8772e+02 L+= 3.2943e-01 L-= 3.0502e-01  Keff= 7.99(min  7.98)  gmin=1.13e-01  floor=0.0e+00  |dM|=4.53e-04  step=1.00e+00
  it  895  L= 3.152288e+02  comp= 2.7521e+01 expr= 2.8771e+02 L+= 3.3027e-01 L-= 3.0579e-01  Keff= 7.99(min  7.98)  gmin=1.13e-01  floor=0.0e+00  |dM|=4.53e-04  step=1.00e+00
  it  896  L= 3.152160e+02  comp= 2.7520e+01 expr= 2.8770e+02 L+= 3.3112e-01 L-= 3.0657e-01  Keff= 7.99(min  7.98)  gmin=1.13e-01  floor=0.0e+00  |dM|=4.54e-04  step=1.00e+00
  it  897  L= 3.152032e+02  comp= 2.7520e+01 expr= 2.8768e+02 L+= 3.3196e-01 L-= 3.0735e-01  Keff= 7.99(min  7.98)  gmin=1.13e-01  floor=0.0e+00  |dM|=4.55e-04  step=1.00e+00
  it  898  L= 3.151903e+02  comp= 2.7520e+01 expr= 2.8767e+02 L+= 3.3281e-01 L-= 3.0813e-01  Keff= 7.99(min  7.98)  gmin=1.13e-01  floor=0.0e+00  |dM|=4.56e-04  step=1.00e+00
  it  899  L= 3.151774e+02  comp= 2.7520e+01 expr= 2.8766e+02 L+= 3.3366e-01 L-= 3.0891e-01  Keff= 7.99(min  7.98)  gmin=1.13e-01  floor=0.0e+00  |dM|=4.56e-04  step=1.00e+00
  it  900  L= 3.151644e+02  comp= 2.7520e+01 expr= 2.8764e+02 L+= 3.3451e-01 L-= 3.0969e-01  Keff= 7.99(min  7.98)  gmin=1.13e-01  floor=0.0e+00  |dM|=4.57e-04  step=1.00e+00
  it  901  L= 3.151514e+02  comp= 2.7520e+01 expr= 2.8763e+02 L+= 3.3537e-01 L-= 3.1048e-01  Keff= 7.99(min  7.98)  gmin=1.13e-01  floor=0.0e+00  |dM|=4.58e-04  step=1.00e+00
  it  902  L= 3.151383e+02  comp= 2.7520e+01 expr= 2.8762e+02 L+= 3.3623e-01 L-= 3.1127e-01  Keff= 7.99(min  7.98)  gmin=1.13e-01  floor=0.0e+00  |dM|=4.59e-04  step=1.00e+00
  it  903  L= 3.151252e+02  comp= 2.7520e+01 expr= 2.8761e+02 L+= 3.3708e-01 L-= 3.1205e-01  Keff= 7.99(min  7.98)  gmin=1.13e-01  floor=0.0e+00  |dM|=4.59e-04  step=1.00e+00
  it  904  L= 3.151122e+02  comp= 2.7520e+01 expr= 2.8759e+02 L+= 3.3794e-01 L-= 3.1285e-01  Keff= 7.99(min  7.98)  gmin=1.13e-01  floor=0.0e+00  |dM|=4.60e-04  step=1.00e+00
  it  905  L= 3.150990e+02  comp= 2.7520e+01 expr= 2.8758e+02 L+= 3.3881e-01 L-= 3.1364e-01  Keff= 7.99(min  7.98)  gmin=1.13e-01  floor=0.0e+00  |dM|=4.61e-04  step=1.00e+00
  it  906  L= 3.150858e+02  comp= 2.7519e+01 expr= 2.8757e+02 L+= 3.3967e-01 L-= 3.1444e-01  Keff= 7.99(min  7.98)  gmin=1.13e-01  floor=0.0e+00  |dM|=4.62e-04  step=1.00e+00
  it  907  L= 3.150725e+02  comp= 2.7519e+01 expr= 2.8755e+02 L+= 3.4054e-01 L-= 3.1524e-01  Keff= 7.99(min  7.98)  gmin=1.13e-01  floor=0.0e+00  |dM|=4.62e-04  step=1.00e+00
  it  908  L= 3.150592e+02  comp= 2.7519e+01 expr= 2.8754e+02 L+= 3.4141e-01 L-= 3.1604e-01  Keff= 7.99(min  7.98)  gmin=1.13e-01  floor=0.0e+00  |dM|=4.63e-04  step=1.00e+00
  it  909  L= 3.150459e+02  comp= 2.7519e+01 expr= 2.8753e+02 L+= 3.4229e-01 L-= 3.1684e-01  Keff= 7.99(min  7.98)  gmin=1.13e-01  floor=0.0e+00  |dM|=4.64e-04  step=1.00e+00
  it  910  L= 3.150325e+02  comp= 2.7519e+01 expr= 2.8751e+02 L+= 3.4316e-01 L-= 3.1765e-01  Keff= 7.99(min  7.98)  gmin=1.13e-01  floor=0.0e+00  |dM|=4.65e-04  step=1.00e+00
  it  911  L= 3.150191e+02  comp= 2.7519e+01 expr= 2.8750e+02 L+= 3.4404e-01 L-= 3.1845e-01  Keff= 7.99(min  7.98)  gmin=1.13e-01  floor=0.0e+00  |dM|=4.65e-04  step=1.00e+00
  it  912  L= 3.150057e+02  comp= 2.7519e+01 expr= 2.8749e+02 L+= 3.4492e-01 L-= 3.1926e-01  Keff= 7.99(min  7.98)  gmin=1.13e-01  floor=0.0e+00  |dM|=4.66e-04  step=1.00e+00
  it  913  L= 3.149922e+02  comp= 2.7519e+01 expr= 2.8747e+02 L+= 3.4580e-01 L-= 3.2007e-01  Keff= 7.99(min  7.98)  gmin=1.13e-01  floor=0.0e+00  |dM|=4.67e-04  step=1.00e+00
  it  914  L= 3.149787e+02  comp= 2.7519e+01 expr= 2.8746e+02 L+= 3.4669e-01 L-= 3.2089e-01  Keff= 7.99(min  7.98)  gmin=1.13e-01  floor=0.0e+00  |dM|=4.68e-04  step=1.00e+00
  it  915  L= 3.149651e+02  comp= 2.7519e+01 expr= 2.8745e+02 L+= 3.4758e-01 L-= 3.2170e-01  Keff= 7.99(min  7.98)  gmin=1.13e-01  floor=0.0e+00  |dM|=4.68e-04  step=1.00e+00
  it  916  L= 3.149515e+02  comp= 2.7519e+01 expr= 2.8743e+02 L+= 3.4847e-01 L-= 3.2252e-01  Keff= 7.99(min  7.98)  gmin=1.13e-01  floor=0.0e+00  |dM|=4.69e-04  step=1.00e+00
  it  917  L= 3.149378e+02  comp= 2.7518e+01 expr= 2.8742e+02 L+= 3.4936e-01 L-= 3.2334e-01  Keff= 7.99(min  7.98)  gmin=1.13e-01  floor=0.0e+00  |dM|=4.70e-04  step=1.00e+00
  it  918  L= 3.149242e+02  comp= 2.7518e+01 expr= 2.8741e+02 L+= 3.5025e-01 L-= 3.2416e-01  Keff= 7.99(min  7.98)  gmin=1.13e-01  floor=0.0e+00  |dM|=4.71e-04  step=1.00e+00
  it  919  L= 3.149105e+02  comp= 2.7518e+01 expr= 2.8739e+02 L+= 3.5115e-01 L-= 3.2498e-01  Keff= 7.99(min  7.98)  gmin=1.13e-01  floor=0.0e+00  |dM|=4.71e-04  step=1.00e+00
  it  920  L= 3.148966e+02  comp= 2.7518e+01 expr= 2.8738e+02 L+= 3.5205e-01 L-= 3.2581e-01  Keff= 7.99(min  7.98)  gmin=1.13e-01  floor=0.0e+00  |dM|=4.72e-04  step=1.00e+00
  it  921  L= 3.148828e+02  comp= 2.7518e+01 expr= 2.8736e+02 L+= 3.5295e-01 L-= 3.2664e-01  Keff= 7.99(min  7.98)  gmin=1.13e-01  floor=0.0e+00  |dM|=4.73e-04  step=1.00e+00
  it  922  L= 3.148690e+02  comp= 2.7518e+01 expr= 2.8735e+02 L+= 3.5385e-01 L-= 3.2746e-01  Keff= 7.99(min  7.98)  gmin=1.13e-01  floor=0.0e+00  |dM|=4.74e-04  step=1.00e+00
  it  923  L= 3.148551e+02  comp= 2.7518e+01 expr= 2.8734e+02 L+= 3.5476e-01 L-= 3.2830e-01  Keff= 7.99(min  7.98)  gmin=1.13e-01  floor=0.0e+00  |dM|=4.74e-04  step=1.00e+00
  it  924  L= 3.148412e+02  comp= 2.7518e+01 expr= 2.8732e+02 L+= 3.5567e-01 L-= 3.2913e-01  Keff= 7.99(min  7.98)  gmin=1.13e-01  floor=0.0e+00  |dM|=4.75e-04  step=1.00e+00
  it  925  L= 3.148272e+02  comp= 2.7518e+01 expr= 2.8731e+02 L+= 3.5658e-01 L-= 3.2997e-01  Keff= 7.99(min  7.98)  gmin=1.13e-01  floor=0.0e+00  |dM|=4.76e-04  step=1.00e+00
  it  926  L= 3.148132e+02  comp= 2.7517e+01 expr= 2.8730e+02 L+= 3.5749e-01 L-= 3.3081e-01  Keff= 7.99(min  7.98)  gmin=1.13e-01  floor=0.0e+00  |dM|=4.77e-04  step=1.00e+00
  it  927  L= 3.147991e+02  comp= 2.7517e+01 expr= 2.8728e+02 L+= 3.5841e-01 L-= 3.3165e-01  Keff= 7.99(min  7.98)  gmin=1.13e-01  floor=0.0e+00  |dM|=4.77e-04  step=1.00e+00
  it  928  L= 3.147850e+02  comp= 2.7517e+01 expr= 2.8727e+02 L+= 3.5933e-01 L-= 3.3249e-01  Keff= 7.99(min  7.98)  gmin=1.13e-01  floor=0.0e+00  |dM|=4.78e-04  step=1.00e+00
  it  929  L= 3.147709e+02  comp= 2.7517e+01 expr= 2.8725e+02 L+= 3.6025e-01 L-= 3.3333e-01  Keff= 7.99(min  7.98)  gmin=1.13e-01  floor=0.0e+00  |dM|=4.79e-04  step=1.00e+00
  it  930  L= 3.147567e+02  comp= 2.7517e+01 expr= 2.8724e+02 L+= 3.6117e-01 L-= 3.3418e-01  Keff= 7.99(min  7.98)  gmin=1.13e-01  floor=0.0e+00  |dM|=4.80e-04  step=1.00e+00
  it  931  L= 3.147425e+02  comp= 2.7517e+01 expr= 2.8723e+02 L+= 3.6209e-01 L-= 3.3503e-01  Keff= 7.99(min  7.98)  gmin=1.13e-01  floor=0.0e+00  |dM|=4.80e-04  step=1.00e+00
  it  932  L= 3.147283e+02  comp= 2.7517e+01 expr= 2.8721e+02 L+= 3.6302e-01 L-= 3.3588e-01  Keff= 7.99(min  7.98)  gmin=1.13e-01  floor=0.0e+00  |dM|=4.81e-04  step=1.00e+00
  it  933  L= 3.147139e+02  comp= 2.7517e+01 expr= 2.8720e+02 L+= 3.6395e-01 L-= 3.3674e-01  Keff= 7.99(min  7.98)  gmin=1.13e-01  floor=0.0e+00  |dM|=4.82e-04  step=1.00e+00
  it  934  L= 3.146996e+02  comp= 2.7517e+01 expr= 2.8718e+02 L+= 3.6488e-01 L-= 3.3759e-01  Keff= 7.99(min  7.98)  gmin=1.13e-01  floor=0.0e+00  |dM|=4.82e-04  step=1.00e+00
  it  935  L= 3.146852e+02  comp= 2.7516e+01 expr= 2.8717e+02 L+= 3.6582e-01 L-= 3.3845e-01  Keff= 7.99(min  7.98)  gmin=1.13e-01  floor=0.0e+00  |dM|=4.83e-04  step=1.00e+00
  it  936  L= 3.146708e+02  comp= 2.7516e+01 expr= 2.8715e+02 L+= 3.6675e-01 L-= 3.3931e-01  Keff= 7.99(min  7.98)  gmin=1.13e-01  floor=0.0e+00  |dM|=4.84e-04  step=1.00e+00
  it  937  L= 3.146563e+02  comp= 2.7516e+01 expr= 2.8714e+02 L+= 3.6769e-01 L-= 3.4017e-01  Keff= 7.99(min  7.98)  gmin=1.13e-01  floor=0.0e+00  |dM|=4.85e-04  step=1.00e+00
  it  938  L= 3.146418e+02  comp= 2.7516e+01 expr= 2.8713e+02 L+= 3.6863e-01 L-= 3.4103e-01  Keff= 7.99(min  7.98)  gmin=1.13e-01  floor=0.0e+00  |dM|=4.85e-04  step=1.00e+00
  it  939  L= 3.146273e+02  comp= 2.7516e+01 expr= 2.8711e+02 L+= 3.6958e-01 L-= 3.4190e-01  Keff= 7.99(min  7.98)  gmin=1.13e-01  floor=0.0e+00  |dM|=4.86e-04  step=1.00e+00
  it  940  L= 3.146127e+02  comp= 2.7516e+01 expr= 2.8710e+02 L+= 3.7052e-01 L-= 3.4277e-01  Keff= 7.99(min  7.98)  gmin=1.13e-01  floor=0.0e+00  |dM|=4.87e-04  step=1.00e+00
  it  941  L= 3.145981e+02  comp= 2.7516e+01 expr= 2.8708e+02 L+= 3.7147e-01 L-= 3.4364e-01  Keff= 7.99(min  7.98)  gmin=1.13e-01  floor=0.0e+00  |dM|=4.87e-04  step=1.00e+00
  it  942  L= 3.145834e+02  comp= 2.7516e+01 expr= 2.8707e+02 L+= 3.7242e-01 L-= 3.4451e-01  Keff= 7.99(min  7.98)  gmin=1.13e-01  floor=0.0e+00  |dM|=4.88e-04  step=1.00e+00
  it  943  L= 3.145687e+02  comp= 2.7516e+01 expr= 2.8705e+02 L+= 3.7338e-01 L-= 3.4538e-01  Keff= 7.99(min  7.98)  gmin=1.13e-01  floor=0.0e+00  |dM|=4.89e-04  step=1.00e+00
  it  944  L= 3.145539e+02  comp= 2.7515e+01 expr= 2.8704e+02 L+= 3.7433e-01 L-= 3.4626e-01  Keff= 7.99(min  7.98)  gmin=1.13e-01  floor=0.0e+00  |dM|=4.90e-04  step=1.00e+00
  it  945  L= 3.145391e+02  comp= 2.7515e+01 expr= 2.8702e+02 L+= 3.7529e-01 L-= 3.4714e-01  Keff= 7.99(min  7.98)  gmin=1.13e-01  floor=0.0e+00  |dM|=4.90e-04  step=1.00e+00
  it  946  L= 3.145243e+02  comp= 2.7515e+01 expr= 2.8701e+02 L+= 3.7625e-01 L-= 3.4802e-01  Keff= 7.99(min  7.98)  gmin=1.13e-01  floor=0.0e+00  |dM|=4.91e-04  step=1.00e+00
  it  947  L= 3.145094e+02  comp= 2.7515e+01 expr= 2.8699e+02 L+= 3.7722e-01 L-= 3.4890e-01  Keff= 7.99(min  7.98)  gmin=1.13e-01  floor=0.0e+00  |dM|=4.92e-04  step=1.00e+00
  it  948  L= 3.144945e+02  comp= 2.7515e+01 expr= 2.8698e+02 L+= 3.7818e-01 L-= 3.4979e-01  Keff= 7.99(min  7.98)  gmin=1.13e-01  floor=0.0e+00  |dM|=4.92e-04  step=1.00e+00
  it  949  L= 3.144795e+02  comp= 2.7515e+01 expr= 2.8696e+02 L+= 3.7915e-01 L-= 3.5068e-01  Keff= 7.99(min  7.98)  gmin=1.13e-01  floor=0.0e+00  |dM|=4.93e-04  step=1.00e+00
  it  950  L= 3.144645e+02  comp= 2.7515e+01 expr= 2.8695e+02 L+= 3.8012e-01 L-= 3.5157e-01  Keff= 7.99(min  7.98)  gmin=1.13e-01  floor=0.0e+00  |dM|=4.94e-04  step=1.00e+00
  it  951  L= 3.144495e+02  comp= 2.7515e+01 expr= 2.8693e+02 L+= 3.8109e-01 L-= 3.5246e-01  Keff= 7.99(min  7.97)  gmin=1.13e-01  floor=0.0e+00  |dM|=4.94e-04  step=1.00e+00
  it  952  L= 3.144344e+02  comp= 2.7514e+01 expr= 2.8692e+02 L+= 3.8207e-01 L-= 3.5335e-01  Keff= 7.99(min  7.97)  gmin=1.13e-01  floor=0.0e+00  |dM|=4.95e-04  step=1.00e+00
  it  953  L= 3.144193e+02  comp= 2.7514e+01 expr= 2.8690e+02 L+= 3.8304e-01 L-= 3.5425e-01  Keff= 7.99(min  7.97)  gmin=1.13e-01  floor=0.0e+00  |dM|=4.96e-04  step=1.00e+00
  it  954  L= 3.144041e+02  comp= 2.7514e+01 expr= 2.8689e+02 L+= 3.8402e-01 L-= 3.5514e-01  Keff= 7.99(min  7.97)  gmin=1.13e-01  floor=0.0e+00  |dM|=4.96e-04  step=1.00e+00
  it  955  L= 3.143889e+02  comp= 2.7514e+01 expr= 2.8687e+02 L+= 3.8500e-01 L-= 3.5604e-01  Keff= 7.99(min  7.97)  gmin=1.13e-01  floor=0.0e+00  |dM|=4.97e-04  step=1.00e+00
  it  956  L= 3.143736e+02  comp= 2.7514e+01 expr= 2.8686e+02 L+= 3.8599e-01 L-= 3.5695e-01  Keff= 7.99(min  7.97)  gmin=1.13e-01  floor=0.0e+00  |dM|=4.98e-04  step=1.00e+00
  it  957  L= 3.143583e+02  comp= 2.7514e+01 expr= 2.8684e+02 L+= 3.8698e-01 L-= 3.5785e-01  Keff= 7.99(min  7.97)  gmin=1.13e-01  floor=0.0e+00  |dM|=4.98e-04  step=1.00e+00
  it  958  L= 3.143430e+02  comp= 2.7514e+01 expr= 2.8683e+02 L+= 3.8797e-01 L-= 3.5876e-01  Keff= 7.99(min  7.97)  gmin=1.13e-01  floor=0.0e+00  |dM|=4.99e-04  step=1.00e+00
  it  959  L= 3.143276e+02  comp= 2.7514e+01 expr= 2.8681e+02 L+= 3.8896e-01 L-= 3.5966e-01  Keff= 7.99(min  7.97)  gmin=1.13e-01  floor=0.0e+00  |dM|=4.99e-04  step=1.00e+00
  it  960  L= 3.143122e+02  comp= 2.7513e+01 expr= 2.8680e+02 L+= 3.8995e-01 L-= 3.6057e-01  Keff= 7.99(min  7.97)  gmin=1.13e-01  floor=0.0e+00  |dM|=5.00e-04  step=1.00e+00
  it  961  L= 3.142968e+02  comp= 2.7513e+01 expr= 2.8678e+02 L+= 3.9095e-01 L-= 3.6149e-01  Keff= 7.99(min  7.97)  gmin=1.13e-01  floor=0.0e+00  |dM|=5.01e-04  step=1.00e+00
  it  962  L= 3.142812e+02  comp= 2.7513e+01 expr= 2.8677e+02 L+= 3.9194e-01 L-= 3.6240e-01  Keff= 7.99(min  7.97)  gmin=1.13e-01  floor=0.0e+00  |dM|=5.01e-04  step=1.00e+00
  it  963  L= 3.142657e+02  comp= 2.7513e+01 expr= 2.8675e+02 L+= 3.9295e-01 L-= 3.6332e-01  Keff= 7.99(min  7.97)  gmin=1.13e-01  floor=0.0e+00  |dM|=5.02e-04  step=1.00e+00
  it  964  L= 3.142501e+02  comp= 2.7513e+01 expr= 2.8674e+02 L+= 3.9395e-01 L-= 3.6424e-01  Keff= 7.99(min  7.97)  gmin=1.13e-01  floor=0.0e+00  |dM|=5.02e-04  step=1.00e+00
  it  965  L= 3.142345e+02  comp= 2.7513e+01 expr= 2.8672e+02 L+= 3.9496e-01 L-= 3.6516e-01  Keff= 7.99(min  7.97)  gmin=1.13e-01  floor=0.0e+00  |dM|=5.03e-04  step=1.00e+00
  it  966  L= 3.142188e+02  comp= 2.7513e+01 expr= 2.8671e+02 L+= 3.9596e-01 L-= 3.6608e-01  Keff= 7.99(min  7.97)  gmin=1.13e-01  floor=0.0e+00  |dM|=5.03e-04  step=1.00e+00
  it  967  L= 3.142032e+02  comp= 2.7512e+01 expr= 2.8669e+02 L+= 3.9697e-01 L-= 3.6701e-01  Keff= 7.99(min  7.97)  gmin=1.13e-01  floor=0.0e+00  |dM|=5.04e-04  step=1.00e+00
  it  968  L= 3.141873e+02  comp= 2.7512e+01 expr= 2.8667e+02 L+= 3.9799e-01 L-= 3.6794e-01  Keff= 7.99(min  7.97)  gmin=1.13e-01  floor=0.0e+00  |dM|=5.05e-04  step=1.00e+00
  it  969  L= 3.141716e+02  comp= 2.7512e+01 expr= 2.8666e+02 L+= 3.9900e-01 L-= 3.6887e-01  Keff= 7.99(min  7.97)  gmin=1.13e-01  floor=0.0e+00  |dM|=5.05e-04  step=1.00e+00
  it  970  L= 3.141558e+02  comp= 2.7512e+01 expr= 2.8664e+02 L+= 4.0002e-01 L-= 3.6980e-01  Keff= 7.99(min  7.97)  gmin=1.13e-01  floor=0.0e+00  |dM|=5.06e-04  step=1.00e+00
  it  971  L= 3.141399e+02  comp= 2.7512e+01 expr= 2.8663e+02 L+= 4.0104e-01 L-= 3.7073e-01  Keff= 7.99(min  7.97)  gmin=1.13e-01  floor=0.0e+00  |dM|=5.06e-04  step=1.00e+00
  it  972  L= 3.141239e+02  comp= 2.7512e+01 expr= 2.8661e+02 L+= 4.0206e-01 L-= 3.7167e-01  Keff= 7.99(min  7.97)  gmin=1.13e-01  floor=0.0e+00  |dM|=5.07e-04  step=1.00e+00
  it  973  L= 3.141080e+02  comp= 2.7512e+01 expr= 2.8660e+02 L+= 4.0309e-01 L-= 3.7260e-01  Keff= 7.99(min  7.97)  gmin=1.13e-01  floor=0.0e+00  |dM|=5.07e-04  step=1.00e+00
  it  974  L= 3.140920e+02  comp= 2.7512e+01 expr= 2.8658e+02 L+= 4.0412e-01 L-= 3.7354e-01  Keff= 7.99(min  7.97)  gmin=1.13e-01  floor=0.0e+00  |dM|=5.08e-04  step=1.00e+00
  it  975  L= 3.140760e+02  comp= 2.7511e+01 expr= 2.8656e+02 L+= 4.0515e-01 L-= 3.7448e-01  Keff= 7.99(min  7.97)  gmin=1.13e-01  floor=0.0e+00  |dM|=5.08e-04  step=1.00e+00
  it  976  L= 3.140599e+02  comp= 2.7511e+01 expr= 2.8655e+02 L+= 4.0618e-01 L-= 3.7543e-01  Keff= 7.99(min  7.97)  gmin=1.13e-01  floor=0.0e+00  |dM|=5.09e-04  step=1.00e+00
  it  977  L= 3.140438e+02  comp= 2.7511e+01 expr= 2.8653e+02 L+= 4.0721e-01 L-= 3.7637e-01  Keff= 7.99(min  7.97)  gmin=1.13e-01  floor=0.0e+00  |dM|=5.09e-04  step=1.00e+00
  it  978  L= 3.140276e+02  comp= 2.7511e+01 expr= 2.8652e+02 L+= 4.0825e-01 L-= 3.7732e-01  Keff= 7.99(min  7.97)  gmin=1.13e-01  floor=0.0e+00  |dM|=5.10e-04  step=1.00e+00
  it  979  L= 3.140114e+02  comp= 2.7511e+01 expr= 2.8650e+02 L+= 4.0929e-01 L-= 3.7827e-01  Keff= 7.99(min  7.97)  gmin=1.13e-01  floor=0.0e+00  |dM|=5.10e-04  step=1.00e+00
  it  980  L= 3.139951e+02  comp= 2.7511e+01 expr= 2.8648e+02 L+= 4.1033e-01 L-= 3.7923e-01  Keff= 7.99(min  7.97)  gmin=1.13e-01  floor=0.0e+00  |dM|=5.11e-04  step=1.00e+00
  it  981  L= 3.139788e+02  comp= 2.7511e+01 expr= 2.8647e+02 L+= 4.1137e-01 L-= 3.8018e-01  Keff= 7.99(min  7.97)  gmin=1.13e-01  floor=0.0e+00  |dM|=5.11e-04  step=1.00e+00
  it  982  L= 3.139625e+02  comp= 2.7510e+01 expr= 2.8645e+02 L+= 4.1242e-01 L-= 3.8113e-01  Keff= 7.99(min  7.97)  gmin=1.13e-01  floor=0.0e+00  |dM|=5.11e-04  step=1.00e+00
  it  983  L= 3.139461e+02  comp= 2.7510e+01 expr= 2.8644e+02 L+= 4.1347e-01 L-= 3.8209e-01  Keff= 7.99(min  7.97)  gmin=1.13e-01  floor=0.0e+00  |dM|=5.12e-04  step=1.00e+00
  it  984  L= 3.139297e+02  comp= 2.7510e+01 expr= 2.8642e+02 L+= 4.1452e-01 L-= 3.8305e-01  Keff= 7.99(min  7.97)  gmin=1.13e-01  floor=0.0e+00  |dM|=5.12e-04  step=1.00e+00
  it  985  L= 3.139133e+02  comp= 2.7510e+01 expr= 2.8640e+02 L+= 4.1557e-01 L-= 3.8402e-01  Keff= 7.99(min  7.97)  gmin=1.13e-01  floor=0.0e+00  |dM|=5.13e-04  step=1.00e+00
  it  986  L= 3.138967e+02  comp= 2.7510e+01 expr= 2.8639e+02 L+= 4.1663e-01 L-= 3.8498e-01  Keff= 7.99(min  7.97)  gmin=1.13e-01  floor=0.0e+00  |dM|=5.13e-04  step=1.00e+00
  it  987  L= 3.138802e+02  comp= 2.7510e+01 expr= 2.8637e+02 L+= 4.1769e-01 L-= 3.8595e-01  Keff= 7.99(min  7.97)  gmin=1.13e-01  floor=0.0e+00  |dM|=5.13e-04  step=1.00e+00
  it  988  L= 3.138636e+02  comp= 2.7509e+01 expr= 2.8635e+02 L+= 4.1875e-01 L-= 3.8692e-01  Keff= 7.99(min  7.97)  gmin=1.13e-01  floor=0.0e+00  |dM|=5.14e-04  step=1.00e+00
  it  989  L= 3.138470e+02  comp= 2.7509e+01 expr= 2.8634e+02 L+= 4.1981e-01 L-= 3.8789e-01  Keff= 7.99(min  7.97)  gmin=1.13e-01  floor=0.0e+00  |dM|=5.14e-04  step=1.00e+00
  it  990  L= 3.138304e+02  comp= 2.7509e+01 expr= 2.8632e+02 L+= 4.2087e-01 L-= 3.8886e-01  Keff= 7.99(min  7.97)  gmin=1.13e-01  floor=0.0e+00  |dM|=5.15e-04  step=1.00e+00
  it  991  L= 3.138137e+02  comp= 2.7509e+01 expr= 2.8630e+02 L+= 4.2194e-01 L-= 3.8983e-01  Keff= 7.99(min  7.97)  gmin=1.13e-01  floor=0.0e+00  |dM|=5.15e-04  step=1.00e+00
  it  992  L= 3.137969e+02  comp= 2.7509e+01 expr= 2.8629e+02 L+= 4.2301e-01 L-= 3.9081e-01  Keff= 7.99(min  7.97)  gmin=1.13e-01  floor=0.0e+00  |dM|=5.15e-04  step=1.00e+00
  it  993  L= 3.137802e+02  comp= 2.7509e+01 expr= 2.8627e+02 L+= 4.2408e-01 L-= 3.9179e-01  Keff= 7.99(min  7.97)  gmin=1.13e-01  floor=0.0e+00  |dM|=5.16e-04  step=1.00e+00
  it  994  L= 3.137634e+02  comp= 2.7508e+01 expr= 2.8625e+02 L+= 4.2516e-01 L-= 3.9277e-01  Keff= 7.99(min  7.97)  gmin=1.13e-01  floor=0.0e+00  |dM|=5.16e-04  step=1.00e+00
  it  995  L= 3.137464e+02  comp= 2.7508e+01 expr= 2.8624e+02 L+= 4.2623e-01 L-= 3.9376e-01  Keff= 7.99(min  7.97)  gmin=1.13e-01  floor=0.0e+00  |dM|=5.16e-04  step=1.00e+00
  it  996  L= 3.137296e+02  comp= 2.7508e+01 expr= 2.8622e+02 L+= 4.2731e-01 L-= 3.9474e-01  Keff= 7.99(min  7.97)  gmin=1.13e-01  floor=0.0e+00  |dM|=5.16e-04  step=1.00e+00
  it  997  L= 3.137126e+02  comp= 2.7508e+01 expr= 2.8620e+02 L+= 4.2840e-01 L-= 3.9573e-01  Keff= 7.99(min  7.97)  gmin=1.13e-01  floor=0.0e+00  |dM|=5.17e-04  step=1.00e+00
  it  998  L= 3.136956e+02  comp= 2.7508e+01 expr= 2.8619e+02 L+= 4.2948e-01 L-= 3.9672e-01  Keff= 7.99(min  7.97)  gmin=1.13e-01  floor=0.0e+00  |dM|=5.17e-04  step=1.00e+00
  it  999  L= 3.136786e+02  comp= 2.7508e+01 expr= 2.8617e+02 L+= 4.3057e-01 L-= 3.9771e-01  Keff= 7.99(min  7.97)  gmin=1.13e-01  floor=0.0e+00  |dM|=5.17e-04  step=1.00e+00
  it 1000  L= 3.136615e+02  comp= 2.7508e+01 expr= 2.8615e+02 L+= 4.3165e-01 L-= 3.9870e-01  Keff= 7.99(min  7.97)  gmin=1.13e-01  floor=0.0e+00  |dM|=5.18e-04  step=1.00e+00
  it 1001  L= 3.136444e+02  comp= 2.7507e+01 expr= 2.8614e+02 L+= 4.3274e-01 L-= 3.9970e-01  Keff= 7.99(min  7.97)  gmin=1.13e-01  floor=0.0e+00  |dM|=5.18e-04  step=1.00e+00
  it 1002  L= 3.136273e+02  comp= 2.7507e+01 expr= 2.8612e+02 L+= 4.3384e-01 L-= 4.0069e-01  Keff= 7.99(min  7.97)  gmin=1.13e-01  floor=0.0e+00  |dM|=5.18e-04  step=1.00e+00
  it 1003  L= 3.136100e+02  comp= 2.7507e+01 expr= 2.8610e+02 L+= 4.3493e-01 L-= 4.0169e-01  Keff= 7.99(min  7.97)  gmin=1.13e-01  floor=0.0e+00  |dM|=5.18e-04  step=1.00e+00
  it 1004  L= 3.135928e+02  comp= 2.7507e+01 expr= 2.8609e+02 L+= 4.3603e-01 L-= 4.0269e-01  Keff= 7.99(min  7.97)  gmin=1.13e-01  floor=0.0e+00  |dM|=5.19e-04  step=1.00e+00
  it 1005  L= 3.135756e+02  comp= 2.7507e+01 expr= 2.8607e+02 L+= 4.3713e-01 L-= 4.0370e-01  Keff= 7.99(min  7.97)  gmin=1.13e-01  floor=0.0e+00  |dM|=5.19e-04  step=1.00e+00
  it 1006  L= 3.135582e+02  comp= 2.7507e+01 expr= 2.8605e+02 L+= 4.3823e-01 L-= 4.0470e-01  Keff= 7.99(min  7.97)  gmin=1.13e-01  floor=0.0e+00  |dM|=5.19e-04  step=1.00e+00
  it 1007  L= 3.135409e+02  comp= 2.7506e+01 expr= 2.8603e+02 L+= 4.3934e-01 L-= 4.0571e-01  Keff= 7.99(min  7.97)  gmin=1.13e-01  floor=0.0e+00  |dM|=5.19e-04  step=1.00e+00
  it 1008  L= 3.135235e+02  comp= 2.7506e+01 expr= 2.8602e+02 L+= 4.4045e-01 L-= 4.0672e-01  Keff= 7.99(min  7.97)  gmin=1.13e-01  floor=0.0e+00  |dM|=5.19e-04  step=1.00e+00
  it 1009  L= 3.135061e+02  comp= 2.7506e+01 expr= 2.8600e+02 L+= 4.4156e-01 L-= 4.0773e-01  Keff= 7.99(min  7.97)  gmin=1.13e-01  floor=0.0e+00  |dM|=5.20e-04  step=1.00e+00
  it 1010  L= 3.134886e+02  comp= 2.7506e+01 expr= 2.8598e+02 L+= 4.4267e-01 L-= 4.0874e-01  Keff= 7.99(min  7.97)  gmin=1.13e-01  floor=0.0e+00  |dM|=5.20e-04  step=1.00e+00
  it 1011  L= 3.134711e+02  comp= 2.7506e+01 expr= 2.8597e+02 L+= 4.4378e-01 L-= 4.0976e-01  Keff= 7.99(min  7.97)  gmin=1.13e-01  floor=0.0e+00  |dM|=5.20e-04  step=1.00e+00
  it 1012  L= 3.134535e+02  comp= 2.7505e+01 expr= 2.8595e+02 L+= 4.4490e-01 L-= 4.1078e-01  Keff= 7.99(min  7.97)  gmin=1.13e-01  floor=0.0e+00  |dM|=5.20e-04  step=1.00e+00
  it 1013  L= 3.134359e+02  comp= 2.7505e+01 expr= 2.8593e+02 L+= 4.4601e-01 L-= 4.1180e-01  Keff= 7.99(min  7.97)  gmin=1.13e-01  floor=0.0e+00  |dM|=5.20e-04  step=1.00e+00
  it 1014  L= 3.134183e+02  comp= 2.7505e+01 expr= 2.8591e+02 L+= 4.4713e-01 L-= 4.1282e-01  Keff= 7.99(min  7.97)  gmin=1.13e-01  floor=0.0e+00  |dM|=5.20e-04  step=1.00e+00
  it 1015  L= 3.134006e+02  comp= 2.7505e+01 expr= 2.8590e+02 L+= 4.4826e-01 L-= 4.1384e-01  Keff= 7.99(min  7.97)  gmin=1.13e-01  floor=0.0e+00  |dM|=5.20e-04  step=1.00e+00
  it 1016  L= 3.133829e+02  comp= 2.7505e+01 expr= 2.8588e+02 L+= 4.4938e-01 L-= 4.1487e-01  Keff= 7.99(min  7.97)  gmin=1.13e-01  floor=0.0e+00  |dM|=5.20e-04  step=1.00e+00
  it 1017  L= 3.133651e+02  comp= 2.7505e+01 expr= 2.8586e+02 L+= 4.5051e-01 L-= 4.1589e-01  Keff= 7.99(min  7.97)  gmin=1.13e-01  floor=0.0e+00  |dM|=5.21e-04  step=1.00e+00
  it 1018  L= 3.133474e+02  comp= 2.7504e+01 expr= 2.8584e+02 L+= 4.5164e-01 L-= 4.1692e-01  Keff= 7.99(min  7.97)  gmin=1.13e-01  floor=0.0e+00  |dM|=5.21e-04  step=1.00e+00
  it 1019  L= 3.133295e+02  comp= 2.7504e+01 expr= 2.8583e+02 L+= 4.5277e-01 L-= 4.1795e-01  Keff= 7.99(min  7.97)  gmin=1.13e-01  floor=0.0e+00  |dM|=5.21e-04  step=1.00e+00
  it 1020  L= 3.133116e+02  comp= 2.7504e+01 expr= 2.8581e+02 L+= 4.5391e-01 L-= 4.1898e-01  Keff= 7.99(min  7.97)  gmin=1.13e-01  floor=0.0e+00  |dM|=5.21e-04  step=1.00e+00
  it 1021  L= 3.132937e+02  comp= 2.7504e+01 expr= 2.8579e+02 L+= 4.5504e-01 L-= 4.2002e-01  Keff= 7.99(min  7.97)  gmin=1.12e-01  floor=0.0e+00  |dM|=5.21e-04  step=1.00e+00
  it 1022  L= 3.132758e+02  comp= 2.7504e+01 expr= 2.8577e+02 L+= 4.5618e-01 L-= 4.2106e-01  Keff= 7.99(min  7.97)  gmin=1.12e-01  floor=0.0e+00  |dM|=5.21e-04  step=1.00e+00
  it 1023  L= 3.132578e+02  comp= 2.7503e+01 expr= 2.8575e+02 L+= 4.5732e-01 L-= 4.2209e-01  Keff= 7.99(min  7.97)  gmin=1.12e-01  floor=0.0e+00  |dM|=5.21e-04  step=1.00e+00
  it 1024  L= 3.132397e+02  comp= 2.7503e+01 expr= 2.8574e+02 L+= 4.5847e-01 L-= 4.2313e-01  Keff= 7.99(min  7.97)  gmin=1.12e-01  floor=0.0e+00  |dM|=5.21e-04  step=1.00e+00
  it 1025  L= 3.132216e+02  comp= 2.7503e+01 expr= 2.8572e+02 L+= 4.5961e-01 L-= 4.2418e-01  Keff= 7.99(min  7.97)  gmin=1.12e-01  floor=0.0e+00  |dM|=5.21e-04  step=1.00e+00
  it 1026  L= 3.132035e+02  comp= 2.7503e+01 expr= 2.8570e+02 L+= 4.6076e-01 L-= 4.2522e-01  Keff= 7.99(min  7.97)  gmin=1.12e-01  floor=0.0e+00  |dM|=5.21e-04  step=1.00e+00
  it 1027  L= 3.131854e+02  comp= 2.7503e+01 expr= 2.8568e+02 L+= 4.6191e-01 L-= 4.2627e-01  Keff= 7.99(min  7.97)  gmin=1.12e-01  floor=0.0e+00  |dM|=5.21e-04  step=1.00e+00
  it 1028  L= 3.131672e+02  comp= 2.7503e+01 expr= 2.8566e+02 L+= 4.6306e-01 L-= 4.2732e-01  Keff= 7.99(min  7.97)  gmin=1.12e-01  floor=0.0e+00  |dM|=5.21e-04  step=1.00e+00
  it 1029  L= 3.131489e+02  comp= 2.7502e+01 expr= 2.8565e+02 L+= 4.6422e-01 L-= 4.2836e-01  Keff= 7.99(min  7.97)  gmin=1.12e-01  floor=0.0e+00  |dM|=5.21e-04  step=1.00e+00
  it 1030  L= 3.131306e+02  comp= 2.7502e+01 expr= 2.8563e+02 L+= 4.6537e-01 L-= 4.2942e-01  Keff= 7.99(min  7.97)  gmin=1.12e-01  floor=0.0e+00  |dM|=5.21e-04  step=1.00e+00
  it 1031  L= 3.131124e+02  comp= 2.7502e+01 expr= 2.8561e+02 L+= 4.6653e-01 L-= 4.3047e-01  Keff= 7.99(min  7.97)  gmin=1.12e-01  floor=0.0e+00  |dM|=5.21e-04  step=1.00e+00
  it 1032  L= 3.130940e+02  comp= 2.7502e+01 expr= 2.8559e+02 L+= 4.6770e-01 L-= 4.3153e-01  Keff= 7.99(min  7.97)  gmin=1.12e-01  floor=0.0e+00  |dM|=5.21e-04  step=1.00e+00
  it 1033  L= 3.130756e+02  comp= 2.7502e+01 expr= 2.8557e+02 L+= 4.6886e-01 L-= 4.3259e-01  Keff= 7.99(min  7.97)  gmin=1.12e-01  floor=0.0e+00  |dM|=5.21e-04  step=1.00e+00
  it 1034  L= 3.130572e+02  comp= 2.7501e+01 expr= 2.8556e+02 L+= 4.7002e-01 L-= 4.3365e-01  Keff= 7.99(min  7.97)  gmin=1.12e-01  floor=0.0e+00  |dM|=5.21e-04  step=1.00e+00
  it 1035  L= 3.130387e+02  comp= 2.7501e+01 expr= 2.8554e+02 L+= 4.7119e-01 L-= 4.3471e-01  Keff= 7.99(min  7.97)  gmin=1.12e-01  floor=0.0e+00  |dM|=5.21e-04  step=1.00e+00
  it 1036  L= 3.130202e+02  comp= 2.7501e+01 expr= 2.8552e+02 L+= 4.7236e-01 L-= 4.3577e-01  Keff= 7.99(min  7.97)  gmin=1.12e-01  floor=0.0e+00  |dM|=5.21e-04  step=1.00e+00
  it 1037  L= 3.130016e+02  comp= 2.7501e+01 expr= 2.8550e+02 L+= 4.7354e-01 L-= 4.3684e-01  Keff= 7.99(min  7.97)  gmin=1.12e-01  floor=0.0e+00  |dM|=5.21e-04  step=1.00e+00
  it 1038  L= 3.129831e+02  comp= 2.7501e+01 expr= 2.8548e+02 L+= 4.7471e-01 L-= 4.3790e-01  Keff= 7.99(min  7.97)  gmin=1.12e-01  floor=0.0e+00  |dM|=5.21e-04  step=1.00e+00
  it 1039  L= 3.129644e+02  comp= 2.7500e+01 expr= 2.8546e+02 L+= 4.7589e-01 L-= 4.3897e-01  Keff= 7.99(min  7.97)  gmin=1.12e-01  floor=0.0e+00  |dM|=5.21e-04  step=1.00e+00
  it 1040  L= 3.129458e+02  comp= 2.7500e+01 expr= 2.8545e+02 L+= 4.7706e-01 L-= 4.4004e-01  Keff= 7.99(min  7.97)  gmin=1.12e-01  floor=0.0e+00  |dM|=5.21e-04  step=1.00e+00
  it 1041  L= 3.129270e+02  comp= 2.7500e+01 expr= 2.8543e+02 L+= 4.7825e-01 L-= 4.4112e-01  Keff= 7.99(min  7.97)  gmin=1.12e-01  floor=0.0e+00  |dM|=5.21e-04  step=1.00e+00
  it 1042  L= 3.129083e+02  comp= 2.7500e+01 expr= 2.8541e+02 L+= 4.7943e-01 L-= 4.4219e-01  Keff= 7.99(min  7.96)  gmin=1.12e-01  floor=0.0e+00  |dM|=5.21e-04  step=1.00e+00
  it 1043  L= 3.128896e+02  comp= 2.7500e+01 expr= 2.8539e+02 L+= 4.8061e-01 L-= 4.4327e-01  Keff= 7.99(min  7.96)  gmin=1.12e-01  floor=0.0e+00  |dM|=5.21e-04  step=1.00e+00
  it 1044  L= 3.128707e+02  comp= 2.7499e+01 expr= 2.8537e+02 L+= 4.8180e-01 L-= 4.4435e-01  Keff= 7.99(min  7.96)  gmin=1.12e-01  floor=0.0e+00  |dM|=5.21e-04  step=1.00e+00
  it 1045  L= 3.128518e+02  comp= 2.7499e+01 expr= 2.8535e+02 L+= 4.8300e-01 L-= 4.4543e-01  Keff= 7.99(min  7.96)  gmin=1.12e-01  floor=0.0e+00  |dM|=5.21e-04  step=1.00e+00
  it 1046  L= 3.128329e+02  comp= 2.7499e+01 expr= 2.8533e+02 L+= 4.8419e-01 L-= 4.4651e-01  Keff= 7.99(min  7.96)  gmin=1.12e-01  floor=0.0e+00  |dM|=5.21e-04  step=1.00e+00
  it 1047  L= 3.128140e+02  comp= 2.7499e+01 expr= 2.8532e+02 L+= 4.8538e-01 L-= 4.4759e-01  Keff= 7.99(min  7.96)  gmin=1.12e-01  floor=0.0e+00  |dM|=5.21e-04  step=1.00e+00
  it 1048  L= 3.127950e+02  comp= 2.7499e+01 expr= 2.8530e+02 L+= 4.8658e-01 L-= 4.4868e-01  Keff= 7.99(min  7.96)  gmin=1.12e-01  floor=0.0e+00  |dM|=5.21e-04  step=1.00e+00
  it 1049  L= 3.127760e+02  comp= 2.7498e+01 expr= 2.8528e+02 L+= 4.8778e-01 L-= 4.4977e-01  Keff= 7.99(min  7.96)  gmin=1.12e-01  floor=0.0e+00  |dM|=5.21e-04  step=1.00e+00
  it 1050  L= 3.127570e+02  comp= 2.7498e+01 expr= 2.8526e+02 L+= 4.8898e-01 L-= 4.5085e-01  Keff= 7.99(min  7.96)  gmin=1.12e-01  floor=0.0e+00  |dM|=5.21e-04  step=1.00e+00
  it 1051  L= 3.127378e+02  comp= 2.7498e+01 expr= 2.8524e+02 L+= 4.9018e-01 L-= 4.5195e-01  Keff= 7.99(min  7.96)  gmin=1.12e-01  floor=0.0e+00  |dM|=5.21e-04  step=1.00e+00
  it 1052  L= 3.127187e+02  comp= 2.7498e+01 expr= 2.8522e+02 L+= 4.9138e-01 L-= 4.5304e-01  Keff= 7.99(min  7.96)  gmin=1.12e-01  floor=0.0e+00  |dM|=5.21e-04  step=1.00e+00
  it 1053  L= 3.126995e+02  comp= 2.7497e+01 expr= 2.8520e+02 L+= 4.9259e-01 L-= 4.5413e-01  Keff= 7.99(min  7.96)  gmin=1.12e-01  floor=0.0e+00  |dM|=5.21e-04  step=1.00e+00
  it 1054  L= 3.126803e+02  comp= 2.7497e+01 expr= 2.8518e+02 L+= 4.9380e-01 L-= 4.5523e-01  Keff= 7.99(min  7.96)  gmin=1.12e-01  floor=0.0e+00  |dM|=5.21e-04  step=1.00e+00
  it 1055  L= 3.126611e+02  comp= 2.7497e+01 expr= 2.8516e+02 L+= 4.9501e-01 L-= 4.5633e-01  Keff= 7.99(min  7.96)  gmin=1.12e-01  floor=0.0e+00  |dM|=5.20e-04  step=1.00e+00
  it 1056  L= 3.126418e+02  comp= 2.7497e+01 expr= 2.8515e+02 L+= 4.9623e-01 L-= 4.5743e-01  Keff= 7.99(min  7.96)  gmin=1.12e-01  floor=0.0e+00  |dM|=5.20e-04  step=1.00e+00
  it 1057  L= 3.126225e+02  comp= 2.7497e+01 expr= 2.8513e+02 L+= 4.9744e-01 L-= 4.5853e-01  Keff= 7.99(min  7.96)  gmin=1.12e-01  floor=0.0e+00  |dM|=5.20e-04  step=1.00e+00
  it 1058  L= 3.126031e+02  comp= 2.7496e+01 expr= 2.8511e+02 L+= 4.9866e-01 L-= 4.5964e-01  Keff= 7.99(min  7.96)  gmin=1.12e-01  floor=0.0e+00  |dM|=5.20e-04  step=1.00e+00
  it 1059  L= 3.125837e+02  comp= 2.7496e+01 expr= 2.8509e+02 L+= 4.9988e-01 L-= 4.6074e-01  Keff= 7.99(min  7.96)  gmin=1.12e-01  floor=0.0e+00  |dM|=5.20e-04  step=1.00e+00
  it 1060  L= 3.125642e+02  comp= 2.7496e+01 expr= 2.8507e+02 L+= 5.0110e-01 L-= 4.6185e-01  Keff= 7.99(min  7.96)  gmin=1.12e-01  floor=0.0e+00  |dM|=5.20e-04  step=1.00e+00
  it 1061  L= 3.125448e+02  comp= 2.7496e+01 expr= 2.8505e+02 L+= 5.0233e-01 L-= 4.6296e-01  Keff= 7.99(min  7.96)  gmin=1.12e-01  floor=0.0e+00  |dM|=5.20e-04  step=1.00e+00
  it 1062  L= 3.125253e+02  comp= 2.7495e+01 expr= 2.8503e+02 L+= 5.0356e-01 L-= 4.6407e-01  Keff= 7.99(min  7.96)  gmin=1.12e-01  floor=0.0e+00  |dM|=5.20e-04  step=1.00e+00
  it 1063  L= 3.125057e+02  comp= 2.7495e+01 expr= 2.8501e+02 L+= 5.0479e-01 L-= 4.6518e-01  Keff= 7.99(min  7.96)  gmin=1.12e-01  floor=0.0e+00  |dM|=5.20e-04  step=1.00e+00
  it 1064  L= 3.124861e+02  comp= 2.7495e+01 expr= 2.8499e+02 L+= 5.0602e-01 L-= 4.6630e-01  Keff= 7.99(min  7.96)  gmin=1.12e-01  floor=0.0e+00  |dM|=5.20e-04  step=1.00e+00
  it 1065  L= 3.124665e+02  comp= 2.7495e+01 expr= 2.8497e+02 L+= 5.0725e-01 L-= 4.6741e-01  Keff= 7.99(min  7.96)  gmin=1.12e-01  floor=0.0e+00  |dM|=5.20e-04  step=1.00e+00
  it 1066  L= 3.124468e+02  comp= 2.7495e+01 expr= 2.8495e+02 L+= 5.0849e-01 L-= 4.6853e-01  Keff= 7.99(min  7.96)  gmin=1.12e-01  floor=0.0e+00  |dM|=5.20e-04  step=1.00e+00
  it 1067  L= 3.124271e+02  comp= 2.7494e+01 expr= 2.8493e+02 L+= 5.0972e-01 L-= 4.6965e-01  Keff= 7.99(min  7.96)  gmin=1.12e-01  floor=0.0e+00  |dM|=5.19e-04  step=1.00e+00
  it 1068  L= 3.124074e+02  comp= 2.7494e+01 expr= 2.8491e+02 L+= 5.1096e-01 L-= 4.7077e-01  Keff= 7.99(min  7.96)  gmin=1.12e-01  floor=0.0e+00  |dM|=5.19e-04  step=1.00e+00
  it 1069  L= 3.123876e+02  comp= 2.7494e+01 expr= 2.8489e+02 L+= 5.1220e-01 L-= 4.7190e-01  Keff= 7.99(min  7.96)  gmin=1.12e-01  floor=0.0e+00  |dM|=5.19e-04  step=1.00e+00
  it 1070  L= 3.123678e+02  comp= 2.7494e+01 expr= 2.8487e+02 L+= 5.1345e-01 L-= 4.7302e-01  Keff= 7.99(min  7.96)  gmin=1.12e-01  floor=0.0e+00  |dM|=5.19e-04  step=1.00e+00
  it 1071  L= 3.123479e+02  comp= 2.7493e+01 expr= 2.8485e+02 L+= 5.1469e-01 L-= 4.7415e-01  Keff= 7.99(min  7.96)  gmin=1.12e-01  floor=0.0e+00  |dM|=5.19e-04  step=1.00e+00
  it 1072  L= 3.123280e+02  comp= 2.7493e+01 expr= 2.8483e+02 L+= 5.1594e-01 L-= 4.7528e-01  Keff= 7.99(min  7.96)  gmin=1.12e-01  floor=0.0e+00  |dM|=5.19e-04  step=1.00e+00
  it 1073  L= 3.123081e+02  comp= 2.7493e+01 expr= 2.8482e+02 L+= 5.1719e-01 L-= 4.7641e-01  Keff= 7.99(min  7.96)  gmin=1.12e-01  floor=0.0e+00  |dM|=5.19e-04  step=1.00e+00
  it 1074  L= 3.122881e+02  comp= 2.7493e+01 expr= 2.8480e+02 L+= 5.1845e-01 L-= 4.7754e-01  Keff= 7.99(min  7.96)  gmin=1.12e-01  floor=0.0e+00  |dM|=5.19e-04  step=1.00e+00
  it 1075  L= 3.122681e+02  comp= 2.7492e+01 expr= 2.8478e+02 L+= 5.1970e-01 L-= 4.7868e-01  Keff= 7.99(min  7.96)  gmin=1.12e-01  floor=0.0e+00  |dM|=5.19e-04  step=1.00e+00
  it 1076  L= 3.122480e+02  comp= 2.7492e+01 expr= 2.8476e+02 L+= 5.2096e-01 L-= 4.7982e-01  Keff= 7.99(min  7.96)  gmin=1.12e-01  floor=0.0e+00  |dM|=5.19e-04  step=1.00e+00
  it 1077  L= 3.122279e+02  comp= 2.7492e+01 expr= 2.8474e+02 L+= 5.2222e-01 L-= 4.8095e-01  Keff= 7.99(min  7.96)  gmin=1.12e-01  floor=0.0e+00  |dM|=5.18e-04  step=1.00e+00
  it 1078  L= 3.122078e+02  comp= 2.7492e+01 expr= 2.8472e+02 L+= 5.2348e-01 L-= 4.8209e-01  Keff= 7.99(min  7.96)  gmin=1.12e-01  floor=0.0e+00  |dM|=5.18e-04  step=1.00e+00
  it 1079  L= 3.121877e+02  comp= 2.7491e+01 expr= 2.8470e+02 L+= 5.2474e-01 L-= 4.8323e-01  Keff= 7.99(min  7.96)  gmin=1.12e-01  floor=0.0e+00  |dM|=5.18e-04  step=1.00e+00
  it 1080  L= 3.121674e+02  comp= 2.7491e+01 expr= 2.8468e+02 L+= 5.2601e-01 L-= 4.8437e-01  Keff= 7.99(min  7.96)  gmin=1.12e-01  floor=0.0e+00  |dM|=5.18e-04  step=1.00e+00
  it 1081  L= 3.121472e+02  comp= 2.7491e+01 expr= 2.8466e+02 L+= 5.2727e-01 L-= 4.8552e-01  Keff= 7.99(min  7.96)  gmin=1.12e-01  floor=0.0e+00  |dM|=5.18e-04  step=1.00e+00
  it 1082  L= 3.121270e+02  comp= 2.7491e+01 expr= 2.8464e+02 L+= 5.2854e-01 L-= 4.8666e-01  Keff= 7.99(min  7.96)  gmin=1.12e-01  floor=0.0e+00  |dM|=5.18e-04  step=1.00e+00
  it 1083  L= 3.121066e+02  comp= 2.7490e+01 expr= 2.8462e+02 L+= 5.2981e-01 L-= 4.8782e-01  Keff= 7.99(min  7.96)  gmin=1.12e-01  floor=0.0e+00  |dM|=5.18e-04  step=1.00e+00
  it 1084  L= 3.120863e+02  comp= 2.7490e+01 expr= 2.8460e+02 L+= 5.3109e-01 L-= 4.8896e-01  Keff= 7.99(min  7.96)  gmin=1.12e-01  floor=0.0e+00  |dM|=5.18e-04  step=1.00e+00
  it 1085  L= 3.120659e+02  comp= 2.7490e+01 expr= 2.8458e+02 L+= 5.3236e-01 L-= 4.9011e-01  Keff= 7.99(min  7.96)  gmin=1.12e-01  floor=0.0e+00  |dM|=5.18e-04  step=1.00e+00
  it 1086  L= 3.120454e+02  comp= 2.7490e+01 expr= 2.8456e+02 L+= 5.3364e-01 L-= 4.9127e-01  Keff= 7.99(min  7.96)  gmin=1.12e-01  floor=0.0e+00  |dM|=5.17e-04  step=1.00e+00
  it 1087  L= 3.120250e+02  comp= 2.7489e+01 expr= 2.8454e+02 L+= 5.3492e-01 L-= 4.9243e-01  Keff= 7.99(min  7.96)  gmin=1.12e-01  floor=0.0e+00  |dM|=5.17e-04  step=1.00e+00
  it 1088  L= 3.120045e+02  comp= 2.7489e+01 expr= 2.8452e+02 L+= 5.3620e-01 L-= 4.9358e-01  Keff= 7.99(min  7.96)  gmin=1.12e-01  floor=0.0e+00  |dM|=5.17e-04  step=1.00e+00
  it 1089  L= 3.119839e+02  comp= 2.7489e+01 expr= 2.8450e+02 L+= 5.3748e-01 L-= 4.9474e-01  Keff= 7.99(min  7.96)  gmin=1.12e-01  floor=0.0e+00  |dM|=5.17e-04  step=1.00e+00
  it 1090  L= 3.119634e+02  comp= 2.7489e+01 expr= 2.8447e+02 L+= 5.3877e-01 L-= 4.9590e-01  Keff= 7.99(min  7.96)  gmin=1.12e-01  floor=0.0e+00  |dM|=5.17e-04  step=1.00e+00
  it 1091  L= 3.119428e+02  comp= 2.7488e+01 expr= 2.8445e+02 L+= 5.4006e-01 L-= 4.9706e-01  Keff= 7.99(min  7.96)  gmin=1.12e-01  floor=0.0e+00  |dM|=5.17e-04  step=1.00e+00
  it 1092  L= 3.119221e+02  comp= 2.7488e+01 expr= 2.8443e+02 L+= 5.4135e-01 L-= 4.9823e-01  Keff= 7.99(min  7.96)  gmin=1.12e-01  floor=0.0e+00  |dM|=5.17e-04  step=1.00e+00
  it 1093  L= 3.119014e+02  comp= 2.7488e+01 expr= 2.8441e+02 L+= 5.4264e-01 L-= 4.9939e-01  Keff= 7.99(min  7.96)  gmin=1.12e-01  floor=0.0e+00  |dM|=5.16e-04  step=1.00e+00
  it 1094  L= 3.118807e+02  comp= 2.7488e+01 expr= 2.8439e+02 L+= 5.4394e-01 L-= 5.0056e-01  Keff= 7.99(min  7.96)  gmin=1.12e-01  floor=0.0e+00  |dM|=5.16e-04  step=1.00e+00
  it 1095  L= 3.118600e+02  comp= 2.7487e+01 expr= 2.8437e+02 L+= 5.4523e-01 L-= 5.0173e-01  Keff= 7.99(min  7.96)  gmin=1.11e-01  floor=0.0e+00  |dM|=5.16e-04  step=1.00e+00
  it 1096  L= 3.118391e+02  comp= 2.7487e+01 expr= 2.8435e+02 L+= 5.4653e-01 L-= 5.0290e-01  Keff= 7.99(min  7.96)  gmin=1.11e-01  floor=0.0e+00  |dM|=5.16e-04  step=1.00e+00
  it 1097  L= 3.118183e+02  comp= 2.7487e+01 expr= 2.8433e+02 L+= 5.4783e-01 L-= 5.0407e-01  Keff= 7.99(min  7.96)  gmin=1.11e-01  floor=0.0e+00  |dM|=5.16e-04  step=1.00e+00
  it 1098  L= 3.117975e+02  comp= 2.7486e+01 expr= 2.8431e+02 L+= 5.4913e-01 L-= 5.0524e-01  Keff= 7.99(min  7.96)  gmin=1.11e-01  floor=0.0e+00  |dM|=5.16e-04  step=1.00e+00
  it 1099  L= 3.117766e+02  comp= 2.7486e+01 expr= 2.8429e+02 L+= 5.5044e-01 L-= 5.0642e-01  Keff= 7.99(min  7.96)  gmin=1.11e-01  floor=0.0e+00  |dM|=5.16e-04  step=1.00e+00
  it 1100  L= 3.117556e+02  comp= 2.7486e+01 expr= 2.8427e+02 L+= 5.5175e-01 L-= 5.0760e-01  Keff= 7.99(min  7.96)  gmin=1.11e-01  floor=0.0e+00  |dM|=5.15e-04  step=1.00e+00
  it 1101  L= 3.117346e+02  comp= 2.7486e+01 expr= 2.8425e+02 L+= 5.5305e-01 L-= 5.0878e-01  Keff= 7.99(min  7.96)  gmin=1.11e-01  floor=0.0e+00  |dM|=5.15e-04  step=1.00e+00
  it 1102  L= 3.117136e+02  comp= 2.7485e+01 expr= 2.8423e+02 L+= 5.5436e-01 L-= 5.0995e-01  Keff= 7.99(min  7.96)  gmin=1.11e-01  floor=0.0e+00  |dM|=5.15e-04  step=1.00e+00
  it 1103  L= 3.116925e+02  comp= 2.7485e+01 expr= 2.8421e+02 L+= 5.5568e-01 L-= 5.1114e-01  Keff= 7.99(min  7.96)  gmin=1.11e-01  floor=0.0e+00  |dM|=5.15e-04  step=1.00e+00
  it 1104  L= 3.116714e+02  comp= 2.7485e+01 expr= 2.8419e+02 L+= 5.5699e-01 L-= 5.1232e-01  Keff= 7.99(min  7.96)  gmin=1.11e-01  floor=0.0e+00  |dM|=5.15e-04  step=1.00e+00
  it 1105  L= 3.116503e+02  comp= 2.7485e+01 expr= 2.8417e+02 L+= 5.5831e-01 L-= 5.1351e-01  Keff= 7.99(min  7.96)  gmin=1.11e-01  floor=0.0e+00  |dM|=5.15e-04  step=1.00e+00
  it 1106  L= 3.116291e+02  comp= 2.7484e+01 expr= 2.8414e+02 L+= 5.5963e-01 L-= 5.1469e-01  Keff= 7.99(min  7.96)  gmin=1.11e-01  floor=0.0e+00  |dM|=5.14e-04  step=1.00e+00
  it 1107  L= 3.116079e+02  comp= 2.7484e+01 expr= 2.8412e+02 L+= 5.6095e-01 L-= 5.1588e-01  Keff= 7.99(min  7.96)  gmin=1.11e-01  floor=0.0e+00  |dM|=5.14e-04  step=1.00e+00
  it 1108  L= 3.115867e+02  comp= 2.7484e+01 expr= 2.8410e+02 L+= 5.6227e-01 L-= 5.1707e-01  Keff= 7.99(min  7.96)  gmin=1.11e-01  floor=0.0e+00  |dM|=5.14e-04  step=1.00e+00
  it 1109  L= 3.115654e+02  comp= 2.7483e+01 expr= 2.8408e+02 L+= 5.6360e-01 L-= 5.1827e-01  Keff= 7.99(min  7.96)  gmin=1.11e-01  floor=0.0e+00  |dM|=5.14e-04  step=1.00e+00
  it 1110  L= 3.115441e+02  comp= 2.7483e+01 expr= 2.8406e+02 L+= 5.6492e-01 L-= 5.1946e-01  Keff= 7.99(min  7.96)  gmin=1.11e-01  floor=0.0e+00  |dM|=5.14e-04  step=1.00e+00
  it 1111  L= 3.115228e+02  comp= 2.7483e+01 expr= 2.8404e+02 L+= 5.6625e-01 L-= 5.2065e-01  Keff= 7.99(min  7.96)  gmin=1.11e-01  floor=0.0e+00  |dM|=5.13e-04  step=1.00e+00
  it 1112  L= 3.115014e+02  comp= 2.7483e+01 expr= 2.8402e+02 L+= 5.6758e-01 L-= 5.2185e-01  Keff= 7.99(min  7.96)  gmin=1.11e-01  floor=0.0e+00  |dM|=5.13e-04  step=1.00e+00
  it 1113  L= 3.114799e+02  comp= 2.7482e+01 expr= 2.8400e+02 L+= 5.6891e-01 L-= 5.2305e-01  Keff= 7.99(min  7.96)  gmin=1.11e-01  floor=0.0e+00  |dM|=5.13e-04  step=1.00e+00
  it 1114  L= 3.114585e+02  comp= 2.7482e+01 expr= 2.8398e+02 L+= 5.7025e-01 L-= 5.2425e-01  Keff= 7.99(min  7.96)  gmin=1.11e-01  floor=0.0e+00  |dM|=5.13e-04  step=1.00e+00
  it 1115  L= 3.114370e+02  comp= 2.7482e+01 expr= 2.8396e+02 L+= 5.7159e-01 L-= 5.2545e-01  Keff= 7.99(min  7.96)  gmin=1.11e-01  floor=0.0e+00  |dM|=5.12e-04  step=1.00e+00
  it 1116  L= 3.114154e+02  comp= 2.7481e+01 expr= 2.8393e+02 L+= 5.7292e-01 L-= 5.2666e-01  Keff= 7.99(min  7.96)  gmin=1.11e-01  floor=0.0e+00  |dM|=5.12e-04  step=1.00e+00
  it 1117  L= 3.113939e+02  comp= 2.7481e+01 expr= 2.8391e+02 L+= 5.7426e-01 L-= 5.2786e-01  Keff= 7.99(min  7.96)  gmin=1.11e-01  floor=0.0e+00  |dM|=5.12e-04  step=1.00e+00
  it 1118  L= 3.113723e+02  comp= 2.7481e+01 expr= 2.8389e+02 L+= 5.7561e-01 L-= 5.2907e-01  Keff= 7.99(min  7.96)  gmin=1.11e-01  floor=0.0e+00  |dM|=5.12e-04  step=1.00e+00
  it 1119  L= 3.113506e+02  comp= 2.7480e+01 expr= 2.8387e+02 L+= 5.7695e-01 L-= 5.3027e-01  Keff= 7.99(min  7.96)  gmin=1.11e-01  floor=0.0e+00  |dM|=5.12e-04  step=1.00e+00
  it 1120  L= 3.113289e+02  comp= 2.7480e+01 expr= 2.8385e+02 L+= 5.7830e-01 L-= 5.3148e-01  Keff= 7.99(min  7.95)  gmin=1.11e-01  floor=0.0e+00  |dM|=5.11e-04  step=1.00e+00
  it 1121  L= 3.113072e+02  comp= 2.7480e+01 expr= 2.8383e+02 L+= 5.7965e-01 L-= 5.3270e-01  Keff= 7.99(min  7.95)  gmin=1.11e-01  floor=0.0e+00  |dM|=5.11e-04  step=1.00e+00
  it 1122  L= 3.112855e+02  comp= 2.7480e+01 expr= 2.8381e+02 L+= 5.8100e-01 L-= 5.3391e-01  Keff= 7.99(min  7.95)  gmin=1.11e-01  floor=0.0e+00  |dM|=5.11e-04  step=1.00e+00
  it 1123  L= 3.112637e+02  comp= 2.7479e+01 expr= 2.8378e+02 L+= 5.8235e-01 L-= 5.3513e-01  Keff= 7.99(min  7.95)  gmin=1.11e-01  floor=0.0e+00  |dM|=5.10e-04  step=1.00e+00
  it 1124  L= 3.112419e+02  comp= 2.7479e+01 expr= 2.8376e+02 L+= 5.8371e-01 L-= 5.3634e-01  Keff= 7.99(min  7.95)  gmin=1.11e-01  floor=0.0e+00  |dM|=5.10e-04  step=1.00e+00
  it 1125  L= 3.112200e+02  comp= 2.7479e+01 expr= 2.8374e+02 L+= 5.8506e-01 L-= 5.3756e-01  Keff= 7.99(min  7.95)  gmin=1.11e-01  floor=0.0e+00  |dM|=5.10e-04  step=1.00e+00
  it 1126  L= 3.111981e+02  comp= 2.7478e+01 expr= 2.8372e+02 L+= 5.8642e-01 L-= 5.3878e-01  Keff= 7.99(min  7.95)  gmin=1.11e-01  floor=0.0e+00  |dM|=5.10e-04  step=1.00e+00
  it 1127  L= 3.111761e+02  comp= 2.7478e+01 expr= 2.8370e+02 L+= 5.8778e-01 L-= 5.4000e-01  Keff= 7.99(min  7.95)  gmin=1.11e-01  floor=0.0e+00  |dM|=5.09e-04  step=1.00e+00
  it 1128  L= 3.111542e+02  comp= 2.7478e+01 expr= 2.8368e+02 L+= 5.8915e-01 L-= 5.4122e-01  Keff= 7.99(min  7.95)  gmin=1.11e-01  floor=0.0e+00  |dM|=5.09e-04  step=1.00e+00
  it 1129  L= 3.111322e+02  comp= 2.7477e+01 expr= 2.8365e+02 L+= 5.9051e-01 L-= 5.4245e-01  Keff= 7.99(min  7.95)  gmin=1.11e-01  floor=0.0e+00  |dM|=5.09e-04  step=1.00e+00
  it 1130  L= 3.111102e+02  comp= 2.7477e+01 expr= 2.8363e+02 L+= 5.9188e-01 L-= 5.4367e-01  Keff= 7.99(min  7.95)  gmin=1.11e-01  floor=0.0e+00  |dM|=5.08e-04  step=1.00e+00
  it 1131  L= 3.110881e+02  comp= 2.7477e+01 expr= 2.8361e+02 L+= 5.9325e-01 L-= 5.4490e-01  Keff= 7.99(min  7.95)  gmin=1.11e-01  floor=0.0e+00  |dM|=5.08e-04  step=1.00e+00
  it 1132  L= 3.110660e+02  comp= 2.7476e+01 expr= 2.8359e+02 L+= 5.9461e-01 L-= 5.4613e-01  Keff= 7.99(min  7.95)  gmin=1.11e-01  floor=0.0e+00  |dM|=5.08e-04  step=1.00e+00
  it 1133  L= 3.110438e+02  comp= 2.7476e+01 expr= 2.8357e+02 L+= 5.9599e-01 L-= 5.4736e-01  Keff= 7.99(min  7.95)  gmin=1.11e-01  floor=0.0e+00  |dM|=5.08e-04  step=1.00e+00
  it 1134  L= 3.110217e+02  comp= 2.7476e+01 expr= 2.8355e+02 L+= 5.9736e-01 L-= 5.4859e-01  Keff= 7.99(min  7.95)  gmin=1.11e-01  floor=0.0e+00  |dM|=5.07e-04  step=1.00e+00
  it 1135  L= 3.109994e+02  comp= 2.7476e+01 expr= 2.8352e+02 L+= 5.9873e-01 L-= 5.4983e-01  Keff= 7.99(min  7.95)  gmin=1.11e-01  floor=0.0e+00  |dM|=5.07e-04  step=1.00e+00
  it 1136  L= 3.109772e+02  comp= 2.7475e+01 expr= 2.8350e+02 L+= 6.0012e-01 L-= 5.5106e-01  Keff= 7.99(min  7.95)  gmin=1.11e-01  floor=0.0e+00  |dM|=5.07e-04  step=1.00e+00
  it 1137  L= 3.109549e+02  comp= 2.7475e+01 expr= 2.8348e+02 L+= 6.0150e-01 L-= 5.5230e-01  Keff= 7.99(min  7.95)  gmin=1.11e-01  floor=0.0e+00  |dM|=5.06e-04  step=1.00e+00
  it 1138  L= 3.109326e+02  comp= 2.7475e+01 expr= 2.8346e+02 L+= 6.0288e-01 L-= 5.5353e-01  Keff= 7.99(min  7.95)  gmin=1.11e-01  floor=0.0e+00  |dM|=5.06e-04  step=1.00e+00
  it 1139  L= 3.109102e+02  comp= 2.7474e+01 expr= 2.8344e+02 L+= 6.0426e-01 L-= 5.5478e-01  Keff= 7.99(min  7.95)  gmin=1.11e-01  floor=0.0e+00  |dM|=5.05e-04  step=1.00e+00
  it 1140  L= 3.108878e+02  comp= 2.7474e+01 expr= 2.8341e+02 L+= 6.0565e-01 L-= 5.5602e-01  Keff= 7.99(min  7.95)  gmin=1.11e-01  floor=0.0e+00  |dM|=5.05e-04  step=1.00e+00
  it 1141  L= 3.108654e+02  comp= 2.7474e+01 expr= 2.8339e+02 L+= 6.0703e-01 L-= 5.5726e-01  Keff= 7.99(min  7.95)  gmin=1.11e-01  floor=0.0e+00  |dM|=5.05e-04  step=1.00e+00
  it 1142  L= 3.108429e+02  comp= 2.7473e+01 expr= 2.8337e+02 L+= 6.0842e-01 L-= 5.5851e-01  Keff= 7.99(min  7.95)  gmin=1.11e-01  floor=0.0e+00  |dM|=5.04e-04  step=1.00e+00
  it 1143  L= 3.108204e+02  comp= 2.7473e+01 expr= 2.8335e+02 L+= 6.0981e-01 L-= 5.5975e-01  Keff= 7.99(min  7.95)  gmin=1.11e-01  floor=0.0e+00  |dM|=5.04e-04  step=1.00e+00
  it 1144  L= 3.107979e+02  comp= 2.7473e+01 expr= 2.8333e+02 L+= 6.1121e-01 L-= 5.6100e-01  Keff= 7.99(min  7.95)  gmin=1.11e-01  floor=0.0e+00  |dM|=5.04e-04  step=1.00e+00
  it 1145  L= 3.107753e+02  comp= 2.7472e+01 expr= 2.8330e+02 L+= 6.1260e-01 L-= 5.6225e-01  Keff= 7.99(min  7.95)  gmin=1.11e-01  floor=0.0e+00  |dM|=5.03e-04  step=1.00e+00
  it 1146  L= 3.107527e+02  comp= 2.7472e+01 expr= 2.8328e+02 L+= 6.1400e-01 L-= 5.6350e-01  Keff= 7.99(min  7.95)  gmin=1.11e-01  floor=0.0e+00  |dM|=5.03e-04  step=1.00e+00
  it 1147  L= 3.107300e+02  comp= 2.7472e+01 expr= 2.8326e+02 L+= 6.1540e-01 L-= 5.6475e-01  Keff= 7.99(min  7.95)  gmin=1.11e-01  floor=0.0e+00  |dM|=5.03e-04  step=1.00e+00
  it 1148  L= 3.107074e+02  comp= 2.7471e+01 expr= 2.8324e+02 L+= 6.1680e-01 L-= 5.6600e-01  Keff= 7.99(min  7.95)  gmin=1.11e-01  floor=0.0e+00  |dM|=5.02e-04  step=1.00e+00
  it 1149  L= 3.106847e+02  comp= 2.7471e+01 expr= 2.8321e+02 L+= 6.1821e-01 L-= 5.6726e-01  Keff= 7.99(min  7.95)  gmin=1.11e-01  floor=0.0e+00  |dM|=5.02e-04  step=1.00e+00
  it 1150  L= 3.106619e+02  comp= 2.7471e+01 expr= 2.8319e+02 L+= 6.1961e-01 L-= 5.6852e-01  Keff= 7.99(min  7.95)  gmin=1.11e-01  floor=0.0e+00  |dM|=5.01e-04  step=1.00e+00
  it 1151  L= 3.106391e+02  comp= 2.7470e+01 expr= 2.8317e+02 L+= 6.2102e-01 L-= 5.6978e-01  Keff= 7.99(min  7.95)  gmin=1.11e-01  floor=0.0e+00  |dM|=5.01e-04  step=1.00e+00
  it 1152  L= 3.106163e+02  comp= 2.7470e+01 expr= 2.8315e+02 L+= 6.2243e-01 L-= 5.7104e-01  Keff= 7.99(min  7.95)  gmin=1.11e-01  floor=0.0e+00  |dM|=5.01e-04  step=1.00e+00
  it 1153  L= 3.105934e+02  comp= 2.7469e+01 expr= 2.8312e+02 L+= 6.2384e-01 L-= 5.7230e-01  Keff= 7.99(min  7.95)  gmin=1.11e-01  floor=0.0e+00  |dM|=5.00e-04  step=1.00e+00
  it 1154  L= 3.105706e+02  comp= 2.7469e+01 expr= 2.8310e+02 L+= 6.2525e-01 L-= 5.7356e-01  Keff= 7.99(min  7.95)  gmin=1.11e-01  floor=0.0e+00  |dM|=5.00e-04  step=1.00e+00
  it 1155  L= 3.105476e+02  comp= 2.7469e+01 expr= 2.8308e+02 L+= 6.2666e-01 L-= 5.7482e-01  Keff= 7.99(min  7.95)  gmin=1.11e-01  floor=0.0e+00  |dM|=4.99e-04  step=1.00e+00
  it 1156  L= 3.105247e+02  comp= 2.7468e+01 expr= 2.8306e+02 L+= 6.2808e-01 L-= 5.7609e-01  Keff= 7.99(min  7.95)  gmin=1.11e-01  floor=0.0e+00  |dM|=4.99e-04  step=1.00e+00
  it 1157  L= 3.105017e+02  comp= 2.7468e+01 expr= 2.8303e+02 L+= 6.2950e-01 L-= 5.7736e-01  Keff= 7.99(min  7.95)  gmin=1.11e-01  floor=0.0e+00  |dM|=4.98e-04  step=1.00e+00
  it 1158  L= 3.104786e+02  comp= 2.7468e+01 expr= 2.8301e+02 L+= 6.3092e-01 L-= 5.7862e-01  Keff= 7.99(min  7.95)  gmin=1.11e-01  floor=0.0e+00  |dM|=4.98e-04  step=1.00e+00
  it 1159  L= 3.104556e+02  comp= 2.7467e+01 expr= 2.8299e+02 L+= 6.3234e-01 L-= 5.7989e-01  Keff= 7.99(min  7.95)  gmin=1.11e-01  floor=0.0e+00  |dM|=4.98e-04  step=1.00e+00
  it 1160  L= 3.104325e+02  comp= 2.7467e+01 expr= 2.8297e+02 L+= 6.3376e-01 L-= 5.8117e-01  Keff= 7.99(min  7.95)  gmin=1.11e-01  floor=0.0e+00  |dM|=4.97e-04  step=1.00e+00
  it 1161  L= 3.104094e+02  comp= 2.7467e+01 expr= 2.8294e+02 L+= 6.3518e-01 L-= 5.8244e-01  Keff= 7.99(min  7.95)  gmin=1.11e-01  floor=0.0e+00  |dM|=4.97e-04  step=1.00e+00
  it 1162  L= 3.103861e+02  comp= 2.7466e+01 expr= 2.8292e+02 L+= 6.3661e-01 L-= 5.8372e-01  Keff= 7.99(min  7.95)  gmin=1.11e-01  floor=0.0e+00  |dM|=4.96e-04  step=1.00e+00
  it 1163  L= 3.103630e+02  comp= 2.7466e+01 expr= 2.8290e+02 L+= 6.3804e-01 L-= 5.8499e-01  Keff= 7.99(min  7.95)  gmin=1.11e-01  floor=0.0e+00  |dM|=4.96e-04  step=1.00e+00
  it 1164  L= 3.103397e+02  comp= 2.7466e+01 expr= 2.8287e+02 L+= 6.3948e-01 L-= 5.8627e-01  Keff= 7.99(min  7.95)  gmin=1.11e-01  floor=0.0e+00  |dM|=4.95e-04  step=1.00e+00
  it 1165  L= 3.103165e+02  comp= 2.7465e+01 expr= 2.8285e+02 L+= 6.4091e-01 L-= 5.8755e-01  Keff= 7.99(min  7.95)  gmin=1.11e-01  floor=0.0e+00  |dM|=4.95e-04  step=1.00e+00
  it 1166  L= 3.102931e+02  comp= 2.7465e+01 expr= 2.8283e+02 L+= 6.4234e-01 L-= 5.8883e-01  Keff= 7.99(min  7.95)  gmin=1.11e-01  floor=0.0e+00  |dM|=4.95e-04  step=1.00e+00
  it 1167  L= 3.102698e+02  comp= 2.7464e+01 expr= 2.8281e+02 L+= 6.4378e-01 L-= 5.9011e-01  Keff= 7.99(min  7.95)  gmin=1.11e-01  floor=0.0e+00  |dM|=4.94e-04  step=1.00e+00
  it 1168  L= 3.102465e+02  comp= 2.7464e+01 expr= 2.8278e+02 L+= 6.4522e-01 L-= 5.9139e-01  Keff= 7.99(min  7.95)  gmin=1.11e-01  floor=0.0e+00  |dM|=4.94e-04  step=1.00e+00
  it 1169  L= 3.102230e+02  comp= 2.7464e+01 expr= 2.8276e+02 L+= 6.4666e-01 L-= 5.9268e-01  Keff= 7.99(min  7.95)  gmin=1.11e-01  floor=0.0e+00  |dM|=4.93e-04  step=1.00e+00
  it 1170  L= 3.101996e+02  comp= 2.7463e+01 expr= 2.8274e+02 L+= 6.4810e-01 L-= 5.9396e-01  Keff= 7.99(min  7.95)  gmin=1.11e-01  floor=0.0e+00  |dM|=4.93e-04  step=1.00e+00
  it 1171  L= 3.101761e+02  comp= 2.7463e+01 expr= 2.8271e+02 L+= 6.4955e-01 L-= 5.9525e-01  Keff= 7.99(min  7.95)  gmin=1.11e-01  floor=0.0e+00  |dM|=4.92e-04  step=1.00e+00
  it 1172  L= 3.101526e+02  comp= 2.7463e+01 expr= 2.8269e+02 L+= 6.5099e-01 L-= 5.9654e-01  Keff= 7.99(min  7.95)  gmin=1.11e-01  floor=0.0e+00  |dM|=4.92e-04  step=1.00e+00
  it 1173  L= 3.101290e+02  comp= 2.7462e+01 expr= 2.8267e+02 L+= 6.5244e-01 L-= 5.9783e-01  Keff= 7.99(min  7.95)  gmin=1.11e-01  floor=0.0e+00  |dM|=4.92e-04  step=1.00e+00
  it 1174  L= 3.101054e+02  comp= 2.7462e+01 expr= 2.8264e+02 L+= 6.5389e-01 L-= 5.9912e-01  Keff= 7.99(min  7.95)  gmin=1.11e-01  floor=0.0e+00  |dM|=4.91e-04  step=1.00e+00
  it 1175  L= 3.100818e+02  comp= 2.7461e+01 expr= 2.8262e+02 L+= 6.5534e-01 L-= 6.0042e-01  Keff= 7.99(min  7.95)  gmin=1.11e-01  floor=0.0e+00  |dM|=4.91e-04  step=1.00e+00
  it 1176  L= 3.100582e+02  comp= 2.7461e+01 expr= 2.8260e+02 L+= 6.5679e-01 L-= 6.0171e-01  Keff= 7.99(min  7.95)  gmin=1.11e-01  floor=0.0e+00  |dM|=4.90e-04  step=1.00e+00
  it 1177  L= 3.100345e+02  comp= 2.7461e+01 expr= 2.8257e+02 L+= 6.5825e-01 L-= 6.0301e-01  Keff= 7.99(min  7.95)  gmin=1.11e-01  floor=0.0e+00  |dM|=4.90e-04  step=1.00e+00
  it 1178  L= 3.100108e+02  comp= 2.7460e+01 expr= 2.8255e+02 L+= 6.5970e-01 L-= 6.0431e-01  Keff= 7.99(min  7.95)  gmin=1.10e-01  floor=0.0e+00  |dM|=4.89e-04  step=1.00e+00
  it 1179  L= 3.099870e+02  comp= 2.7460e+01 expr= 2.8253e+02 L+= 6.6116e-01 L-= 6.0560e-01  Keff= 7.99(min  7.95)  gmin=1.10e-01  floor=0.0e+00  |dM|=4.89e-04  step=1.00e+00
  it 1180  L= 3.099632e+02  comp= 2.7460e+01 expr= 2.8250e+02 L+= 6.6262e-01 L-= 6.0691e-01  Keff= 7.99(min  7.95)  gmin=1.10e-01  floor=0.0e+00  |dM|=4.89e-04  step=1.00e+00
  it 1181  L= 3.099394e+02  comp= 2.7459e+01 expr= 2.8248e+02 L+= 6.6408e-01 L-= 6.0821e-01  Keff= 7.99(min  7.95)  gmin=1.10e-01  floor=0.0e+00  |dM|=4.88e-04  step=1.00e+00
  it 1182  L= 3.099155e+02  comp= 2.7459e+01 expr= 2.8246e+02 L+= 6.6555e-01 L-= 6.0951e-01  Keff= 7.99(min  7.95)  gmin=1.10e-01  floor=0.0e+00  |dM|=4.88e-04  step=1.00e+00
  it 1183  L= 3.098916e+02  comp= 2.7458e+01 expr= 2.8243e+02 L+= 6.6701e-01 L-= 6.1082e-01  Keff= 7.99(min  7.95)  gmin=1.10e-01  floor=0.0e+00  |dM|=4.87e-04  step=1.00e+00
  it 1184  L= 3.098677e+02  comp= 2.7458e+01 expr= 2.8241e+02 L+= 6.6848e-01 L-= 6.1212e-01  Keff= 7.99(min  7.95)  gmin=1.10e-01  floor=0.0e+00  |dM|=4.87e-04  step=1.00e+00
  it 1185  L= 3.098437e+02  comp= 2.7458e+01 expr= 2.8239e+02 L+= 6.6995e-01 L-= 6.1343e-01  Keff= 7.99(min  7.95)  gmin=1.10e-01  floor=0.0e+00  |dM|=4.86e-04  step=1.00e+00
  it 1186  L= 3.098197e+02  comp= 2.7457e+01 expr= 2.8236e+02 L+= 6.7142e-01 L-= 6.1474e-01  Keff= 7.99(min  7.95)  gmin=1.10e-01  floor=0.0e+00  |dM|=4.86e-04  step=1.00e+00
  it 1187  L= 3.097957e+02  comp= 2.7457e+01 expr= 2.8234e+02 L+= 6.7289e-01 L-= 6.1605e-01  Keff= 7.99(min  7.95)  gmin=1.10e-01  floor=0.0e+00  |dM|=4.86e-04  step=1.00e+00
  it 1188  L= 3.097716e+02  comp= 2.7456e+01 expr= 2.8232e+02 L+= 6.7437e-01 L-= 6.1736e-01  Keff= 7.99(min  7.95)  gmin=1.10e-01  floor=0.0e+00  |dM|=4.85e-04  step=1.00e+00
  it 1189  L= 3.097475e+02  comp= 2.7456e+01 expr= 2.8229e+02 L+= 6.7585e-01 L-= 6.1868e-01  Keff= 7.99(min  7.95)  gmin=1.10e-01  floor=0.0e+00  |dM|=4.85e-04  step=1.00e+00
  it 1190  L= 3.097233e+02  comp= 2.7456e+01 expr= 2.8227e+02 L+= 6.7732e-01 L-= 6.1999e-01  Keff= 7.99(min  7.94)  gmin=1.10e-01  floor=0.0e+00  |dM|=4.84e-04  step=1.00e+00
  it 1191  L= 3.096992e+02  comp= 2.7455e+01 expr= 2.8224e+02 L+= 6.7880e-01 L-= 6.2131e-01  Keff= 7.99(min  7.94)  gmin=1.10e-01  floor=0.0e+00  |dM|=4.84e-04  step=1.00e+00
  it 1192  L= 3.096749e+02  comp= 2.7455e+01 expr= 2.8222e+02 L+= 6.8029e-01 L-= 6.2263e-01  Keff= 7.99(min  7.94)  gmin=1.10e-01  floor=0.0e+00  |dM|=4.84e-04  step=1.00e+00
  it 1193  L= 3.096507e+02  comp= 2.7454e+01 expr= 2.8220e+02 L+= 6.8177e-01 L-= 6.2395e-01  Keff= 7.99(min  7.94)  gmin=1.10e-01  floor=0.0e+00  |dM|=4.83e-04  step=1.00e+00
  it 1194  L= 3.096264e+02  comp= 2.7454e+01 expr= 2.8217e+02 L+= 6.8326e-01 L-= 6.2527e-01  Keff= 7.99(min  7.94)  gmin=1.10e-01  floor=0.0e+00  |dM|=4.83e-04  step=1.00e+00
  it 1195  L= 3.096021e+02  comp= 2.7453e+01 expr= 2.8215e+02 L+= 6.8474e-01 L-= 6.2659e-01  Keff= 7.99(min  7.94)  gmin=1.10e-01  floor=0.0e+00  |dM|=4.82e-04  step=1.00e+00
  it 1196  L= 3.095778e+02  comp= 2.7453e+01 expr= 2.8212e+02 L+= 6.8623e-01 L-= 6.2791e-01  Keff= 7.99(min  7.94)  gmin=1.10e-01  floor=0.0e+00  |dM|=4.82e-04  step=1.00e+00
  it 1197  L= 3.095534e+02  comp= 2.7453e+01 expr= 2.8210e+02 L+= 6.8772e-01 L-= 6.2924e-01  Keff= 7.99(min  7.94)  gmin=1.10e-01  floor=0.0e+00  |dM|=4.82e-04  step=1.00e+00
  it 1198  L= 3.095289e+02  comp= 2.7452e+01 expr= 2.8208e+02 L+= 6.8922e-01 L-= 6.3056e-01  Keff= 7.99(min  7.94)  gmin=1.10e-01  floor=0.0e+00  |dM|=4.81e-04  step=1.00e+00
  it 1199  L= 3.095045e+02  comp= 2.7452e+01 expr= 2.8205e+02 L+= 6.9071e-01 L-= 6.3189e-01  Keff= 7.99(min  7.94)  gmin=1.10e-01  floor=0.0e+00  |dM|=4.81e-04  step=1.00e+00
  it 1200  L= 3.094800e+02  comp= 2.7451e+01 expr= 2.8203e+02 L+= 6.9221e-01 L-= 6.3322e-01  Keff= 7.99(min  7.94)  gmin=1.10e-01  floor=0.0e+00  |dM|=4.81e-04  step=1.00e+00
  it 1201  L= 3.094555e+02  comp= 2.7451e+01 expr= 2.8200e+02 L+= 6.9370e-01 L-= 6.3455e-01  Keff= 7.99(min  7.94)  gmin=1.10e-01  floor=0.0e+00  |dM|=4.80e-04  step=1.00e+00
  it 1202  L= 3.094309e+02  comp= 2.7451e+01 expr= 2.8198e+02 L+= 6.9520e-01 L-= 6.3588e-01  Keff= 7.99(min  7.94)  gmin=1.10e-01  floor=0.0e+00  |dM|=4.80e-04  step=1.00e+00
  it 1203  L= 3.094063e+02  comp= 2.7450e+01 expr= 2.8196e+02 L+= 6.9671e-01 L-= 6.3722e-01  Keff= 7.99(min  7.94)  gmin=1.10e-01  floor=0.0e+00  |dM|=4.80e-04  step=1.00e+00
  it 1204  L= 3.093817e+02  comp= 2.7450e+01 expr= 2.8193e+02 L+= 6.9821e-01 L-= 6.3855e-01  Keff= 7.99(min  7.94)  gmin=1.10e-01  floor=0.0e+00  |dM|=4.79e-04  step=1.00e+00
  it 1205  L= 3.093571e+02  comp= 2.7449e+01 expr= 2.8191e+02 L+= 6.9971e-01 L-= 6.3989e-01  Keff= 7.99(min  7.94)  gmin=1.10e-01  floor=0.0e+00  |dM|=4.79e-04  step=1.00e+00
  it 1206  L= 3.093323e+02  comp= 2.7449e+01 expr= 2.8188e+02 L+= 7.0122e-01 L-= 6.4122e-01  Keff= 7.99(min  7.94)  gmin=1.10e-01  floor=0.0e+00  |dM|=4.79e-04  step=1.00e+00
  it 1207  L= 3.093076e+02  comp= 2.7448e+01 expr= 2.8186e+02 L+= 7.0273e-01 L-= 6.4256e-01  Keff= 7.99(min  7.94)  gmin=1.10e-01  floor=0.0e+00  |dM|=4.78e-04  step=1.00e+00
  it 1208  L= 3.092829e+02  comp= 2.7448e+01 expr= 2.8183e+02 L+= 7.0424e-01 L-= 6.4390e-01  Keff= 7.99(min  7.94)  gmin=1.10e-01  floor=0.0e+00  |dM|=4.78e-04  step=1.00e+00
  it 1209  L= 3.092580e+02  comp= 2.7447e+01 expr= 2.8181e+02 L+= 7.0575e-01 L-= 6.4525e-01  Keff= 7.99(min  7.94)  gmin=1.10e-01  floor=0.0e+00  |dM|=4.78e-04  step=1.00e+00
  it 1210  L= 3.092332e+02  comp= 2.7447e+01 expr= 2.8179e+02 L+= 7.0727e-01 L-= 6.4659e-01  Keff= 7.99(min  7.94)  gmin=1.10e-01  floor=0.0e+00  |dM|=4.77e-04  step=1.00e+00
  it 1211  L= 3.092083e+02  comp= 2.7447e+01 expr= 2.8176e+02 L+= 7.0878e-01 L-= 6.4793e-01  Keff= 7.99(min  7.94)  gmin=1.10e-01  floor=0.0e+00  |dM|=4.77e-04  step=1.00e+00
  it 1212  L= 3.091834e+02  comp= 2.7446e+01 expr= 2.8174e+02 L+= 7.1030e-01 L-= 6.4928e-01  Keff= 7.99(min  7.94)  gmin=1.10e-01  floor=0.0e+00  |dM|=4.77e-04  step=1.00e+00
  it 1213  L= 3.091584e+02  comp= 2.7446e+01 expr= 2.8171e+02 L+= 7.1182e-01 L-= 6.5063e-01  Keff= 7.99(min  7.94)  gmin=1.10e-01  floor=0.0e+00  |dM|=4.77e-04  step=1.00e+00
  it 1214  L= 3.091335e+02  comp= 2.7445e+01 expr= 2.8169e+02 L+= 7.1334e-01 L-= 6.5198e-01  Keff= 7.99(min  7.94)  gmin=1.10e-01  floor=0.0e+00  |dM|=4.76e-04  step=1.00e+00
  it 1215  L= 3.091085e+02  comp= 2.7445e+01 expr= 2.8166e+02 L+= 7.1486e-01 L-= 6.5332e-01  Keff= 7.99(min  7.94)  gmin=1.10e-01  floor=0.0e+00  |dM|=4.76e-04  step=1.00e+00
  it 1216  L= 3.090834e+02  comp= 2.7444e+01 expr= 2.8164e+02 L+= 7.1639e-01 L-= 6.5468e-01  Keff= 7.99(min  7.94)  gmin=1.10e-01  floor=0.0e+00  |dM|=4.76e-04  step=1.00e+00
  it 1217  L= 3.090583e+02  comp= 2.7444e+01 expr= 2.8161e+02 L+= 7.1791e-01 L-= 6.5603e-01  Keff= 7.99(min  7.94)  gmin=1.10e-01  floor=0.0e+00  |dM|=4.75e-04  step=1.00e+00
  it 1218  L= 3.090332e+02  comp= 2.7443e+01 expr= 2.8159e+02 L+= 7.1944e-01 L-= 6.5738e-01  Keff= 7.99(min  7.94)  gmin=1.10e-01  floor=0.0e+00  |dM|=4.75e-04  step=1.00e+00
  it 1219  L= 3.090081e+02  comp= 2.7443e+01 expr= 2.8157e+02 L+= 7.2097e-01 L-= 6.5874e-01  Keff= 7.99(min  7.94)  gmin=1.10e-01  floor=0.0e+00  |dM|=4.75e-04  step=1.00e+00
  it 1220  L= 3.089828e+02  comp= 2.7443e+01 expr= 2.8154e+02 L+= 7.2250e-01 L-= 6.6010e-01  Keff= 7.99(min  7.94)  gmin=1.10e-01  floor=0.0e+00  |dM|=4.75e-04  step=1.00e+00
  it 1221  L= 3.089576e+02  comp= 2.7442e+01 expr= 2.8152e+02 L+= 7.2404e-01 L-= 6.6145e-01  Keff= 7.99(min  7.94)  gmin=1.10e-01  floor=0.0e+00  |dM|=4.75e-04  step=1.00e+00
  it 1222  L= 3.089324e+02  comp= 2.7442e+01 expr= 2.8149e+02 L+= 7.2557e-01 L-= 6.6281e-01  Keff= 7.99(min  7.94)  gmin=1.10e-01  floor=0.0e+00  |dM|=4.74e-04  step=1.00e+00
  it 1223  L= 3.089071e+02  comp= 2.7441e+01 expr= 2.8147e+02 L+= 7.2711e-01 L-= 6.6418e-01  Keff= 7.99(min  7.94)  gmin=1.10e-01  floor=0.0e+00  |dM|=4.74e-04  step=1.00e+00
  it 1224  L= 3.088817e+02  comp= 2.7441e+01 expr= 2.8144e+02 L+= 7.2865e-01 L-= 6.6554e-01  Keff= 7.99(min  7.94)  gmin=1.10e-01  floor=0.0e+00  |dM|=4.74e-04  step=1.00e+00
  it 1225  L= 3.088564e+02  comp= 2.7440e+01 expr= 2.8142e+02 L+= 7.3019e-01 L-= 6.6690e-01  Keff= 7.99(min  7.94)  gmin=1.10e-01  floor=0.0e+00  |dM|=4.74e-04  step=1.00e+00
  it 1226  L= 3.088310e+02  comp= 2.7440e+01 expr= 2.8139e+02 L+= 7.3173e-01 L-= 6.6827e-01  Keff= 7.99(min  7.94)  gmin=1.10e-01  floor=0.0e+00  |dM|=4.74e-04  step=1.00e+00
  it 1227  L= 3.088056e+02  comp= 2.7439e+01 expr= 2.8137e+02 L+= 7.3327e-01 L-= 6.6964e-01  Keff= 7.99(min  7.94)  gmin=1.10e-01  floor=0.0e+00  |dM|=4.73e-04  step=1.00e+00
  it 1228  L= 3.087801e+02  comp= 2.7439e+01 expr= 2.8134e+02 L+= 7.3482e-01 L-= 6.7100e-01  Keff= 7.99(min  7.94)  gmin=1.10e-01  floor=0.0e+00  |dM|=4.73e-04  step=1.00e+00
  it 1229  L= 3.087546e+02  comp= 2.7438e+01 expr= 2.8132e+02 L+= 7.3637e-01 L-= 6.7237e-01  Keff= 7.99(min  7.94)  gmin=1.10e-01  floor=0.0e+00  |dM|=4.73e-04  step=1.00e+00
  it 1230  L= 3.087290e+02  comp= 2.7438e+01 expr= 2.8129e+02 L+= 7.3791e-01 L-= 6.7374e-01  Keff= 7.99(min  7.94)  gmin=1.10e-01  floor=0.0e+00  |dM|=4.73e-04  step=1.00e+00
  it 1231  L= 3.087034e+02  comp= 2.7437e+01 expr= 2.8127e+02 L+= 7.3947e-01 L-= 6.7511e-01  Keff= 7.99(min  7.94)  gmin=1.10e-01  floor=0.0e+00  |dM|=4.73e-04  step=1.00e+00
  it 1232  L= 3.086778e+02  comp= 2.7437e+01 expr= 2.8124e+02 L+= 7.4102e-01 L-= 6.7649e-01  Keff= 7.99(min  7.94)  gmin=1.10e-01  floor=0.0e+00  |dM|=4.73e-04  step=1.00e+00
  it 1233  L= 3.086522e+02  comp= 2.7436e+01 expr= 2.8122e+02 L+= 7.4258e-01 L-= 6.7787e-01  Keff= 7.99(min  7.94)  gmin=1.10e-01  floor=0.0e+00  |dM|=4.72e-04  step=1.00e+00
  it 1234  L= 3.086264e+02  comp= 2.7436e+01 expr= 2.8119e+02 L+= 7.4413e-01 L-= 6.7924e-01  Keff= 7.99(min  7.94)  gmin=1.10e-01  floor=0.0e+00  |dM|=4.72e-04  step=1.00e+00
  it 1235  L= 3.086007e+02  comp= 2.7435e+01 expr= 2.8117e+02 L+= 7.4569e-01 L-= 6.8062e-01  Keff= 7.99(min  7.94)  gmin=1.10e-01  floor=0.0e+00  |dM|=4.72e-04  step=1.00e+00
  it 1236  L= 3.085750e+02  comp= 2.7435e+01 expr= 2.8114e+02 L+= 7.4725e-01 L-= 6.8200e-01  Keff= 7.99(min  7.94)  gmin=1.10e-01  floor=0.0e+00  |dM|=4.72e-04  step=1.00e+00
  it 1237  L= 3.085492e+02  comp= 2.7434e+01 expr= 2.8111e+02 L+= 7.4881e-01 L-= 6.8338e-01  Keff= 7.99(min  7.94)  gmin=1.10e-01  floor=0.0e+00  |dM|=4.72e-04  step=1.00e+00
  it 1238  L= 3.085233e+02  comp= 2.7434e+01 expr= 2.8109e+02 L+= 7.5037e-01 L-= 6.8476e-01  Keff= 7.99(min  7.94)  gmin=1.10e-01  floor=0.0e+00  |dM|=4.72e-04  step=1.00e+00
  it 1239  L= 3.084975e+02  comp= 2.7434e+01 expr= 2.8106e+02 L+= 7.5194e-01 L-= 6.8615e-01  Keff= 7.99(min  7.94)  gmin=1.10e-01  floor=0.0e+00  |dM|=4.72e-04  step=1.00e+00
  it 1240  L= 3.084716e+02  comp= 2.7433e+01 expr= 2.8104e+02 L+= 7.5350e-01 L-= 6.8753e-01  Keff= 7.99(min  7.94)  gmin=1.10e-01  floor=0.0e+00  |dM|=4.72e-04  step=1.00e+00
  it 1241  L= 3.084456e+02  comp= 2.7433e+01 expr= 2.8101e+02 L+= 7.5507e-01 L-= 6.8892e-01  Keff= 7.99(min  7.94)  gmin=1.10e-01  floor=0.0e+00  |dM|=4.72e-04  step=1.00e+00
  it 1242  L= 3.084197e+02  comp= 2.7432e+01 expr= 2.8099e+02 L+= 7.5664e-01 L-= 6.9030e-01  Keff= 7.99(min  7.94)  gmin=1.10e-01  floor=0.0e+00  |dM|=4.71e-04  step=1.00e+00
  it 1243  L= 3.083937e+02  comp= 2.7432e+01 expr= 2.8096e+02 L+= 7.5821e-01 L-= 6.9169e-01  Keff= 7.99(min  7.94)  gmin=1.10e-01  floor=0.0e+00  |dM|=4.71e-04  step=1.00e+00
  it 1244  L= 3.083676e+02  comp= 2.7431e+01 expr= 2.8094e+02 L+= 7.5979e-01 L-= 6.9308e-01  Keff= 7.99(min  7.94)  gmin=1.10e-01  floor=0.0e+00  |dM|=4.71e-04  step=1.00e+00
  it 1245  L= 3.083415e+02  comp= 2.7430e+01 expr= 2.8091e+02 L+= 7.6136e-01 L-= 6.9447e-01  Keff= 7.99(min  7.94)  gmin=1.10e-01  floor=0.0e+00  |dM|=4.71e-04  step=1.00e+00
  it 1246  L= 3.083154e+02  comp= 2.7430e+01 expr= 2.8089e+02 L+= 7.6294e-01 L-= 6.9586e-01  Keff= 7.99(min  7.94)  gmin=1.10e-01  floor=0.0e+00  |dM|=4.71e-04  step=1.00e+00
  it 1247  L= 3.082892e+02  comp= 2.7429e+01 expr= 2.8086e+02 L+= 7.6452e-01 L-= 6.9726e-01  Keff= 7.99(min  7.94)  gmin=1.10e-01  floor=0.0e+00  |dM|=4.71e-04  step=1.00e+00
  it 1248  L= 3.082630e+02  comp= 2.7429e+01 expr= 2.8083e+02 L+= 7.6610e-01 L-= 6.9866e-01  Keff= 7.99(min  7.94)  gmin=1.10e-01  floor=0.0e+00  |dM|=4.71e-04  step=1.00e+00
  it 1249  L= 3.082368e+02  comp= 2.7428e+01 expr= 2.8081e+02 L+= 7.6768e-01 L-= 7.0005e-01  Keff= 7.99(min  7.94)  gmin=1.09e-01  floor=0.0e+00  |dM|=4.71e-04  step=1.00e+00
  it 1250  L= 3.082105e+02  comp= 2.7428e+01 expr= 2.8078e+02 L+= 7.6926e-01 L-= 7.0145e-01  Keff= 7.99(min  7.94)  gmin=1.09e-01  floor=0.0e+00  |dM|=4.71e-04  step=1.00e+00
  it 1251  L= 3.081843e+02  comp= 2.7427e+01 expr= 2.8076e+02 L+= 7.7085e-01 L-= 7.0285e-01  Keff= 7.99(min  7.94)  gmin=1.09e-01  floor=0.0e+00  |dM|=4.71e-04  step=1.00e+00
  it 1252  L= 3.081579e+02  comp= 2.7427e+01 expr= 2.8073e+02 L+= 7.7244e-01 L-= 7.0425e-01  Keff= 7.99(min  7.94)  gmin=1.09e-01  floor=0.0e+00  |dM|=4.71e-04  step=1.00e+00
  it 1253  L= 3.081315e+02  comp= 2.7426e+01 expr= 2.8071e+02 L+= 7.7403e-01 L-= 7.0565e-01  Keff= 7.99(min  7.94)  gmin=1.09e-01  floor=0.0e+00  |dM|=4.71e-04  step=1.00e+00
  it 1254  L= 3.081051e+02  comp= 2.7426e+01 expr= 2.8068e+02 L+= 7.7562e-01 L-= 7.0706e-01  Keff= 7.99(min  7.94)  gmin=1.09e-01  floor=0.0e+00  |dM|=4.71e-04  step=1.00e+00
  it 1255  L= 3.080787e+02  comp= 2.7425e+01 expr= 2.8065e+02 L+= 7.7721e-01 L-= 7.0846e-01  Keff= 7.99(min  7.94)  gmin=1.09e-01  floor=0.0e+00  |dM|=4.71e-04  step=1.00e+00
  it 1256  L= 3.080522e+02  comp= 2.7425e+01 expr= 2.8063e+02 L+= 7.7881e-01 L-= 7.0987e-01  Keff= 7.99(min  7.93)  gmin=1.09e-01  floor=0.0e+00  |dM|=4.71e-04  step=1.00e+00
  it 1257  L= 3.080257e+02  comp= 2.7424e+01 expr= 2.8060e+02 L+= 7.8040e-01 L-= 7.1128e-01  Keff= 7.99(min  7.93)  gmin=1.09e-01  floor=0.0e+00  |dM|=4.71e-04  step=1.00e+00
  it 1258  L= 3.079991e+02  comp= 2.7424e+01 expr= 2.8058e+02 L+= 7.8200e-01 L-= 7.1269e-01  Keff= 7.99(min  7.93)  gmin=1.09e-01  floor=0.0e+00  |dM|=4.71e-04  step=1.00e+00
  it 1259  L= 3.079725e+02  comp= 2.7423e+01 expr= 2.8055e+02 L+= 7.8360e-01 L-= 7.1410e-01  Keff= 7.99(min  7.93)  gmin=1.09e-01  floor=0.0e+00  |dM|=4.71e-04  step=1.00e+00
  it 1260  L= 3.079459e+02  comp= 2.7423e+01 expr= 2.8052e+02 L+= 7.8520e-01 L-= 7.1551e-01  Keff= 7.99(min  7.93)  gmin=1.09e-01  floor=0.0e+00  |dM|=4.71e-04  step=1.00e+00
  it 1261  L= 3.079192e+02  comp= 2.7422e+01 expr= 2.8050e+02 L+= 7.8680e-01 L-= 7.1692e-01  Keff= 7.99(min  7.93)  gmin=1.09e-01  floor=0.0e+00  |dM|=4.71e-04  step=1.00e+00
  it 1262  L= 3.078925e+02  comp= 2.7422e+01 expr= 2.8047e+02 L+= 7.8841e-01 L-= 7.1834e-01  Keff= 7.99(min  7.93)  gmin=1.09e-01  floor=0.0e+00  |dM|=4.71e-04  step=1.00e+00
  it 1263  L= 3.078658e+02  comp= 2.7421e+01 expr= 2.8044e+02 L+= 7.9001e-01 L-= 7.1975e-01  Keff= 7.99(min  7.93)  gmin=1.09e-01  floor=0.0e+00  |dM|=4.71e-04  step=1.00e+00
  it 1264  L= 3.078390e+02  comp= 2.7421e+01 expr= 2.8042e+02 L+= 7.9162e-01 L-= 7.2117e-01  Keff= 7.99(min  7.93)  gmin=1.09e-01  floor=0.0e+00  |dM|=4.71e-04  step=1.00e+00
  it 1265  L= 3.078121e+02  comp= 2.7420e+01 expr= 2.8039e+02 L+= 7.9323e-01 L-= 7.2259e-01  Keff= 7.99(min  7.93)  gmin=1.09e-01  floor=0.0e+00  |dM|=4.71e-04  step=1.00e+00
  it 1266  L= 3.077853e+02  comp= 2.7419e+01 expr= 2.8037e+02 L+= 7.9484e-01 L-= 7.2401e-01  Keff= 7.99(min  7.93)  gmin=1.09e-01  floor=0.0e+00  |dM|=4.71e-04  step=1.00e+00
  it 1267  L= 3.077584e+02  comp= 2.7419e+01 expr= 2.8034e+02 L+= 7.9646e-01 L-= 7.2544e-01  Keff= 7.99(min  7.93)  gmin=1.09e-01  floor=0.0e+00  |dM|=4.71e-04  step=1.00e+00
  it 1268  L= 3.077315e+02  comp= 2.7418e+01 expr= 2.8031e+02 L+= 7.9807e-01 L-= 7.2686e-01  Keff= 7.99(min  7.93)  gmin=1.09e-01  floor=0.0e+00  |dM|=4.71e-04  step=1.00e+00
  it 1269  L= 3.077045e+02  comp= 2.7418e+01 expr= 2.8029e+02 L+= 7.9969e-01 L-= 7.2828e-01  Keff= 7.99(min  7.93)  gmin=1.09e-01  floor=0.0e+00  |dM|=4.71e-04  step=1.00e+00
  it 1270  L= 3.076775e+02  comp= 2.7417e+01 expr= 2.8026e+02 L+= 8.0131e-01 L-= 7.2971e-01  Keff= 7.99(min  7.93)  gmin=1.09e-01  floor=0.0e+00  |dM|=4.72e-04  step=1.00e+00
  it 1271  L= 3.076505e+02  comp= 2.7417e+01 expr= 2.8023e+02 L+= 8.0293e-01 L-= 7.3114e-01  Keff= 7.99(min  7.93)  gmin=1.09e-01  floor=0.0e+00  |dM|=4.72e-04  step=1.00e+00
  it 1272  L= 3.076234e+02  comp= 2.7416e+01 expr= 2.8021e+02 L+= 8.0455e-01 L-= 7.3257e-01  Keff= 7.99(min  7.93)  gmin=1.09e-01  floor=0.0e+00  |dM|=4.72e-04  step=1.00e+00
  it 1273  L= 3.075963e+02  comp= 2.7416e+01 expr= 2.8018e+02 L+= 8.0617e-01 L-= 7.3399e-01  Keff= 7.99(min  7.93)  gmin=1.09e-01  floor=0.0e+00  |dM|=4.72e-04  step=1.00e+00
  it 1274  L= 3.075692e+02  comp= 2.7415e+01 expr= 2.8015e+02 L+= 8.0780e-01 L-= 7.3543e-01  Keff= 7.99(min  7.93)  gmin=1.09e-01  floor=0.0e+00  |dM|=4.72e-04  step=1.00e+00
  it 1275  L= 3.075420e+02  comp= 2.7414e+01 expr= 2.8013e+02 L+= 8.0943e-01 L-= 7.3686e-01  Keff= 7.99(min  7.93)  gmin=1.09e-01  floor=0.0e+00  |dM|=4.72e-04  step=1.00e+00
  it 1276  L= 3.075148e+02  comp= 2.7414e+01 expr= 2.8010e+02 L+= 8.1106e-01 L-= 7.3829e-01  Keff= 7.99(min  7.93)  gmin=1.09e-01  floor=0.0e+00  |dM|=4.72e-04  step=1.00e+00
  it 1277  L= 3.074875e+02  comp= 2.7413e+01 expr= 2.8007e+02 L+= 8.1269e-01 L-= 7.3973e-01  Keff= 7.99(min  7.93)  gmin=1.09e-01  floor=0.0e+00  |dM|=4.72e-04  step=1.00e+00
  it 1278  L= 3.074602e+02  comp= 2.7413e+01 expr= 2.8005e+02 L+= 8.1432e-01 L-= 7.4116e-01  Keff= 7.99(min  7.93)  gmin=1.09e-01  floor=0.0e+00  |dM|=4.72e-04  step=1.00e+00
  it 1279  L= 3.074329e+02  comp= 2.7412e+01 expr= 2.8002e+02 L+= 8.1595e-01 L-= 7.4260e-01  Keff= 7.99(min  7.93)  gmin=1.09e-01  floor=0.0e+00  |dM|=4.72e-04  step=1.00e+00
  it 1280  L= 3.074055e+02  comp= 2.7412e+01 expr= 2.7999e+02 L+= 8.1759e-01 L-= 7.4404e-01  Keff= 7.99(min  7.93)  gmin=1.09e-01  floor=0.0e+00  |dM|=4.72e-04  step=1.00e+00
  it 1281  L= 3.073781e+02  comp= 2.7411e+01 expr= 2.7997e+02 L+= 8.1922e-01 L-= 7.4548e-01  Keff= 7.99(min  7.93)  gmin=1.09e-01  floor=0.0e+00  |dM|=4.72e-04  step=1.00e+00
  it 1282  L= 3.073506e+02  comp= 2.7410e+01 expr= 2.7994e+02 L+= 8.2086e-01 L-= 7.4693e-01  Keff= 7.99(min  7.93)  gmin=1.09e-01  floor=0.0e+00  |dM|=4.72e-04  step=1.00e+00
  it 1283  L= 3.073231e+02  comp= 2.7410e+01 expr= 2.7991e+02 L+= 8.2250e-01 L-= 7.4837e-01  Keff= 7.99(min  7.93)  gmin=1.09e-01  floor=0.0e+00  |dM|=4.72e-04  step=1.00e+00
  it 1284  L= 3.072956e+02  comp= 2.7409e+01 expr= 2.7989e+02 L+= 8.2414e-01 L-= 7.4981e-01  Keff= 7.99(min  7.93)  gmin=1.09e-01  floor=0.0e+00  |dM|=4.72e-04  step=1.00e+00
  it 1285  L= 3.072681e+02  comp= 2.7409e+01 expr= 2.7986e+02 L+= 8.2579e-01 L-= 7.5126e-01  Keff= 7.99(min  7.93)  gmin=1.09e-01  floor=0.0e+00  |dM|=4.72e-04  step=1.00e+00
  it 1286  L= 3.072405e+02  comp= 2.7408e+01 expr= 2.7983e+02 L+= 8.2743e-01 L-= 7.5271e-01  Keff= 7.99(min  7.93)  gmin=1.09e-01  floor=0.0e+00  |dM|=4.72e-04  step=1.00e+00
  it 1287  L= 3.072128e+02  comp= 2.7407e+01 expr= 2.7981e+02 L+= 8.2908e-01 L-= 7.5416e-01  Keff= 7.99(min  7.93)  gmin=1.09e-01  floor=0.0e+00  |dM|=4.72e-04  step=1.00e+00
  it 1288  L= 3.071852e+02  comp= 2.7407e+01 expr= 2.7978e+02 L+= 8.3073e-01 L-= 7.5561e-01  Keff= 7.99(min  7.93)  gmin=1.09e-01  floor=0.0e+00  |dM|=4.72e-04  step=1.00e+00
  it 1289  L= 3.071575e+02  comp= 2.7406e+01 expr= 2.7975e+02 L+= 8.3238e-01 L-= 7.5706e-01  Keff= 7.99(min  7.93)  gmin=1.09e-01  floor=0.0e+00  |dM|=4.72e-04  step=1.00e+00
  it 1290  L= 3.071297e+02  comp= 2.7406e+01 expr= 2.7972e+02 L+= 8.3403e-01 L-= 7.5851e-01  Keff= 7.99(min  7.93)  gmin=1.09e-01  floor=0.0e+00  |dM|=4.73e-04  step=1.00e+00
  it 1291  L= 3.071019e+02  comp= 2.7405e+01 expr= 2.7970e+02 L+= 8.3569e-01 L-= 7.5996e-01  Keff= 7.99(min  7.93)  gmin=1.09e-01  floor=0.0e+00  |dM|=4.73e-04  step=1.00e+00
  it 1292  L= 3.070741e+02  comp= 2.7404e+01 expr= 2.7967e+02 L+= 8.3734e-01 L-= 7.6142e-01  Keff= 7.99(min  7.93)  gmin=1.09e-01  floor=0.0e+00  |dM|=4.73e-04  step=1.00e+00
  it 1293  L= 3.070463e+02  comp= 2.7404e+01 expr= 2.7964e+02 L+= 8.3900e-01 L-= 7.6288e-01  Keff= 7.99(min  7.93)  gmin=1.09e-01  floor=0.0e+00  |dM|=4.73e-04  step=1.00e+00
  it 1294  L= 3.070183e+02  comp= 2.7403e+01 expr= 2.7962e+02 L+= 8.4066e-01 L-= 7.6433e-01  Keff= 7.99(min  7.93)  gmin=1.09e-01  floor=0.0e+00  |dM|=4.73e-04  step=1.00e+00
  it 1295  L= 3.069904e+02  comp= 2.7403e+01 expr= 2.7959e+02 L+= 8.4232e-01 L-= 7.6579e-01  Keff= 7.99(min  7.93)  gmin=1.09e-01  floor=0.0e+00  |dM|=4.73e-04  step=1.00e+00
  it 1296  L= 3.069624e+02  comp= 2.7402e+01 expr= 2.7956e+02 L+= 8.4398e-01 L-= 7.6725e-01  Keff= 7.99(min  7.93)  gmin=1.09e-01  floor=0.0e+00  |dM|=4.73e-04  step=1.00e+00
  it 1297  L= 3.069344e+02  comp= 2.7401e+01 expr= 2.7953e+02 L+= 8.4565e-01 L-= 7.6872e-01  Keff= 7.99(min  7.93)  gmin=1.09e-01  floor=0.0e+00  |dM|=4.73e-04  step=1.00e+00
  it 1298  L= 3.069064e+02  comp= 2.7401e+01 expr= 2.7951e+02 L+= 8.4731e-01 L-= 7.7018e-01  Keff= 7.99(min  7.93)  gmin=1.09e-01  floor=0.0e+00  |dM|=4.73e-04  step=1.00e+00
  it 1299  L= 3.068783e+02  comp= 2.7400e+01 expr= 2.7948e+02 L+= 8.4898e-01 L-= 7.7164e-01  Keff= 7.99(min  7.93)  gmin=1.09e-01  floor=0.0e+00  |dM|=4.73e-04  step=1.00e+00
  it 1300  L= 3.068502e+02  comp= 2.7400e+01 expr= 2.7945e+02 L+= 8.5065e-01 L-= 7.7311e-01  Keff= 7.99(min  7.93)  gmin=1.09e-01  floor=0.0e+00  |dM|=4.73e-04  step=1.00e+00
  it 1301  L= 3.068221e+02  comp= 2.7399e+01 expr= 2.7942e+02 L+= 8.5232e-01 L-= 7.7458e-01  Keff= 7.99(min  7.93)  gmin=1.09e-01  floor=0.0e+00  |dM|=4.73e-04  step=1.00e+00
  it 1302  L= 3.067939e+02  comp= 2.7398e+01 expr= 2.7940e+02 L+= 8.5399e-01 L-= 7.7604e-01  Keff= 7.99(min  7.93)  gmin=1.09e-01  floor=0.0e+00  |dM|=4.73e-04  step=1.00e+00
  it 1303  L= 3.067656e+02  comp= 2.7398e+01 expr= 2.7937e+02 L+= 8.5567e-01 L-= 7.7752e-01  Keff= 7.99(min  7.93)  gmin=1.09e-01  floor=0.0e+00  |dM|=4.73e-04  step=1.00e+00
  it 1304  L= 3.067373e+02  comp= 2.7397e+01 expr= 2.7934e+02 L+= 8.5734e-01 L-= 7.7899e-01  Keff= 7.99(min  7.93)  gmin=1.09e-01  floor=0.0e+00  |dM|=4.73e-04  step=1.00e+00
  it 1305  L= 3.067090e+02  comp= 2.7396e+01 expr= 2.7931e+02 L+= 8.5902e-01 L-= 7.8046e-01  Keff= 7.99(min  7.93)  gmin=1.09e-01  floor=0.0e+00  |dM|=4.72e-04  step=1.00e+00
  it 1306  L= 3.066807e+02  comp= 2.7396e+01 expr= 2.7928e+02 L+= 8.6070e-01 L-= 7.8193e-01  Keff= 7.99(min  7.93)  gmin=1.09e-01  floor=0.0e+00  |dM|=4.72e-04  step=1.00e+00
  it 1307  L= 3.066523e+02  comp= 2.7395e+01 expr= 2.7926e+02 L+= 8.6238e-01 L-= 7.8341e-01  Keff= 7.99(min  7.93)  gmin=1.09e-01  floor=0.0e+00  |dM|=4.72e-04  step=1.00e+00
  it 1308  L= 3.066239e+02  comp= 2.7395e+01 expr= 2.7923e+02 L+= 8.6406e-01 L-= 7.8488e-01  Keff= 7.99(min  7.93)  gmin=1.09e-01  floor=0.0e+00  |dM|=4.72e-04  step=1.00e+00
  it 1309  L= 3.065954e+02  comp= 2.7394e+01 expr= 2.7920e+02 L+= 8.6574e-01 L-= 7.8636e-01  Keff= 7.99(min  7.93)  gmin=1.09e-01  floor=0.0e+00  |dM|=4.72e-04  step=1.00e+00
  it 1310  L= 3.065670e+02  comp= 2.7393e+01 expr= 2.7917e+02 L+= 8.6742e-01 L-= 7.8784e-01  Keff= 7.99(min  7.93)  gmin=1.09e-01  floor=0.0e+00  |dM|=4.72e-04  step=1.00e+00
  it 1311  L= 3.065384e+02  comp= 2.7393e+01 expr= 2.7915e+02 L+= 8.6911e-01 L-= 7.8932e-01  Keff= 7.99(min  7.93)  gmin=1.09e-01  floor=0.0e+00  |dM|=4.72e-04  step=1.00e+00
  it 1312  L= 3.065099e+02  comp= 2.7392e+01 expr= 2.7912e+02 L+= 8.7080e-01 L-= 7.9080e-01  Keff= 7.99(min  7.93)  gmin=1.09e-01  floor=0.0e+00  |dM|=4.72e-04  step=1.00e+00
  it 1313  L= 3.064812e+02  comp= 2.7391e+01 expr= 2.7909e+02 L+= 8.7249e-01 L-= 7.9228e-01  Keff= 7.99(min  7.93)  gmin=1.09e-01  floor=0.0e+00  |dM|=4.72e-04  step=1.00e+00
  it 1314  L= 3.064526e+02  comp= 2.7391e+01 expr= 2.7906e+02 L+= 8.7418e-01 L-= 7.9377e-01  Keff= 7.99(min  7.93)  gmin=1.09e-01  floor=0.0e+00  |dM|=4.72e-04  step=1.00e+00
  it 1315  L= 3.064239e+02  comp= 2.7390e+01 expr= 2.7903e+02 L+= 8.7588e-01 L-= 7.9525e-01  Keff= 7.99(min  7.93)  gmin=1.09e-01  floor=0.0e+00  |dM|=4.72e-04  step=1.00e+00
  it 1316  L= 3.063951e+02  comp= 2.7389e+01 expr= 2.7901e+02 L+= 8.7757e-01 L-= 7.9674e-01  Keff= 7.99(min  7.93)  gmin=1.09e-01  floor=0.0e+00  |dM|=4.72e-04  step=1.00e+00
  it 1317  L= 3.063664e+02  comp= 2.7389e+01 expr= 2.7898e+02 L+= 8.7927e-01 L-= 7.9823e-01  Keff= 7.99(min  7.93)  gmin=1.09e-01  floor=0.0e+00  |dM|=4.72e-04  step=1.00e+00
  it 1318  L= 3.063376e+02  comp= 2.7388e+01 expr= 2.7895e+02 L+= 8.8096e-01 L-= 7.9972e-01  Keff= 7.99(min  7.93)  gmin=1.09e-01  floor=0.0e+00  |dM|=4.71e-04  step=1.00e+00
  it 1319  L= 3.063088e+02  comp= 2.7387e+01 expr= 2.7892e+02 L+= 8.8267e-01 L-= 8.0121e-01  Keff= 7.99(min  7.93)  gmin=1.08e-01  floor=0.0e+00  |dM|=4.71e-04  step=1.00e+00
  it 1320  L= 3.062799e+02  comp= 2.7387e+01 expr= 2.7889e+02 L+= 8.8436e-01 L-= 8.0270e-01  Keff= 7.99(min  7.92)  gmin=1.08e-01  floor=0.0e+00  |dM|=4.71e-04  step=1.00e+00
  it 1321  L= 3.062510e+02  comp= 2.7386e+01 expr= 2.7886e+02 L+= 8.8607e-01 L-= 8.0419e-01  Keff= 7.99(min  7.92)  gmin=1.08e-01  floor=0.0e+00  |dM|=4.71e-04  step=1.00e+00
  it 1322  L= 3.062221e+02  comp= 2.7385e+01 expr= 2.7884e+02 L+= 8.8777e-01 L-= 8.0569e-01  Keff= 7.99(min  7.92)  gmin=1.08e-01  floor=0.0e+00  |dM|=4.71e-04  step=1.00e+00
  it 1323  L= 3.061931e+02  comp= 2.7385e+01 expr= 2.7881e+02 L+= 8.8948e-01 L-= 8.0718e-01  Keff= 7.99(min  7.92)  gmin=1.08e-01  floor=0.0e+00  |dM|=4.71e-04  step=1.00e+00
  it 1324  L= 3.061641e+02  comp= 2.7384e+01 expr= 2.7878e+02 L+= 8.9118e-01 L-= 8.0868e-01  Keff= 7.99(min  7.92)  gmin=1.08e-01  floor=0.0e+00  |dM|=4.71e-04  step=1.00e+00
  it 1325  L= 3.061350e+02  comp= 2.7383e+01 expr= 2.7875e+02 L+= 8.9289e-01 L-= 8.1017e-01  Keff= 7.99(min  7.92)  gmin=1.08e-01  floor=0.0e+00  |dM|=4.70e-04  step=1.00e+00
  it 1326  L= 3.061059e+02  comp= 2.7383e+01 expr= 2.7872e+02 L+= 8.9460e-01 L-= 8.1167e-01  Keff= 7.99(min  7.92)  gmin=1.08e-01  floor=0.0e+00  |dM|=4.70e-04  step=1.00e+00
  it 1327  L= 3.060768e+02  comp= 2.7382e+01 expr= 2.7869e+02 L+= 8.9631e-01 L-= 8.1317e-01  Keff= 7.99(min  7.92)  gmin=1.08e-01  floor=0.0e+00  |dM|=4.70e-04  step=1.00e+00
  it 1328  L= 3.060476e+02  comp= 2.7381e+01 expr= 2.7867e+02 L+= 8.9803e-01 L-= 8.1468e-01  Keff= 7.99(min  7.92)  gmin=1.08e-01  floor=0.0e+00  |dM|=4.70e-04  step=1.00e+00
  it 1329  L= 3.060184e+02  comp= 2.7381e+01 expr= 2.7864e+02 L+= 8.9975e-01 L-= 8.1618e-01  Keff= 7.99(min  7.92)  gmin=1.08e-01  floor=0.0e+00  |dM|=4.70e-04  step=1.00e+00
  it 1330  L= 3.059892e+02  comp= 2.7380e+01 expr= 2.7861e+02 L+= 9.0146e-01 L-= 8.1768e-01  Keff= 7.99(min  7.92)  gmin=1.08e-01  floor=0.0e+00  |dM|=4.70e-04  step=1.00e+00
  it 1331  L= 3.059599e+02  comp= 2.7379e+01 expr= 2.7858e+02 L+= 9.0318e-01 L-= 8.1919e-01  Keff= 7.99(min  7.92)  gmin=1.08e-01  floor=0.0e+00  |dM|=4.69e-04  step=1.00e+00
  it 1332  L= 3.059306e+02  comp= 2.7379e+01 expr= 2.7855e+02 L+= 9.0490e-01 L-= 8.2069e-01  Keff= 7.99(min  7.92)  gmin=1.08e-01  floor=0.0e+00  |dM|=4.69e-04  step=1.00e+00
  it 1333  L= 3.059012e+02  comp= 2.7378e+01 expr= 2.7852e+02 L+= 9.0662e-01 L-= 8.2220e-01  Keff= 7.99(min  7.92)  gmin=1.08e-01  floor=0.0e+00  |dM|=4.69e-04  step=1.00e+00
  it 1334  L= 3.058719e+02  comp= 2.7377e+01 expr= 2.7849e+02 L+= 9.0834e-01 L-= 8.2371e-01  Keff= 7.99(min  7.92)  gmin=1.08e-01  floor=0.0e+00  |dM|=4.69e-04  step=1.00e+00
  it 1335  L= 3.058424e+02  comp= 2.7377e+01 expr= 2.7847e+02 L+= 9.1007e-01 L-= 8.2522e-01  Keff= 7.99(min  7.92)  gmin=1.08e-01  floor=0.0e+00  |dM|=4.69e-04  step=1.00e+00
  it 1336  L= 3.058129e+02  comp= 2.7376e+01 expr= 2.7844e+02 L+= 9.1179e-01 L-= 8.2673e-01  Keff= 7.99(min  7.92)  gmin=1.08e-01  floor=0.0e+00  |dM|=4.69e-04  step=1.00e+00
  it 1337  L= 3.057835e+02  comp= 2.7375e+01 expr= 2.7841e+02 L+= 9.1352e-01 L-= 8.2824e-01  Keff= 7.99(min  7.92)  gmin=1.08e-01  floor=0.0e+00  |dM|=4.68e-04  step=1.00e+00
  it 1338  L= 3.057539e+02  comp= 2.7374e+01 expr= 2.7838e+02 L+= 9.1525e-01 L-= 8.2975e-01  Keff= 7.99(min  7.92)  gmin=1.08e-01  floor=0.0e+00  |dM|=4.68e-04  step=1.00e+00
  it 1339  L= 3.057243e+02  comp= 2.7374e+01 expr= 2.7835e+02 L+= 9.1698e-01 L-= 8.3127e-01  Keff= 7.99(min  7.92)  gmin=1.08e-01  floor=0.0e+00  |dM|=4.68e-04  step=1.00e+00
  it 1340  L= 3.056947e+02  comp= 2.7373e+01 expr= 2.7832e+02 L+= 9.1871e-01 L-= 8.3278e-01  Keff= 7.99(min  7.92)  gmin=1.08e-01  floor=0.0e+00  |dM|=4.68e-04  step=1.00e+00
  it 1341  L= 3.056650e+02  comp= 2.7372e+01 expr= 2.7829e+02 L+= 9.2044e-01 L-= 8.3430e-01  Keff= 7.99(min  7.92)  gmin=1.08e-01  floor=0.0e+00  |dM|=4.68e-04  step=1.00e+00
  it 1342  L= 3.056354e+02  comp= 2.7372e+01 expr= 2.7826e+02 L+= 9.2218e-01 L-= 8.3582e-01  Keff= 7.99(min  7.92)  gmin=1.08e-01  floor=0.0e+00  |dM|=4.67e-04  step=1.00e+00
  it 1343  L= 3.056057e+02  comp= 2.7371e+01 expr= 2.7823e+02 L+= 9.2391e-01 L-= 8.3734e-01  Keff= 7.99(min  7.92)  gmin=1.08e-01  floor=0.0e+00  |dM|=4.67e-04  step=1.00e+00
  it 1344  L= 3.055759e+02  comp= 2.7370e+01 expr= 2.7821e+02 L+= 9.2565e-01 L-= 8.3886e-01  Keff= 7.99(min  7.92)  gmin=1.08e-01  floor=0.0e+00  |dM|=4.67e-04  step=1.00e+00
  it 1345  L= 3.055461e+02  comp= 2.7369e+01 expr= 2.7818e+02 L+= 9.2739e-01 L-= 8.4038e-01  Keff= 7.99(min  7.92)  gmin=1.08e-01  floor=0.0e+00  |dM|=4.67e-04  step=1.00e+00
  it 1346  L= 3.055163e+02  comp= 2.7369e+01 expr= 2.7815e+02 L+= 9.2913e-01 L-= 8.4190e-01  Keff= 7.99(min  7.92)  gmin=1.08e-01  floor=0.0e+00  |dM|=4.67e-04  step=1.00e+00
  it 1347  L= 3.054864e+02  comp= 2.7368e+01 expr= 2.7812e+02 L+= 9.3087e-01 L-= 8.4343e-01  Keff= 7.99(min  7.92)  gmin=1.08e-01  floor=0.0e+00  |dM|=4.66e-04  step=1.00e+00
  it 1348  L= 3.054565e+02  comp= 2.7367e+01 expr= 2.7809e+02 L+= 9.3262e-01 L-= 8.4495e-01  Keff= 7.99(min  7.92)  gmin=1.08e-01  floor=0.0e+00  |dM|=4.66e-04  step=1.00e+00
  it 1349  L= 3.054265e+02  comp= 2.7366e+01 expr= 2.7806e+02 L+= 9.3436e-01 L-= 8.4648e-01  Keff= 7.99(min  7.92)  gmin=1.08e-01  floor=0.0e+00  |dM|=4.66e-04  step=1.00e+00
  it 1350  L= 3.053966e+02  comp= 2.7366e+01 expr= 2.7803e+02 L+= 9.3611e-01 L-= 8.4800e-01  Keff= 7.99(min  7.92)  gmin=1.08e-01  floor=0.0e+00  |dM|=4.66e-04  step=1.00e+00
  it 1351  L= 3.053665e+02  comp= 2.7365e+01 expr= 2.7800e+02 L+= 9.3786e-01 L-= 8.4953e-01  Keff= 7.99(min  7.92)  gmin=1.08e-01  floor=0.0e+00  |dM|=4.66e-04  step=1.00e+00
  it 1352  L= 3.053365e+02  comp= 2.7364e+01 expr= 2.7797e+02 L+= 9.3961e-01 L-= 8.5107e-01  Keff= 7.99(min  7.92)  gmin=1.08e-01  floor=0.0e+00  |dM|=4.65e-04  step=1.00e+00
  it 1353  L= 3.053063e+02  comp= 2.7364e+01 expr= 2.7794e+02 L+= 9.4136e-01 L-= 8.5259e-01  Keff= 7.99(min  7.92)  gmin=1.08e-01  floor=0.0e+00  |dM|=4.65e-04  step=1.00e+00
  it 1354  L= 3.052762e+02  comp= 2.7363e+01 expr= 2.7791e+02 L+= 9.4311e-01 L-= 8.5412e-01  Keff= 7.99(min  7.92)  gmin=1.08e-01  floor=0.0e+00  |dM|=4.65e-04  step=1.00e+00
  it 1355  L= 3.052460e+02  comp= 2.7362e+01 expr= 2.7788e+02 L+= 9.4486e-01 L-= 8.5566e-01  Keff= 7.99(min  7.92)  gmin=1.08e-01  floor=0.0e+00  |dM|=4.65e-04  step=1.00e+00
  it 1356  L= 3.052159e+02  comp= 2.7361e+01 expr= 2.7785e+02 L+= 9.4662e-01 L-= 8.5719e-01  Keff= 7.99(min  7.92)  gmin=1.08e-01  floor=0.0e+00  |dM|=4.65e-04  step=1.00e+00
  it 1357  L= 3.051856e+02  comp= 2.7361e+01 expr= 2.7783e+02 L+= 9.4838e-01 L-= 8.5873e-01  Keff= 7.99(min  7.92)  gmin=1.08e-01  floor=0.0e+00  |dM|=4.65e-04  step=1.00e+00
  it 1358  L= 3.051553e+02  comp= 2.7360e+01 expr= 2.7780e+02 L+= 9.5013e-01 L-= 8.6027e-01  Keff= 7.99(min  7.92)  gmin=1.08e-01  floor=0.0e+00  |dM|=4.64e-04  step=1.00e+00
  it 1359  L= 3.051250e+02  comp= 2.7359e+01 expr= 2.7777e+02 L+= 9.5189e-01 L-= 8.6180e-01  Keff= 7.99(min  7.92)  gmin=1.08e-01  floor=0.0e+00  |dM|=4.64e-04  step=1.00e+00
  it 1360  L= 3.050946e+02  comp= 2.7358e+01 expr= 2.7774e+02 L+= 9.5365e-01 L-= 8.6334e-01  Keff= 7.99(min  7.92)  gmin=1.08e-01  floor=0.0e+00  |dM|=4.64e-04  step=1.00e+00
  it 1361  L= 3.050642e+02  comp= 2.7358e+01 expr= 2.7771e+02 L+= 9.5542e-01 L-= 8.6488e-01  Keff= 7.99(min  7.92)  gmin=1.08e-01  floor=0.0e+00  |dM|=4.64e-04  step=1.00e+00
  it 1362  L= 3.050338e+02  comp= 2.7357e+01 expr= 2.7768e+02 L+= 9.5718e-01 L-= 8.6642e-01  Keff= 7.99(min  7.92)  gmin=1.08e-01  floor=0.0e+00  |dM|=4.64e-04  step=1.00e+00
  it 1363  L= 3.050034e+02  comp= 2.7356e+01 expr= 2.7765e+02 L+= 9.5895e-01 L-= 8.6797e-01  Keff= 7.99(min  7.92)  gmin=1.08e-01  floor=0.0e+00  |dM|=4.63e-04  step=1.00e+00
  it 1364  L= 3.049729e+02  comp= 2.7355e+01 expr= 2.7762e+02 L+= 9.6072e-01 L-= 8.6951e-01  Keff= 7.99(min  7.92)  gmin=1.08e-01  floor=0.0e+00  |dM|=4.63e-04  step=1.00e+00
  it 1365  L= 3.049424e+02  comp= 2.7354e+01 expr= 2.7759e+02 L+= 9.6248e-01 L-= 8.7105e-01  Keff= 7.99(min  7.92)  gmin=1.08e-01  floor=0.0e+00  |dM|=4.63e-04  step=1.00e+00
  it 1366  L= 3.049118e+02  comp= 2.7354e+01 expr= 2.7756e+02 L+= 9.6425e-01 L-= 8.7260e-01  Keff= 7.99(min  7.92)  gmin=1.08e-01  floor=0.0e+00  |dM|=4.63e-04  step=1.00e+00
  it 1367  L= 3.048812e+02  comp= 2.7353e+01 expr= 2.7753e+02 L+= 9.6602e-01 L-= 8.7414e-01  Keff= 7.99(min  7.92)  gmin=1.08e-01  floor=0.0e+00  |dM|=4.63e-04  step=1.00e+00
  it 1368  L= 3.048505e+02  comp= 2.7352e+01 expr= 2.7750e+02 L+= 9.6780e-01 L-= 8.7569e-01  Keff= 7.99(min  7.92)  gmin=1.08e-01  floor=0.0e+00  |dM|=4.63e-04  step=1.00e+00
  it 1369  L= 3.048198e+02  comp= 2.7351e+01 expr= 2.7747e+02 L+= 9.6957e-01 L-= 8.7724e-01  Keff= 7.99(min  7.92)  gmin=1.08e-01  floor=0.0e+00  |dM|=4.62e-04  step=1.00e+00
  it 1370  L= 3.047891e+02  comp= 2.7351e+01 expr= 2.7744e+02 L+= 9.7134e-01 L-= 8.7879e-01  Keff= 7.99(min  7.92)  gmin=1.08e-01  floor=0.0e+00  |dM|=4.62e-04  step=1.00e+00
  it 1371  L= 3.047583e+02  comp= 2.7350e+01 expr= 2.7741e+02 L+= 9.7312e-01 L-= 8.8034e-01  Keff= 7.99(min  7.92)  gmin=1.08e-01  floor=0.0e+00  |dM|=4.62e-04  step=1.00e+00
  it 1372  L= 3.047275e+02  comp= 2.7349e+01 expr= 2.7738e+02 L+= 9.7490e-01 L-= 8.8189e-01  Keff= 7.99(min  7.92)  gmin=1.08e-01  floor=0.0e+00  |dM|=4.62e-04  step=1.00e+00
  it 1373  L= 3.046967e+02  comp= 2.7348e+01 expr= 2.7735e+02 L+= 9.7668e-01 L-= 8.8345e-01  Keff= 7.99(min  7.92)  gmin=1.08e-01  floor=0.0e+00  |dM|=4.62e-04  step=1.00e+00
  it 1374  L= 3.046658e+02  comp= 2.7347e+01 expr= 2.7732e+02 L+= 9.7846e-01 L-= 8.8500e-01  Keff= 7.99(min  7.92)  gmin=1.08e-01  floor=0.0e+00  |dM|=4.62e-04  step=1.00e+00
  it 1375  L= 3.046349e+02  comp= 2.7347e+01 expr= 2.7729e+02 L+= 9.8024e-01 L-= 8.8655e-01  Keff= 7.99(min  7.92)  gmin=1.08e-01  floor=0.0e+00  |dM|=4.61e-04  step=1.00e+00
  it 1376  L= 3.046039e+02  comp= 2.7346e+01 expr= 2.7726e+02 L+= 9.8202e-01 L-= 8.8811e-01  Keff= 7.99(min  7.92)  gmin=1.07e-01  floor=0.0e+00  |dM|=4.61e-04  step=1.00e+00
  it 1377  L= 3.045730e+02  comp= 2.7345e+01 expr= 2.7723e+02 L+= 9.8381e-01 L-= 8.8967e-01  Keff= 7.99(min  7.92)  gmin=1.07e-01  floor=0.0e+00  |dM|=4.61e-04  step=1.00e+00
  it 1378  L= 3.045420e+02  comp= 2.7344e+01 expr= 2.7720e+02 L+= 9.8560e-01 L-= 8.9123e-01  Keff= 7.99(min  7.92)  gmin=1.07e-01  floor=0.0e+00  |dM|=4.61e-04  step=1.00e+00
  it 1379  L= 3.045109e+02  comp= 2.7343e+01 expr= 2.7717e+02 L+= 9.8738e-01 L-= 8.9279e-01  Keff= 7.99(min  7.92)  gmin=1.07e-01  floor=0.0e+00  |dM|=4.61e-04  step=1.00e+00
  it 1380  L= 3.044798e+02  comp= 2.7343e+01 expr= 2.7714e+02 L+= 9.8917e-01 L-= 8.9435e-01  Keff= 7.99(min  7.92)  gmin=1.07e-01  floor=0.0e+00  |dM|=4.61e-04  step=1.00e+00
  it 1381  L= 3.044487e+02  comp= 2.7342e+01 expr= 2.7711e+02 L+= 9.9096e-01 L-= 8.9591e-01  Keff= 7.99(min  7.92)  gmin=1.07e-01  floor=0.0e+00  |dM|=4.60e-04  step=1.00e+00
  it 1382  L= 3.044175e+02  comp= 2.7341e+01 expr= 2.7708e+02 L+= 9.9276e-01 L-= 8.9747e-01  Keff= 7.99(min  7.92)  gmin=1.07e-01  floor=0.0e+00  |dM|=4.60e-04  step=1.00e+00
  it 1383  L= 3.043863e+02  comp= 2.7340e+01 expr= 2.7705e+02 L+= 9.9455e-01 L-= 8.9903e-01  Keff= 7.99(min  7.91)  gmin=1.07e-01  floor=0.0e+00  |dM|=4.60e-04  step=1.00e+00
  it 1384  L= 3.043550e+02  comp= 2.7339e+01 expr= 2.7702e+02 L+= 9.9634e-01 L-= 9.0060e-01  Keff= 7.99(min  7.91)  gmin=1.07e-01  floor=0.0e+00  |dM|=4.60e-04  step=1.00e+00
  it 1385  L= 3.043238e+02  comp= 2.7338e+01 expr= 2.7699e+02 L+= 9.9814e-01 L-= 9.0217e-01  Keff= 7.99(min  7.91)  gmin=1.07e-01  floor=0.0e+00  |dM|=4.60e-04  step=1.00e+00
  it 1386  L= 3.042925e+02  comp= 2.7338e+01 expr= 2.7695e+02 L+= 9.9994e-01 L-= 9.0373e-01  Keff= 7.99(min  7.91)  gmin=1.07e-01  floor=0.0e+00  |dM|=4.60e-04  step=1.00e+00
  it 1387  L= 3.042611e+02  comp= 2.7337e+01 expr= 2.7692e+02 L+= 1.0017e+00 L-= 9.0530e-01  Keff= 7.99(min  7.91)  gmin=1.07e-01  floor=0.0e+00  |dM|=4.59e-04  step=1.00e+00
  it 1388  L= 3.042297e+02  comp= 2.7336e+01 expr= 2.7689e+02 L+= 1.0035e+00 L-= 9.0687e-01  Keff= 7.99(min  7.91)  gmin=1.07e-01  floor=0.0e+00  |dM|=4.59e-04  step=1.00e+00
  it 1389  L= 3.041983e+02  comp= 2.7335e+01 expr= 2.7686e+02 L+= 1.0053e+00 L-= 9.0844e-01  Keff= 7.99(min  7.91)  gmin=1.07e-01  floor=0.0e+00  |dM|=4.59e-04  step=1.00e+00
  it 1390  L= 3.041669e+02  comp= 2.7334e+01 expr= 2.7683e+02 L+= 1.0071e+00 L-= 9.1001e-01  Keff= 7.99(min  7.91)  gmin=1.07e-01  floor=0.0e+00  |dM|=4.59e-04  step=1.00e+00
  it 1391  L= 3.041354e+02  comp= 2.7333e+01 expr= 2.7680e+02 L+= 1.0089e+00 L-= 9.1158e-01  Keff= 7.99(min  7.91)  gmin=1.07e-01  floor=0.0e+00  |dM|=4.59e-04  step=1.00e+00
  it 1392  L= 3.041039e+02  comp= 2.7333e+01 expr= 2.7677e+02 L+= 1.0107e+00 L-= 9.1315e-01  Keff= 7.99(min  7.91)  gmin=1.07e-01  floor=0.0e+00  |dM|=4.58e-04  step=1.00e+00
  it 1393  L= 3.040723e+02  comp= 2.7332e+01 expr= 2.7674e+02 L+= 1.0126e+00 L-= 9.1473e-01  Keff= 7.99(min  7.91)  gmin=1.07e-01  floor=0.0e+00  |dM|=4.58e-04  step=1.00e+00
  it 1394  L= 3.040407e+02  comp= 2.7331e+01 expr= 2.7671e+02 L+= 1.0144e+00 L-= 9.1630e-01  Keff= 7.99(min  7.91)  gmin=1.07e-01  floor=0.0e+00  |dM|=4.58e-04  step=1.00e+00
  it 1395  L= 3.040090e+02  comp= 2.7330e+01 expr= 2.7668e+02 L+= 1.0162e+00 L-= 9.1788e-01  Keff= 7.99(min  7.91)  gmin=1.07e-01  floor=0.0e+00  |dM|=4.58e-04  step=1.00e+00
  it 1396  L= 3.039774e+02  comp= 2.7329e+01 expr= 2.7665e+02 L+= 1.0180e+00 L-= 9.1946e-01  Keff= 7.99(min  7.91)  gmin=1.07e-01  floor=0.0e+00  |dM|=4.57e-04  step=1.00e+00
  it 1397  L= 3.039456e+02  comp= 2.7328e+01 expr= 2.7662e+02 L+= 1.0198e+00 L-= 9.2103e-01  Keff= 7.99(min  7.91)  gmin=1.07e-01  floor=0.0e+00  |dM|=4.57e-04  step=1.00e+00
  it 1398  L= 3.039139e+02  comp= 2.7328e+01 expr= 2.7659e+02 L+= 1.0216e+00 L-= 9.2261e-01  Keff= 7.99(min  7.91)  gmin=1.07e-01  floor=0.0e+00  |dM|=4.57e-04  step=1.00e+00
  it 1399  L= 3.038821e+02  comp= 2.7327e+01 expr= 2.7656e+02 L+= 1.0234e+00 L-= 9.2419e-01  Keff= 7.99(min  7.91)  gmin=1.07e-01  floor=0.0e+00  |dM|=4.57e-04  step=1.00e+00
  it 1400  L= 3.038503e+02  comp= 2.7326e+01 expr= 2.7652e+02 L+= 1.0252e+00 L-= 9.2577e-01  Keff= 7.99(min  7.91)  gmin=1.07e-01  floor=0.0e+00  |dM|=4.56e-04  step=1.00e+00
  it 1401  L= 3.038185e+02  comp= 2.7325e+01 expr= 2.7649e+02 L+= 1.0271e+00 L-= 9.2735e-01  Keff= 7.99(min  7.91)  gmin=1.07e-01  floor=0.0e+00  |dM|=4.56e-04  step=1.00e+00
  it 1402  L= 3.037866e+02  comp= 2.7324e+01 expr= 2.7646e+02 L+= 1.0289e+00 L-= 9.2894e-01  Keff= 7.99(min  7.91)  gmin=1.07e-01  floor=0.0e+00  |dM|=4.56e-04  step=1.00e+00
  it 1403  L= 3.037546e+02  comp= 2.7323e+01 expr= 2.7643e+02 L+= 1.0307e+00 L-= 9.3052e-01  Keff= 7.99(min  7.91)  gmin=1.07e-01  floor=0.0e+00  |dM|=4.55e-04  step=1.00e+00
  it 1404  L= 3.037227e+02  comp= 2.7322e+01 expr= 2.7640e+02 L+= 1.0325e+00 L-= 9.3210e-01  Keff= 7.99(min  7.91)  gmin=1.07e-01  floor=0.0e+00  |dM|=4.55e-04  step=1.00e+00
  it 1405  L= 3.036907e+02  comp= 2.7321e+01 expr= 2.7637e+02 L+= 1.0343e+00 L-= 9.3369e-01  Keff= 7.99(min  7.91)  gmin=1.07e-01  floor=0.0e+00  |dM|=4.55e-04  step=1.00e+00
  it 1406  L= 3.036586e+02  comp= 2.7321e+01 expr= 2.7634e+02 L+= 1.0362e+00 L-= 9.3528e-01  Keff= 7.99(min  7.91)  gmin=1.07e-01  floor=0.0e+00  |dM|=4.54e-04  step=1.00e+00
  it 1407  L= 3.036266e+02  comp= 2.7320e+01 expr= 2.7631e+02 L+= 1.0380e+00 L-= 9.3686e-01  Keff= 7.99(min  7.91)  gmin=1.07e-01  floor=0.0e+00  |dM|=4.55e-04  step=1.00e+00
  it 1408  L= 3.035945e+02  comp= 2.7319e+01 expr= 2.7628e+02 L+= 1.0398e+00 L-= 9.3845e-01  Keff= 7.99(min  7.91)  gmin=1.07e-01  floor=0.0e+00  |dM|=4.55e-04  step=1.00e+00
  it 1409  L= 3.035624e+02  comp= 2.7318e+01 expr= 2.7624e+02 L+= 1.0416e+00 L-= 9.4004e-01  Keff= 7.99(min  7.91)  gmin=1.07e-01  floor=0.0e+00  |dM|=4.55e-04  step=1.00e+00
  it 1410  L= 3.035302e+02  comp= 2.7317e+01 expr= 2.7621e+02 L+= 1.0435e+00 L-= 9.4163e-01  Keff= 7.99(min  7.91)  gmin=1.07e-01  floor=0.0e+00  |dM|=4.55e-04  step=1.00e+00
  it 1411  L= 3.034980e+02  comp= 2.7316e+01 expr= 2.7618e+02 L+= 1.0453e+00 L-= 9.4322e-01  Keff= 7.99(min  7.91)  gmin=1.07e-01  floor=0.0e+00  |dM|=4.55e-04  step=1.00e+00
  it 1412  L= 3.034657e+02  comp= 2.7315e+01 expr= 2.7615e+02 L+= 1.0471e+00 L-= 9.4482e-01  Keff= 7.99(min  7.91)  gmin=1.07e-01  floor=0.0e+00  |dM|=4.56e-04  step=1.00e+00
  it 1413  L= 3.034335e+02  comp= 2.7314e+01 expr= 2.7612e+02 L+= 1.0489e+00 L-= 9.4641e-01  Keff= 7.99(min  7.91)  gmin=1.07e-01  floor=0.0e+00  |dM|=4.56e-04  step=1.00e+00
  it 1414  L= 3.034012e+02  comp= 2.7313e+01 expr= 2.7609e+02 L+= 1.0508e+00 L-= 9.4800e-01  Keff= 7.99(min  7.91)  gmin=1.07e-01  floor=0.0e+00  |dM|=4.56e-04  step=1.00e+00
  it 1415  L= 3.033688e+02  comp= 2.7313e+01 expr= 2.7606e+02 L+= 1.0526e+00 L-= 9.4960e-01  Keff= 7.99(min  7.91)  gmin=1.07e-01  floor=0.0e+00  |dM|=4.56e-04  step=1.00e+00
  it 1416  L= 3.033364e+02  comp= 2.7312e+01 expr= 2.7602e+02 L+= 1.0544e+00 L-= 9.5119e-01  Keff= 7.99(min  7.91)  gmin=1.07e-01  floor=0.0e+00  |dM|=4.56e-04  step=1.00e+00
  it 1417  L= 3.033040e+02  comp= 2.7311e+01 expr= 2.7599e+02 L+= 1.0563e+00 L-= 9.5279e-01  Keff= 7.99(min  7.91)  gmin=1.07e-01  floor=0.0e+00  |dM|=4.57e-04  step=1.00e+00
  it 1418  L= 3.032715e+02  comp= 2.7310e+01 expr= 2.7596e+02 L+= 1.0581e+00 L-= 9.5438e-01  Keff= 7.99(min  7.91)  gmin=1.07e-01  floor=0.0e+00  |dM|=4.57e-04  step=1.00e+00
  it 1419  L= 3.032391e+02  comp= 2.7309e+01 expr= 2.7593e+02 L+= 1.0600e+00 L-= 9.5598e-01  Keff= 7.99(min  7.91)  gmin=1.07e-01  floor=0.0e+00  |dM|=4.57e-04  step=1.00e+00
  it 1420  L= 3.032066e+02  comp= 2.7308e+01 expr= 2.7590e+02 L+= 1.0618e+00 L-= 9.5758e-01  Keff= 7.99(min  7.91)  gmin=1.07e-01  floor=0.0e+00  |dM|=4.57e-04  step=1.00e+00
  it 1421  L= 3.031740e+02  comp= 2.7307e+01 expr= 2.7587e+02 L+= 1.0636e+00 L-= 9.5918e-01  Keff= 7.99(min  7.91)  gmin=1.07e-01  floor=0.0e+00  |dM|=4.57e-04  step=1.00e+00
  it 1422  L= 3.031414e+02  comp= 2.7306e+01 expr= 2.7584e+02 L+= 1.0655e+00 L-= 9.6078e-01  Keff= 7.99(min  7.91)  gmin=1.07e-01  floor=0.0e+00  |dM|=4.58e-04  step=1.00e+00
  it 1423  L= 3.031088e+02  comp= 2.7305e+01 expr= 2.7580e+02 L+= 1.0673e+00 L-= 9.6238e-01  Keff= 7.99(min  7.91)  gmin=1.07e-01  floor=0.0e+00  |dM|=4.58e-04  step=1.00e+00
  it 1424  L= 3.030762e+02  comp= 2.7304e+01 expr= 2.7577e+02 L+= 1.0692e+00 L-= 9.6399e-01  Keff= 7.99(min  7.91)  gmin=1.07e-01  floor=0.0e+00  |dM|=4.58e-04  step=1.00e+00
  it 1425  L= 3.030435e+02  comp= 2.7303e+01 expr= 2.7574e+02 L+= 1.0710e+00 L-= 9.6559e-01  Keff= 7.99(min  7.91)  gmin=1.07e-01  floor=0.0e+00  |dM|=4.58e-04  step=1.00e+00
  it 1426  L= 3.030108e+02  comp= 2.7302e+01 expr= 2.7571e+02 L+= 1.0729e+00 L-= 9.6719e-01  Keff= 7.99(min  7.91)  gmin=1.06e-01  floor=0.0e+00  |dM|=4.58e-04  step=1.00e+00
  it 1427  L= 3.029780e+02  comp= 2.7302e+01 expr= 2.7568e+02 L+= 1.0747e+00 L-= 9.6880e-01  Keff= 7.99(min  7.91)  gmin=1.06e-01  floor=0.0e+00  |dM|=4.59e-04  step=1.00e+00
  it 1428  L= 3.029452e+02  comp= 2.7301e+01 expr= 2.7564e+02 L+= 1.0765e+00 L-= 9.7040e-01  Keff= 7.99(min  7.91)  gmin=1.06e-01  floor=0.0e+00  |dM|=4.59e-04  step=1.00e+00
  it 1429  L= 3.029124e+02  comp= 2.7300e+01 expr= 2.7561e+02 L+= 1.0784e+00 L-= 9.7201e-01  Keff= 7.99(min  7.91)  gmin=1.06e-01  floor=0.0e+00  |dM|=4.59e-04  step=1.00e+00
  it 1430  L= 3.028795e+02  comp= 2.7299e+01 expr= 2.7558e+02 L+= 1.0802e+00 L-= 9.7362e-01  Keff= 7.99(min  7.91)  gmin=1.06e-01  floor=0.0e+00  |dM|=4.59e-04  step=1.00e+00
  it 1431  L= 3.028466e+02  comp= 2.7298e+01 expr= 2.7555e+02 L+= 1.0821e+00 L-= 9.7522e-01  Keff= 7.99(min  7.91)  gmin=1.06e-01  floor=0.0e+00  |dM|=4.59e-04  step=1.00e+00
  it 1432  L= 3.028137e+02  comp= 2.7297e+01 expr= 2.7552e+02 L+= 1.0840e+00 L-= 9.7683e-01  Keff= 7.99(min  7.91)  gmin=1.06e-01  floor=0.0e+00  |dM|=4.59e-04  step=1.00e+00
  it 1433  L= 3.027808e+02  comp= 2.7296e+01 expr= 2.7548e+02 L+= 1.0858e+00 L-= 9.7844e-01  Keff= 7.99(min  7.91)  gmin=1.06e-01  floor=0.0e+00  |dM|=4.60e-04  step=1.00e+00
  it 1434  L= 3.027478e+02  comp= 2.7295e+01 expr= 2.7545e+02 L+= 1.0877e+00 L-= 9.8005e-01  Keff= 7.99(min  7.91)  gmin=1.06e-01  floor=0.0e+00  |dM|=4.60e-04  step=1.00e+00
  it 1435  L= 3.027148e+02  comp= 2.7294e+01 expr= 2.7542e+02 L+= 1.0895e+00 L-= 9.8166e-01  Keff= 7.99(min  7.91)  gmin=1.06e-01  floor=0.0e+00  |dM|=4.60e-04  step=1.00e+00
  it 1436  L= 3.026817e+02  comp= 2.7293e+01 expr= 2.7539e+02 L+= 1.0914e+00 L-= 9.8327e-01  Keff= 7.99(min  7.91)  gmin=1.06e-01  floor=0.0e+00  |dM|=4.60e-04  step=1.00e+00
  it 1437  L= 3.026486e+02  comp= 2.7292e+01 expr= 2.7536e+02 L+= 1.0932e+00 L-= 9.8489e-01  Keff= 7.99(min  7.91)  gmin=1.06e-01  floor=0.0e+00  |dM|=4.60e-04  step=1.00e+00
  it 1438  L= 3.026155e+02  comp= 2.7291e+01 expr= 2.7532e+02 L+= 1.0951e+00 L-= 9.8650e-01  Keff= 7.99(min  7.91)  gmin=1.06e-01  floor=0.0e+00  |dM|=4.60e-04  step=1.00e+00
  it 1439  L= 3.025824e+02  comp= 2.7290e+01 expr= 2.7529e+02 L+= 1.0969e+00 L-= 9.8811e-01  Keff= 7.99(min  7.91)  gmin=1.06e-01  floor=0.0e+00  |dM|=4.61e-04  step=1.00e+00
  it 1440  L= 3.025492e+02  comp= 2.7289e+01 expr= 2.7526e+02 L+= 1.0988e+00 L-= 9.8973e-01  Keff= 7.99(min  7.91)  gmin=1.06e-01  floor=0.0e+00  |dM|=4.61e-04  step=1.00e+00
  it 1441  L= 3.025159e+02  comp= 2.7288e+01 expr= 2.7523e+02 L+= 1.1007e+00 L-= 9.9134e-01  Keff= 7.99(min  7.91)  gmin=1.06e-01  floor=0.0e+00  |dM|=4.61e-04  step=1.00e+00
  it 1442  L= 3.024827e+02  comp= 2.7287e+01 expr= 2.7520e+02 L+= 1.1025e+00 L-= 9.9296e-01  Keff= 7.99(min  7.91)  gmin=1.06e-01  floor=0.0e+00  |dM|=4.61e-04  step=1.00e+00
  it 1443  L= 3.024494e+02  comp= 2.7286e+01 expr= 2.7516e+02 L+= 1.1044e+00 L-= 9.9457e-01  Keff= 7.99(min  7.91)  gmin=1.06e-01  floor=0.0e+00  |dM|=4.61e-04  step=1.00e+00
  it 1444  L= 3.024161e+02  comp= 2.7285e+01 expr= 2.7513e+02 L+= 1.1063e+00 L-= 9.9619e-01  Keff= 7.99(min  7.91)  gmin=1.06e-01  floor=0.0e+00  |dM|=4.61e-04  step=1.00e+00
  it 1445  L= 3.023828e+02  comp= 2.7284e+01 expr= 2.7510e+02 L+= 1.1081e+00 L-= 9.9781e-01  Keff= 7.99(min  7.90)  gmin=1.06e-01  floor=0.0e+00  |dM|=4.62e-04  step=1.00e+00
  it 1446  L= 3.023494e+02  comp= 2.7283e+01 expr= 2.7507e+02 L+= 1.1100e+00 L-= 9.9943e-01  Keff= 7.99(min  7.90)  gmin=1.06e-01  floor=0.0e+00  |dM|=4.62e-04  step=1.00e+00
  it 1447  L= 3.023160e+02  comp= 2.7282e+01 expr= 2.7503e+02 L+= 1.1119e+00 L-= 1.0010e+00  Keff= 7.99(min  7.90)  gmin=1.06e-01  floor=0.0e+00  |dM|=4.62e-04  step=1.00e+00
  it 1448  L= 3.022826e+02  comp= 2.7281e+01 expr= 2.7500e+02 L+= 1.1137e+00 L-= 1.0027e+00  Keff= 7.99(min  7.90)  gmin=1.06e-01  floor=0.0e+00  |dM|=4.62e-04  step=1.00e+00
  it 1449  L= 3.022491e+02  comp= 2.7280e+01 expr= 2.7497e+02 L+= 1.1156e+00 L-= 1.0043e+00  Keff= 7.99(min  7.90)  gmin=1.06e-01  floor=0.0e+00  |dM|=4.62e-04  step=1.00e+00
  it 1450  L= 3.022156e+02  comp= 2.7279e+01 expr= 2.7494e+02 L+= 1.1175e+00 L-= 1.0059e+00  Keff= 7.99(min  7.90)  gmin=1.06e-01  floor=0.0e+00  |dM|=4.62e-04  step=1.00e+00
  it 1451  L= 3.021821e+02  comp= 2.7278e+01 expr= 2.7490e+02 L+= 1.1193e+00 L-= 1.0075e+00  Keff= 7.99(min  7.90)  gmin=1.06e-01  floor=0.0e+00  |dM|=4.63e-04  step=1.00e+00
  it 1452  L= 3.021485e+02  comp= 2.7277e+01 expr= 2.7487e+02 L+= 1.1212e+00 L-= 1.0092e+00  Keff= 7.99(min  7.90)  gmin=1.06e-01  floor=0.0e+00  |dM|=4.63e-04  step=1.00e+00
  it 1453  L= 3.021149e+02  comp= 2.7276e+01 expr= 2.7484e+02 L+= 1.1231e+00 L-= 1.0108e+00  Keff= 7.99(min  7.90)  gmin=1.06e-01  floor=0.0e+00  |dM|=4.63e-04  step=1.00e+00
  it 1454  L= 3.020813e+02  comp= 2.7275e+01 expr= 2.7481e+02 L+= 1.1250e+00 L-= 1.0124e+00  Keff= 7.99(min  7.90)  gmin=1.06e-01  floor=0.0e+00  |dM|=4.63e-04  step=1.00e+00
  it 1455  L= 3.020477e+02  comp= 2.7274e+01 expr= 2.7477e+02 L+= 1.1268e+00 L-= 1.0140e+00  Keff= 7.99(min  7.90)  gmin=1.06e-01  floor=0.0e+00  |dM|=4.63e-04  step=1.00e+00
  it 1456  L= 3.020140e+02  comp= 2.7273e+01 expr= 2.7474e+02 L+= 1.1287e+00 L-= 1.0156e+00  Keff= 7.99(min  7.90)  gmin=1.06e-01  floor=0.0e+00  |dM|=4.63e-04  step=1.00e+00
  it 1457  L= 3.019802e+02  comp= 2.7272e+01 expr= 2.7471e+02 L+= 1.1306e+00 L-= 1.0173e+00  Keff= 7.99(min  7.90)  gmin=1.06e-01  floor=0.0e+00  |dM|=4.63e-04  step=1.00e+00
  it 1458  L= 3.019465e+02  comp= 2.7271e+01 expr= 2.7468e+02 L+= 1.1325e+00 L-= 1.0189e+00  Keff= 7.99(min  7.90)  gmin=1.06e-01  floor=0.0e+00  |dM|=4.64e-04  step=1.00e+00
  it 1459  L= 3.019128e+02  comp= 2.7270e+01 expr= 2.7464e+02 L+= 1.1343e+00 L-= 1.0205e+00  Keff= 7.99(min  7.90)  gmin=1.06e-01  floor=0.0e+00  |dM|=4.64e-04  step=1.00e+00
  it 1460  L= 3.018789e+02  comp= 2.7269e+01 expr= 2.7461e+02 L+= 1.1362e+00 L-= 1.0222e+00  Keff= 7.99(min  7.90)  gmin=1.06e-01  floor=0.0e+00  |dM|=4.64e-04  step=1.00e+00
  it 1461  L= 3.018451e+02  comp= 2.7268e+01 expr= 2.7458e+02 L+= 1.1381e+00 L-= 1.0238e+00  Keff= 7.99(min  7.90)  gmin=1.06e-01  floor=0.0e+00  |dM|=4.64e-04  step=1.00e+00
  it 1462  L= 3.018112e+02  comp= 2.7267e+01 expr= 2.7454e+02 L+= 1.1400e+00 L-= 1.0254e+00  Keff= 7.99(min  7.90)  gmin=1.06e-01  floor=0.0e+00  |dM|=4.64e-04  step=1.00e+00
  it 1463  L= 3.017773e+02  comp= 2.7266e+01 expr= 2.7451e+02 L+= 1.1419e+00 L-= 1.0270e+00  Keff= 7.99(min  7.90)  gmin=1.06e-01  floor=0.0e+00  |dM|=4.64e-04  step=1.00e+00
  it 1464  L= 3.017434e+02  comp= 2.7265e+01 expr= 2.7448e+02 L+= 1.1437e+00 L-= 1.0287e+00  Keff= 7.99(min  7.90)  gmin=1.06e-01  floor=0.0e+00  |dM|=4.64e-04  step=1.00e+00
  it 1465  L= 3.017094e+02  comp= 2.7264e+01 expr= 2.7445e+02 L+= 1.1456e+00 L-= 1.0303e+00  Keff= 7.99(min  7.90)  gmin=1.06e-01  floor=0.0e+00  |dM|=4.64e-04  step=1.00e+00
  it 1466  L= 3.016754e+02  comp= 2.7263e+01 expr= 2.7441e+02 L+= 1.1475e+00 L-= 1.0319e+00  Keff= 7.99(min  7.90)  gmin=1.06e-01  floor=0.0e+00  |dM|=4.65e-04  step=1.00e+00
  it 1467  L= 3.016414e+02  comp= 2.7262e+01 expr= 2.7438e+02 L+= 1.1494e+00 L-= 1.0336e+00  Keff= 7.99(min  7.90)  gmin=1.06e-01  floor=0.0e+00  |dM|=4.65e-04  step=1.00e+00
  it 1468  L= 3.016073e+02  comp= 2.7261e+01 expr= 2.7435e+02 L+= 1.1513e+00 L-= 1.0352e+00  Keff= 7.99(min  7.90)  gmin=1.06e-01  floor=0.0e+00  |dM|=4.65e-04  step=1.00e+00
  it 1469  L= 3.015733e+02  comp= 2.7260e+01 expr= 2.7431e+02 L+= 1.1532e+00 L-= 1.0368e+00  Keff= 7.99(min  7.90)  gmin=1.06e-01  floor=0.0e+00  |dM|=4.65e-04  step=1.00e+00
  it 1470  L= 3.015392e+02  comp= 2.7259e+01 expr= 2.7428e+02 L+= 1.1550e+00 L-= 1.0385e+00  Keff= 7.99(min  7.90)  gmin=1.06e-01  floor=0.0e+00  |dM|=4.65e-04  step=1.00e+00
  it 1471  L= 3.015050e+02  comp= 2.7258e+01 expr= 2.7425e+02 L+= 1.1569e+00 L-= 1.0401e+00  Keff= 7.99(min  7.90)  gmin=1.06e-01  floor=0.0e+00  |dM|=4.65e-04  step=1.00e+00
  it 1472  L= 3.014709e+02  comp= 2.7257e+01 expr= 2.7421e+02 L+= 1.1588e+00 L-= 1.0417e+00  Keff= 7.98(min  7.90)  gmin=1.06e-01  floor=0.0e+00  |dM|=4.65e-04  step=1.00e+00
  it 1473  L= 3.014366e+02  comp= 2.7256e+01 expr= 2.7418e+02 L+= 1.1607e+00 L-= 1.0434e+00  Keff= 7.98(min  7.90)  gmin=1.06e-01  floor=0.0e+00  |dM|=4.66e-04  step=1.00e+00
  it 1474  L= 3.014024e+02  comp= 2.7255e+01 expr= 2.7415e+02 L+= 1.1626e+00 L-= 1.0450e+00  Keff= 7.98(min  7.90)  gmin=1.06e-01  floor=0.0e+00  |dM|=4.66e-04  step=1.00e+00
  it 1475  L= 3.013682e+02  comp= 2.7253e+01 expr= 2.7411e+02 L+= 1.1645e+00 L-= 1.0466e+00  Keff= 7.98(min  7.90)  gmin=1.06e-01  floor=0.0e+00  |dM|=4.66e-04  step=1.00e+00
  it 1476  L= 3.013339e+02  comp= 2.7252e+01 expr= 2.7408e+02 L+= 1.1664e+00 L-= 1.0483e+00  Keff= 7.98(min  7.90)  gmin=1.06e-01  floor=0.0e+00  |dM|=4.66e-04  step=1.00e+00
  it 1477  L= 3.012996e+02  comp= 2.7251e+01 expr= 2.7405e+02 L+= 1.1683e+00 L-= 1.0499e+00  Keff= 7.98(min  7.90)  gmin=1.06e-01  floor=0.0e+00  |dM|=4.66e-04  step=1.00e+00
  it 1478  L= 3.012652e+02  comp= 2.7250e+01 expr= 2.7401e+02 L+= 1.1702e+00 L-= 1.0515e+00  Keff= 7.98(min  7.90)  gmin=1.06e-01  floor=0.0e+00  |dM|=4.66e-04  step=1.00e+00
  it 1479  L= 3.012309e+02  comp= 2.7249e+01 expr= 2.7398e+02 L+= 1.1721e+00 L-= 1.0532e+00  Keff= 7.98(min  7.90)  gmin=1.06e-01  floor=0.0e+00  |dM|=4.66e-04  step=1.00e+00
  it 1480  L= 3.011965e+02  comp= 2.7248e+01 expr= 2.7395e+02 L+= 1.1740e+00 L-= 1.0548e+00  Keff= 7.98(min  7.90)  gmin=1.06e-01  floor=0.0e+00  |dM|=4.66e-04  step=1.00e+00
  it 1481  L= 3.011620e+02  comp= 2.7247e+01 expr= 2.7392e+02 L+= 1.1759e+00 L-= 1.0565e+00  Keff= 7.98(min  7.90)  gmin=1.06e-01  floor=0.0e+00  |dM|=4.67e-04  step=1.00e+00
  it 1482  L= 3.011276e+02  comp= 2.7246e+01 expr= 2.7388e+02 L+= 1.1778e+00 L-= 1.0581e+00  Keff= 7.98(min  7.90)  gmin=1.05e-01  floor=0.0e+00  |dM|=4.67e-04  step=1.00e+00
  it 1483  L= 3.010931e+02  comp= 2.7245e+01 expr= 2.7385e+02 L+= 1.1797e+00 L-= 1.0597e+00  Keff= 7.98(min  7.90)  gmin=1.05e-01  floor=0.0e+00  |dM|=4.67e-04  step=1.00e+00
  it 1484  L= 3.010586e+02  comp= 2.7244e+01 expr= 2.7381e+02 L+= 1.1816e+00 L-= 1.0614e+00  Keff= 7.98(min  7.90)  gmin=1.05e-01  floor=0.0e+00  |dM|=4.67e-04  step=1.00e+00
  it 1485  L= 3.010240e+02  comp= 2.7243e+01 expr= 2.7378e+02 L+= 1.1834e+00 L-= 1.0630e+00  Keff= 7.98(min  7.90)  gmin=1.05e-01  floor=0.0e+00  |dM|=4.67e-04  step=1.00e+00
  it 1486  L= 3.009894e+02  comp= 2.7242e+01 expr= 2.7375e+02 L+= 1.1853e+00 L-= 1.0647e+00  Keff= 7.98(min  7.90)  gmin=1.05e-01  floor=0.0e+00  |dM|=4.67e-04  step=1.00e+00
  it 1487  L= 3.009548e+02  comp= 2.7240e+01 expr= 2.7371e+02 L+= 1.1872e+00 L-= 1.0663e+00  Keff= 7.98(min  7.90)  gmin=1.05e-01  floor=0.0e+00  |dM|=4.67e-04  step=1.00e+00
  it 1488  L= 3.009202e+02  comp= 2.7239e+01 expr= 2.7368e+02 L+= 1.1892e+00 L-= 1.0679e+00  Keff= 7.98(min  7.90)  gmin=1.05e-01  floor=0.0e+00  |dM|=4.67e-04  step=1.00e+00
  it 1489  L= 3.008855e+02  comp= 2.7238e+01 expr= 2.7365e+02 L+= 1.1911e+00 L-= 1.0696e+00  Keff= 7.98(min  7.90)  gmin=1.05e-01  floor=0.0e+00  |dM|=4.68e-04  step=1.00e+00
  it 1490  L= 3.008509e+02  comp= 2.7237e+01 expr= 2.7361e+02 L+= 1.1930e+00 L-= 1.0712e+00  Keff= 7.98(min  7.90)  gmin=1.05e-01  floor=0.0e+00  |dM|=4.68e-04  step=1.00e+00
  it 1491  L= 3.008161e+02  comp= 2.7236e+01 expr= 2.7358e+02 L+= 1.1949e+00 L-= 1.0729e+00  Keff= 7.98(min  7.90)  gmin=1.05e-01  floor=0.0e+00  |dM|=4.68e-04  step=1.00e+00
  it 1492  L= 3.007814e+02  comp= 2.7235e+01 expr= 2.7355e+02 L+= 1.1968e+00 L-= 1.0745e+00  Keff= 7.98(min  7.90)  gmin=1.05e-01  floor=0.0e+00  |dM|=4.68e-04  step=1.00e+00
  it 1493  L= 3.007466e+02  comp= 2.7234e+01 expr= 2.7351e+02 L+= 1.1987e+00 L-= 1.0762e+00  Keff= 7.98(min  7.90)  gmin=1.05e-01  floor=0.0e+00  |dM|=4.68e-04  step=1.00e+00
  it 1494  L= 3.007118e+02  comp= 2.7233e+01 expr= 2.7348e+02 L+= 1.2006e+00 L-= 1.0778e+00  Keff= 7.98(min  7.90)  gmin=1.05e-01  floor=0.0e+00  |dM|=4.68e-04  step=1.00e+00
  it 1495  L= 3.006770e+02  comp= 2.7232e+01 expr= 2.7345e+02 L+= 1.2025e+00 L-= 1.0794e+00  Keff= 7.98(min  7.90)  gmin=1.05e-01  floor=0.0e+00  |dM|=4.68e-04  step=1.00e+00
  it 1496  L= 3.006421e+02  comp= 2.7230e+01 expr= 2.7341e+02 L+= 1.2044e+00 L-= 1.0811e+00  Keff= 7.98(min  7.90)  gmin=1.05e-01  floor=0.0e+00  |dM|=4.68e-04  step=1.00e+00
  it 1497  L= 3.006072e+02  comp= 2.7229e+01 expr= 2.7338e+02 L+= 1.2063e+00 L-= 1.0827e+00  Keff= 7.98(min  7.90)  gmin=1.05e-01  floor=0.0e+00  |dM|=4.68e-04  step=1.00e+00
  it 1498  L= 3.005723e+02  comp= 2.7228e+01 expr= 2.7334e+02 L+= 1.2082e+00 L-= 1.0844e+00  Keff= 7.98(min  7.90)  gmin=1.05e-01  floor=0.0e+00  |dM|=4.69e-04  step=1.00e+00
  it 1499  L= 3.005374e+02  comp= 2.7227e+01 expr= 2.7331e+02 L+= 1.2101e+00 L-= 1.0860e+00  Keff= 7.98(min  7.90)  gmin=1.05e-01  floor=0.0e+00  |dM|=4.69e-04  step=1.00e+00
  it 1500  L= 3.005024e+02  comp= 2.7226e+01 expr= 2.7328e+02 L+= 1.2120e+00 L-= 1.0877e+00  Keff= 7.98(min  7.90)  gmin=1.05e-01  floor=0.0e+00  |dM|=4.69e-04  step=1.00e+00
[4/4] diagnostics
  degeneracy check: OK: Phat fingerprints factor exactly through M (residual 1.19e-07), so they carry no transition information beyond the assignment itself; P^ref fingerprints do vary within states (spread ratio 56.3x). Note the Phat spread is nonzero only because the memberships are soft.
[fit:lam=0] mass check: P^ref=1.000000000000 Phat=0.999998748302 (max deviation 1.25e-06)
[save] /dartfs/rc/lab/C/CxQiu/data/joshua/CellStateAdj/wot_serum/run_58854e35be_K8_K8ref/fit_lam0
[save]   status=converged n_iter=139 objective=115.226212
[save]   dag: {'n_nodes': 176, 'n_edges': 1051, 'is_dag': True, 'min_edge_mass': 0.0001}
[fit:lam=0] finished in 32.4 min -> /dartfs/rc/lab/C/CxQiu/data/joshua/CellStateAdj/wot_serum/run_58854e35be_K8_K8ref/fit_lam0

========================================================================
[fit:lam=5] K=8 max_iter=1500 n_init=3 device=cpu
========================================================================
[3/4] fitting K=8 states (lambda: compress=1.0, x=1.0, +=5.0, -=5.0)
[fit] restart 0 (seed=0, init=kmeans)
  it    1  L= 2.786979e+02  comp= 2.0682e+01 expr= 2.0638e+02 L+= 5.2135e+00 L-= 5.1134e+00  Keff= 7.52(min  6.88)  gmin=4.74e-02  floor=0.0e+00  |dM|=1.24e-03  step=1.00e+00
  it    2  L= 2.784479e+02  comp= 2.0658e+01 expr= 2.0612e+02 L+= 5.2173e+00 L-= 5.1160e+00  Keff= 7.52(min  6.88)  gmin=4.73e-02  floor=0.0e+00  |dM|=1.23e-03  step=1.00e+00
  it    3  L= 2.781977e+02  comp= 2.0634e+01 expr= 2.0586e+02 L+= 5.2212e+00 L-= 5.1186e+00  Keff= 7.52(min  6.88)  gmin=4.72e-02  floor=0.0e+00  |dM|=1.23e-03  step=1.00e+00
  it    4  L= 2.779472e+02  comp= 2.0611e+01 expr= 2.0561e+02 L+= 5.2250e+00 L-= 5.1211e+00  Keff= 7.52(min  6.88)  gmin=4.72e-02  floor=0.0e+00  |dM|=1.22e-03  step=1.00e+00
  it    5  L= 2.776964e+02  comp= 2.0587e+01 expr= 2.0535e+02 L+= 5.2287e+00 L-= 5.1237e+00  Keff= 7.52(min  6.87)  gmin=4.71e-02  floor=0.0e+00  |dM|=1.22e-03  step=1.00e+00
  it    6  L= 2.774455e+02  comp= 2.0563e+01 expr= 2.0509e+02 L+= 5.2325e+00 L-= 5.1261e+00  Keff= 7.51(min  6.87)  gmin=4.70e-02  floor=0.0e+00  |dM|=1.21e-03  step=1.00e+00
  it    7  L= 2.771942e+02  comp= 2.0539e+01 expr= 2.0483e+02 L+= 5.2361e+00 L-= 5.1285e+00  Keff= 7.51(min  6.87)  gmin=4.69e-02  floor=0.0e+00  |dM|=1.20e-03  step=1.00e+00
  it    8  L= 2.769428e+02  comp= 2.0515e+01 expr= 2.0457e+02 L+= 5.2397e+00 L-= 5.1309e+00  Keff= 7.51(min  6.87)  gmin=4.68e-02  floor=0.0e+00  |dM|=1.20e-03  step=1.00e+00
  it    9  L= 2.766912e+02  comp= 2.0491e+01 expr= 2.0432e+02 L+= 5.2433e+00 L-= 5.1333e+00  Keff= 7.51(min  6.87)  gmin=4.68e-02  floor=0.0e+00  |dM|=1.19e-03  step=1.00e+00
  it   10  L= 2.764395e+02  comp= 2.0468e+01 expr= 2.0406e+02 L+= 5.2469e+00 L-= 5.1355e+00  Keff= 7.51(min  6.86)  gmin=4.67e-02  floor=0.0e+00  |dM|=1.19e-03  step=1.00e+00
  it   11  L= 2.761875e+02  comp= 2.0444e+01 expr= 2.0380e+02 L+= 5.2503e+00 L-= 5.1378e+00  Keff= 7.51(min  6.86)  gmin=4.66e-02  floor=0.0e+00  |dM|=1.18e-03  step=1.00e+00
  it   12  L= 2.759354e+02  comp= 2.0420e+01 expr= 2.0355e+02 L+= 5.2538e+00 L-= 5.1400e+00  Keff= 7.51(min  6.86)  gmin=4.65e-02  floor=0.0e+00  |dM|=1.17e-03  step=1.00e+00
  it   13  L= 2.756831e+02  comp= 2.0396e+01 expr= 2.0329e+02 L+= 5.2572e+00 L-= 5.1422e+00  Keff= 7.51(min  6.86)  gmin=4.64e-02  floor=0.0e+00  |dM|=1.17e-03  step=1.00e+00
  it   14  L= 2.754307e+02  comp= 2.0373e+01 expr= 2.0303e+02 L+= 5.2605e+00 L-= 5.1443e+00  Keff= 7.51(min  6.86)  gmin=4.63e-02  floor=0.0e+00  |dM|=1.16e-03  step=1.00e+00
  it   15  L= 2.751781e+02  comp= 2.0349e+01 expr= 2.0278e+02 L+= 5.2639e+00 L-= 5.1464e+00  Keff= 7.51(min  6.85)  gmin=4.63e-02  floor=0.0e+00  |dM|=1.16e-03  step=1.00e+00
  it   16  L= 2.749255e+02  comp= 2.0325e+01 expr= 2.0252e+02 L+= 5.2671e+00 L-= 5.1484e+00  Keff= 7.51(min  6.85)  gmin=4.62e-02  floor=0.0e+00  |dM|=1.15e-03  step=1.00e+00
  it   17  L= 2.746728e+02  comp= 2.0302e+01 expr= 2.0227e+02 L+= 5.2703e+00 L-= 5.1504e+00  Keff= 7.51(min  6.85)  gmin=4.61e-02  floor=0.0e+00  |dM|=1.15e-03  step=1.00e+00
  it   18  L= 2.744199e+02  comp= 2.0278e+01 expr= 2.0201e+02 L+= 5.2735e+00 L-= 5.1523e+00  Keff= 7.51(min  6.85)  gmin=4.60e-02  floor=0.0e+00  |dM|=1.14e-03  step=1.00e+00
  it   19  L= 2.741671e+02  comp= 2.0254e+01 expr= 2.0176e+02 L+= 5.2767e+00 L-= 5.1543e+00  Keff= 7.51(min  6.85)  gmin=4.59e-02  floor=0.0e+00  |dM|=1.13e-03  step=1.00e+00
  it   20  L= 2.739141e+02  comp= 2.0231e+01 expr= 2.0150e+02 L+= 5.2798e+00 L-= 5.1561e+00  Keff= 7.51(min  6.84)  gmin=4.59e-02  floor=0.0e+00  |dM|=1.13e-03  step=1.00e+00
  it   21  L= 2.736611e+02  comp= 2.0207e+01 expr= 2.0125e+02 L+= 5.2828e+00 L-= 5.1579e+00  Keff= 7.50(min  6.84)  gmin=4.58e-02  floor=0.0e+00  |dM|=1.12e-03  step=1.00e+00
  it   22  L= 2.734080e+02  comp= 2.0184e+01 expr= 2.0100e+02 L+= 5.2858e+00 L-= 5.1597e+00  Keff= 7.50(min  6.84)  gmin=4.57e-02  floor=0.0e+00  |dM|=1.12e-03  step=1.00e+00
  it   23  L= 2.731549e+02  comp= 2.0160e+01 expr= 2.0074e+02 L+= 5.2888e+00 L-= 5.1615e+00  Keff= 7.50(min  6.84)  gmin=4.56e-02  floor=0.0e+00  |dM|=1.11e-03  step=1.00e+00
  it   24  L= 2.729018e+02  comp= 2.0137e+01 expr= 2.0049e+02 L+= 5.2917e+00 L-= 5.1632e+00  Keff= 7.50(min  6.83)  gmin=4.55e-02  floor=0.0e+00  |dM|=1.11e-03  step=1.00e+00
  it   25  L= 2.726486e+02  comp= 2.0113e+01 expr= 2.0024e+02 L+= 5.2945e+00 L-= 5.1648e+00  Keff= 7.50(min  6.83)  gmin=4.55e-02  floor=0.0e+00  |dM|=1.10e-03  step=1.00e+00
  it   26  L= 2.723954e+02  comp= 2.0090e+01 expr= 1.9999e+02 L+= 5.2974e+00 L-= 5.1664e+00  Keff= 7.50(min  6.83)  gmin=4.54e-02  floor=0.0e+00  |dM|=1.09e-03  step=1.00e+00
  it   27  L= 1.459709e+02  comp= 1.1463e+01 expr= 1.0432e+02 L+= 3.1304e+00 L-= 2.9073e+00  Keff= 7.04(min  5.89)  gmin=1.50e-02  floor=8.9e-03  |dM|=4.89e-01  step=1.00e+00
  it   28  L= 1.456660e+02  comp= 1.1426e+01 expr= 1.0427e+02 L+= 3.1039e+00 L-= 2.8891e+00  Keff= 7.04(min  5.89)  gmin=1.50e-02  floor=8.9e-03  |dM|=2.82e-01  step=1.00e+00
  it   29  L= 1.456563e+02  comp= 1.1425e+01 expr= 1.0428e+02 L+= 3.1034e+00 L-= 2.8877e+00  Keff= 7.04(min  5.89)  gmin=1.50e-02  floor=8.9e-03  |dM|=8.78e-02  step=1.00e+00
  it   30  L= 1.456350e+02  comp= 1.1421e+01 expr= 1.0427e+02 L+= 3.1005e+00 L-= 2.8874e+00  Keff= 7.04(min  5.89)  gmin=1.50e-02  floor=8.9e-03  |dM|=8.54e-02  step=1.00e+00
  it   31  L= 1.456310e+02  comp= 1.1419e+01 expr= 1.0428e+02 L+= 3.0995e+00 L-= 2.8877e+00  Keff= 7.04(min  5.89)  gmin=1.50e-02  floor=8.9e-03  |dM|=4.46e-02  step=1.00e+00
  it   32  L= 1.456292e+02  comp= 1.1418e+01 expr= 1.0427e+02 L+= 3.0996e+00 L-= 2.8879e+00  Keff= 7.04(min  5.89)  gmin=1.50e-02  floor=8.9e-03  |dM|=3.97e-02  step=1.00e+00
  it   33  L= 1.456273e+02  comp= 1.1418e+01 expr= 1.0427e+02 L+= 3.0994e+00 L-= 2.8880e+00  Keff= 7.04(min  5.89)  gmin=1.50e-02  floor=8.9e-03  |dM|=4.23e-02  step=1.00e+00
  it   34  L= 1.456272e+02  comp= 1.1417e+01 expr= 1.0427e+02 L+= 3.0992e+00 L-= 2.8881e+00  Keff= 7.04(min  5.89)  gmin=1.50e-02  floor=8.9e-03  |dM|=2.30e-02  step=2.50e-01
  it   35  L= 1.456271e+02  comp= 1.1417e+01 expr= 1.0427e+02 L+= 3.0993e+00 L-= 2.8881e+00  Keff= 7.04(min  5.89)  gmin=1.50e-02  floor=8.9e-03  |dM|=1.04e-02  step=1.00e+00
  it   36  L= 1.456271e+02  comp= 1.1417e+01 expr= 1.0427e+02 L+= 3.0993e+00 L-= 2.8881e+00  Keff= 7.04(min  5.89)  gmin=1.50e-02  floor=8.9e-03  |dM|=1.70e-04  step=1.00e+00
  it   37  L= 1.456271e+02  comp= 1.1417e+01 expr= 1.0427e+02 L+= 3.0993e+00 L-= 2.8881e+00  Keff= 7.04(min  5.89)  gmin=1.50e-02  floor=8.9e-03  |dM|=4.30e-09  step=3.05e-05
[fit] restart 1 (seed=1, init=random)
  it    1  L= 3.194388e+02  comp= 2.7533e+01 expr= 2.9109e+02 L+= 8.1589e-02 L-= 8.1697e-02  Keff= 8.00(min  7.99)  gmin=1.15e-01  floor=0.0e+00  |dM|=7.09e-05  step=1.00e+00
  it    2  L= 3.188196e+02  comp= 2.7533e+01 expr= 2.9051e+02 L+= 8.2948e-02 L-= 7.2481e-02  Keff= 8.00(min  7.99)  gmin=1.15e-01  floor=0.0e+00  |dM|=1.36e-01  step=1.00e+00
  it    3  L= 3.179593e+02  comp= 2.7524e+01 expr= 2.8837e+02 L+= 2.2729e-01 L-= 1.8526e-01  Keff= 8.00(min  7.99)  gmin=1.14e-01  floor=0.0e+00  |dM|=1.25e-01  step=1.00e+00
  it    4  L= 3.151733e+02  comp= 2.7443e+01 expr= 2.8219e+02 L+= 6.2087e-01 L-= 4.8800e-01  Keff= 7.99(min  7.95)  gmin=1.07e-01  floor=0.0e+00  |dM|=1.82e-01  step=1.00e+00
  it    5  L= 3.089738e+02  comp= 2.7122e+01 expr= 2.7161e+02 L+= 1.1632e+00 L-= 8.8413e-01  Keff= 7.98(min  7.91)  gmin=9.74e-02  floor=0.0e+00  |dM|=1.93e-01  step=1.00e+00
  it    6  L= 2.796079e+02  comp= 2.4080e+01 expr= 2.1827e+02 L+= 3.9600e+00 L-= 3.4909e+00  Keff= 7.68(min  7.26)  gmin=5.45e-02  floor=0.0e+00  |dM|=6.94e-01  step=1.00e+00
  it    7  L= 2.666189e+02  comp= 2.3072e+01 expr= 2.0727e+02 L+= 3.8476e+00 L-= 3.4085e+00  Keff= 7.64(min  7.16)  gmin=4.75e-02  floor=0.0e+00  |dM|=6.08e-01  step=1.00e+00
  it    8  L= 2.626458e+02  comp= 2.2726e+01 expr= 2.0438e+02 L+= 3.8223e+00 L-= 3.2855e+00  Keff= 7.63(min  7.13)  gmin=4.85e-02  floor=0.0e+00  |dM|=4.47e-01  step=1.00e+00
  it    9  L= 2.610822e+02  comp= 2.2585e+01 expr= 2.0320e+02 L+= 3.8081e+00 L-= 3.2507e+00  Keff= 7.62(min  7.13)  gmin=4.89e-02  floor=0.0e+00  |dM|=2.84e-01  step=1.00e+00
  it   10  L= 2.602295e+02  comp= 2.2499e+01 expr= 2.0264e+02 L+= 3.7929e+00 L-= 3.2255e+00  Keff= 7.62(min  7.11)  gmin=4.83e-02  floor=0.0e+00  |dM|=1.91e-01  step=1.00e+00
  it   11  L= 2.597607e+02  comp= 2.2451e+01 expr= 2.0231e+02 L+= 3.7863e+00 L-= 3.2146e+00  Keff= 7.62(min  7.10)  gmin=4.80e-02  floor=0.0e+00  |dM|=1.40e-01  step=1.00e+00
  it   12  L= 2.594427e+02  comp= 2.2415e+01 expr= 2.0209e+02 L+= 3.7812e+00 L-= 3.2064e+00  Keff= 7.62(min  7.10)  gmin=4.81e-02  floor=0.0e+00  |dM|=1.26e-01  step=1.00e+00
  it   13  L= 2.591419e+02  comp= 2.2380e+01 expr= 2.0187e+02 L+= 3.7784e+00 L-= 3.1991e+00  Keff= 7.62(min  7.09)  gmin=4.80e-02  floor=0.0e+00  |dM|=1.25e-01  step=1.00e+00
  it   14  L= 2.589361e+02  comp= 2.2359e+01 expr= 2.0172e+02 L+= 3.7753e+00 L-= 3.1956e+00  Keff= 7.61(min  7.09)  gmin=4.80e-02  floor=0.0e+00  |dM|=9.93e-02  step=1.00e+00
  it   15  L= 2.587468e+02  comp= 2.2338e+01 expr= 2.0157e+02 L+= 3.7745e+00 L-= 3.1934e+00  Keff= 7.61(min  7.09)  gmin=4.81e-02  floor=0.0e+00  |dM|=7.99e-02  step=1.00e+00
  it   16  L= 2.586284e+02  comp= 2.2323e+01 expr= 2.0145e+02 L+= 3.7775e+00 L-= 3.1931e+00  Keff= 7.61(min  7.09)  gmin=4.82e-02  floor=0.0e+00  |dM|=8.54e-02  step=1.00e+00
  it   17  L= 2.584613e+02  comp= 2.2303e+01 expr= 2.0135e+02 L+= 3.7739e+00 L-= 3.1885e+00  Keff= 7.61(min  7.09)  gmin=4.80e-02  floor=0.0e+00  |dM|=7.23e-02  step=1.00e+00
  it   18  L= 2.580890e+02  comp= 2.2259e+01 expr= 2.0108e+02 L+= 3.7666e+00 L-= 3.1831e+00  Keff= 7.61(min  7.09)  gmin=4.80e-02  floor=0.0e+00  |dM|=1.40e-01  step=1.00e+00
  it   19  L= 2.577975e+02  comp= 2.2220e+01 expr= 2.0083e+02 L+= 3.7644e+00 L-= 3.1841e+00  Keff= 7.62(min  7.09)  gmin=4.80e-02  floor=0.0e+00  |dM|=1.28e-01  step=1.00e+00
  it   20  L= 2.572916e+02  comp= 2.2161e+01 expr= 2.0048e+02 L+= 3.7538e+00 L-= 3.1756e+00  Keff= 7.62(min  7.08)  gmin=4.78e-02  floor=0.0e+00  |dM|=1.49e-01  step=1.00e+00
  it   21  L= 2.568634e+02  comp= 2.2114e+01 expr= 2.0019e+02 L+= 3.7441e+00 L-= 3.1672e+00  Keff= 7.61(min  7.06)  gmin=4.70e-02  floor=0.0e+00  |dM|=1.07e-01  step=1.00e+00
  it   22  L= 2.565762e+02  comp= 2.2078e+01 expr= 1.9996e+02 L+= 3.7412e+00 L-= 3.1657e+00  Keff= 7.61(min  7.06)  gmin=4.70e-02  floor=0.0e+00  |dM|=1.02e-01  step=1.00e+00
  it   23  L= 2.563052e+02  comp= 2.2045e+01 expr= 1.9975e+02 L+= 3.7390e+00 L-= 3.1622e+00  Keff= 7.61(min  7.07)  gmin=4.70e-02  floor=0.0e+00  |dM|=9.12e-02  step=1.00e+00
  it   24  L= 2.559637e+02  comp= 2.2001e+01 expr= 1.9953e+02 L+= 3.7305e+00 L-= 3.1558e+00  Keff= 7.61(min  7.07)  gmin=4.70e-02  floor=0.0e+00  |dM|=1.40e-01  step=1.00e+00
  it   25  L= 2.555879e+02  comp= 2.1958e+01 expr= 1.9925e+02 L+= 3.7236e+00 L-= 3.1518e+00  Keff= 7.61(min  7.07)  gmin=4.70e-02  floor=0.0e+00  |dM|=9.39e-02  step=1.00e+00
  it   26  L= 2.554479e+02  comp= 2.1933e+01 expr= 1.9909e+02 L+= 3.7280e+00 L-= 3.1577e+00  Keff= 7.61(min  7.07)  gmin=4.70e-02  floor=0.0e+00  |dM|=8.22e-02  step=1.00e+00
  it   27  L= 2.553479e+02  comp= 2.1915e+01 expr= 1.9901e+02 L+= 3.7269e+00 L-= 3.1572e+00  Keff= 7.61(min  7.06)  gmin=4.70e-02  floor=0.0e+00  |dM|=4.45e-02  step=2.50e-01
  it   28  L= 2.551624e+02  comp= 2.1901e+01 expr= 1.9888e+02 L+= 3.7229e+00 L-= 3.1536e+00  Keff= 7.61(min  7.06)  gmin=4.68e-02  floor=0.0e+00  |dM|=3.27e-02  step=1.00e+00
  it   29  L= 2.550906e+02  comp= 2.1883e+01 expr= 1.9881e+02 L+= 3.7235e+00 L-= 3.1560e+00  Keff= 7.61(min  7.06)  gmin=4.62e-02  floor=0.0e+00  |dM|=5.86e-02  step=1.00e+00
  it   30  L= 2.547965e+02  comp= 2.1864e+01 expr= 1.9862e+02 L+= 3.7147e+00 L-= 3.1473e+00  Keff= 7.60(min  7.06)  gmin=4.58e-02  floor=0.0e+00  |dM|=4.86e-02  step=1.00e+00
  it   31  L= 2.546688e+02  comp= 2.1854e+01 expr= 1.9852e+02 L+= 3.7132e+00 L-= 3.1463e+00  Keff= 7.60(min  7.05)  gmin=4.53e-02  floor=0.0e+00  |dM|=4.34e-02  step=1.00e+00
  it   32  L= 2.545074e+02  comp= 2.1836e+01 expr= 1.9839e+02 L+= 3.7124e+00 L-= 3.1449e+00  Keff= 7.60(min  7.05)  gmin=4.51e-02  floor=0.0e+00  |dM|=4.68e-02  step=1.00e+00
  it   33  L= 2.544492e+02  comp= 2.1815e+01 expr= 1.9834e+02 L+= 3.7132e+00 L-= 3.1448e+00  Keff= 7.60(min  7.05)  gmin=4.50e-02  floor=0.0e+00  |dM|=7.48e-02  step=1.00e+00
  it   34  L= 2.540680e+02  comp= 2.1796e+01 expr= 1.9808e+02 L+= 3.7042e+00 L-= 3.1341e+00  Keff= 7.60(min  7.04)  gmin=4.50e-02  floor=0.0e+00  |dM|=4.92e-02  step=1.00e+00
  it   35  L= 2.540141e+02  comp= 2.1793e+01 expr= 1.9803e+02 L+= 3.7042e+00 L-= 3.1341e+00  Keff= 7.60(min  7.04)  gmin=4.50e-02  floor=0.0e+00  |dM|=3.03e-02  step=1.00e+00
  it   36  L= 2.539767e+02  comp= 2.1788e+01 expr= 1.9800e+02 L+= 3.7042e+00 L-= 3.1338e+00  Keff= 7.60(min  7.04)  gmin=4.51e-02  floor=0.0e+00  |dM|=2.72e-02  step=1.00e+00
  it   37  L= 2.538588e+02  comp= 2.1775e+01 expr= 1.9792e+02 L+= 3.7016e+00 L-= 3.1316e+00  Keff= 7.60(min  7.04)  gmin=4.51e-02  floor=0.0e+00  |dM|=5.38e-02  step=1.00e+00
  it   38  L= 2.537862e+02  comp= 2.1767e+01 expr= 1.9786e+02 L+= 3.7005e+00 L-= 3.1308e+00  Keff= 7.60(min  7.04)  gmin=4.50e-02  floor=0.0e+00  |dM|=4.09e-02  step=1.00e+00
  it   39  L= 2.537185e+02  comp= 2.1762e+01 expr= 1.9781e+02 L+= 3.6991e+00 L-= 3.1298e+00  Keff= 7.60(min  7.04)  gmin=4.50e-02  floor=0.0e+00  |dM|=2.45e-02  step=1.00e+00
  it   40  L= 2.536498e+02  comp= 2.1755e+01 expr= 1.9777e+02 L+= 3.6970e+00 L-= 3.1276e+00  Keff= 7.60(min  7.04)  gmin=4.50e-02  floor=0.0e+00  |dM|=4.18e-02  step=1.00e+00
  it   41  L= 2.535635e+02  comp= 2.1744e+01 expr= 1.9771e+02 L+= 3.6966e+00 L-= 3.1257e+00  Keff= 7.60(min  7.04)  gmin=4.49e-02  floor=0.0e+00  |dM|=8.30e-02  step=1.00e+00
  it   42  L= 2.535394e+02  comp= 2.1739e+01 expr= 1.9768e+02 L+= 3.6976e+00 L-= 3.1266e+00  Keff= 7.60(min  7.04)  gmin=4.48e-02  floor=0.0e+00  |dM|=2.13e-02  step=1.25e-01
  it   43  L= 2.534922e+02  comp= 2.1733e+01 expr= 1.9763e+02 L+= 3.6977e+00 L-= 3.1272e+00  Keff= 7.60(min  7.04)  gmin=4.44e-02  floor=0.0e+00  |dM|=3.07e-02  step=1.00e+00
  it   44  L= 2.534150e+02  comp= 2.1728e+01 expr= 1.9756e+02 L+= 3.6974e+00 L-= 3.1272e+00  Keff= 7.60(min  7.03)  gmin=4.41e-02  floor=0.0e+00  |dM|=2.52e-02  step=1.00e+00
  it   45  L= 2.533709e+02  comp= 2.1723e+01 expr= 1.9753e+02 L+= 3.6969e+00 L-= 3.1267e+00  Keff= 7.60(min  7.03)  gmin=4.39e-02  floor=0.0e+00  |dM|=3.63e-02  step=1.00e+00
  it   46  L= 2.532159e+02  comp= 2.1704e+01 expr= 1.9742e+02 L+= 3.6951e+00 L-= 3.1234e+00  Keff= 7.60(min  7.02)  gmin=4.30e-02  floor=0.0e+00  |dM|=6.70e-02  step=1.00e+00
  it   47  L= 2.531040e+02  comp= 2.1691e+01 expr= 1.9731e+02 L+= 3.6976e+00 L-= 3.1235e+00  Keff= 7.60(min  7.02)  gmin=4.30e-02  floor=0.0e+00  |dM|=5.92e-02  step=1.00e+00
  it   48  L= 2.529891e+02  comp= 2.1679e+01 expr= 1.9722e+02 L+= 3.6965e+00 L-= 3.1216e+00  Keff= 7.60(min  7.02)  gmin=4.30e-02  floor=0.0e+00  |dM|=4.48e-02  step=1.00e+00
  it   49  L= 2.528544e+02  comp= 2.1666e+01 expr= 1.9715e+02 L+= 3.6912e+00 L-= 3.1173e+00  Keff= 7.60(min  7.02)  gmin=4.30e-02  floor=0.0e+00  |dM|=4.08e-02  step=1.00e+00
  it   50  L= 2.528227e+02  comp= 2.1661e+01 expr= 1.9712e+02 L+= 3.6908e+00 L-= 3.1167e+00  Keff= 7.60(min  7.02)  gmin=4.30e-02  floor=0.0e+00  |dM|=3.55e-02  step=1.00e+00
  it   51  L= 2.527348e+02  comp= 2.1653e+01 expr= 1.9705e+02 L+= 3.6908e+00 L-= 3.1153e+00  Keff= 7.60(min  7.03)  gmin=4.30e-02  floor=0.0e+00  |dM|=4.16e-02  step=1.00e+00
  it   52  L= 2.526646e+02  comp= 2.1642e+01 expr= 1.9701e+02 L+= 3.6895e+00 L-= 3.1138e+00  Keff= 7.60(min  7.03)  gmin=4.30e-02  floor=0.0e+00  |dM|=5.71e-02  step=1.25e-01
  it   53  L= 2.525285e+02  comp= 2.1631e+01 expr= 1.9691e+02 L+= 3.6874e+00 L-= 3.1103e+00  Keff= 7.60(min  7.03)  gmin=4.30e-02  floor=0.0e+00  |dM|=6.18e-02  step=1.00e+00
  it   54  L= 2.524641e+02  comp= 2.1626e+01 expr= 1.9686e+02 L+= 3.6868e+00 L-= 3.1094e+00  Keff= 7.60(min  7.03)  gmin=4.29e-02  floor=0.0e+00  |dM|=4.67e-02  step=1.00e+00
  it   55  L= 2.524019e+02  comp= 2.1619e+01 expr= 1.9681e+02 L+= 3.6860e+00 L-= 3.1094e+00  Keff= 7.60(min  7.02)  gmin=4.24e-02  floor=0.0e+00  |dM|=5.98e-02  step=1.00e+00
  it   56  L= 2.522861e+02  comp= 2.1604e+01 expr= 1.9671e+02 L+= 3.6852e+00 L-= 3.1085e+00  Keff= 7.60(min  7.02)  gmin=4.20e-02  floor=0.0e+00  |dM|=6.03e-02  step=1.00e+00
  it   57  L= 2.521187e+02  comp= 2.1587e+01 expr= 1.9661e+02 L+= 3.6810e+00 L-= 3.1040e+00  Keff= 7.60(min  7.02)  gmin=4.20e-02  floor=0.0e+00  |dM|=7.08e-02  step=1.00e+00
  it   58  L= 2.520164e+02  comp= 2.1577e+01 expr= 1.9654e+02 L+= 3.6788e+00 L-= 3.1018e+00  Keff= 7.60(min  7.01)  gmin=4.20e-02  floor=0.0e+00  |dM|=5.97e-02  step=1.00e+00
  it   59  L= 2.519267e+02  comp= 2.1568e+01 expr= 1.9646e+02 L+= 3.6776e+00 L-= 3.1015e+00  Keff= 7.60(min  7.01)  gmin=4.20e-02  floor=0.0e+00  |dM|=6.84e-02  step=1.00e+00
  it   60  L= 2.518578e+02  comp= 2.1557e+01 expr= 1.9640e+02 L+= 3.6770e+00 L-= 3.1028e+00  Keff= 7.60(min  7.01)  gmin=4.21e-02  floor=0.0e+00  |dM|=7.99e-02  step=1.00e+00
  it   61  L= 2.517104e+02  comp= 2.1540e+01 expr= 1.9632e+02 L+= 3.6723e+00 L-= 3.0986e+00  Keff= 7.60(min  7.02)  gmin=4.28e-02  floor=0.0e+00  |dM|=5.41e-02  step=1.00e+00
  it   62  L= 2.516190e+02  comp= 2.1531e+01 expr= 1.9626e+02 L+= 3.6701e+00 L-= 3.0961e+00  Keff= 7.60(min  7.02)  gmin=4.30e-02  floor=0.0e+00  |dM|=5.42e-02  step=5.00e-01
  it   63  L= 2.515022e+02  comp= 2.1524e+01 expr= 1.9619e+02 L+= 3.6662e+00 L-= 3.0916e+00  Keff= 7.60(min  7.02)  gmin=4.30e-02  floor=0.0e+00  |dM|=5.23e-02  step=1.00e+00
  it   64  L= 2.514589e+02  comp= 2.1520e+01 expr= 1.9616e+02 L+= 3.6648e+00 L-= 3.0904e+00  Keff= 7.60(min  7.02)  gmin=4.30e-02  floor=0.0e+00  |dM|=2.43e-02  step=1.00e+00
  it   65  L= 2.513962e+02  comp= 2.1513e+01 expr= 1.9612e+02 L+= 3.6630e+00 L-= 3.0890e+00  Keff= 7.60(min  7.02)  gmin=4.31e-02  floor=0.0e+00  |dM|=4.72e-02  step=1.00e+00
  it   66  L= 2.513574e+02  comp= 2.1506e+01 expr= 1.9609e+02 L+= 3.6629e+00 L-= 3.0894e+00  Keff= 7.60(min  7.03)  gmin=4.38e-02  floor=0.0e+00  |dM|=5.20e-02  step=2.50e-01
  it   67  L= 2.512965e+02  comp= 2.1503e+01 expr= 1.9604e+02 L+= 3.6620e+00 L-= 3.0886e+00  Keff= 7.60(min  7.03)  gmin=4.40e-02  floor=0.0e+00  |dM|=2.15e-02  step=1.00e+00
  it   68  L= 2.512760e+02  comp= 2.1500e+01 expr= 1.9602e+02 L+= 3.6617e+00 L-= 3.0886e+00  Keff= 7.60(min  7.03)  gmin=4.40e-02  floor=0.0e+00  |dM|=1.96e-02  step=1.00e+00
  it   69  L= 2.512432e+02  comp= 2.1496e+01 expr= 1.9600e+02 L+= 3.6611e+00 L-= 3.0882e+00  Keff= 7.60(min  7.03)  gmin=4.40e-02  floor=0.0e+00  |dM|=2.95e-02  step=1.00e+00
  it   70  L= 2.512081e+02  comp= 2.1492e+01 expr= 1.9598e+02 L+= 3.6603e+00 L-= 3.0878e+00  Keff= 7.60(min  7.03)  gmin=4.40e-02  floor=0.0e+00  |dM|=3.44e-02  step=1.00e+00
  it   71  L= 2.511123e+02  comp= 2.1484e+01 expr= 1.9593e+02 L+= 3.6560e+00 L-= 3.0842e+00  Keff= 7.60(min  7.03)  gmin=4.40e-02  floor=0.0e+00  |dM|=6.06e-02  step=1.00e+00
  it   72  L= 2.509008e+02  comp= 2.1466e+01 expr= 1.9580e+02 L+= 3.6489e+00 L-= 3.0782e+00  Keff= 7.60(min  7.03)  gmin=4.39e-02  floor=0.0e+00  |dM|=7.22e-02  step=1.00e+00
  it   73  L= 2.508255e+02  comp= 2.1460e+01 expr= 1.9573e+02 L+= 3.6495e+00 L-= 3.0778e+00  Keff= 7.60(min  7.03)  gmin=4.35e-02  floor=0.0e+00  |dM|=4.93e-02  step=1.00e+00
  it   74  L= 2.507908e+02  comp= 2.1456e+01 expr= 1.9570e+02 L+= 3.6492e+00 L-= 3.0772e+00  Keff= 7.60(min  7.02)  gmin=4.30e-02  floor=0.0e+00  |dM|=5.33e-02  step=1.00e+00
  it   75  L= 2.506873e+02  comp= 2.1431e+01 expr= 1.9566e+02 L+= 3.6452e+00 L-= 3.0732e+00  Keff= 7.60(min  7.02)  gmin=4.30e-02  floor=0.0e+00  |dM|=9.22e-02  step=1.00e+00
  it   76  L= 2.504807e+02  comp= 2.1410e+01 expr= 1.9550e+02 L+= 3.6423e+00 L-= 3.0710e+00  Keff= 7.60(min  7.02)  gmin=4.30e-02  floor=0.0e+00  |dM|=1.19e-01  step=1.00e+00
  it   77  L= 2.504553e+02  comp= 2.1400e+01 expr= 1.9547e+02 L+= 3.6448e+00 L-= 3.0728e+00  Keff= 7.60(min  7.03)  gmin=4.30e-02  floor=0.0e+00  |dM|=7.43e-02  step=5.00e-01
  it   78  L= 2.503244e+02  comp= 2.1395e+01 expr= 1.9536e+02 L+= 3.6433e+00 L-= 3.0713e+00  Keff= 7.60(min  7.03)  gmin=4.30e-02  floor=0.0e+00  |dM|=4.12e-02  step=1.00e+00
  it   79  L= 2.502968e+02  comp= 2.1392e+01 expr= 1.9533e+02 L+= 3.6429e+00 L-= 3.0710e+00  Keff= 7.60(min  7.03)  gmin=4.30e-02  floor=0.0e+00  |dM|=1.99e-02  step=1.00e+00
  it   80  L= 2.501418e+02  comp= 2.1374e+01 expr= 1.9522e+02 L+= 3.6411e+00 L-= 3.0688e+00  Keff= 7.59(min  7.02)  gmin=4.28e-02  floor=0.0e+00  |dM|=8.78e-02  step=1.00e+00
  it   81  L= 2.499644e+02  comp= 2.1360e+01 expr= 1.9508e+02 L+= 3.6389e+00 L-= 3.0666e+00  Keff= 7.60(min  7.03)  gmin=4.40e-02  floor=0.0e+00  |dM|=1.16e-01  step=1.00e+00
  it   82  L= 2.499214e+02  comp= 2.1352e+01 expr= 1.9503e+02 L+= 3.6398e+00 L-= 3.0676e+00  Keff= 7.60(min  7.03)  gmin=4.41e-02  floor=0.0e+00  |dM|=7.33e-02  step=2.50e-01
  it   83  L= 2.498287e+02  comp= 2.1345e+01 expr= 1.9494e+02 L+= 3.6400e+00 L-= 3.0679e+00  Keff= 7.60(min  7.03)  gmin=4.42e-02  floor=0.0e+00  |dM|=3.24e-02  step=1.00e+00
  it   84  L= 2.497683e+02  comp= 2.1337e+01 expr= 1.9490e+02 L+= 3.6394e+00 L-= 3.0678e+00  Keff= 7.60(min  7.03)  gmin=4.45e-02  floor=0.0e+00  |dM|=5.43e-02  step=1.00e+00
  it   85  L= 2.496478e+02  comp= 2.1324e+01 expr= 1.9482e+02 L+= 3.6359e+00 L-= 3.0643e+00  Keff= 7.60(min  7.04)  gmin=4.43e-02  floor=0.0e+00  |dM|=6.65e-02  step=1.00e+00
  it   86  L= 2.495802e+02  comp= 2.1306e+01 expr= 1.9477e+02 L+= 3.6343e+00 L-= 3.0674e+00  Keff= 7.60(min  7.01)  gmin=4.31e-02  floor=0.0e+00  |dM|=1.34e-01  step=5.00e-01
  it   87  L= 2.494215e+02  comp= 2.1296e+01 expr= 1.9465e+02 L+= 3.6304e+00 L-= 3.0639e+00  Keff= 7.60(min  7.01)  gmin=4.30e-02  floor=0.0e+00  |dM|=9.34e-02  step=1.00e+00
  it   88  L= 2.494144e+02  comp= 2.1297e+01 expr= 1.9464e+02 L+= 3.6305e+00 L-= 3.0644e+00  Keff= 7.60(min  7.01)  gmin=4.30e-02  floor=0.0e+00  |dM|=9.11e-02  step=1.00e+00
  it   89  L= 2.494034e+02  comp= 2.1296e+01 expr= 1.9463e+02 L+= 3.6306e+00 L-= 3.0641e+00  Keff= 7.60(min  7.02)  gmin=4.30e-02  floor=0.0e+00  |dM|=4.53e-02  step=1.25e-01
  it   90  L= 2.493963e+02  comp= 2.1296e+01 expr= 1.9463e+02 L+= 3.6304e+00 L-= 3.0638e+00  Keff= 7.60(min  7.02)  gmin=4.30e-02  floor=0.0e+00  |dM|=3.83e-03  step=1.56e-02
  it   91  L= 2.492434e+02  comp= 2.1280e+01 expr= 1.9452e+02 L+= 3.6281e+00 L-= 3.0606e+00  Keff= 7.60(min  7.01)  gmin=4.30e-02  floor=0.0e+00  |dM|=6.33e-02  step=1.00e+00
  it   92  L= 2.491635e+02  comp= 2.1277e+01 expr= 1.9443e+02 L+= 3.6305e+00 L-= 3.0602e+00  Keff= 7.60(min  7.01)  gmin=4.30e-02  floor=0.0e+00  |dM|=4.61e-02  step=1.00e+00
  it   93  L= 2.491632e+02  comp= 2.1277e+01 expr= 1.9443e+02 L+= 3.6308e+00 L-= 3.0599e+00  Keff= 7.60(min  7.01)  gmin=4.30e-02  floor=0.0e+00  |dM|=4.48e-02  step=1.00e+00
  it   94  L= 2.491321e+02  comp= 2.1274e+01 expr= 1.9441e+02 L+= 3.6306e+00 L-= 3.0593e+00  Keff= 7.60(min  7.01)  gmin=4.30e-02  floor=0.0e+00  |dM|=4.65e-02  step=1.00e+00
  it   95  L= 2.489414e+02  comp= 2.1252e+01 expr= 1.9429e+02 L+= 3.6256e+00 L-= 3.0538e+00  Keff= 7.60(min  7.01)  gmin=4.30e-02  floor=0.0e+00  |dM|=8.88e-02  step=1.00e+00
  it   96  L= 2.489080e+02  comp= 2.1249e+01 expr= 1.9427e+02 L+= 3.6244e+00 L-= 3.0535e+00  Keff= 7.60(min  7.01)  gmin=4.30e-02  floor=0.0e+00  |dM|=6.05e-02  step=1.00e+00
  it   97  L= 2.488427e+02  comp= 2.1243e+01 expr= 1.9421e+02 L+= 3.6252e+00 L-= 3.0537e+00  Keff= 7.60(min  7.01)  gmin=4.30e-02  floor=0.0e+00  |dM|=8.34e-02  step=1.00e+00
  it   98  L= 2.488215e+02  comp= 2.1242e+01 expr= 1.9418e+02 L+= 3.6254e+00 L-= 3.0542e+00  Keff= 7.60(min  7.01)  gmin=4.30e-02  floor=0.0e+00  |dM|=6.29e-02  step=1.00e+00
  it   99  L= 2.488141e+02  comp= 2.1241e+01 expr= 1.9418e+02 L+= 3.6249e+00 L-= 3.0537e+00  Keff= 7.60(min  7.01)  gmin=4.30e-02  floor=0.0e+00  |dM|=4.69e-02  step=1.00e+00
  it  100  L= 2.488117e+02  comp= 2.1241e+01 expr= 1.9417e+02 L+= 3.6256e+00 L-= 3.0544e+00  Keff= 7.60(min  7.01)  gmin=4.30e-02  floor=0.0e+00  |dM|=3.52e-02  step=1.00e+00
  it  101  L= 2.488084e+02  comp= 2.1241e+01 expr= 1.9417e+02 L+= 3.6255e+00 L-= 3.0542e+00  Keff= 7.60(min  7.01)  gmin=4.30e-02  floor=0.0e+00  |dM|=2.87e-02  step=1.00e+00
  it  102  L= 2.488077e+02  comp= 2.1241e+01 expr= 1.9418e+02 L+= 3.6247e+00 L-= 3.0534e+00  Keff= 7.60(min  7.01)  gmin=4.30e-02  floor=0.0e+00  |dM|=4.06e-02  step=1.00e+00
  it  103  L= 2.488064e+02  comp= 2.1241e+01 expr= 1.9418e+02 L+= 3.6246e+00 L-= 3.0533e+00  Keff= 7.60(min  7.01)  gmin=4.30e-02  floor=0.0e+00  |dM|=1.94e-02  step=1.00e+00
  it  104  L= 2.487854e+02  comp= 2.1238e+01 expr= 1.9416e+02 L+= 3.6239e+00 L-= 3.0528e+00  Keff= 7.60(min  7.01)  gmin=4.30e-02  floor=0.0e+00  |dM|=3.84e-02  step=1.00e+00
  it  105  L= 2.487826e+02  comp= 2.1238e+01 expr= 1.9416e+02 L+= 3.6238e+00 L-= 3.0528e+00  Keff= 7.60(min  7.01)  gmin=4.30e-02  floor=0.0e+00  |dM|=1.58e-02  step=1.00e+00
  it  106  L= 2.487825e+02  comp= 2.1238e+01 expr= 1.9416e+02 L+= 3.6236e+00 L-= 3.0527e+00  Keff= 7.60(min  7.01)  gmin=4.30e-02  floor=0.0e+00  |dM|=1.18e-02  step=1.00e+00
  it  107  L= 2.487824e+02  comp= 2.1238e+01 expr= 1.9416e+02 L+= 3.6237e+00 L-= 3.0527e+00  Keff= 7.60(min  7.01)  gmin=4.30e-02  floor=0.0e+00  |dM|=3.29e-03  step=1.00e+00
  it  108  L= 2.487823e+02  comp= 2.1238e+01 expr= 1.9416e+02 L+= 3.6237e+00 L-= 3.0527e+00  Keff= 7.60(min  7.01)  gmin=4.30e-02  floor=0.0e+00  |dM|=4.36e-03  step=1.00e+00
  it  109  L= 2.487812e+02  comp= 2.1238e+01 expr= 1.9416e+02 L+= 3.6238e+00 L-= 3.0528e+00  Keff= 7.60(min  7.01)  gmin=4.30e-02  floor=0.0e+00  |dM|=1.05e-02  step=1.00e+00
  it  110  L= 2.487787e+02  comp= 2.1238e+01 expr= 1.9415e+02 L+= 3.6244e+00 L-= 3.0535e+00  Keff= 7.60(min  7.01)  gmin=4.30e-02  floor=0.0e+00  |dM|=3.28e-02  step=1.00e+00
  it  111  L= 2.487786e+02  comp= 2.1238e+01 expr= 1.9415e+02 L+= 3.6244e+00 L-= 3.0535e+00  Keff= 7.60(min  7.01)  gmin=4.30e-02  floor=0.0e+00  |dM|=1.27e-02  step=1.00e+00
  it  112  L= 2.487783e+02  comp= 2.1238e+01 expr= 1.9415e+02 L+= 3.6244e+00 L-= 3.0536e+00  Keff= 7.60(min  7.01)  gmin=4.30e-02  floor=0.0e+00  |dM|=1.73e-02  step=2.50e-01
  it  113  L= 2.487780e+02  comp= 2.1238e+01 expr= 1.9415e+02 L+= 3.6244e+00 L-= 3.0537e+00  Keff= 7.60(min  7.01)  gmin=4.30e-02  floor=0.0e+00  |dM|=2.66e-02  step=1.00e+00
  it  114  L= 2.487146e+02  comp= 2.1233e+01 expr= 1.9408e+02 L+= 3.6258e+00 L-= 3.0549e+00  Keff= 7.60(min  7.01)  gmin=4.40e-02  floor=0.0e+00  |dM|=8.34e-02  step=1.00e+00
  it  115  L= 2.485765e+02  comp= 2.1222e+01 expr= 1.9402e+02 L+= 3.6190e+00 L-= 3.0474e+00  Keff= 7.60(min  7.01)  gmin=4.40e-02  floor=0.0e+00  |dM|=1.03e-01  step=5.00e-01
  it  116  L= 2.485462e+02  comp= 2.1217e+01 expr= 1.9400e+02 L+= 3.6185e+00 L-= 3.0472e+00  Keff= 7.59(min  7.01)  gmin=4.40e-02  floor=0.0e+00  |dM|=5.98e-02  step=1.00e+00
  it  117  L= 2.485275e+02  comp= 2.1216e+01 expr= 1.9398e+02 L+= 3.6188e+00 L-= 3.0481e+00  Keff= 7.59(min  7.01)  gmin=4.40e-02  floor=0.0e+00  |dM|=3.51e-02  step=1.00e+00
  it  118  L= 2.485244e+02  comp= 2.1215e+01 expr= 1.9397e+02 L+= 3.6194e+00 L-= 3.0488e+00  Keff= 7.59(min  7.01)  gmin=4.40e-02  floor=0.0e+00  |dM|=4.43e-02  step=6.25e-02
  it  119  L= 2.484901e+02  comp= 2.1211e+01 expr= 1.9395e+02 L+= 3.6180e+00 L-= 3.0479e+00  Keff= 7.59(min  7.02)  gmin=4.40e-02  floor=0.0e+00  |dM|=4.45e-02  step=1.00e+00
  it  120  L= 2.484834e+02  comp= 2.1211e+01 expr= 1.9395e+02 L+= 3.6171e+00 L-= 3.0472e+00  Keff= 7.59(min  7.02)  gmin=4.40e-02  floor=0.0e+00  |dM|=3.73e-02  step=1.00e+00
  it  121  L= 2.484810e+02  comp= 2.1210e+01 expr= 1.9395e+02 L+= 3.6172e+00 L-= 3.0471e+00  Keff= 7.60(min  7.02)  gmin=4.40e-02  floor=0.0e+00  |dM|=3.57e-02  step=1.00e+00
  it  122  L= 2.484778e+02  comp= 2.1211e+01 expr= 1.9394e+02 L+= 3.6172e+00 L-= 3.0474e+00  Keff= 7.60(min  7.02)  gmin=4.40e-02  floor=0.0e+00  |dM|=3.57e-02  step=1.00e+00
  it  123  L= 2.484751e+02  comp= 2.1210e+01 expr= 1.9394e+02 L+= 3.6172e+00 L-= 3.0476e+00  Keff= 7.60(min  7.02)  gmin=4.40e-02  floor=0.0e+00  |dM|=3.25e-02  step=1.00e+00
  it  124  L= 2.484704e+02  comp= 2.1209e+01 expr= 1.9394e+02 L+= 3.6171e+00 L-= 3.0475e+00  Keff= 7.60(min  7.02)  gmin=4.40e-02  floor=0.0e+00  |dM|=9.78e-03  step=1.00e+00
  it  125  L= 2.484445e+02  comp= 2.1207e+01 expr= 1.9392e+02 L+= 3.6166e+00 L-= 3.0472e+00  Keff= 7.60(min  7.02)  gmin=4.40e-02  floor=0.0e+00  |dM|=4.03e-02  step=1.00e+00
  it  126  L= 2.484422e+02  comp= 2.1207e+01 expr= 1.9392e+02 L+= 3.6166e+00 L-= 3.0472e+00  Keff= 7.60(min  7.02)  gmin=4.40e-02  floor=0.0e+00  |dM|=3.45e-02  step=1.00e+00
  it  127  L= 2.484414e+02  comp= 2.1206e+01 expr= 1.9392e+02 L+= 3.6167e+00 L-= 3.0471e+00  Keff= 7.60(min  7.02)  gmin=4.40e-02  floor=0.0e+00  |dM|=1.47e-02  step=1.00e+00
  it  128  L= 2.484380e+02  comp= 2.1206e+01 expr= 1.9390e+02 L+= 3.6175e+00 L-= 3.0481e+00  Keff= 7.60(min  7.02)  gmin=4.40e-02  floor=0.0e+00  |dM|=2.56e-02  step=1.00e+00
  it  129  L= 2.484380e+02  comp= 2.1206e+01 expr= 1.9390e+02 L+= 3.6176e+00 L-= 3.0482e+00  Keff= 7.60(min  7.02)  gmin=4.40e-02  floor=0.0e+00  |dM|=2.54e-03  step=3.12e-02
  it  130  L= 2.484380e+02  comp= 2.1206e+01 expr= 1.9390e+02 L+= 3.6176e+00 L-= 3.0482e+00  Keff= 7.60(min  7.02)  gmin=4.40e-02  floor=0.0e+00  |dM|=1.01e-03  step=1.00e+00
  it  131  L= 2.484379e+02  comp= 2.1206e+01 expr= 1.9391e+02 L+= 3.6174e+00 L-= 3.0477e+00  Keff= 7.60(min  7.02)  gmin=4.40e-02  floor=0.0e+00  |dM|=3.38e-02  step=1.00e+00
  it  132  L= 2.484379e+02  comp= 2.1206e+01 expr= 1.9391e+02 L+= 3.6174e+00 L-= 3.0476e+00  Keff= 7.60(min  7.02)  gmin=4.40e-02  floor=0.0e+00  |dM|=1.33e-02  step=2.50e-01
  it  133  L= 2.484376e+02  comp= 2.1206e+01 expr= 1.9391e+02 L+= 3.6174e+00 L-= 3.0477e+00  Keff= 7.60(min  7.02)  gmin=4.40e-02  floor=0.0e+00  |dM|=7.55e-03  step=1.00e+00
  it  134  L= 2.484370e+02  comp= 2.1206e+01 expr= 1.9390e+02 L+= 3.6175e+00 L-= 3.0479e+00  Keff= 7.60(min  7.02)  gmin=4.40e-02  floor=0.0e+00  |dM|=2.09e-02  step=1.00e+00
  it  135  L= 2.484369e+02  comp= 2.1206e+01 expr= 1.9390e+02 L+= 3.6175e+00 L-= 3.0480e+00  Keff= 7.60(min  7.02)  gmin=4.40e-02  floor=0.0e+00  |dM|=1.27e-02  step=2.50e-01
  it  136  L= 2.484357e+02  comp= 2.1206e+01 expr= 1.9390e+02 L+= 3.6174e+00 L-= 3.0479e+00  Keff= 7.60(min  7.02)  gmin=4.40e-02  floor=0.0e+00  |dM|=1.89e-02  step=1.00e+00
  it  137  L= 2.484328e+02  comp= 2.1205e+01 expr= 1.9390e+02 L+= 3.6177e+00 L-= 3.0479e+00  Keff= 7.60(min  7.02)  gmin=4.40e-02  floor=0.0e+00  |dM|=3.09e-02  step=1.00e+00
  it  138  L= 2.484296e+02  comp= 2.1205e+01 expr= 1.9389e+02 L+= 3.6180e+00 L-= 3.0479e+00  Keff= 7.60(min  7.02)  gmin=4.40e-02  floor=0.0e+00  |dM|=2.70e-02  step=1.00e+00
  it  139  L= 2.484280e+02  comp= 2.1205e+01 expr= 1.9389e+02 L+= 3.6181e+00 L-= 3.0480e+00  Keff= 7.60(min  7.02)  gmin=4.40e-02  floor=0.0e+00  |dM|=2.65e-02  step=1.00e+00
  it  140  L= 2.484222e+02  comp= 2.1204e+01 expr= 1.9388e+02 L+= 3.6186e+00 L-= 3.0488e+00  Keff= 7.60(min  7.02)  gmin=4.40e-02  floor=0.0e+00  |dM|=4.19e-02  step=1.00e+00
  it  141  L= 2.484220e+02  comp= 2.1204e+01 expr= 1.9388e+02 L+= 3.6185e+00 L-= 3.0487e+00  Keff= 7.60(min  7.02)  gmin=4.40e-02  floor=0.0e+00  |dM|=1.65e-03  step=1.00e+00
  it  142  L= 2.484214e+02  comp= 2.1204e+01 expr= 1.9388e+02 L+= 3.6185e+00 L-= 3.0487e+00  Keff= 7.60(min  7.02)  gmin=4.40e-02  floor=0.0e+00  |dM|=4.35e-03  step=1.00e+00
  it  143  L= 2.484174e+02  comp= 2.1203e+01 expr= 1.9388e+02 L+= 3.6184e+00 L-= 3.0486e+00  Keff= 7.60(min  7.02)  gmin=4.40e-02  floor=0.0e+00  |dM|=3.79e-02  step=1.00e+00
  it  144  L= 2.484170e+02  comp= 2.1203e+01 expr= 1.9388e+02 L+= 3.6182e+00 L-= 3.0483e+00  Keff= 7.60(min  7.02)  gmin=4.41e-02  floor=0.0e+00  |dM|=1.32e-02  step=1.00e+00
  it  145  L= 2.484163e+02  comp= 2.1203e+01 expr= 1.9388e+02 L+= 3.6185e+00 L-= 3.0486e+00  Keff= 7.60(min  7.02)  gmin=4.42e-02  floor=0.0e+00  |dM|=1.05e-02  step=1.00e+00
  it  146  L= 2.484150e+02  comp= 2.1203e+01 expr= 1.9387e+02 L+= 3.6192e+00 L-= 3.0492e+00  Keff= 7.60(min  7.03)  gmin=4.50e-02  floor=0.0e+00  |dM|=3.43e-02  step=1.00e+00
  it  147  L= 2.484149e+02  comp= 2.1203e+01 expr= 1.9387e+02 L+= 3.6194e+00 L-= 3.0495e+00  Keff= 7.60(min  7.03)  gmin=4.50e-02  floor=0.0e+00  |dM|=7.17e-03  step=1.00e+00
  it  148  L= 2.484147e+02  comp= 2.1204e+01 expr= 1.9387e+02 L+= 3.6192e+00 L-= 3.0492e+00  Keff= 7.60(min  7.03)  gmin=4.50e-02  floor=0.0e+00  |dM|=4.98e-03  step=1.00e+00
  it  149  L= 2.484146e+02  comp= 2.1204e+01 expr= 1.9387e+02 L+= 3.6191e+00 L-= 3.0491e+00  Keff= 7.60(min  7.03)  gmin=4.50e-02  floor=0.0e+00  |dM|=1.71e-03  step=1.00e+00
  it  150  L= 2.484146e+02  comp= 2.1204e+01 expr= 1.9387e+02 L+= 3.6190e+00 L-= 3.0490e+00  Keff= 7.60(min  7.03)  gmin=4.50e-02  floor=0.0e+00  |dM|=4.29e-03  step=5.00e-01
  it  151  L= 2.484146e+02  comp= 2.1204e+01 expr= 1.9387e+02 L+= 3.6191e+00 L-= 3.0491e+00  Keff= 7.60(min  7.03)  gmin=4.50e-02  floor=0.0e+00  |dM|=2.70e-03  step=1.00e+00
  it  152  L= 2.484145e+02  comp= 2.1204e+01 expr= 1.9387e+02 L+= 3.6191e+00 L-= 3.0491e+00  Keff= 7.60(min  7.03)  gmin=4.50e-02  floor=0.0e+00  |dM|=3.31e-04  step=5.00e-01
  it  153  L= 2.484145e+02  comp= 2.1204e+01 expr= 1.9387e+02 L+= 3.6191e+00 L-= 3.0491e+00  Keff= 7.60(min  7.03)  gmin=4.50e-02  floor=0.0e+00  |dM|=2.36e-09  step=3.81e-06
[fit] restart 2 (seed=2, init=random)
  it    1  L= 3.194023e+02  comp= 2.7533e+01 expr= 2.9107e+02 L+= 8.2225e-02 L-= 7.8454e-02  Keff= 8.00(min  7.99)  gmin=1.13e-01  floor=0.0e+00  |dM|=6.21e-05  step=1.00e+00
  it    2  L= 3.187213e+02  comp= 2.7532e+01 expr= 2.9013e+02 L+= 1.1451e-01 L-= 9.7077e-02  Keff= 8.00(min  7.99)  gmin=1.13e-01  floor=0.0e+00  |dM|=1.45e-01  step=1.00e+00
  it    3  L= 3.174907e+02  comp= 2.7510e+01 expr= 2.8703e+02 L+= 3.2943e-01 L-= 2.6102e-01  Keff= 7.99(min  7.98)  gmin=1.13e-01  floor=0.0e+00  |dM|=1.38e-01  step=1.00e+00
  it    4  L= 3.141823e+02  comp= 2.7379e+01 expr= 2.7953e+02 L+= 8.2491e-01 L-= 6.2921e-01  Keff= 7.99(min  7.93)  gmin=1.05e-01  floor=0.0e+00  |dM|=1.97e-01  step=1.00e+00
  it    5  L= 3.086158e+02  comp= 2.7051e+01 expr= 2.7012e+02 L+= 1.3135e+00 L-= 9.7599e-01  Keff= 7.97(min  7.80)  gmin=8.68e-02  floor=0.0e+00  |dM|=2.03e-01  step=1.00e+00
  it    6  L= 2.813337e+02  comp= 2.4286e+01 expr= 2.2340e+02 L+= 3.5797e+00 L-= 3.1500e+00  Keff= 7.70(min  7.18)  gmin=5.18e-02  floor=0.0e+00  |dM|=6.98e-01  step=1.00e+00
  it    7  L= 2.707838e+02  comp= 2.3416e+01 expr= 2.1340e+02 L+= 3.6495e+00 L-= 3.1442e+00  Keff= 7.61(min  7.11)  gmin=5.10e-02  floor=0.0e+00  |dM|=6.67e-01  step=1.00e+00
  it    8  L= 2.668830e+02  comp= 2.3148e+01 expr= 2.1056e+02 L+= 3.5781e+00 L-= 3.0562e+00  Keff= 7.60(min  7.10)  gmin=5.10e-02  floor=0.0e+00  |dM|=4.63e-01  step=1.00e+00
  it    9  L= 2.652578e+02  comp= 2.3003e+01 expr= 2.0934e+02 L+= 3.5668e+00 L-= 3.0158e+00  Keff= 7.59(min  7.09)  gmin=5.10e-02  floor=0.0e+00  |dM|=2.98e-01  step=1.00e+00
  it   10  L= 2.644712e+02  comp= 2.2923e+01 expr= 2.0872e+02 L+= 3.5617e+00 L-= 3.0040e+00  Keff= 7.58(min  7.09)  gmin=5.10e-02  floor=0.0e+00  |dM|=2.07e-01  step=1.00e+00
  it   11  L= 2.639857e+02  comp= 2.2875e+01 expr= 2.0829e+02 L+= 3.5632e+00 L-= 3.0008e+00  Keff= 7.58(min  7.08)  gmin=5.10e-02  floor=0.0e+00  |dM|=1.66e-01  step=1.00e+00
  it   12  L= 2.636442e+02  comp= 2.2839e+01 expr= 2.0799e+02 L+= 3.5642e+00 L-= 2.9989e+00  Keff= 7.58(min  7.08)  gmin=5.10e-02  floor=0.0e+00  |dM|=1.33e-01  step=1.00e+00
  it   13  L= 2.633797e+02  comp= 2.2806e+01 expr= 2.0775e+02 L+= 3.5661e+00 L-= 2.9979e+00  Keff= 7.58(min  7.07)  gmin=5.10e-02  floor=0.0e+00  |dM|=1.09e-01  step=1.00e+00
  it   14  L= 2.630966e+02  comp= 2.2774e+01 expr= 2.0751e+02 L+= 3.5659e+00 L-= 2.9958e+00  Keff= 7.57(min  7.08)  gmin=5.10e-02  floor=0.0e+00  |dM|=1.33e-01  step=1.00e+00
  it   15  L= 2.627509e+02  comp= 2.2736e+01 expr= 2.0724e+02 L+= 3.5638e+00 L-= 2.9912e+00  Keff= 7.57(min  7.08)  gmin=5.10e-02  floor=0.0e+00  |dM|=1.19e-01  step=1.00e+00
  it   16  L= 2.625078e+02  comp= 2.2711e+01 expr= 2.0702e+02 L+= 3.5646e+00 L-= 2.9912e+00  Keff= 7.57(min  7.08)  gmin=5.10e-02  floor=0.0e+00  |dM|=9.93e-02  step=1.00e+00
  it   17  L= 2.622704e+02  comp= 2.2684e+01 expr= 2.0682e+02 L+= 3.5632e+00 L-= 2.9903e+00  Keff= 7.57(min  7.08)  gmin=5.10e-02  floor=0.0e+00  |dM|=9.16e-02  step=1.00e+00
  it   18  L= 2.619934e+02  comp= 2.2650e+01 expr= 2.0658e+02 L+= 3.5625e+00 L-= 2.9901e+00  Keff= 7.57(min  7.08)  gmin=5.10e-02  floor=0.0e+00  |dM|=9.59e-02  step=1.00e+00
  it   19  L= 2.617743e+02  comp= 2.2625e+01 expr= 2.0641e+02 L+= 3.5603e+00 L-= 2.9874e+00  Keff= 7.57(min  7.08)  gmin=5.10e-02  floor=0.0e+00  |dM|=9.02e-02  step=1.00e+00
  it   20  L= 2.615627e+02  comp= 2.2600e+01 expr= 2.0625e+02 L+= 3.5571e+00 L-= 2.9852e+00  Keff= 7.57(min  7.08)  gmin=5.10e-02  floor=0.0e+00  |dM|=1.02e-01  step=1.00e+00
  it   21  L= 2.611971e+02  comp= 2.2558e+01 expr= 2.0599e+02 L+= 3.5506e+00 L-= 2.9783e+00  Keff= 7.56(min  7.08)  gmin=5.10e-02  floor=0.0e+00  |dM|=1.18e-01  step=1.00e+00
  it   22  L= 2.608227e+02  comp= 2.2514e+01 expr= 2.0569e+02 L+= 3.5475e+00 L-= 2.9753e+00  Keff= 7.56(min  7.08)  gmin=5.10e-02  floor=0.0e+00  |dM|=1.04e-01  step=1.00e+00
  it   23  L= 2.604336e+02  comp= 2.2469e+01 expr= 2.0540e+02 L+= 3.5423e+00 L-= 2.9712e+00  Keff= 7.56(min  7.08)  gmin=5.10e-02  floor=0.0e+00  |dM|=1.32e-01  step=1.00e+00
  it   24  L= 2.600297e+02  comp= 2.2419e+01 expr= 2.0507e+02 L+= 3.5424e+00 L-= 2.9666e+00  Keff= 7.56(min  7.08)  gmin=5.10e-02  floor=0.0e+00  |dM|=9.96e-02  step=1.00e+00
  it   25  L= 2.596120e+02  comp= 2.2376e+01 expr= 2.0473e+02 L+= 3.5385e+00 L-= 2.9631e+00  Keff= 7.55(min  7.09)  gmin=5.10e-02  floor=0.0e+00  |dM|=1.09e-01  step=1.00e+00
  it   26  L= 2.592718e+02  comp= 2.2340e+01 expr= 2.0446e+02 L+= 3.5342e+00 L-= 2.9599e+00  Keff= 7.55(min  7.09)  gmin=5.10e-02  floor=0.0e+00  |dM|=9.81e-02  step=1.00e+00
  it   27  L= 2.590517e+02  comp= 2.2316e+01 expr= 2.0429e+02 L+= 3.5317e+00 L-= 2.9565e+00  Keff= 7.55(min  7.09)  gmin=5.10e-02  floor=0.0e+00  |dM|=6.77e-02  step=1.00e+00
  it   28  L= 2.587792e+02  comp= 2.2292e+01 expr= 2.0409e+02 L+= 3.5273e+00 L-= 2.9517e+00  Keff= 7.55(min  7.10)  gmin=5.10e-02  floor=0.0e+00  |dM|=1.10e-01  step=1.00e+00
  it   29  L= 2.586394e+02  comp= 2.2265e+01 expr= 2.0396e+02 L+= 3.5306e+00 L-= 2.9530e+00  Keff= 7.54(min  7.10)  gmin=5.05e-02  floor=0.0e+00  |dM|=1.03e-01  step=1.00e+00
  it   30  L= 2.584716e+02  comp= 2.2255e+01 expr= 2.0383e+02 L+= 3.5276e+00 L-= 2.9492e+00  Keff= 7.54(min  7.10)  gmin=5.04e-02  floor=0.0e+00  |dM|=3.63e-02  step=1.00e+00
  it   31  L= 2.583510e+02  comp= 2.2250e+01 expr= 2.0376e+02 L+= 3.5236e+00 L-= 2.9446e+00  Keff= 7.54(min  7.10)  gmin=5.03e-02  floor=0.0e+00  |dM|=4.69e-02  step=1.00e+00
  it   32  L= 2.582692e+02  comp= 2.2244e+01 expr= 2.0369e+02 L+= 3.5228e+00 L-= 2.9439e+00  Keff= 7.54(min  7.10)  gmin=5.00e-02  floor=0.0e+00  |dM|=3.57e-02  step=1.00e+00
  it   33  L= 2.582007e+02  comp= 2.2236e+01 expr= 2.0364e+02 L+= 3.5217e+00 L-= 2.9427e+00  Keff= 7.54(min  7.10)  gmin=5.00e-02  floor=0.0e+00  |dM|=2.99e-02  step=1.00e+00
  it   34  L= 2.581028e+02  comp= 2.2228e+01 expr= 2.0357e+02 L+= 3.5198e+00 L-= 2.9408e+00  Keff= 7.54(min  7.10)  gmin=4.99e-02  floor=0.0e+00  |dM|=4.25e-02  step=1.00e+00
  it   35  L= 2.579919e+02  comp= 2.2218e+01 expr= 2.0349e+02 L+= 3.5176e+00 L-= 2.9386e+00  Keff= 7.54(min  7.10)  gmin=4.97e-02  floor=0.0e+00  |dM|=5.26e-02  step=1.00e+00
  it   36  L= 2.579132e+02  comp= 2.2207e+01 expr= 2.0345e+02 L+= 3.5151e+00 L-= 2.9368e+00  Keff= 7.54(min  7.10)  gmin=4.88e-02  floor=0.0e+00  |dM|=5.70e-02  step=1.00e+00
  it   37  L= 2.578414e+02  comp= 2.2202e+01 expr= 2.0340e+02 L+= 3.5137e+00 L-= 2.9349e+00  Keff= 7.54(min  7.10)  gmin=4.87e-02  floor=0.0e+00  |dM|=2.84e-02  step=1.00e+00
  it   38  L= 2.577820e+02  comp= 2.2195e+01 expr= 2.0336e+02 L+= 3.5123e+00 L-= 2.9333e+00  Keff= 7.54(min  7.10)  gmin=4.86e-02  floor=0.0e+00  |dM|=2.83e-02  step=1.00e+00
  it   39  L= 2.577229e+02  comp= 2.2186e+01 expr= 2.0335e+02 L+= 3.5083e+00 L-= 2.9296e+00  Keff= 7.54(min  7.10)  gmin=4.83e-02  floor=0.0e+00  |dM|=3.46e-02  step=6.25e-02
  it   40  L= 2.576795e+02  comp= 2.2177e+01 expr= 2.0332e+02 L+= 3.5052e+00 L-= 2.9304e+00  Keff= 7.54(min  7.10)  gmin=4.83e-02  floor=0.0e+00  |dM|=5.31e-02  step=1.00e+00
  it   41  L= 2.574673e+02  comp= 2.2165e+01 expr= 2.0315e+02 L+= 3.5051e+00 L-= 2.9260e+00  Keff= 7.54(min  7.10)  gmin=4.88e-02  floor=0.0e+00  |dM|=5.31e-02  step=1.00e+00
  it   42  L= 2.571851e+02  comp= 2.2143e+01 expr= 2.0295e+02 L+= 3.4979e+00 L-= 2.9200e+00  Keff= 7.54(min  7.10)  gmin=4.93e-02  floor=0.0e+00  |dM|=7.30e-02  step=1.00e+00
  it   43  L= 2.570431e+02  comp= 2.2132e+01 expr= 2.0283e+02 L+= 3.4968e+00 L-= 2.9198e+00  Keff= 7.54(min  7.10)  gmin=5.00e-02  floor=0.0e+00  |dM|=4.36e-02  step=1.00e+00
  it   44  L= 2.569402e+02  comp= 2.2123e+01 expr= 2.0275e+02 L+= 3.4948e+00 L-= 2.9179e+00  Keff= 7.54(min  7.10)  gmin=5.00e-02  floor=0.0e+00  |dM|=4.74e-02  step=1.00e+00
  it   45  L= 2.568203e+02  comp= 2.2109e+01 expr= 2.0266e+02 L+= 3.4938e+00 L-= 2.9164e+00  Keff= 7.54(min  7.10)  gmin=5.04e-02  floor=0.0e+00  |dM|=4.71e-02  step=1.00e+00
  it   46  L= 2.567993e+02  comp= 2.2097e+01 expr= 2.0267e+02 L+= 3.4910e+00 L-= 2.9160e+00  Keff= 7.54(min  7.10)  gmin=5.04e-02  floor=0.0e+00  |dM|=4.99e-02  step=1.00e+00
  it   47  L= 2.566581e+02  comp= 2.2091e+01 expr= 2.0256e+02 L+= 3.4899e+00 L-= 2.9122e+00  Keff= 7.54(min  7.10)  gmin=5.02e-02  floor=0.0e+00  |dM|=3.28e-02  step=1.00e+00
  it   48  L= 2.566212e+02  comp= 2.2087e+01 expr= 2.0254e+02 L+= 3.4885e+00 L-= 2.9106e+00  Keff= 7.54(min  7.10)  gmin=5.02e-02  floor=0.0e+00  |dM|=2.08e-02  step=1.00e+00
  it   49  L= 2.565630e+02  comp= 2.2077e+01 expr= 2.0252e+02 L+= 3.4844e+00 L-= 2.9082e+00  Keff= 7.54(min  7.11)  gmin=5.01e-02  floor=0.0e+00  |dM|=5.34e-02  step=1.00e+00
  it   50  L= 2.564415e+02  comp= 2.2070e+01 expr= 2.0243e+02 L+= 3.4827e+00 L-= 2.9053e+00  Keff= 7.54(min  7.11)  gmin=5.00e-02  floor=0.0e+00  |dM|=2.39e-02  step=1.00e+00
  it   51  L= 2.563954e+02  comp= 2.2067e+01 expr= 2.0239e+02 L+= 3.4817e+00 L-= 2.9052e+00  Keff= 7.54(min  7.11)  gmin=5.00e-02  floor=0.0e+00  |dM|=2.47e-02  step=1.00e+00
  it   52  L= 2.563513e+02  comp= 2.2061e+01 expr= 2.0236e+02 L+= 3.4806e+00 L-= 2.9057e+00  Keff= 7.54(min  7.11)  gmin=5.01e-02  floor=0.0e+00  |dM|=4.66e-02  step=1.00e+00
  it   53  L= 2.562731e+02  comp= 2.2055e+01 expr= 2.0230e+02 L+= 3.4796e+00 L-= 2.9033e+00  Keff= 7.54(min  7.11)  gmin=5.00e-02  floor=0.0e+00  |dM|=2.48e-02  step=1.00e+00
  it   54  L= 2.561956e+02  comp= 2.2047e+01 expr= 2.0226e+02 L+= 3.4773e+00 L-= 2.9011e+00  Keff= 7.54(min  7.11)  gmin=5.00e-02  floor=0.0e+00  |dM|=3.50e-02  step=1.00e+00
  it   55  L= 2.561440e+02  comp= 2.2043e+01 expr= 2.0222e+02 L+= 3.4751e+00 L-= 2.9004e+00  Keff= 7.54(min  7.11)  gmin=5.00e-02  floor=0.0e+00  |dM|=3.41e-02  step=2.50e-01
  it   56  L= 2.560984e+02  comp= 2.2040e+01 expr= 2.0219e+02 L+= 3.4751e+00 L-= 2.8996e+00  Keff= 7.54(min  7.11)  gmin=5.00e-02  floor=0.0e+00  |dM|=2.06e-02  step=1.00e+00
  it   57  L= 2.560420e+02  comp= 2.2034e+01 expr= 2.0214e+02 L+= 3.4750e+00 L-= 2.8995e+00  Keff= 7.54(min  7.11)  gmin=5.00e-02  floor=0.0e+00  |dM|=3.95e-02  step=1.00e+00
  it   58  L= 2.559504e+02  comp= 2.2025e+01 expr= 2.0206e+02 L+= 3.4744e+00 L-= 2.8992e+00  Keff= 7.54(min  7.11)  gmin=5.00e-02  floor=0.0e+00  |dM|=4.70e-02  step=1.00e+00
  it   59  L= 2.558514e+02  comp= 2.2016e+01 expr= 2.0199e+02 L+= 3.4726e+00 L-= 2.8969e+00  Keff= 7.54(min  7.11)  gmin=5.00e-02  floor=0.0e+00  |dM|=5.00e-02  step=1.00e+00
  it   60  L= 2.557465e+02  comp= 2.2006e+01 expr= 2.0192e+02 L+= 3.4708e+00 L-= 2.8934e+00  Keff= 7.54(min  7.11)  gmin=5.00e-02  floor=0.0e+00  |dM|=6.53e-02  step=1.00e+00
  it   61  L= 2.557385e+02  comp= 2.1997e+01 expr= 2.0190e+02 L+= 3.4733e+00 L-= 2.8943e+00  Keff= 7.53(min  7.11)  gmin=5.00e-02  floor=0.0e+00  |dM|=6.29e-02  step=1.00e+00
  it   62  L= 2.555873e+02  comp= 2.1989e+01 expr= 2.0180e+02 L+= 3.4698e+00 L-= 2.8893e+00  Keff= 7.53(min  7.11)  gmin=5.00e-02  floor=0.0e+00  |dM|=4.20e-02  step=1.00e+00
  it   63  L= 2.554993e+02  comp= 2.1980e+01 expr= 2.0174e+02 L+= 3.4692e+00 L-= 2.8869e+00  Keff= 7.53(min  7.11)  gmin=5.00e-02  floor=0.0e+00  |dM|=4.79e-02  step=1.00e+00
  it   64  L= 2.554436e+02  comp= 2.1973e+01 expr= 2.0172e+02 L+= 3.4667e+00 L-= 2.8841e+00  Keff= 7.53(min  7.10)  gmin=5.00e-02  floor=0.0e+00  |dM|=4.63e-02  step=5.00e-01
  it   65  L= 2.553674e+02  comp= 2.1968e+01 expr= 2.0165e+02 L+= 3.4659e+00 L-= 2.8834e+00  Keff= 7.53(min  7.11)  gmin=5.00e-02  floor=0.0e+00  |dM|=4.24e-02  step=1.00e+00
  it   66  L= 2.553090e+02  comp= 2.1962e+01 expr= 2.0161e+02 L+= 3.4646e+00 L-= 2.8823e+00  Keff= 7.53(min  7.11)  gmin=4.97e-02  floor=0.0e+00  |dM|=3.93e-02  step=1.00e+00
  it   67  L= 2.552130e+02  comp= 2.1950e+01 expr= 2.0156e+02 L+= 3.4606e+00 L-= 2.8800e+00  Keff= 7.53(min  7.10)  gmin=4.85e-02  floor=0.0e+00  |dM|=7.49e-02  step=1.00e+00
  it   68  L= 2.550957e+02  comp= 2.1942e+01 expr= 2.0146e+02 L+= 3.4601e+00 L-= 2.8776e+00  Keff= 7.53(min  7.11)  gmin=4.71e-02  floor=0.0e+00  |dM|=6.17e-02  step=1.00e+00
  it   69  L= 2.549907e+02  comp= 2.1933e+01 expr= 2.0140e+02 L+= 3.4569e+00 L-= 2.8755e+00  Keff= 7.53(min  7.11)  gmin=4.70e-02  floor=0.0e+00  |dM|=6.30e-02  step=1.00e+00
  it   70  L= 2.548504e+02  comp= 2.1917e+01 expr= 2.0129e+02 L+= 3.4539e+00 L-= 2.8742e+00  Keff= 7.53(min  7.11)  gmin=4.67e-02  floor=0.0e+00  |dM|=7.54e-02  step=1.00e+00
  it   71  L= 2.547032e+02  comp= 2.1908e+01 expr= 2.0118e+02 L+= 3.4532e+00 L-= 2.8693e+00  Keff= 7.53(min  7.11)  gmin=4.61e-02  floor=0.0e+00  |dM|=4.99e-02  step=1.00e+00
  it   72  L= 2.546196e+02  comp= 2.1898e+01 expr= 2.0113e+02 L+= 3.4519e+00 L-= 2.8673e+00  Keff= 7.53(min  7.11)  gmin=4.61e-02  floor=0.0e+00  |dM|=4.38e-02  step=1.00e+00
  it   73  L= 2.545086e+02  comp= 2.1877e+01 expr= 2.0109e+02 L+= 3.4448e+00 L-= 2.8640e+00  Keff= 7.53(min  7.11)  gmin=4.60e-02  floor=0.0e+00  |dM|=7.94e-02  step=1.00e+00
  it   74  L= 2.543167e+02  comp= 2.1863e+01 expr= 2.0094e+02 L+= 3.4429e+00 L-= 2.8591e+00  Keff= 7.53(min  7.11)  gmin=4.56e-02  floor=0.0e+00  |dM|=5.18e-02  step=1.00e+00
  it   75  L= 2.541663e+02  comp= 2.1850e+01 expr= 2.0083e+02 L+= 3.4416e+00 L-= 2.8551e+00  Keff= 7.53(min  7.10)  gmin=4.52e-02  floor=0.0e+00  |dM|=3.83e-02  step=1.00e+00
  it   76  L= 2.538289e+02  comp= 2.1816e+01 expr= 2.0061e+02 L+= 3.4336e+00 L-= 2.8467e+00  Keff= 7.53(min  7.10)  gmin=4.55e-02  floor=0.0e+00  |dM|=8.01e-02  step=1.00e+00
  it   77  L= 2.536976e+02  comp= 2.1805e+01 expr= 2.0051e+02 L+= 3.4318e+00 L-= 2.8445e+00  Keff= 7.53(min  7.10)  gmin=4.51e-02  floor=0.0e+00  |dM|=5.99e-02  step=1.00e+00
  it   78  L= 2.535577e+02  comp= 2.1792e+01 expr= 2.0039e+02 L+= 3.4315e+00 L-= 2.8437e+00  Keff= 7.53(min  7.10)  gmin=4.51e-02  floor=0.0e+00  |dM|=5.15e-02  step=1.00e+00
  it   79  L= 2.534500e+02  comp= 2.1781e+01 expr= 2.0031e+02 L+= 3.4299e+00 L-= 2.8421e+00  Keff= 7.53(min  7.09)  gmin=4.50e-02  floor=0.0e+00  |dM|=4.30e-02  step=1.00e+00
  it   80  L= 2.532801e+02  comp= 2.1761e+01 expr= 2.0019e+02 L+= 3.4272e+00 L-= 2.8382e+00  Keff= 7.53(min  7.09)  gmin=4.49e-02  floor=0.0e+00  |dM|=8.69e-02  step=1.00e+00
  it   81  L= 2.531500e+02  comp= 2.1748e+01 expr= 2.0009e+02 L+= 3.4255e+00 L-= 2.8360e+00  Keff= 7.53(min  7.09)  gmin=4.45e-02  floor=0.0e+00  |dM|=6.13e-02  step=5.00e-01
  it   82  L= 2.529882e+02  comp= 2.1737e+01 expr= 1.9997e+02 L+= 3.4246e+00 L-= 2.8323e+00  Keff= 7.52(min  7.08)  gmin=4.40e-02  floor=0.0e+00  |dM|=5.13e-02  step=1.00e+00
  it   83  L= 2.529123e+02  comp= 2.1728e+01 expr= 1.9991e+02 L+= 3.4234e+00 L-= 2.8316e+00  Keff= 7.52(min  7.07)  gmin=4.38e-02  floor=0.0e+00  |dM|=5.05e-02  step=1.00e+00
  it   84  L= 2.527823e+02  comp= 2.1713e+01 expr= 1.9980e+02 L+= 3.4210e+00 L-= 2.8329e+00  Keff= 7.52(min  7.07)  gmin=4.40e-02  floor=0.0e+00  |dM|=8.20e-02  step=1.00e+00
  it   85  L= 2.527062e+02  comp= 2.1710e+01 expr= 1.9972e+02 L+= 3.4225e+00 L-= 2.8323e+00  Keff= 7.52(min  7.06)  gmin=4.39e-02  floor=0.0e+00  |dM|=4.73e-02  step=1.00e+00
  it   86  L= 2.526174e+02  comp= 2.1699e+01 expr= 1.9966e+02 L+= 3.4206e+00 L-= 2.8305e+00  Keff= 7.52(min  7.06)  gmin=4.37e-02  floor=0.0e+00  |dM|=5.25e-02  step=1.00e+00
  it   87  L= 2.525260e+02  comp= 2.1690e+01 expr= 1.9959e+02 L+= 3.4196e+00 L-= 2.8302e+00  Keff= 7.52(min  7.06)  gmin=4.31e-02  floor=0.0e+00  |dM|=6.45e-02  step=1.00e+00
  it   88  L= 2.524652e+02  comp= 2.1684e+01 expr= 1.9953e+02 L+= 3.4195e+00 L-= 2.8313e+00  Keff= 7.52(min  7.06)  gmin=4.30e-02  floor=0.0e+00  |dM|=5.51e-02  step=1.00e+00
  it   89  L= 2.523862e+02  comp= 2.1679e+01 expr= 1.9944e+02 L+= 3.4208e+00 L-= 2.8333e+00  Keff= 7.52(min  7.05)  gmin=4.30e-02  floor=0.0e+00  |dM|=4.80e-02  step=1.00e+00
  it   90  L= 2.523083e+02  comp= 2.1672e+01 expr= 1.9937e+02 L+= 3.4195e+00 L-= 2.8332e+00  Keff= 7.52(min  7.06)  gmin=4.30e-02  floor=0.0e+00  |dM|=6.99e-02  step=1.00e+00
  it   91  L= 2.522687e+02  comp= 2.1667e+01 expr= 1.9934e+02 L+= 3.4192e+00 L-= 2.8338e+00  Keff= 7.52(min  7.06)  gmin=4.30e-02  floor=0.0e+00  |dM|=5.97e-02  step=1.00e+00
  it   92  L= 2.522648e+02  comp= 2.1668e+01 expr= 1.9931e+02 L+= 3.4211e+00 L-= 2.8358e+00  Keff= 7.52(min  7.06)  gmin=4.29e-02  floor=0.0e+00  |dM|=5.37e-02  step=1.00e+00
  it   93  L= 2.522268e+02  comp= 2.1664e+01 expr= 1.9929e+02 L+= 3.4203e+00 L-= 2.8350e+00  Keff= 7.52(min  7.05)  gmin=4.29e-02  floor=0.0e+00  |dM|=7.25e-02  step=1.00e+00
  it   94  L= 2.522210e+02  comp= 2.1663e+01 expr= 1.9929e+02 L+= 3.4188e+00 L-= 2.8346e+00  Keff= 7.52(min  7.05)  gmin=4.27e-02  floor=0.0e+00  |dM|=6.33e-02  step=2.50e-01
  it   95  L= 2.522129e+02  comp= 2.1665e+01 expr= 1.9926e+02 L+= 3.4216e+00 L-= 2.8365e+00  Keff= 7.52(min  7.05)  gmin=4.24e-02  floor=0.0e+00  |dM|=6.81e-02  step=1.00e+00
  it   96  L= 2.520559e+02  comp= 2.1648e+01 expr= 1.9916e+02 L+= 3.4198e+00 L-= 2.8304e+00  Keff= 7.52(min  7.05)  gmin=4.22e-02  floor=0.0e+00  |dM|=8.85e-02  step=1.00e+00
  it   97  L= 2.519842e+02  comp= 2.1642e+01 expr= 1.9911e+02 L+= 3.4188e+00 L-= 2.8281e+00  Keff= 7.52(min  7.05)  gmin=4.20e-02  floor=0.0e+00  |dM|=5.40e-02  step=1.00e+00
  it   98  L= 2.519135e+02  comp= 2.1633e+01 expr= 1.9907e+02 L+= 3.4166e+00 L-= 2.8260e+00  Keff= 7.52(min  7.05)  gmin=4.20e-02  floor=0.0e+00  |dM|=4.62e-02  step=1.00e+00
  it   99  L= 2.518691e+02  comp= 2.1627e+01 expr= 1.9903e+02 L+= 3.4162e+00 L-= 2.8254e+00  Keff= 7.52(min  7.05)  gmin=4.20e-02  floor=0.0e+00  |dM|=5.22e-02  step=1.00e+00
  it  100  L= 2.518565e+02  comp= 2.1626e+01 expr= 1.9902e+02 L+= 3.4160e+00 L-= 2.8253e+00  Keff= 7.52(min  7.05)  gmin=4.20e-02  floor=0.0e+00  |dM|=3.69e-02  step=1.00e+00
  it  101  L= 2.518250e+02  comp= 2.1622e+01 expr= 1.9900e+02 L+= 3.4154e+00 L-= 2.8248e+00  Keff= 7.52(min  7.05)  gmin=4.20e-02  floor=0.0e+00  |dM|=5.00e-02  step=1.00e+00
  it  102  L= 2.517864e+02  comp= 2.1619e+01 expr= 1.9898e+02 L+= 3.4136e+00 L-= 2.8231e+00  Keff= 7.52(min  7.05)  gmin=4.20e-02  floor=0.0e+00  |dM|=4.94e-02  step=1.00e+00
  it  103  L= 2.516834e+02  comp= 2.1606e+01 expr= 1.9893e+02 L+= 3.4094e+00 L-= 2.8196e+00  Keff= 7.52(min  7.05)  gmin=4.20e-02  floor=0.0e+00  |dM|=4.69e-02  step=1.00e+00
  it  104  L= 2.516155e+02  comp= 2.1600e+01 expr= 1.9888e+02 L+= 3.4083e+00 L-= 2.8182e+00  Keff= 7.52(min  7.05)  gmin=4.20e-02  floor=0.0e+00  |dM|=4.73e-02  step=1.00e+00
  it  105  L= 2.515705e+02  comp= 2.1595e+01 expr= 1.9886e+02 L+= 3.4066e+00 L-= 2.8162e+00  Keff= 7.52(min  7.05)  gmin=4.20e-02  floor=0.0e+00  |dM|=4.18e-02  step=1.00e+00
  it  106  L= 2.515465e+02  comp= 2.1591e+01 expr= 1.9885e+02 L+= 3.4062e+00 L-= 2.8155e+00  Keff= 7.52(min  7.05)  gmin=4.20e-02  floor=0.0e+00  |dM|=3.73e-02  step=1.00e+00
  it  107  L= 2.515366e+02  comp= 2.1590e+01 expr= 1.9884e+02 L+= 3.4062e+00 L-= 2.8153e+00  Keff= 7.52(min  7.05)  gmin=4.20e-02  floor=0.0e+00  |dM|=3.01e-02  step=1.00e+00
  it  108  L= 2.515215e+02  comp= 2.1587e+01 expr= 1.9883e+02 L+= 3.4054e+00 L-= 2.8146e+00  Keff= 7.52(min  7.05)  gmin=4.20e-02  floor=0.0e+00  |dM|=1.70e-02  step=1.00e+00
  it  109  L= 2.514961e+02  comp= 2.1584e+01 expr= 1.9883e+02 L+= 3.4040e+00 L-= 2.8134e+00  Keff= 7.52(min  7.06)  gmin=4.20e-02  floor=0.0e+00  |dM|=4.08e-02  step=1.00e+00
  it  110  L= 2.514925e+02  comp= 2.1584e+01 expr= 1.9882e+02 L+= 3.4040e+00 L-= 2.8134e+00  Keff= 7.52(min  7.06)  gmin=4.20e-02  floor=0.0e+00  |dM|=3.03e-02  step=1.00e+00
  it  111  L= 2.514656e+02  comp= 2.1583e+01 expr= 1.9879e+02 L+= 3.4044e+00 L-= 2.8138e+00  Keff= 7.52(min  7.07)  gmin=4.29e-02  floor=0.0e+00  |dM|=6.72e-02  step=1.00e+00
  it  112  L= 2.513802e+02  comp= 2.1576e+01 expr= 1.9872e+02 L+= 3.4038e+00 L-= 2.8138e+00  Keff= 7.52(min  7.07)  gmin=4.29e-02  floor=0.0e+00  |dM|=6.70e-02  step=1.00e+00
  it  113  L= 2.512231e+02  comp= 2.1560e+01 expr= 1.9862e+02 L+= 3.3996e+00 L-= 2.8084e+00  Keff= 7.52(min  7.06)  gmin=4.20e-02  floor=0.0e+00  |dM|=6.34e-02  step=1.00e+00
  it  114  L= 2.511816e+02  comp= 2.1553e+01 expr= 1.9859e+02 L+= 3.3996e+00 L-= 2.8084e+00  Keff= 7.52(min  7.06)  gmin=4.20e-02  floor=0.0e+00  |dM|=5.10e-02  step=5.00e-01
  it  115  L= 2.511409e+02  comp= 2.1552e+01 expr= 1.9856e+02 L+= 3.3996e+00 L-= 2.8067e+00  Keff= 7.52(min  7.06)  gmin=4.20e-02  floor=0.0e+00  |dM|=4.48e-02  step=1.00e+00
  it  116  L= 2.511282e+02  comp= 2.1551e+01 expr= 1.9854e+02 L+= 3.4001e+00 L-= 2.8065e+00  Keff= 7.52(min  7.06)  gmin=4.20e-02  floor=0.0e+00  |dM|=4.47e-02  step=1.00e+00
  it  117  L= 2.511100e+02  comp= 2.1549e+01 expr= 1.9853e+02 L+= 3.4001e+00 L-= 2.8062e+00  Keff= 7.52(min  7.06)  gmin=4.20e-02  floor=0.0e+00  |dM|=4.29e-02  step=1.00e+00
  it  118  L= 2.510225e+02  comp= 2.1542e+01 expr= 1.9848e+02 L+= 3.3976e+00 L-= 2.8033e+00  Keff= 7.51(min  7.06)  gmin=4.20e-02  floor=0.0e+00  |dM|=5.44e-02  step=1.00e+00
  it  119  L= 2.510146e+02  comp= 2.1542e+01 expr= 1.9847e+02 L+= 3.3969e+00 L-= 2.8032e+00  Keff= 7.52(min  7.06)  gmin=4.20e-02  floor=0.0e+00  |dM|=1.82e-02  step=6.25e-02
  it  120  L= 2.510057e+02  comp= 2.1542e+01 expr= 1.9846e+02 L+= 3.3974e+00 L-= 2.8038e+00  Keff= 7.52(min  7.06)  gmin=4.20e-02  floor=0.0e+00  |dM|=1.82e-02  step=1.00e+00
  it  121  L= 2.510039e+02  comp= 2.1542e+01 expr= 1.9845e+02 L+= 3.3975e+00 L-= 2.8040e+00  Keff= 7.52(min  7.06)  gmin=4.20e-02  floor=0.0e+00  |dM|=9.18e-03  step=1.00e+00
  it  122  L= 2.509798e+02  comp= 2.1541e+01 expr= 1.9843e+02 L+= 3.3980e+00 L-= 2.8048e+00  Keff= 7.52(min  7.06)  gmin=4.24e-02  floor=0.0e+00  |dM|=4.11e-02  step=1.00e+00
  it  123  L= 2.509368e+02  comp= 2.1537e+01 expr= 1.9840e+02 L+= 3.3966e+00 L-= 2.8039e+00  Keff= 7.52(min  7.07)  gmin=4.30e-02  floor=0.0e+00  |dM|=8.18e-02  step=1.00e+00
  it  124  L= 2.509151e+02  comp= 2.1536e+01 expr= 1.9839e+02 L+= 3.3949e+00 L-= 2.8027e+00  Keff= 7.52(min  7.06)  gmin=4.30e-02  floor=0.0e+00  |dM|=4.54e-02  step=5.00e-01
  it  125  L= 2.509078e+02  comp= 2.1535e+01 expr= 1.9839e+02 L+= 3.3944e+00 L-= 2.8024e+00  Keff= 7.52(min  7.06)  gmin=4.28e-02  floor=0.0e+00  |dM|=4.47e-02  step=1.00e+00
  it  126  L= 2.509010e+02  comp= 2.1535e+01 expr= 1.9838e+02 L+= 3.3941e+00 L-= 2.8021e+00  Keff= 7.52(min  7.06)  gmin=4.20e-02  floor=0.0e+00  |dM|=3.65e-02  step=1.00e+00
  it  127  L= 2.508963e+02  comp= 2.1535e+01 expr= 1.9838e+02 L+= 3.3942e+00 L-= 2.8024e+00  Keff= 7.52(min  7.06)  gmin=4.20e-02  floor=0.0e+00  |dM|=2.07e-02  step=1.00e+00
  it  128  L= 2.508909e+02  comp= 2.1535e+01 expr= 1.9837e+02 L+= 3.3945e+00 L-= 2.8028e+00  Keff= 7.52(min  7.06)  gmin=4.20e-02  floor=0.0e+00  |dM|=4.47e-02  step=1.00e+00
  it  129  L= 2.508608e+02  comp= 2.1531e+01 expr= 1.9836e+02 L+= 3.3931e+00 L-= 2.8010e+00  Keff= 7.52(min  7.06)  gmin=4.20e-02  floor=0.0e+00  |dM|=5.41e-02  step=1.00e+00
  it  130  L= 2.507296e+02  comp= 2.1519e+01 expr= 1.9826e+02 L+= 3.3914e+00 L-= 2.7987e+00  Keff= 7.52(min  7.06)  gmin=4.20e-02  floor=0.0e+00  |dM|=5.26e-02  step=1.00e+00
  it  131  L= 2.507009e+02  comp= 2.1517e+01 expr= 1.9824e+02 L+= 3.3906e+00 L-= 2.7982e+00  Keff= 7.52(min  7.06)  gmin=4.20e-02  floor=0.0e+00  |dM|=2.60e-02  step=1.00e+00
  it  132  L= 2.506492e+02  comp= 2.1513e+01 expr= 1.9820e+02 L+= 3.3902e+00 L-= 2.7964e+00  Keff= 7.52(min  7.05)  gmin=4.20e-02  floor=0.0e+00  |dM|=4.12e-02  step=1.00e+00
  it  133  L= 2.506257e+02  comp= 2.1512e+01 expr= 1.9818e+02 L+= 3.3903e+00 L-= 2.7959e+00  Keff= 7.52(min  7.05)  gmin=4.20e-02  floor=0.0e+00  |dM|=2.40e-02  step=1.00e+00
  it  134  L= 2.505872e+02  comp= 2.1508e+01 expr= 1.9816e+02 L+= 3.3887e+00 L-= 2.7947e+00  Keff= 7.51(min  7.06)  gmin=4.20e-02  floor=0.0e+00  |dM|=4.79e-02  step=1.00e+00
  it  135  L= 2.505674e+02  comp= 2.1501e+01 expr= 1.9818e+02 L+= 3.3840e+00 L-= 2.7924e+00  Keff= 7.51(min  7.05)  gmin=4.20e-02  floor=0.0e+00  |dM|=4.81e-02  step=1.00e+00
  it  136  L= 2.505262e+02  comp= 2.1498e+01 expr= 1.9816e+02 L+= 3.3839e+00 L-= 2.7902e+00  Keff= 7.51(min  7.06)  gmin=4.20e-02  floor=0.0e+00  |dM|=1.46e-02  step=1.00e+00
  it  137  L= 2.505049e+02  comp= 2.1496e+01 expr= 1.9815e+02 L+= 3.3826e+00 L-= 2.7891e+00  Keff= 7.51(min  7.06)  gmin=4.20e-02  floor=0.0e+00  |dM|=2.89e-02  step=1.00e+00
  it  138  L= 2.504893e+02  comp= 2.1495e+01 expr= 1.9814e+02 L+= 3.3818e+00 L-= 2.7885e+00  Keff= 7.51(min  7.06)  gmin=4.20e-02  floor=0.0e+00  |dM|=3.22e-02  step=1.00e+00
  it  139  L= 2.504748e+02  comp= 2.1494e+01 expr= 1.9813e+02 L+= 3.3813e+00 L-= 2.7880e+00  Keff= 7.51(min  7.06)  gmin=4.23e-02  floor=0.0e+00  |dM|=2.56e-02  step=1.00e+00
  it  140  L= 2.504559e+02  comp= 2.1492e+01 expr= 1.9812e+02 L+= 3.3812e+00 L-= 2.7878e+00  Keff= 7.51(min  7.06)  gmin=4.30e-02  floor=0.0e+00  |dM|=3.96e-02  step=1.00e+00
  it  141  L= 2.504368e+02  comp= 2.1490e+01 expr= 1.9811e+02 L+= 3.3805e+00 L-= 2.7871e+00  Keff= 7.51(min  7.06)  gmin=4.30e-02  floor=0.0e+00  |dM|=3.17e-02  step=1.00e+00
  it  142  L= 2.504195e+02  comp= 2.1489e+01 expr= 1.9810e+02 L+= 3.3795e+00 L-= 2.7863e+00  Keff= 7.51(min  7.06)  gmin=4.30e-02  floor=0.0e+00  |dM|=2.85e-02  step=1.00e+00
  it  143  L= 2.504176e+02  comp= 2.1489e+01 expr= 1.9810e+02 L+= 3.3795e+00 L-= 2.7862e+00  Keff= 7.51(min  7.06)  gmin=4.30e-02  floor=0.0e+00  |dM|=6.45e-03  step=1.00e+00
  it  144  L= 2.504130e+02  comp= 2.1488e+01 expr= 1.9810e+02 L+= 3.3793e+00 L-= 2.7861e+00  Keff= 7.51(min  7.06)  gmin=4.30e-02  floor=0.0e+00  |dM|=2.57e-02  step=1.00e+00
  it  145  L= 2.504112e+02  comp= 2.1489e+01 expr= 1.9810e+02 L+= 3.3785e+00 L-= 2.7854e+00  Keff= 7.52(min  7.06)  gmin=4.30e-02  floor=0.0e+00  |dM|=3.04e-02  step=5.00e-01
  it  146  L= 2.504080e+02  comp= 2.1488e+01 expr= 1.9809e+02 L+= 3.3792e+00 L-= 2.7863e+00  Keff= 7.52(min  7.06)  gmin=4.30e-02  floor=0.0e+00  |dM|=2.15e-02  step=1.00e+00
  it  147  L= 2.504062e+02  comp= 2.1488e+01 expr= 1.9809e+02 L+= 3.3791e+00 L-= 2.7863e+00  Keff= 7.52(min  7.06)  gmin=4.30e-02  floor=0.0e+00  |dM|=1.02e-02  step=1.00e+00
  it  148  L= 2.503276e+02  comp= 2.1483e+01 expr= 1.9803e+02 L+= 3.3766e+00 L-= 2.7871e+00  Keff= 7.51(min  7.06)  gmin=4.20e-02  floor=0.0e+00  |dM|=8.70e-02  step=1.00e+00
  it  149  L= 2.502252e+02  comp= 2.1473e+01 expr= 1.9795e+02 L+= 3.3747e+00 L-= 2.7854e+00  Keff= 7.51(min  7.06)  gmin=4.20e-02  floor=0.0e+00  |dM|=5.36e-02  step=1.00e+00
  it  150  L= 2.502061e+02  comp= 2.1472e+01 expr= 1.9794e+02 L+= 3.3738e+00 L-= 2.7842e+00  Keff= 7.51(min  7.06)  gmin=4.20e-02  floor=0.0e+00  |dM|=4.04e-02  step=1.00e+00
  it  151  L= 2.501516e+02  comp= 2.1464e+01 expr= 1.9791e+02 L+= 3.3723e+00 L-= 2.7827e+00  Keff= 7.51(min  7.07)  gmin=4.20e-02  floor=0.0e+00  |dM|=5.24e-02  step=1.00e+00
  it  152  L= 2.501091e+02  comp= 2.1460e+01 expr= 1.9788e+02 L+= 3.3709e+00 L-= 2.7821e+00  Keff= 7.51(min  7.07)  gmin=4.20e-02  floor=0.0e+00  |dM|=5.57e-02  step=1.00e+00
  it  153  L= 2.500875e+02  comp= 2.1459e+01 expr= 1.9787e+02 L+= 3.3704e+00 L-= 2.7820e+00  Keff= 7.51(min  7.07)  gmin=4.20e-02  floor=0.0e+00  |dM|=3.88e-02  step=1.00e+00
  it  154  L= 2.500847e+02  comp= 2.1458e+01 expr= 1.9786e+02 L+= 3.3705e+00 L-= 2.7820e+00  Keff= 7.51(min  7.06)  gmin=4.18e-02  floor=0.0e+00  |dM|=1.65e-02  step=1.00e+00
  it  155  L= 2.500743e+02  comp= 2.1457e+01 expr= 1.9786e+02 L+= 3.3702e+00 L-= 2.7817e+00  Keff= 7.51(min  7.05)  gmin=4.10e-02  floor=0.0e+00  |dM|=3.73e-02  step=1.00e+00
  it  156  L= 2.500678e+02  comp= 2.1456e+01 expr= 1.9785e+02 L+= 3.3703e+00 L-= 2.7816e+00  Keff= 7.51(min  7.05)  gmin=4.10e-02  floor=0.0e+00  |dM|=3.43e-02  step=1.00e+00
  it  157  L= 2.500670e+02  comp= 2.1456e+01 expr= 1.9785e+02 L+= 3.3703e+00 L-= 2.7816e+00  Keff= 7.51(min  7.05)  gmin=4.10e-02  floor=0.0e+00  |dM|=8.19e-03  step=1.00e+00
  it  158  L= 2.500612e+02  comp= 2.1457e+01 expr= 1.9784e+02 L+= 3.3704e+00 L-= 2.7820e+00  Keff= 7.51(min  7.05)  gmin=4.10e-02  floor=0.0e+00  |dM|=5.19e-02  step=1.00e+00
  it  159  L= 2.500088e+02  comp= 2.1452e+01 expr= 1.9779e+02 L+= 3.3712e+00 L-= 2.7824e+00  Keff= 7.51(min  7.05)  gmin=4.10e-02  floor=0.0e+00  |dM|=6.92e-02  step=1.25e-01
  it  160  L= 2.499772e+02  comp= 2.1448e+01 expr= 1.9776e+02 L+= 3.3710e+00 L-= 2.7819e+00  Keff= 7.51(min  7.06)  gmin=4.10e-02  floor=0.0e+00  |dM|=2.87e-02  step=1.00e+00
  it  161  L= 2.499640e+02  comp= 2.1449e+01 expr= 1.9776e+02 L+= 3.3702e+00 L-= 2.7810e+00  Keff= 7.51(min  7.06)  gmin=4.10e-02  floor=0.0e+00  |dM|=2.95e-02  step=5.00e-01
  it  162  L= 2.499479e+02  comp= 2.1447e+01 expr= 1.9775e+02 L+= 3.3697e+00 L-= 2.7805e+00  Keff= 7.51(min  7.06)  gmin=4.10e-02  floor=0.0e+00  |dM|=1.86e-02  step=1.00e+00
  it  163  L= 2.499254e+02  comp= 2.1443e+01 expr= 1.9774e+02 L+= 3.3684e+00 L-= 2.7792e+00  Keff= 7.51(min  7.06)  gmin=4.10e-02  floor=0.0e+00  |dM|=2.63e-02  step=1.00e+00
  it  164  L= 2.499135e+02  comp= 2.1442e+01 expr= 1.9774e+02 L+= 3.3675e+00 L-= 2.7786e+00  Keff= 7.52(min  7.07)  gmin=4.10e-02  floor=0.0e+00  |dM|=2.65e-02  step=1.00e+00
  it  165  L= 2.499046e+02  comp= 2.1441e+01 expr= 1.9773e+02 L+= 3.3677e+00 L-= 2.7786e+00  Keff= 7.51(min  7.07)  gmin=4.10e-02  floor=0.0e+00  |dM|=1.19e-02  step=1.00e+00
  it  166  L= 2.498999e+02  comp= 2.1441e+01 expr= 1.9773e+02 L+= 3.3674e+00 L-= 2.7784e+00  Keff= 7.51(min  7.07)  gmin=4.10e-02  floor=0.0e+00  |dM|=5.24e-03  step=1.00e+00
  it  167  L= 2.498801e+02  comp= 2.1439e+01 expr= 1.9772e+02 L+= 3.3668e+00 L-= 2.7777e+00  Keff= 7.51(min  7.07)  gmin=4.10e-02  floor=0.0e+00  |dM|=3.86e-02  step=1.00e+00
  it  168  L= 2.498786e+02  comp= 2.1439e+01 expr= 1.9772e+02 L+= 3.3668e+00 L-= 2.7776e+00  Keff= 7.51(min  7.07)  gmin=4.10e-02  floor=0.0e+00  |dM|=1.00e-02  step=1.00e+00
  it  169  L= 2.498459e+02  comp= 2.1436e+01 expr= 1.9769e+02 L+= 3.3669e+00 L-= 2.7776e+00  Keff= 7.51(min  7.06)  gmin=4.02e-02  floor=0.0e+00  |dM|=6.52e-02  step=1.00e+00
  it  170  L= 2.498344e+02  comp= 2.1435e+01 expr= 1.9768e+02 L+= 3.3665e+00 L-= 2.7769e+00  Keff= 7.51(min  7.05)  gmin=4.00e-02  floor=0.0e+00  |dM|=4.47e-02  step=5.00e-01
  it  171  L= 2.498174e+02  comp= 2.1434e+01 expr= 1.9767e+02 L+= 3.3662e+00 L-= 2.7763e+00  Keff= 7.51(min  7.05)  gmin=4.00e-02  floor=0.0e+00  |dM|=2.03e-02  step=1.00e+00
  it  172  L= 2.498115e+02  comp= 2.1434e+01 expr= 1.9767e+02 L+= 3.3654e+00 L-= 2.7754e+00  Keff= 7.51(min  7.05)  gmin=4.00e-02  floor=0.0e+00  |dM|=4.28e-02  step=1.00e+00
  it  173  L= 2.497943e+02  comp= 2.1433e+01 expr= 1.9766e+02 L+= 3.3655e+00 L-= 2.7756e+00  Keff= 7.51(min  7.05)  gmin=4.00e-02  floor=0.0e+00  |dM|=4.02e-02  step=1.00e+00
  it  174  L= 2.497886e+02  comp= 2.1432e+01 expr= 1.9765e+02 L+= 3.3653e+00 L-= 2.7755e+00  Keff= 7.51(min  7.05)  gmin=4.00e-02  floor=0.0e+00  |dM|=2.94e-02  step=1.00e+00
  it  175  L= 2.497844e+02  comp= 2.1432e+01 expr= 1.9765e+02 L+= 3.3654e+00 L-= 2.7754e+00  Keff= 7.51(min  7.05)  gmin=4.00e-02  floor=0.0e+00  |dM|=1.39e-02  step=1.00e+00
  it  176  L= 2.497754e+02  comp= 2.1431e+01 expr= 1.9764e+02 L+= 3.3659e+00 L-= 2.7757e+00  Keff= 7.51(min  7.05)  gmin=4.00e-02  floor=0.0e+00  |dM|=3.49e-02  step=1.00e+00
  it  177  L= 2.497680e+02  comp= 2.1431e+01 expr= 1.9763e+02 L+= 3.3657e+00 L-= 2.7756e+00  Keff= 7.51(min  7.05)  gmin=4.00e-02  floor=0.0e+00  |dM|=3.43e-02  step=1.00e+00
  it  178  L= 2.497624e+02  comp= 2.1429e+01 expr= 1.9763e+02 L+= 3.3656e+00 L-= 2.7754e+00  Keff= 7.51(min  7.05)  gmin=4.00e-02  floor=0.0e+00  |dM|=8.35e-03  step=1.00e+00
  it  179  L= 2.497366e+02  comp= 2.1424e+01 expr= 1.9762e+02 L+= 3.3646e+00 L-= 2.7743e+00  Keff= 7.51(min  7.05)  gmin=4.00e-02  floor=0.0e+00  |dM|=5.94e-02  step=2.50e-01
  it  180  L= 2.497001e+02  comp= 2.1423e+01 expr= 1.9759e+02 L+= 3.3637e+00 L-= 2.7735e+00  Keff= 7.51(min  7.05)  gmin=4.00e-02  floor=0.0e+00  |dM|=4.02e-02  step=1.00e+00
  it  181  L= 2.496964e+02  comp= 2.1422e+01 expr= 1.9759e+02 L+= 3.3636e+00 L-= 2.7735e+00  Keff= 7.51(min  7.05)  gmin=4.00e-02  floor=0.0e+00  |dM|=1.49e-02  step=1.00e+00
  it  182  L= 2.496617e+02  comp= 2.1419e+01 expr= 1.9756e+02 L+= 3.3636e+00 L-= 2.7724e+00  Keff= 7.51(min  7.04)  gmin=4.00e-02  floor=0.0e+00  |dM|=3.82e-02  step=1.00e+00
  it  183  L= 2.496457e+02  comp= 2.1417e+01 expr= 1.9755e+02 L+= 3.3634e+00 L-= 2.7721e+00  Keff= 7.51(min  7.04)  gmin=4.00e-02  floor=0.0e+00  |dM|=2.94e-02  step=1.00e+00
  it  184  L= 2.496381e+02  comp= 2.1417e+01 expr= 1.9754e+02 L+= 3.3635e+00 L-= 2.7721e+00  Keff= 7.51(min  7.04)  gmin=4.00e-02  floor=0.0e+00  |dM|=1.51e-02  step=1.00e+00
  it  185  L= 2.496266e+02  comp= 2.1416e+01 expr= 1.9753e+02 L+= 3.3641e+00 L-= 2.7725e+00  Keff= 7.51(min  7.04)  gmin=4.00e-02  floor=0.0e+00  |dM|=3.05e-02  step=1.00e+00
  it  186  L= 2.496069e+02  comp= 2.1414e+01 expr= 1.9751e+02 L+= 3.3644e+00 L-= 2.7724e+00  Keff= 7.51(min  7.04)  gmin=4.00e-02  floor=0.0e+00  |dM|=3.71e-02  step=1.00e+00
  it  187  L= 2.496014e+02  comp= 2.1414e+01 expr= 1.9750e+02 L+= 3.3650e+00 L-= 2.7730e+00  Keff= 7.51(min  7.04)  gmin=4.00e-02  floor=0.0e+00  |dM|=2.52e-02  step=1.00e+00
  it  188  L= 2.495812e+02  comp= 2.1412e+01 expr= 1.9748e+02 L+= 3.3645e+00 L-= 2.7724e+00  Keff= 7.51(min  7.04)  gmin=4.00e-02  floor=0.0e+00  |dM|=3.30e-02  step=1.00e+00
  it  189  L= 2.495311e+02  comp= 2.1406e+01 expr= 1.9746e+02 L+= 3.3625e+00 L-= 2.7700e+00  Keff= 7.51(min  7.04)  gmin=4.00e-02  floor=0.0e+00  |dM|=4.31e-02  step=1.00e+00
  it  190  L= 2.495246e+02  comp= 2.1406e+01 expr= 1.9746e+02 L+= 3.3625e+00 L-= 2.7700e+00  Keff= 7.51(min  7.04)  gmin=4.00e-02  floor=0.0e+00  |dM|=2.02e-02  step=3.12e-02
  it  191  L= 2.495191e+02  comp= 2.1405e+01 expr= 1.9745e+02 L+= 3.3627e+00 L-= 2.7701e+00  Keff= 7.51(min  7.04)  gmin=4.00e-02  floor=0.0e+00  |dM|=1.41e-02  step=1.00e+00
  it  192  L= 2.495115e+02  comp= 2.1405e+01 expr= 1.9744e+02 L+= 3.3631e+00 L-= 2.7705e+00  Keff= 7.51(min  7.04)  gmin=3.99e-02  floor=0.0e+00  |dM|=2.45e-02  step=1.00e+00
  it  193  L= 2.495109e+02  comp= 2.1405e+01 expr= 1.9744e+02 L+= 3.3630e+00 L-= 2.7705e+00  Keff= 7.51(min  7.04)  gmin=3.99e-02  floor=0.0e+00  |dM|=1.56e-03  step=1.00e+00
  it  194  L= 2.495100e+02  comp= 2.1405e+01 expr= 1.9744e+02 L+= 3.3630e+00 L-= 2.7704e+00  Keff= 7.51(min  7.04)  gmin=3.99e-02  floor=0.0e+00  |dM|=1.82e-03  step=1.00e+00
  it  195  L= 2.495081e+02  comp= 2.1405e+01 expr= 1.9744e+02 L+= 3.3629e+00 L-= 2.7703e+00  Keff= 7.51(min  7.04)  gmin=3.99e-02  floor=0.0e+00  |dM|=5.19e-03  step=1.00e+00
  it  196  L= 2.495028e+02  comp= 2.1405e+01 expr= 1.9743e+02 L+= 3.3626e+00 L-= 2.7701e+00  Keff= 7.51(min  7.04)  gmin=3.98e-02  floor=0.0e+00  |dM|=1.87e-02  step=1.00e+00
  it  197  L= 2.494946e+02  comp= 2.1405e+01 expr= 1.9743e+02 L+= 3.3626e+00 L-= 2.7700e+00  Keff= 7.51(min  7.04)  gmin=3.96e-02  floor=0.0e+00  |dM|=2.47e-02  step=1.00e+00
  it  198  L= 2.494863e+02  comp= 2.1404e+01 expr= 1.9742e+02 L+= 3.3625e+00 L-= 2.7698e+00  Keff= 7.51(min  7.03)  gmin=3.90e-02  floor=0.0e+00  |dM|=2.98e-02  step=1.00e+00
  it  199  L= 2.494861e+02  comp= 2.1404e+01 expr= 1.9742e+02 L+= 3.3625e+00 L-= 2.7698e+00  Keff= 7.51(min  7.03)  gmin=3.90e-02  floor=0.0e+00  |dM|=2.93e-03  step=1.00e+00
  it  200  L= 2.494792e+02  comp= 2.1404e+01 expr= 1.9742e+02 L+= 3.3620e+00 L-= 2.7697e+00  Keff= 7.51(min  7.03)  gmin=3.90e-02  floor=0.0e+00  |dM|=4.40e-02  step=1.00e+00
  it  201  L= 2.494516e+02  comp= 2.1400e+01 expr= 1.9739e+02 L+= 3.3618e+00 L-= 2.7700e+00  Keff= 7.51(min  7.03)  gmin=3.90e-02  floor=0.0e+00  |dM|=4.40e-02  step=1.00e+00
  it  202  L= 2.494115e+02  comp= 2.1397e+01 expr= 1.9737e+02 L+= 3.3606e+00 L-= 2.7685e+00  Keff= 7.51(min  7.03)  gmin=3.90e-02  floor=0.0e+00  |dM|=6.43e-02  step=1.00e+00
  it  203  L= 2.493944e+02  comp= 2.1395e+01 expr= 1.9736e+02 L+= 3.3603e+00 L-= 2.7683e+00  Keff= 7.51(min  7.03)  gmin=3.90e-02  floor=0.0e+00  |dM|=4.94e-02  step=1.00e+00
  it  204  L= 2.493841e+02  comp= 2.1394e+01 expr= 1.9735e+02 L+= 3.3599e+00 L-= 2.7679e+00  Keff= 7.51(min  7.03)  gmin=3.90e-02  floor=0.0e+00  |dM|=3.36e-02  step=1.00e+00
  it  205  L= 2.493790e+02  comp= 2.1394e+01 expr= 1.9734e+02 L+= 3.3600e+00 L-= 2.7681e+00  Keff= 7.51(min  7.03)  gmin=3.90e-02  floor=0.0e+00  |dM|=2.73e-02  step=1.00e+00
  it  206  L= 2.493695e+02  comp= 2.1394e+01 expr= 1.9733e+02 L+= 3.3606e+00 L-= 2.7687e+00  Keff= 7.51(min  7.03)  gmin=3.90e-02  floor=0.0e+00  |dM|=4.01e-02  step=1.00e+00
  it  207  L= 2.493143e+02  comp= 2.1389e+01 expr= 1.9729e+02 L+= 3.3597e+00 L-= 2.7677e+00  Keff= 7.51(min  7.03)  gmin=3.88e-02  floor=0.0e+00  |dM|=4.25e-02  step=1.00e+00
  it  208  L= 2.493077e+02  comp= 2.1389e+01 expr= 1.9728e+02 L+= 3.3596e+00 L-= 2.7676e+00  Keff= 7.51(min  7.03)  gmin=3.80e-02  floor=0.0e+00  |dM|=3.44e-02  step=1.00e+00
  it  209  L= 2.493076e+02  comp= 2.1389e+01 expr= 1.9728e+02 L+= 3.3596e+00 L-= 2.7676e+00  Keff= 7.51(min  7.03)  gmin=3.80e-02  floor=0.0e+00  |dM|=2.81e-03  step=1.00e+00
  it  210  L= 2.493076e+02  comp= 2.1389e+01 expr= 1.9728e+02 L+= 3.3596e+00 L-= 2.7676e+00  Keff= 7.51(min  7.03)  gmin=3.80e-02  floor=0.0e+00  |dM|=3.65e-03  step=1.00e+00
  it  211  L= 2.493073e+02  comp= 2.1389e+01 expr= 1.9728e+02 L+= 3.3596e+00 L-= 2.7676e+00  Keff= 7.51(min  7.03)  gmin=3.80e-02  floor=0.0e+00  |dM|=8.44e-03  step=1.00e+00
  it  212  L= 2.492965e+02  comp= 2.1386e+01 expr= 1.9728e+02 L+= 3.3591e+00 L-= 2.7673e+00  Keff= 7.51(min  7.03)  gmin=3.83e-02  floor=0.0e+00  |dM|=1.45e-02  step=1.00e+00
  it  213  L= 2.492806e+02  comp= 2.1385e+01 expr= 1.9727e+02 L+= 3.3585e+00 L-= 2.7672e+00  Keff= 7.51(min  7.04)  gmin=3.90e-02  floor=0.0e+00  |dM|=3.00e-02  step=1.00e+00
  it  214  L= 2.492805e+02  comp= 2.1385e+01 expr= 1.9727e+02 L+= 3.3585e+00 L-= 2.7672e+00  Keff= 7.51(min  7.04)  gmin=3.90e-02  floor=0.0e+00  |dM|=3.31e-03  step=1.00e+00
  it  215  L= 2.492800e+02  comp= 2.1385e+01 expr= 1.9727e+02 L+= 3.3585e+00 L-= 2.7672e+00  Keff= 7.51(min  7.04)  gmin=3.90e-02  floor=0.0e+00  |dM|=1.96e-03  step=1.00e+00
  it  216  L= 2.492688e+02  comp= 2.1384e+01 expr= 1.9726e+02 L+= 3.3585e+00 L-= 2.7671e+00  Keff= 7.51(min  7.04)  gmin=3.90e-02  floor=0.0e+00  |dM|=4.24e-02  step=1.00e+00
  it  217  L= 2.492684e+02  comp= 2.1384e+01 expr= 1.9726e+02 L+= 3.3585e+00 L-= 2.7671e+00  Keff= 7.51(min  7.04)  gmin=3.90e-02  floor=0.0e+00  |dM|=2.21e-03  step=1.00e+00
  it  218  L= 2.492586e+02  comp= 2.1383e+01 expr= 1.9725e+02 L+= 3.3582e+00 L-= 2.7665e+00  Keff= 7.51(min  7.04)  gmin=3.90e-02  floor=0.0e+00  |dM|=4.26e-02  step=1.00e+00
  it  219  L= 2.492580e+02  comp= 2.1383e+01 expr= 1.9725e+02 L+= 3.3580e+00 L-= 2.7664e+00  Keff= 7.51(min  7.04)  gmin=3.90e-02  floor=0.0e+00  |dM|=1.92e-02  step=1.00e+00
  it  220  L= 2.492579e+02  comp= 2.1383e+01 expr= 1.9725e+02 L+= 3.3580e+00 L-= 2.7664e+00  Keff= 7.51(min  7.04)  gmin=3.90e-02  floor=0.0e+00  |dM|=7.65e-04  step=1.00e+00
  it  221  L= 2.492577e+02  comp= 2.1383e+01 expr= 1.9725e+02 L+= 3.3580e+00 L-= 2.7664e+00  Keff= 7.51(min  7.04)  gmin=3.90e-02  floor=0.0e+00  |dM|=3.30e-03  step=1.00e+00
  it  222  L= 2.492477e+02  comp= 2.1381e+01 expr= 1.9725e+02 L+= 3.3576e+00 L-= 2.7657e+00  Keff= 7.51(min  7.05)  gmin=3.90e-02  floor=0.0e+00  |dM|=4.05e-02  step=1.00e+00
  it  223  L= 2.492376e+02  comp= 2.1380e+01 expr= 1.9725e+02 L+= 3.3573e+00 L-= 2.7650e+00  Keff= 7.51(min  7.05)  gmin=3.90e-02  floor=0.0e+00  |dM|=3.76e-02  step=1.00e+00
  it  224  L= 2.492362e+02  comp= 2.1380e+01 expr= 1.9725e+02 L+= 3.3573e+00 L-= 2.7649e+00  Keff= 7.51(min  7.05)  gmin=3.90e-02  floor=0.0e+00  |dM|=6.53e-03  step=1.00e+00
  it  225  L= 2.492356e+02  comp= 2.1380e+01 expr= 1.9724e+02 L+= 3.3573e+00 L-= 2.7649e+00  Keff= 7.51(min  7.05)  gmin=3.90e-02  floor=0.0e+00  |dM|=2.14e-03  step=1.00e+00
  it  226  L= 2.492244e+02  comp= 2.1380e+01 expr= 1.9723e+02 L+= 3.3577e+00 L-= 2.7654e+00  Keff= 7.51(min  7.05)  gmin=3.90e-02  floor=0.0e+00  |dM|=4.24e-02  step=1.00e+00
  it  227  L= 2.492244e+02  comp= 2.1380e+01 expr= 1.9723e+02 L+= 3.3577e+00 L-= 2.7654e+00  Keff= 7.51(min  7.05)  gmin=3.90e-02  floor=0.0e+00  |dM|=2.07e-10  step=1.53e-05
[4/4] diagnostics
  degeneracy check: OK: Phat fingerprints factor exactly through M (residual 2.98e-08), so they carry no transition information beyond the assignment itself; P^ref fingerprints do vary within states (spread ratio 158905.6x). Note the Phat spread is nonzero only because the memberships are soft.
[fit:lam=5] mass check: P^ref=1.000000000000 Phat=0.999998867512 (max deviation 1.13e-06)
[save] /dartfs/rc/lab/C/CxQiu/data/joshua/CellStateAdj/wot_serum/run_58854e35be_K8_K8ref/fit_lam5
[save]   status=converged n_iter=37 objective=145.627106
[save]   dag: {'n_nodes': 176, 'n_edges': 1065, 'is_dag': True, 'min_edge_mass': 0.0001}
[fit:lam=5] finished in 6.8 min -> /dartfs/rc/lab/C/CxQiu/data/joshua/CellStateAdj/wot_serum/run_58854e35be_K8_K8ref/fit_lam5
[compare] lambda_pm=0 vs 5: mean ARI=0.973 mean L1 membership change=0.030

[done] /dartfs/rc/lab/C/CxQiu/data/joshua/CellStateAdj/wot_serum/run_58854e35be_K8_K8ref
  fit_lam0     status=converged            dag={'n_nodes': 176, 'n_edges': 1051, 'is_dag': True, 'min_edge_mass': 0.0001}
  fit_lam5     status=converged            dag={'n_nodes': 176, 'n_edges': 1065, 'is_dag': True, 'min_edge_mass': 0.0001}

[note] No run here is a headline result until 04_lambda_sweep.py identifies a lambda_pm range that moves memberships without collapsing K_eff.
