host=s07.hpcc.dartmouth.edu job=9375095 cpus=32 started=2026-09-07T01:21:50-04:00
[device] auto -> cpu
[load] /dartfs/rc/lab/C/CxQiu/data/joshua/wot_data/wot_serum_first_run_pca.h5ad
[load] days 8.25-18  T=22  cells=22000  d=30  stride=1
[load] dtau unique: [0.25, 0.5]
[load] arms retained: {'serum': 22000}

[run] run_58854e35be_K20
[run] config hash 58854e35be over 5 reserved destinations
[run] lambda_pm values: [0.0, 5.0]

[chain] epsilon=0.2 support=knn kappa=400 over 21 intervals
  cost_scale_mode=global scale=1574
  [interval 0] dtau=0.25 nnz=536930 kappa=400 iters=40 marg_err=2.64e-08
  [interval 1] dtau=0.25 nnz=514599 kappa=400 iters=50 marg_err=1.50e-08
  [interval 2] dtau=0.25 nnz=519653 kappa=400 iters=50 marg_err=9.27e-09
  [interval 3] dtau=0.5 nnz=520311 kappa=400 iters=70 marg_err=1.48e-08
  [interval 4] dtau=0.5 nnz=507772 kappa=400 iters=60 marg_err=6.42e-09
  [interval 5] dtau=0.5 nnz=533934 kappa=400 iters=50 marg_err=3.06e-08
  [interval 6] dtau=0.5 nnz=533816 kappa=400 iters=50 marg_err=6.23e-08
  [interval 7] dtau=0.5 nnz=534698 kappa=400 iters=70 marg_err=1.22e-08
  [interval 8] dtau=0.5 nnz=533041 kappa=400 iters=80 marg_err=4.50e-08
  [interval 9] dtau=0.5 nnz=524235 kappa=400 iters=150 marg_err=4.78e-08
  [interval 10] dtau=0.5 nnz=529599 kappa=400 iters=140 marg_err=9.28e-08
  [interval 11] dtau=0.5 nnz=543997 kappa=400 iters=2640 marg_err=9.94e-08
  [interval 12] dtau=0.5 nnz=542030 kappa=400 iters=1470 marg_err=9.90e-08
  [interval 13] dtau=0.5 nnz=535745 kappa=400 iters=170 marg_err=5.04e-08
  [interval 14] dtau=0.5 nnz=537594 kappa=400 iters=230 marg_err=6.99e-08
  [interval 15] dtau=0.5 nnz=527962 kappa=400 iters=150 marg_err=7.25e-08
  [interval 16] dtau=0.5 nnz=522398 kappa=400 iters=150 marg_err=6.31e-08
  [interval 17] dtau=0.5 nnz=527170 kappa=400 iters=160 marg_err=7.83e-08
  [interval 18] dtau=0.5 nnz=528324 kappa=400 iters=130 marg_err=5.20e-08
  [interval 19] dtau=0.5 nnz=522288 kappa=400 iters=6450 marg_err=9.99e-08
  [interval 20] dtau=0.5 nnz=535248 kappa=400 iters=210 marg_err=6.33e-08
[chain] built in 188.3s
[chain] feasible=True  max marginal_error=9.993e-08 (tol 1.0e-05)
[chain] kappas=[400, 400, 400, 400, 400, 400, 400, 400, 400, 400, 400, 400, 400, 400, 400, 400, 400, 400, 400, 400, 400]
[chain] nnz per interval: min=507772 max=543997
[chain] saved /dartfs/rc/lab/C/CxQiu/data/joshua/CellStateAdj/wot_serum/run_58854e35be_K20/reference_chain.npz (94 MB)

========================================================================
[fit:lam=0] K=20 max_iter=1500 n_init=3 device=cpu
========================================================================
[3/4] fitting K=20 states (lambda: compress=1.0, x=1.0, +=0.0, -=0.0)
[fit] restart 0 (seed=0, init=kmeans)
  it    1  L= 2.670385e+02  comp= 2.4605e+01 expr= 2.4243e+02 L+= 4.3109e+00 L-= 4.2469e+00  Keff=19.18(min 18.42)  gmin=2.65e-02  floor=0.0e+00  |dM|=1.61e-03  step=1.00e+00
  it    2  L= 2.667642e+02  comp= 2.4583e+01 expr= 2.4218e+02 L+= 4.3224e+00 L-= 4.2572e+00  Keff=19.18(min 18.42)  gmin=2.65e-02  floor=0.0e+00  |dM|=1.62e-03  step=1.00e+00
  it    3  L= 2.664882e+02  comp= 2.4562e+01 expr= 2.4193e+02 L+= 4.3339e+00 L-= 4.2676e+00  Keff=19.18(min 18.41)  gmin=2.64e-02  floor=0.0e+00  |dM|=1.62e-03  step=1.00e+00
  it    4  L= 2.662105e+02  comp= 2.4540e+01 expr= 2.4167e+02 L+= 4.3454e+00 L-= 4.2779e+00  Keff=19.17(min 18.41)  gmin=2.63e-02  floor=0.0e+00  |dM|=1.63e-03  step=1.00e+00
  it    5  L= 2.659314e+02  comp= 2.4518e+01 expr= 2.4141e+02 L+= 4.3569e+00 L-= 4.2882e+00  Keff=19.17(min 18.41)  gmin=2.63e-02  floor=0.0e+00  |dM|=1.63e-03  step=1.00e+00
  it    6  L= 2.656506e+02  comp= 2.4495e+01 expr= 2.4116e+02 L+= 4.3684e+00 L-= 4.2985e+00  Keff=19.17(min 18.40)  gmin=2.62e-02  floor=0.0e+00  |dM|=1.63e-03  step=1.00e+00
  it    7  L= 2.653683e+02  comp= 2.4473e+01 expr= 2.4090e+02 L+= 4.3798e+00 L-= 4.3088e+00  Keff=19.17(min 18.40)  gmin=2.61e-02  floor=0.0e+00  |dM|=1.64e-03  step=1.00e+00
  it    8  L= 2.650845e+02  comp= 2.4451e+01 expr= 2.4063e+02 L+= 4.3913e+00 L-= 4.3191e+00  Keff=19.17(min 18.40)  gmin=2.61e-02  floor=0.0e+00  |dM|=1.64e-03  step=1.00e+00
  it    9  L= 2.647992e+02  comp= 2.4428e+01 expr= 2.4037e+02 L+= 4.4028e+00 L-= 4.3294e+00  Keff=19.17(min 18.39)  gmin=2.60e-02  floor=0.0e+00  |dM|=1.64e-03  step=1.00e+00
  it   10  L= 2.645125e+02  comp= 2.4405e+01 expr= 2.4011e+02 L+= 4.4143e+00 L-= 4.3396e+00  Keff=19.16(min 18.39)  gmin=2.59e-02  floor=0.0e+00  |dM|=1.64e-03  step=1.00e+00
  it   11  L= 2.642242e+02  comp= 2.4382e+01 expr= 2.3984e+02 L+= 4.4258e+00 L-= 4.3499e+00  Keff=19.16(min 18.38)  gmin=2.59e-02  floor=0.0e+00  |dM|=1.64e-03  step=1.00e+00
  it   12  L= 2.639346e+02  comp= 2.4359e+01 expr= 2.3958e+02 L+= 4.4373e+00 L-= 4.3601e+00  Keff=19.16(min 18.38)  gmin=2.58e-02  floor=0.0e+00  |dM|=1.65e-03  step=1.00e+00
  it   13  L= 2.636435e+02  comp= 2.4336e+01 expr= 2.3931e+02 L+= 4.4488e+00 L-= 4.3704e+00  Keff=19.16(min 18.38)  gmin=2.58e-02  floor=0.0e+00  |dM|=1.65e-03  step=1.00e+00
  it   14  L= 2.633510e+02  comp= 2.4313e+01 expr= 2.3904e+02 L+= 4.4602e+00 L-= 4.3806e+00  Keff=19.16(min 18.37)  gmin=2.57e-02  floor=0.0e+00  |dM|=1.65e-03  step=1.00e+00
  it   15  L= 2.630573e+02  comp= 2.4289e+01 expr= 2.3877e+02 L+= 4.4717e+00 L-= 4.3908e+00  Keff=19.16(min 18.37)  gmin=2.56e-02  floor=0.0e+00  |dM|=1.65e-03  step=1.00e+00
  it   16  L= 2.627621e+02  comp= 2.4265e+01 expr= 2.3850e+02 L+= 4.4831e+00 L-= 4.4010e+00  Keff=19.15(min 18.37)  gmin=2.56e-02  floor=0.0e+00  |dM|=1.64e-03  step=1.00e+00
  it   17  L= 2.624657e+02  comp= 2.4242e+01 expr= 2.3822e+02 L+= 4.4945e+00 L-= 4.4112e+00  Keff=19.15(min 18.36)  gmin=2.55e-02  floor=0.0e+00  |dM|=1.64e-03  step=1.00e+00
  it   18  L= 2.621681e+02  comp= 2.4218e+01 expr= 2.3795e+02 L+= 4.5060e+00 L-= 4.4213e+00  Keff=19.15(min 18.36)  gmin=2.54e-02  floor=0.0e+00  |dM|=1.64e-03  step=1.00e+00
  it   19  L= 2.618690e+02  comp= 2.4194e+01 expr= 2.3768e+02 L+= 4.5174e+00 L-= 4.4314e+00  Keff=19.15(min 18.35)  gmin=2.54e-02  floor=0.0e+00  |dM|=1.64e-03  step=1.00e+00
  it   20  L= 2.615689e+02  comp= 2.4170e+01 expr= 2.3740e+02 L+= 4.5288e+00 L-= 4.4415e+00  Keff=19.15(min 18.35)  gmin=2.53e-02  floor=0.0e+00  |dM|=1.64e-03  step=1.00e+00
  it   21  L= 2.612675e+02  comp= 2.4145e+01 expr= 2.3712e+02 L+= 4.5401e+00 L-= 4.4516e+00  Keff=19.14(min 18.35)  gmin=2.52e-02  floor=0.0e+00  |dM|=1.64e-03  step=1.00e+00
  it   22  L= 2.609650e+02  comp= 2.4121e+01 expr= 2.3684e+02 L+= 4.5515e+00 L-= 4.4617e+00  Keff=19.14(min 18.34)  gmin=2.52e-02  floor=0.0e+00  |dM|=1.63e-03  step=1.00e+00
  it   23  L= 2.606613e+02  comp= 2.4097e+01 expr= 2.3656e+02 L+= 4.5628e+00 L-= 4.4717e+00  Keff=19.14(min 18.34)  gmin=2.51e-02  floor=0.0e+00  |dM|=1.63e-03  step=1.00e+00
  it   24  L= 2.603565e+02  comp= 2.4072e+01 expr= 2.3628e+02 L+= 4.5741e+00 L-= 4.4817e+00  Keff=19.14(min 18.33)  gmin=2.50e-02  floor=0.0e+00  |dM|=1.63e-03  step=1.00e+00
  it   25  L= 2.600506e+02  comp= 2.4047e+01 expr= 2.3600e+02 L+= 4.5854e+00 L-= 4.4917e+00  Keff=19.14(min 18.33)  gmin=2.50e-02  floor=0.0e+00  |dM|=1.62e-03  step=1.00e+00
  it   26  L= 2.597437e+02  comp= 2.4022e+01 expr= 2.3572e+02 L+= 4.5967e+00 L-= 4.5017e+00  Keff=19.13(min 18.33)  gmin=2.49e-02  floor=0.0e+00  |dM|=1.62e-03  step=1.00e+00
  it   27  L= 2.594356e+02  comp= 2.3997e+01 expr= 2.3544e+02 L+= 4.6080e+00 L-= 4.5116e+00  Keff=19.13(min 18.32)  gmin=2.49e-02  floor=0.0e+00  |dM|=1.62e-03  step=1.00e+00
  it   28  L= 2.591266e+02  comp= 2.3972e+01 expr= 2.3515e+02 L+= 4.6192e+00 L-= 4.5215e+00  Keff=19.13(min 18.32)  gmin=2.48e-02  floor=0.0e+00  |dM|=1.61e-03  step=1.00e+00
  it   29  L= 2.588167e+02  comp= 2.3947e+01 expr= 2.3487e+02 L+= 4.6304e+00 L-= 4.5314e+00  Keff=19.13(min 18.31)  gmin=2.47e-02  floor=0.0e+00  |dM|=1.61e-03  step=1.00e+00
  it   30  L= 2.585058e+02  comp= 2.3922e+01 expr= 2.3458e+02 L+= 4.6416e+00 L-= 4.5412e+00  Keff=19.13(min 18.31)  gmin=2.47e-02  floor=0.0e+00  |dM|=1.60e-03  step=1.00e+00
  it   31  L= 2.581939e+02  comp= 2.3896e+01 expr= 2.3430e+02 L+= 4.6527e+00 L-= 4.5510e+00  Keff=19.12(min 18.31)  gmin=2.46e-02  floor=0.0e+00  |dM|=1.60e-03  step=1.00e+00
  it   32  L= 2.578812e+02  comp= 2.3871e+01 expr= 2.3401e+02 L+= 4.6639e+00 L-= 4.5608e+00  Keff=19.12(min 18.30)  gmin=2.45e-02  floor=0.0e+00  |dM|=1.59e-03  step=1.00e+00
  it   33  L= 2.575676e+02  comp= 2.3845e+01 expr= 2.3372e+02 L+= 4.6750e+00 L-= 4.5705e+00  Keff=19.12(min 18.30)  gmin=2.45e-02  floor=0.0e+00  |dM|=1.59e-03  step=1.00e+00
  it   34  L= 2.572531e+02  comp= 2.3820e+01 expr= 2.3343e+02 L+= 4.6860e+00 L-= 4.5802e+00  Keff=19.12(min 18.29)  gmin=2.44e-02  floor=0.0e+00  |dM|=1.58e-03  step=1.00e+00
  it   35  L= 2.569378e+02  comp= 2.3794e+01 expr= 2.3314e+02 L+= 4.6971e+00 L-= 4.5899e+00  Keff=19.12(min 18.29)  gmin=2.43e-02  floor=0.0e+00  |dM|=1.58e-03  step=1.00e+00
  it   36  L= 2.566217e+02  comp= 2.3768e+01 expr= 2.3285e+02 L+= 4.7081e+00 L-= 4.5996e+00  Keff=19.12(min 18.29)  gmin=2.43e-02  floor=0.0e+00  |dM|=1.57e-03  step=1.00e+00
  it   37  L= 2.563048e+02  comp= 2.3742e+01 expr= 2.3256e+02 L+= 4.7191e+00 L-= 4.6091e+00  Keff=19.11(min 18.28)  gmin=2.42e-02  floor=0.0e+00  |dM|=1.57e-03  step=1.00e+00
  it   38  L= 2.559872e+02  comp= 2.3716e+01 expr= 2.3227e+02 L+= 4.7300e+00 L-= 4.6187e+00  Keff=19.11(min 18.28)  gmin=2.41e-02  floor=0.0e+00  |dM|=1.56e-03  step=1.00e+00
  it   39  L= 2.556688e+02  comp= 2.3690e+01 expr= 2.3198e+02 L+= 4.7409e+00 L-= 4.6282e+00  Keff=19.11(min 18.27)  gmin=2.41e-02  floor=0.0e+00  |dM|=1.55e-03  step=1.00e+00
  it   40  L= 2.553498e+02  comp= 2.3663e+01 expr= 2.3169e+02 L+= 4.7518e+00 L-= 4.6377e+00  Keff=19.11(min 18.27)  gmin=2.40e-02  floor=0.0e+00  |dM|=1.55e-03  step=1.00e+00
  it   41  L= 2.550300e+02  comp= 2.3637e+01 expr= 2.3139e+02 L+= 4.7626e+00 L-= 4.6472e+00  Keff=19.11(min 18.26)  gmin=2.39e-02  floor=0.0e+00  |dM|=1.54e-03  step=1.00e+00
  it   42  L= 2.547096e+02  comp= 2.3610e+01 expr= 2.3110e+02 L+= 4.7734e+00 L-= 4.6566e+00  Keff=19.10(min 18.26)  gmin=2.39e-02  floor=0.0e+00  |dM|=1.54e-03  step=1.00e+00
  it   43  L= 2.543886e+02  comp= 2.3584e+01 expr= 2.3080e+02 L+= 4.7842e+00 L-= 4.6659e+00  Keff=19.10(min 18.26)  gmin=2.38e-02  floor=0.0e+00  |dM|=1.53e-03  step=1.00e+00
  it   44  L= 2.540669e+02  comp= 2.3557e+01 expr= 2.3051e+02 L+= 4.7949e+00 L-= 4.6752e+00  Keff=19.10(min 18.25)  gmin=2.37e-02  floor=0.0e+00  |dM|=1.53e-03  step=1.00e+00
  it   45  L= 2.537447e+02  comp= 2.3531e+01 expr= 2.3021e+02 L+= 4.8056e+00 L-= 4.6845e+00  Keff=19.10(min 18.25)  gmin=2.37e-02  floor=0.0e+00  |dM|=1.52e-03  step=1.00e+00
  it   46  L= 2.534219e+02  comp= 2.3504e+01 expr= 2.2992e+02 L+= 4.8163e+00 L-= 4.6937e+00  Keff=19.09(min 18.24)  gmin=2.36e-02  floor=0.0e+00  |dM|=1.51e-03  step=1.00e+00
  it   47  L= 2.530986e+02  comp= 2.3477e+01 expr= 2.2962e+02 L+= 4.8269e+00 L-= 4.7029e+00  Keff=19.09(min 18.24)  gmin=2.36e-02  floor=0.0e+00  |dM|=1.51e-03  step=1.00e+00
  it   48  L= 2.527746e+02  comp= 2.3450e+01 expr= 2.2932e+02 L+= 4.8375e+00 L-= 4.7121e+00  Keff=19.09(min 18.23)  gmin=2.35e-02  floor=0.0e+00  |dM|=1.50e-03  step=1.00e+00
  it   49  L= 2.524503e+02  comp= 2.3423e+01 expr= 2.2903e+02 L+= 4.8480e+00 L-= 4.7212e+00  Keff=19.09(min 18.23)  gmin=2.34e-02  floor=0.0e+00  |dM|=1.50e-03  step=1.00e+00
  it   50  L= 2.521254e+02  comp= 2.3396e+01 expr= 2.2873e+02 L+= 4.8585e+00 L-= 4.7302e+00  Keff=19.09(min 18.23)  gmin=2.34e-02  floor=0.0e+00  |dM|=1.49e-03  step=1.00e+00
  it   51  L= 2.518000e+02  comp= 2.3369e+01 expr= 2.2843e+02 L+= 4.8689e+00 L-= 4.7392e+00  Keff=19.08(min 18.22)  gmin=2.33e-02  floor=0.0e+00  |dM|=1.49e-03  step=1.00e+00
  it   52  L= 2.514742e+02  comp= 2.3342e+01 expr= 2.2813e+02 L+= 4.8793e+00 L-= 4.7482e+00  Keff=19.08(min 18.22)  gmin=2.32e-02  floor=0.0e+00  |dM|=1.48e-03  step=1.00e+00
  it   53  L= 2.511480e+02  comp= 2.3314e+01 expr= 2.2783e+02 L+= 4.8897e+00 L-= 4.7571e+00  Keff=19.08(min 18.21)  gmin=2.32e-02  floor=0.0e+00  |dM|=1.48e-03  step=1.00e+00
  it   54  L= 2.508214e+02  comp= 2.3287e+01 expr= 2.2753e+02 L+= 4.9000e+00 L-= 4.7660e+00  Keff=19.08(min 18.21)  gmin=2.31e-02  floor=0.0e+00  |dM|=1.47e-03  step=1.00e+00
  it   55  L= 2.504943e+02  comp= 2.3260e+01 expr= 2.2723e+02 L+= 4.9103e+00 L-= 4.7748e+00  Keff=19.08(min 18.20)  gmin=2.30e-02  floor=0.0e+00  |dM|=1.47e-03  step=1.00e+00
  it   56  L= 2.501669e+02  comp= 2.3232e+01 expr= 2.2693e+02 L+= 4.9205e+00 L-= 4.7836e+00  Keff=19.07(min 18.20)  gmin=2.30e-02  floor=0.0e+00  |dM|=1.46e-03  step=1.00e+00
  it   57  L= 2.498392e+02  comp= 2.3205e+01 expr= 2.2663e+02 L+= 4.9306e+00 L-= 4.7923e+00  Keff=19.07(min 18.19)  gmin=2.29e-02  floor=0.0e+00  |dM|=1.46e-03  step=1.00e+00
  it   58  L= 2.495110e+02  comp= 2.3177e+01 expr= 2.2633e+02 L+= 4.9408e+00 L-= 4.8010e+00  Keff=19.07(min 18.19)  gmin=2.29e-02  floor=0.0e+00  |dM|=1.45e-03  step=1.00e+00
  it   59  L= 2.491826e+02  comp= 2.3150e+01 expr= 2.2603e+02 L+= 4.9509e+00 L-= 4.8096e+00  Keff=19.07(min 18.18)  gmin=2.28e-02  floor=0.0e+00  |dM|=1.45e-03  step=1.00e+00
  it   60  L= 2.488539e+02  comp= 2.3122e+01 expr= 2.2573e+02 L+= 4.9609e+00 L-= 4.8182e+00  Keff=19.07(min 18.18)  gmin=2.27e-02  floor=0.0e+00  |dM|=1.44e-03  step=1.00e+00
  it   61  L= 2.485248e+02  comp= 2.3094e+01 expr= 2.2543e+02 L+= 4.9709e+00 L-= 4.8267e+00  Keff=19.06(min 18.18)  gmin=2.27e-02  floor=0.0e+00  |dM|=1.44e-03  step=1.00e+00
  it   62  L= 2.481955e+02  comp= 2.3066e+01 expr= 2.2513e+02 L+= 4.9808e+00 L-= 4.8352e+00  Keff=19.06(min 18.17)  gmin=2.26e-02  floor=0.0e+00  |dM|=1.43e-03  step=1.00e+00
  it   63  L= 2.478659e+02  comp= 2.3039e+01 expr= 2.2483e+02 L+= 4.9907e+00 L-= 4.8436e+00  Keff=19.06(min 18.17)  gmin=2.25e-02  floor=0.0e+00  |dM|=1.43e-03  step=1.00e+00
  it   64  L= 2.475361e+02  comp= 2.3011e+01 expr= 2.2453e+02 L+= 5.0005e+00 L-= 4.8520e+00  Keff=19.06(min 18.16)  gmin=2.25e-02  floor=0.0e+00  |dM|=1.42e-03  step=1.00e+00
  it   65  L= 2.472061e+02  comp= 2.2983e+01 expr= 2.2422e+02 L+= 5.0103e+00 L-= 4.8603e+00  Keff=19.05(min 18.16)  gmin=2.24e-02  floor=0.0e+00  |dM|=1.42e-03  step=1.00e+00
  it   66  L= 2.468758e+02  comp= 2.2955e+01 expr= 2.2392e+02 L+= 5.0201e+00 L-= 4.8685e+00  Keff=19.05(min 18.15)  gmin=2.23e-02  floor=0.0e+00  |dM|=1.41e-03  step=1.00e+00
  it   67  L= 2.465454e+02  comp= 2.2927e+01 expr= 2.2362e+02 L+= 5.0297e+00 L-= 4.8767e+00  Keff=19.05(min 18.15)  gmin=2.23e-02  floor=0.0e+00  |dM|=1.41e-03  step=1.00e+00
  it   68  L= 2.462148e+02  comp= 2.2899e+01 expr= 2.2332e+02 L+= 5.0394e+00 L-= 4.8849e+00  Keff=19.05(min 18.14)  gmin=2.22e-02  floor=0.0e+00  |dM|=1.40e-03  step=1.00e+00
  it   69  L= 2.458840e+02  comp= 2.2871e+01 expr= 2.2301e+02 L+= 5.0489e+00 L-= 4.8930e+00  Keff=19.05(min 18.14)  gmin=2.22e-02  floor=0.0e+00  |dM|=1.40e-03  step=1.00e+00
  it   70  L= 2.455530e+02  comp= 2.2842e+01 expr= 2.2271e+02 L+= 5.0585e+00 L-= 4.9011e+00  Keff=19.04(min 18.13)  gmin=2.21e-02  floor=0.0e+00  |dM|=1.40e-03  step=1.00e+00
  it   71  L= 2.452219e+02  comp= 2.2814e+01 expr= 2.2241e+02 L+= 5.0680e+00 L-= 4.9091e+00  Keff=19.04(min 18.13)  gmin=2.20e-02  floor=0.0e+00  |dM|=1.39e-03  step=1.00e+00
  it   72  L= 2.448907e+02  comp= 2.2786e+01 expr= 2.2210e+02 L+= 5.0774e+00 L-= 4.9170e+00  Keff=19.04(min 18.12)  gmin=2.20e-02  floor=0.0e+00  |dM|=1.39e-03  step=1.00e+00
  it   73  L= 2.445594e+02  comp= 2.2758e+01 expr= 2.2180e+02 L+= 5.0867e+00 L-= 4.9249e+00  Keff=19.04(min 18.12)  gmin=2.19e-02  floor=0.0e+00  |dM|=1.39e-03  step=1.00e+00
  it   74  L= 2.442279e+02  comp= 2.2729e+01 expr= 2.2150e+02 L+= 5.0961e+00 L-= 4.9327e+00  Keff=19.03(min 18.11)  gmin=2.18e-02  floor=0.0e+00  |dM|=1.38e-03  step=1.00e+00
  it   75  L= 2.438964e+02  comp= 2.2701e+01 expr= 2.2120e+02 L+= 5.1053e+00 L-= 4.9405e+00  Keff=19.03(min 18.11)  gmin=2.18e-02  floor=0.0e+00  |dM|=1.38e-03  step=1.00e+00
  it   76  L= 2.435648e+02  comp= 2.2673e+01 expr= 2.2089e+02 L+= 5.1145e+00 L-= 4.9482e+00  Keff=19.03(min 18.10)  gmin=2.17e-02  floor=0.0e+00  |dM|=1.38e-03  step=1.00e+00
  it   77  L= 2.432331e+02  comp= 2.2644e+01 expr= 2.2059e+02 L+= 5.1237e+00 L-= 4.9559e+00  Keff=19.03(min 18.10)  gmin=2.17e-02  floor=0.0e+00  |dM|=1.37e-03  step=1.00e+00
  it   78  L= 2.429014e+02  comp= 2.2616e+01 expr= 2.2029e+02 L+= 5.1328e+00 L-= 4.9635e+00  Keff=19.03(min 18.10)  gmin=2.16e-02  floor=0.0e+00  |dM|=1.37e-03  step=1.00e+00
  it   79  L= 2.425697e+02  comp= 2.2588e+01 expr= 2.1998e+02 L+= 5.1418e+00 L-= 4.9711e+00  Keff=19.02(min 18.09)  gmin=2.15e-02  floor=0.0e+00  |dM|=1.37e-03  step=1.00e+00
  it   80  L= 2.422379e+02  comp= 2.2559e+01 expr= 2.1968e+02 L+= 5.1508e+00 L-= 4.9786e+00  Keff=19.02(min 18.09)  gmin=2.15e-02  floor=0.0e+00  |dM|=1.37e-03  step=1.00e+00
  it   81  L= 2.419061e+02  comp= 2.2531e+01 expr= 2.1938e+02 L+= 5.1597e+00 L-= 4.9860e+00  Keff=19.02(min 18.08)  gmin=2.14e-02  floor=0.0e+00  |dM|=1.36e-03  step=1.00e+00
  it   82  L= 2.415743e+02  comp= 2.2502e+01 expr= 2.1907e+02 L+= 5.1686e+00 L-= 4.9934e+00  Keff=19.02(min 18.08)  gmin=2.14e-02  floor=0.0e+00  |dM|=1.36e-03  step=1.00e+00
  it   83  L= 7.741901e+01  comp= 7.9983e+00 expr= 6.9421e+01 L+= 2.7655e+00 L-= 2.5798e+00  Keff=16.78(min 14.42)  gmin=2.00e-03  floor=1.4e-02  |dM|=4.91e-01  step=1.00e+00
  it   84  L= 7.741323e+01  comp= 7.9973e+00 expr= 6.9416e+01 L+= 2.7658e+00 L-= 2.5780e+00  Keff=16.78(min 14.42)  gmin=2.00e-03  floor=1.4e-02  |dM|=4.46e-02  step=1.00e+00
  it   85  L= 7.741238e+01  comp= 7.9954e+00 expr= 6.9417e+01 L+= 2.7659e+00 L-= 2.5785e+00  Keff=16.78(min 14.42)  gmin=2.00e-03  floor=1.4e-02  |dM|=8.37e-03  step=5.00e-01
  it   86  L= 7.741217e+01  comp= 7.9958e+00 expr= 6.9416e+01 L+= 2.7659e+00 L-= 2.5783e+00  Keff=16.78(min 14.42)  gmin=2.00e-03  floor=1.4e-02  |dM|=5.04e-03  step=2.50e-01
  it   87  L= 7.741217e+01  comp= 7.9958e+00 expr= 6.9416e+01 L+= 2.7659e+00 L-= 2.5783e+00  Keff=16.78(min 14.42)  gmin=2.00e-03  floor=1.4e-02  |dM|=0.00e+00  step=7.63e-06
[fit] restart 1 (seed=1, init=random)
  it    1  L= 3.187375e+02  comp= 2.7533e+01 expr= 2.9120e+02 L+= 4.1894e-02 L-= 4.2161e-02  Keff=19.99(min 19.99)  gmin=4.69e-02  floor=0.0e+00  |dM|=1.36e-05  step=1.00e+00
  it    2  L= 3.187373e+02  comp= 2.7533e+01 expr= 2.9120e+02 L+= 4.1902e-02 L-= 4.2174e-02  Keff=19.99(min 19.99)  gmin=4.69e-02  floor=0.0e+00  |dM|=1.36e-05  step=1.00e+00
  it    3  L= 3.187372e+02  comp= 2.7533e+01 expr= 2.9120e+02 L+= 4.1916e-02 L-= 4.2186e-02  Keff=19.99(min 19.99)  gmin=4.69e-02  floor=0.0e+00  |dM|=1.36e-05  step=1.00e+00
  it    4  L= 3.187371e+02  comp= 2.7533e+01 expr= 2.9120e+02 L+= 4.1927e-02 L-= 4.2197e-02  Keff=19.99(min 19.99)  gmin=4.69e-02  floor=0.0e+00  |dM|=1.36e-05  step=1.00e+00
  it    5  L= 3.187370e+02  comp= 2.7533e+01 expr= 2.9120e+02 L+= 4.1939e-02 L-= 4.2210e-02  Keff=19.99(min 19.99)  gmin=4.69e-02  floor=0.0e+00  |dM|=1.36e-05  step=1.00e+00
  it    6  L= 3.187369e+02  comp= 2.7533e+01 expr= 2.9120e+02 L+= 4.1955e-02 L-= 4.2221e-02  Keff=19.99(min 19.99)  gmin=4.69e-02  floor=0.0e+00  |dM|=1.37e-05  step=1.00e+00
  it    7  L= 3.187368e+02  comp= 2.7533e+01 expr= 2.9120e+02 L+= 4.1964e-02 L-= 4.2232e-02  Keff=19.99(min 19.99)  gmin=4.69e-02  floor=0.0e+00  |dM|=1.37e-05  step=1.00e+00
  it    8  L= 3.187367e+02  comp= 2.7533e+01 expr= 2.9120e+02 L+= 4.1977e-02 L-= 4.2246e-02  Keff=19.99(min 19.99)  gmin=4.69e-02  floor=0.0e+00  |dM|=1.37e-05  step=1.00e+00
  it    9  L= 3.187365e+02  comp= 2.7533e+01 expr= 2.9120e+02 L+= 4.1991e-02 L-= 4.2257e-02  Keff=19.99(min 19.99)  gmin=4.69e-02  floor=0.0e+00  |dM|=1.37e-05  step=1.00e+00
  it   10  L= 3.187364e+02  comp= 2.7533e+01 expr= 2.9120e+02 L+= 4.2003e-02 L-= 4.2266e-02  Keff=19.99(min 19.99)  gmin=4.69e-02  floor=0.0e+00  |dM|=1.37e-05  step=1.00e+00
  it   11  L= 3.187363e+02  comp= 2.7533e+01 expr= 2.9120e+02 L+= 4.2014e-02 L-= 4.2279e-02  Keff=19.99(min 19.99)  gmin=4.69e-02  floor=0.0e+00  |dM|=1.37e-05  step=1.00e+00
  it   12  L= 3.187362e+02  comp= 2.7533e+01 expr= 2.9120e+02 L+= 4.2028e-02 L-= 4.2293e-02  Keff=19.99(min 19.99)  gmin=4.69e-02  floor=0.0e+00  |dM|=1.37e-05  step=1.00e+00
  it   13  L= 3.187361e+02  comp= 2.7533e+01 expr= 2.9120e+02 L+= 4.2039e-02 L-= 4.2303e-02  Keff=19.99(min 19.99)  gmin=4.69e-02  floor=0.0e+00  |dM|=1.38e-05  step=1.00e+00
  it   14  L= 3.187360e+02  comp= 2.7533e+01 expr= 2.9120e+02 L+= 4.2051e-02 L-= 4.2315e-02  Keff=19.99(min 19.99)  gmin=4.69e-02  floor=0.0e+00  |dM|=1.38e-05  step=1.00e+00
  it   15  L= 3.187359e+02  comp= 2.7533e+01 expr= 2.9120e+02 L+= 4.2061e-02 L-= 4.2325e-02  Keff=19.99(min 19.99)  gmin=4.69e-02  floor=0.0e+00  |dM|=1.38e-05  step=1.00e+00
  it   16  L= 3.187357e+02  comp= 2.7533e+01 expr= 2.9120e+02 L+= 4.2076e-02 L-= 4.2339e-02  Keff=19.99(min 19.99)  gmin=4.69e-02  floor=0.0e+00  |dM|=1.38e-05  step=1.00e+00
  it   17  L= 3.187357e+02  comp= 2.7533e+01 expr= 2.9120e+02 L+= 4.2089e-02 L-= 4.2351e-02  Keff=19.99(min 19.99)  gmin=4.69e-02  floor=0.0e+00  |dM|=1.38e-05  step=1.00e+00
  it   18  L= 3.187355e+02  comp= 2.7533e+01 expr= 2.9120e+02 L+= 4.2101e-02 L-= 4.2362e-02  Keff=19.99(min 19.99)  gmin=4.69e-02  floor=0.0e+00  |dM|=1.38e-05  step=1.00e+00
  it   19  L= 3.187354e+02  comp= 2.7533e+01 expr= 2.9120e+02 L+= 4.2113e-02 L-= 4.2374e-02  Keff=19.99(min 19.99)  gmin=4.69e-02  floor=0.0e+00  |dM|=1.39e-05  step=1.00e+00
  it   20  L= 3.187353e+02  comp= 2.7533e+01 expr= 2.9120e+02 L+= 4.2126e-02 L-= 4.2387e-02  Keff=19.99(min 19.99)  gmin=4.69e-02  floor=0.0e+00  |dM|=1.39e-05  step=1.00e+00
  it   21  L= 3.187352e+02  comp= 2.7533e+01 expr= 2.9120e+02 L+= 4.2139e-02 L-= 4.2398e-02  Keff=19.99(min 19.99)  gmin=4.69e-02  floor=0.0e+00  |dM|=1.39e-05  step=1.00e+00
  it   22  L= 3.187351e+02  comp= 2.7533e+01 expr= 2.9120e+02 L+= 4.2150e-02 L-= 4.2409e-02  Keff=19.99(min 19.99)  gmin=4.69e-02  floor=0.0e+00  |dM|=1.39e-05  step=1.00e+00
  it   23  L= 3.187350e+02  comp= 2.7533e+01 expr= 2.9120e+02 L+= 4.2163e-02 L-= 4.2422e-02  Keff=19.99(min 19.99)  gmin=4.69e-02  floor=0.0e+00  |dM|=1.39e-05  step=1.00e+00
  it   24  L= 3.187348e+02  comp= 2.7533e+01 expr= 2.9120e+02 L+= 4.2174e-02 L-= 4.2434e-02  Keff=19.99(min 19.99)  gmin=4.69e-02  floor=0.0e+00  |dM|=1.39e-05  step=1.00e+00
  it   25  L= 3.187347e+02  comp= 2.7533e+01 expr= 2.9120e+02 L+= 4.2189e-02 L-= 4.2447e-02  Keff=19.99(min 19.99)  gmin=4.69e-02  floor=0.0e+00  |dM|=1.39e-05  step=1.00e+00
  it   26  L= 3.187346e+02  comp= 2.7533e+01 expr= 2.9120e+02 L+= 4.2200e-02 L-= 4.2458e-02  Keff=19.99(min 19.99)  gmin=4.69e-02  floor=0.0e+00  |dM|=1.40e-05  step=1.00e+00
  it   27  L= 3.187345e+02  comp= 2.7533e+01 expr= 2.9120e+02 L+= 4.2213e-02 L-= 4.2469e-02  Keff=19.99(min 19.99)  gmin=4.69e-02  floor=0.0e+00  |dM|=1.40e-05  step=1.00e+00
  it   28  L= 3.187344e+02  comp= 2.7533e+01 expr= 2.9120e+02 L+= 4.2225e-02 L-= 4.2481e-02  Keff=19.99(min 19.99)  gmin=4.69e-02  floor=0.0e+00  |dM|=1.40e-05  step=1.00e+00
  it   29  L= 3.187343e+02  comp= 2.7533e+01 expr= 2.9120e+02 L+= 4.2238e-02 L-= 4.2495e-02  Keff=19.99(min 19.99)  gmin=4.69e-02  floor=0.0e+00  |dM|=1.40e-05  step=1.00e+00
  it   30  L= 3.187341e+02  comp= 2.7533e+01 expr= 2.9120e+02 L+= 4.2253e-02 L-= 4.2507e-02  Keff=19.99(min 19.99)  gmin=4.69e-02  floor=0.0e+00  |dM|=1.40e-05  step=1.00e+00
  it   31  L= 3.187340e+02  comp= 2.7533e+01 expr= 2.9120e+02 L+= 4.2263e-02 L-= 4.2520e-02  Keff=19.99(min 19.99)  gmin=4.69e-02  floor=0.0e+00  |dM|=1.40e-05  step=1.00e+00
  it   32  L= 3.187339e+02  comp= 2.7533e+01 expr= 2.9120e+02 L+= 4.2273e-02 L-= 4.2529e-02  Keff=19.99(min 19.99)  gmin=4.69e-02  floor=0.0e+00  |dM|=1.40e-05  step=1.00e+00
  it   33  L= 3.187338e+02  comp= 2.7533e+01 expr= 2.9120e+02 L+= 4.2288e-02 L-= 4.2543e-02  Keff=19.99(min 19.99)  gmin=4.69e-02  floor=0.0e+00  |dM|=1.41e-05  step=1.00e+00
  it   34  L= 3.187337e+02  comp= 2.7533e+01 expr= 2.9120e+02 L+= 4.2300e-02 L-= 4.2556e-02  Keff=19.99(min 19.99)  gmin=4.69e-02  floor=0.0e+00  |dM|=1.41e-05  step=1.00e+00
  it   35  L= 3.187336e+02  comp= 2.7533e+01 expr= 2.9120e+02 L+= 4.2314e-02 L-= 4.2567e-02  Keff=19.99(min 19.99)  gmin=4.69e-02  floor=0.0e+00  |dM|=1.41e-05  step=1.00e+00
  it   36  L= 3.187335e+02  comp= 2.7533e+01 expr= 2.9120e+02 L+= 4.2326e-02 L-= 4.2580e-02  Keff=19.99(min 19.99)  gmin=4.69e-02  floor=0.0e+00  |dM|=1.41e-05  step=1.00e+00
  it   37  L= 3.187333e+02  comp= 2.7533e+01 expr= 2.9120e+02 L+= 4.2338e-02 L-= 4.2593e-02  Keff=19.99(min 19.99)  gmin=4.69e-02  floor=0.0e+00  |dM|=1.41e-05  step=1.00e+00
  it   38  L= 3.187332e+02  comp= 2.7533e+01 expr= 2.9120e+02 L+= 4.2351e-02 L-= 4.2603e-02  Keff=19.99(min 19.99)  gmin=4.69e-02  floor=0.0e+00  |dM|=1.41e-05  step=1.00e+00
  it   39  L= 3.187331e+02  comp= 2.7533e+01 expr= 2.9120e+02 L+= 4.2364e-02 L-= 4.2616e-02  Keff=19.99(min 19.99)  gmin=4.69e-02  floor=0.0e+00  |dM|=1.42e-05  step=1.00e+00
  it   40  L= 3.187330e+02  comp= 2.7533e+01 expr= 2.9120e+02 L+= 4.2377e-02 L-= 4.2628e-02  Keff=19.99(min 19.99)  gmin=4.69e-02  floor=0.0e+00  |dM|=1.42e-05  step=1.00e+00
  it   41  L= 3.187328e+02  comp= 2.7533e+01 expr= 2.9120e+02 L+= 4.2389e-02 L-= 4.2639e-02  Keff=19.99(min 19.99)  gmin=4.69e-02  floor=0.0e+00  |dM|=1.42e-05  step=1.00e+00
  it   42  L= 3.187328e+02  comp= 2.7533e+01 expr= 2.9120e+02 L+= 4.2400e-02 L-= 4.2650e-02  Keff=19.99(min 19.99)  gmin=4.69e-02  floor=0.0e+00  |dM|=1.42e-05  step=1.00e+00
  it   43  L= 3.187327e+02  comp= 2.7533e+01 expr= 2.9120e+02 L+= 4.2416e-02 L-= 4.2664e-02  Keff=19.99(min 19.99)  gmin=4.69e-02  floor=0.0e+00  |dM|=1.42e-05  step=1.00e+00
  it   44  L= 3.187325e+02  comp= 2.7533e+01 expr= 2.9120e+02 L+= 4.2428e-02 L-= 4.2674e-02  Keff=19.99(min 19.99)  gmin=4.69e-02  floor=0.0e+00  |dM|=1.42e-05  step=1.00e+00
  it   45  L= 3.187324e+02  comp= 2.7533e+01 expr= 2.9120e+02 L+= 4.2440e-02 L-= 4.2686e-02  Keff=19.99(min 19.99)  gmin=4.69e-02  floor=0.0e+00  |dM|=1.42e-05  step=1.00e+00
  it   46  L= 3.187323e+02  comp= 2.7533e+01 expr= 2.9120e+02 L+= 4.2451e-02 L-= 4.2700e-02  Keff=19.99(min 19.99)  gmin=4.69e-02  floor=0.0e+00  |dM|=1.43e-05  step=1.00e+00
  it   47  L= 3.187322e+02  comp= 2.7533e+01 expr= 2.9120e+02 L+= 4.2467e-02 L-= 4.2710e-02  Keff=19.99(min 19.99)  gmin=4.69e-02  floor=0.0e+00  |dM|=1.43e-05  step=1.00e+00
  it   48  L= 3.187320e+02  comp= 2.7533e+01 expr= 2.9120e+02 L+= 4.2479e-02 L-= 4.2726e-02  Keff=19.99(min 19.99)  gmin=4.69e-02  floor=0.0e+00  |dM|=1.43e-05  step=1.00e+00
  it   49  L= 3.187319e+02  comp= 2.7533e+01 expr= 2.9120e+02 L+= 4.2494e-02 L-= 4.2737e-02  Keff=19.99(min 19.99)  gmin=4.69e-02  floor=0.0e+00  |dM|=1.43e-05  step=1.00e+00
  it   50  L= 3.187318e+02  comp= 2.7533e+01 expr= 2.9120e+02 L+= 4.2503e-02 L-= 4.2751e-02  Keff=19.99(min 19.99)  gmin=4.69e-02  floor=0.0e+00  |dM|=1.43e-05  step=1.00e+00
  it   51  L= 3.187317e+02  comp= 2.7533e+01 expr= 2.9120e+02 L+= 4.2519e-02 L-= 4.2763e-02  Keff=19.99(min 19.99)  gmin=4.69e-02  floor=0.0e+00  |dM|=1.43e-05  step=1.00e+00
  it   52  L= 3.187316e+02  comp= 2.7533e+01 expr= 2.9120e+02 L+= 4.2529e-02 L-= 4.2774e-02  Keff=19.99(min 19.99)  gmin=4.69e-02  floor=0.0e+00  |dM|=1.44e-05  step=1.00e+00
  it   53  L= 3.187314e+02  comp= 2.7533e+01 expr= 2.9120e+02 L+= 4.2543e-02 L-= 4.2786e-02  Keff=19.99(min 19.99)  gmin=4.69e-02  floor=0.0e+00  |dM|=1.44e-05  step=1.00e+00
  it   54  L= 3.187314e+02  comp= 2.7533e+01 expr= 2.9120e+02 L+= 4.2556e-02 L-= 4.2798e-02  Keff=19.99(min 19.99)  gmin=4.69e-02  floor=0.0e+00  |dM|=1.44e-05  step=1.00e+00
  it   55  L= 3.187312e+02  comp= 2.7533e+01 expr= 2.9120e+02 L+= 4.2569e-02 L-= 4.2811e-02  Keff=19.99(min 19.99)  gmin=4.69e-02  floor=0.0e+00  |dM|=1.44e-05  step=1.00e+00
  it   56  L= 3.187311e+02  comp= 2.7533e+01 expr= 2.9120e+02 L+= 4.2582e-02 L-= 4.2825e-02  Keff=19.99(min 19.99)  gmin=4.69e-02  floor=0.0e+00  |dM|=1.44e-05  step=1.00e+00
  it   57  L= 3.187310e+02  comp= 2.7533e+01 expr= 2.9120e+02 L+= 4.2593e-02 L-= 4.2836e-02  Keff=19.99(min 19.99)  gmin=4.69e-02  floor=0.0e+00  |dM|=1.44e-05  step=1.00e+00
  it   58  L= 3.187309e+02  comp= 2.7533e+01 expr= 2.9120e+02 L+= 4.2608e-02 L-= 4.2849e-02  Keff=19.99(min 19.99)  gmin=4.69e-02  floor=0.0e+00  |dM|=1.44e-05  step=1.00e+00
  it   59  L= 3.187307e+02  comp= 2.7533e+01 expr= 2.9120e+02 L+= 4.2622e-02 L-= 4.2862e-02  Keff=19.99(min 19.99)  gmin=4.69e-02  floor=0.0e+00  |dM|=1.45e-05  step=1.00e+00
  it   60  L= 3.187306e+02  comp= 2.7533e+01 expr= 2.9120e+02 L+= 4.2631e-02 L-= 4.2875e-02  Keff=19.99(min 19.99)  gmin=4.69e-02  floor=0.0e+00  |dM|=1.45e-05  step=1.00e+00
  it   61  L= 3.187305e+02  comp= 2.7533e+01 expr= 2.9120e+02 L+= 4.2648e-02 L-= 4.2887e-02  Keff=19.99(min 19.99)  gmin=4.69e-02  floor=0.0e+00  |dM|=1.45e-05  step=1.00e+00
  it   62  L= 3.187303e+02  comp= 2.7533e+01 expr= 2.9120e+02 L+= 4.2659e-02 L-= 4.2900e-02  Keff=19.99(min 19.99)  gmin=4.69e-02  floor=0.0e+00  |dM|=1.45e-05  step=1.00e+00
  it   63  L= 3.187303e+02  comp= 2.7533e+01 expr= 2.9120e+02 L+= 4.2672e-02 L-= 4.2911e-02  Keff=19.99(min 19.99)  gmin=4.69e-02  floor=0.0e+00  |dM|=1.45e-05  step=1.00e+00
  it   64  L= 3.187301e+02  comp= 2.7533e+01 expr= 2.9120e+02 L+= 4.2686e-02 L-= 4.2923e-02  Keff=19.99(min 19.99)  gmin=4.69e-02  floor=0.0e+00  |dM|=1.45e-05  step=1.00e+00
  it   65  L= 3.187300e+02  comp= 2.7533e+01 expr= 2.9120e+02 L+= 4.2699e-02 L-= 4.2933e-02  Keff=19.99(min 19.99)  gmin=4.69e-02  floor=0.0e+00  |dM|=1.46e-05  step=1.00e+00
  it   66  L= 3.187299e+02  comp= 2.7533e+01 expr= 2.9120e+02 L+= 4.2712e-02 L-= 4.2948e-02  Keff=19.99(min 19.99)  gmin=4.69e-02  floor=0.0e+00  |dM|=1.46e-05  step=1.00e+00
  it   67  L= 3.187298e+02  comp= 2.7533e+01 expr= 2.9120e+02 L+= 4.2724e-02 L-= 4.2963e-02  Keff=19.99(min 19.99)  gmin=4.69e-02  floor=0.0e+00  |dM|=1.46e-05  step=1.00e+00
  it   68  L= 3.187296e+02  comp= 2.7533e+01 expr= 2.9120e+02 L+= 4.2737e-02 L-= 4.2973e-02  Keff=19.99(min 19.99)  gmin=4.69e-02  floor=0.0e+00  |dM|=1.46e-05  step=1.00e+00
  it   69  L= 3.187295e+02  comp= 2.7533e+01 expr= 2.9120e+02 L+= 4.2751e-02 L-= 4.2986e-02  Keff=19.99(min 19.99)  gmin=4.69e-02  floor=0.0e+00  |dM|=1.46e-05  step=1.00e+00
  it   70  L= 3.187294e+02  comp= 2.7533e+01 expr= 2.9120e+02 L+= 4.2765e-02 L-= 4.2999e-02  Keff=19.99(min 19.99)  gmin=4.69e-02  floor=0.0e+00  |dM|=1.46e-05  step=1.00e+00
  it   71  L= 3.187293e+02  comp= 2.7533e+01 expr= 2.9120e+02 L+= 4.2777e-02 L-= 4.3012e-02  Keff=19.99(min 19.99)  gmin=4.69e-02  floor=0.0e+00  |dM|=1.47e-05  step=1.00e+00
  it   72  L= 3.187292e+02  comp= 2.7533e+01 expr= 2.9120e+02 L+= 4.2791e-02 L-= 4.3023e-02  Keff=19.99(min 19.99)  gmin=4.69e-02  floor=0.0e+00  |dM|=1.47e-05  step=1.00e+00
  it   73  L= 3.187290e+02  comp= 2.7533e+01 expr= 2.9120e+02 L+= 4.2803e-02 L-= 4.3038e-02  Keff=19.99(min 19.99)  gmin=4.69e-02  floor=0.0e+00  |dM|=1.47e-05  step=1.00e+00
  it   74  L= 3.187289e+02  comp= 2.7533e+01 expr= 2.9120e+02 L+= 4.2815e-02 L-= 4.3050e-02  Keff=19.99(min 19.99)  gmin=4.69e-02  floor=0.0e+00  |dM|=1.47e-05  step=1.00e+00
  it   75  L= 3.187288e+02  comp= 2.7533e+01 expr= 2.9120e+02 L+= 4.2831e-02 L-= 4.3062e-02  Keff=19.99(min 19.99)  gmin=4.69e-02  floor=0.0e+00  |dM|=1.47e-05  step=1.00e+00
  it   76  L= 3.187286e+02  comp= 2.7533e+01 expr= 2.9120e+02 L+= 4.2841e-02 L-= 4.3072e-02  Keff=19.99(min 19.99)  gmin=4.69e-02  floor=0.0e+00  |dM|=1.47e-05  step=1.00e+00
  it   77  L= 3.187285e+02  comp= 2.7533e+01 expr= 2.9120e+02 L+= 4.2856e-02 L-= 4.3087e-02  Keff=19.99(min 19.99)  gmin=4.69e-02  floor=0.0e+00  |dM|=1.48e-05  step=1.00e+00
  it   78  L= 3.187284e+02  comp= 2.7533e+01 expr= 2.9120e+02 L+= 4.2868e-02 L-= 4.3098e-02  Keff=19.99(min 19.99)  gmin=4.69e-02  floor=0.0e+00  |dM|=1.48e-05  step=1.00e+00
  it   79  L= 3.187283e+02  comp= 2.7533e+01 expr= 2.9119e+02 L+= 4.2882e-02 L-= 4.3113e-02  Keff=19.99(min 19.99)  gmin=4.69e-02  floor=0.0e+00  |dM|=1.48e-05  step=1.00e+00
  it   80  L= 3.187281e+02  comp= 2.7533e+01 expr= 2.9119e+02 L+= 4.2894e-02 L-= 4.3125e-02  Keff=19.99(min 19.99)  gmin=4.69e-02  floor=0.0e+00  |dM|=1.48e-05  step=1.00e+00
  it   81  L= 3.187280e+02  comp= 2.7533e+01 expr= 2.9119e+02 L+= 4.2909e-02 L-= 4.3138e-02  Keff=19.99(min 19.99)  gmin=4.69e-02  floor=0.0e+00  |dM|=1.48e-05  step=1.00e+00
  it   82  L= 3.187279e+02  comp= 2.7533e+01 expr= 2.9119e+02 L+= 4.2924e-02 L-= 4.3149e-02  Keff=19.99(min 19.99)  gmin=4.69e-02  floor=0.0e+00  |dM|=1.48e-05  step=1.00e+00
  it   83  L= 3.187278e+02  comp= 2.7533e+01 expr= 2.9119e+02 L+= 4.2936e-02 L-= 4.3162e-02  Keff=19.99(min 19.99)  gmin=4.69e-02  floor=0.0e+00  |dM|=1.49e-05  step=1.00e+00
  it   84  L= 3.187277e+02  comp= 2.7533e+01 expr= 2.9119e+02 L+= 4.2948e-02 L-= 4.3174e-02  Keff=19.99(min 19.99)  gmin=4.69e-02  floor=0.0e+00  |dM|=1.49e-05  step=1.00e+00
  it   85  L= 3.187275e+02  comp= 2.7533e+01 expr= 2.9119e+02 L+= 4.2963e-02 L-= 4.3189e-02  Keff=19.99(min 19.99)  gmin=4.69e-02  floor=0.0e+00  |dM|=1.49e-05  step=1.00e+00
  it   86  L= 3.187274e+02  comp= 2.7533e+01 expr= 2.9119e+02 L+= 4.2975e-02 L-= 4.3200e-02  Keff=19.99(min 19.99)  gmin=4.69e-02  floor=0.0e+00  |dM|=1.49e-05  step=1.00e+00
  it   87  L= 3.187273e+02  comp= 2.7533e+01 expr= 2.9119e+02 L+= 4.2990e-02 L-= 4.3216e-02  Keff=19.99(min 19.99)  gmin=4.69e-02  floor=0.0e+00  |dM|=1.49e-05  step=1.00e+00
  it   88  L= 3.187272e+02  comp= 2.7533e+01 expr= 2.9119e+02 L+= 4.3003e-02 L-= 4.3228e-02  Keff=19.99(min 19.99)  gmin=4.69e-02  floor=0.0e+00  |dM|=1.49e-05  step=1.00e+00
  it   89  L= 3.187271e+02  comp= 2.7533e+01 expr= 2.9119e+02 L+= 4.3016e-02 L-= 4.3242e-02  Keff=19.99(min 19.99)  gmin=4.69e-02  floor=0.0e+00  |dM|=1.49e-05  step=1.00e+00
  it   90  L= 3.187269e+02  comp= 2.7533e+01 expr= 2.9119e+02 L+= 4.3031e-02 L-= 4.3254e-02  Keff=19.99(min 19.99)  gmin=4.69e-02  floor=0.0e+00  |dM|=1.50e-05  step=1.00e+00
  it   91  L= 3.187268e+02  comp= 2.7533e+01 expr= 2.9119e+02 L+= 4.3042e-02 L-= 4.3267e-02  Keff=19.99(min 19.99)  gmin=4.69e-02  floor=0.0e+00  |dM|=1.50e-05  step=1.00e+00
  it   92  L= 3.187267e+02  comp= 2.7533e+01 expr= 2.9119e+02 L+= 4.3057e-02 L-= 4.3281e-02  Keff=19.99(min 19.99)  gmin=4.69e-02  floor=0.0e+00  |dM|=1.50e-05  step=1.00e+00
  it   93  L= 3.187265e+02  comp= 2.7533e+01 expr= 2.9119e+02 L+= 4.3070e-02 L-= 4.3292e-02  Keff=19.99(min 19.99)  gmin=4.69e-02  floor=0.0e+00  |dM|=1.50e-05  step=1.00e+00
  it   94  L= 3.187264e+02  comp= 2.7533e+01 expr= 2.9119e+02 L+= 4.3082e-02 L-= 4.3306e-02  Keff=19.99(min 19.99)  gmin=4.69e-02  floor=0.0e+00  |dM|=1.50e-05  step=1.00e+00
  it   95  L= 3.187263e+02  comp= 2.7533e+01 expr= 2.9119e+02 L+= 4.3096e-02 L-= 4.3316e-02  Keff=19.99(min 19.99)  gmin=4.69e-02  floor=0.0e+00  |dM|=1.50e-05  step=1.00e+00
  it   96  L= 3.187261e+02  comp= 2.7533e+01 expr= 2.9119e+02 L+= 4.3110e-02 L-= 4.3329e-02  Keff=19.99(min 19.99)  gmin=4.69e-02  floor=0.0e+00  |dM|=1.51e-05  step=1.00e+00
  it   97  L= 3.187260e+02  comp= 2.7533e+01 expr= 2.9119e+02 L+= 4.3124e-02 L-= 4.3342e-02  Keff=19.99(min 19.99)  gmin=4.69e-02  floor=0.0e+00  |dM|=1.51e-05  step=1.00e+00
  it   98  L= 3.187259e+02  comp= 2.7533e+01 expr= 2.9119e+02 L+= 4.3139e-02 L-= 4.3357e-02  Keff=19.99(min 19.99)  gmin=4.69e-02  floor=0.0e+00  |dM|=1.51e-05  step=1.00e+00
  it   99  L= 3.187258e+02  comp= 2.7533e+01 expr= 2.9119e+02 L+= 4.3149e-02 L-= 4.3369e-02  Keff=19.99(min 19.99)  gmin=4.69e-02  floor=0.0e+00  |dM|=1.51e-05  step=1.00e+00
  it  100  L= 3.187256e+02  comp= 2.7533e+01 expr= 2.9119e+02 L+= 4.3163e-02 L-= 4.3384e-02  Keff=19.99(min 19.99)  gmin=4.69e-02  floor=0.0e+00  |dM|=1.51e-05  step=1.00e+00
  it  101  L= 3.187255e+02  comp= 2.7533e+01 expr= 2.9119e+02 L+= 4.3176e-02 L-= 4.3396e-02  Keff=19.99(min 19.99)  gmin=4.69e-02  floor=0.0e+00  |dM|=1.52e-05  step=1.00e+00
  it  102  L= 3.187254e+02  comp= 2.7533e+01 expr= 2.9119e+02 L+= 4.3191e-02 L-= 4.3408e-02  Keff=19.99(min 19.99)  gmin=4.69e-02  floor=0.0e+00  |dM|=1.52e-05  step=1.00e+00
  it  103  L= 3.187253e+02  comp= 2.7533e+01 expr= 2.9119e+02 L+= 4.3204e-02 L-= 4.3421e-02  Keff=19.99(min 19.99)  gmin=4.69e-02  floor=0.0e+00  |dM|=1.52e-05  step=1.00e+00
  it  104  L= 3.187251e+02  comp= 2.7533e+01 expr= 2.9119e+02 L+= 4.3218e-02 L-= 4.3434e-02  Keff=19.99(min 19.99)  gmin=4.69e-02  floor=0.0e+00  |dM|=1.52e-05  step=1.00e+00
  it  105  L= 3.187250e+02  comp= 2.7533e+01 expr= 2.9119e+02 L+= 4.3233e-02 L-= 4.3446e-02  Keff=19.99(min 19.99)  gmin=4.69e-02  floor=0.0e+00  |dM|=1.52e-05  step=1.00e+00
  it  106  L= 3.187249e+02  comp= 2.7533e+01 expr= 2.9119e+02 L+= 4.3245e-02 L-= 4.3461e-02  Keff=19.99(min 19.99)  gmin=4.69e-02  floor=0.0e+00  |dM|=1.52e-05  step=1.00e+00
  it  107  L= 3.187247e+02  comp= 2.7533e+01 expr= 2.9119e+02 L+= 4.3260e-02 L-= 4.3473e-02  Keff=19.99(min 19.99)  gmin=4.69e-02  floor=0.0e+00  |dM|=1.53e-05  step=1.00e+00
  it  108  L= 3.187246e+02  comp= 2.7533e+01 expr= 2.9119e+02 L+= 4.3273e-02 L-= 4.3485e-02  Keff=19.99(min 19.99)  gmin=4.69e-02  floor=0.0e+00  |dM|=1.53e-05  step=1.00e+00
  it  109  L= 3.187245e+02  comp= 2.7533e+01 expr= 2.9119e+02 L+= 4.3289e-02 L-= 4.3501e-02  Keff=19.99(min 19.99)  gmin=4.69e-02  floor=0.0e+00  |dM|=1.53e-05  step=1.00e+00
  it  110  L= 3.187243e+02  comp= 2.7533e+01 expr= 2.9119e+02 L+= 4.3301e-02 L-= 4.3516e-02  Keff=19.99(min 19.99)  gmin=4.69e-02  floor=0.0e+00  |dM|=1.53e-05  step=1.00e+00
  it  111  L= 3.187242e+02  comp= 2.7533e+01 expr= 2.9119e+02 L+= 4.3317e-02 L-= 4.3526e-02  Keff=19.99(min 19.99)  gmin=4.69e-02  floor=0.0e+00  |dM|=1.53e-05  step=1.00e+00
  it  112  L= 3.187241e+02  comp= 2.7533e+01 expr= 2.9119e+02 L+= 4.3328e-02 L-= 4.3542e-02  Keff=19.99(min 19.99)  gmin=4.69e-02  floor=0.0e+00  |dM|=1.53e-05  step=1.00e+00
  it  113  L= 3.187239e+02  comp= 2.7533e+01 expr= 2.9119e+02 L+= 4.3341e-02 L-= 4.3554e-02  Keff=19.99(min 19.99)  gmin=4.69e-02  floor=0.0e+00  |dM|=1.54e-05  step=1.00e+00
  it  114  L= 3.187238e+02  comp= 2.7533e+01 expr= 2.9119e+02 L+= 4.3355e-02 L-= 4.3565e-02  Keff=19.99(min 19.99)  gmin=4.69e-02  floor=0.0e+00  |dM|=1.54e-05  step=1.00e+00
  it  115  L= 3.187237e+02  comp= 2.7533e+01 expr= 2.9119e+02 L+= 4.3370e-02 L-= 4.3578e-02  Keff=19.99(min 19.99)  gmin=4.69e-02  floor=0.0e+00  |dM|=1.54e-05  step=1.00e+00
  it  116  L= 3.187235e+02  comp= 2.7533e+01 expr= 2.9119e+02 L+= 4.3385e-02 L-= 4.3593e-02  Keff=19.99(min 19.99)  gmin=4.69e-02  floor=0.0e+00  |dM|=1.54e-05  step=1.00e+00
  it  117  L= 3.187234e+02  comp= 2.7533e+01 expr= 2.9119e+02 L+= 4.3397e-02 L-= 4.3605e-02  Keff=19.99(min 19.99)  gmin=4.69e-02  floor=0.0e+00  |dM|=1.54e-05  step=1.00e+00
  it  118  L= 3.187233e+02  comp= 2.7533e+01 expr= 2.9119e+02 L+= 4.3412e-02 L-= 4.3617e-02  Keff=19.99(min 19.99)  gmin=4.69e-02  floor=0.0e+00  |dM|=1.54e-05  step=1.00e+00
  it  119  L= 3.187232e+02  comp= 2.7533e+01 expr= 2.9119e+02 L+= 4.3424e-02 L-= 4.3631e-02  Keff=19.99(min 19.99)  gmin=4.69e-02  floor=0.0e+00  |dM|=1.55e-05  step=1.00e+00
  it  120  L= 3.187230e+02  comp= 2.7533e+01 expr= 2.9119e+02 L+= 4.3438e-02 L-= 4.3644e-02  Keff=19.99(min 19.99)  gmin=4.69e-02  floor=0.0e+00  |dM|=1.55e-05  step=1.00e+00
  it  121  L= 3.187229e+02  comp= 2.7533e+01 expr= 2.9119e+02 L+= 4.3453e-02 L-= 4.3658e-02  Keff=19.99(min 19.99)  gmin=4.69e-02  floor=0.0e+00  |dM|=1.55e-05  step=1.00e+00
  it  122  L= 3.187228e+02  comp= 2.7533e+01 expr= 2.9119e+02 L+= 4.3467e-02 L-= 4.3673e-02  Keff=19.99(min 19.99)  gmin=4.69e-02  floor=0.0e+00  |dM|=1.55e-05  step=1.00e+00
  it  123  L= 3.187226e+02  comp= 2.7533e+01 expr= 2.9119e+02 L+= 4.3480e-02 L-= 4.3688e-02  Keff=19.99(min 19.99)  gmin=4.69e-02  floor=0.0e+00  |dM|=1.55e-05  step=1.00e+00
  it  124  L= 3.187225e+02  comp= 2.7533e+01 expr= 2.9119e+02 L+= 4.3494e-02 L-= 4.3701e-02  Keff=19.99(min 19.99)  gmin=4.69e-02  floor=0.0e+00  |dM|=1.55e-05  step=1.00e+00
  it  125  L= 3.187224e+02  comp= 2.7533e+01 expr= 2.9119e+02 L+= 4.3509e-02 L-= 4.3714e-02  Keff=19.99(min 19.99)  gmin=4.69e-02  floor=0.0e+00  |dM|=1.56e-05  step=1.00e+00
  it  126  L= 3.187223e+02  comp= 2.7533e+01 expr= 2.9119e+02 L+= 4.3521e-02 L-= 4.3725e-02  Keff=19.99(min 19.99)  gmin=4.69e-02  floor=0.0e+00  |dM|=1.56e-05  step=1.00e+00
  it  127  L= 3.187221e+02  comp= 2.7533e+01 expr= 2.9119e+02 L+= 4.3535e-02 L-= 4.3739e-02  Keff=19.99(min 19.99)  gmin=4.69e-02  floor=0.0e+00  |dM|=1.56e-05  step=1.00e+00
  it  128  L= 3.187220e+02  comp= 2.7533e+01 expr= 2.9119e+02 L+= 4.3551e-02 L-= 4.3753e-02  Keff=19.99(min 19.99)  gmin=4.69e-02  floor=0.0e+00  |dM|=1.56e-05  step=1.00e+00
  it  129  L= 3.187218e+02  comp= 2.7533e+01 expr= 2.9119e+02 L+= 4.3563e-02 L-= 4.3766e-02  Keff=19.99(min 19.99)  gmin=4.69e-02  floor=0.0e+00  |dM|=1.56e-05  step=1.00e+00
  it  130  L= 3.187217e+02  comp= 2.7533e+01 expr= 2.9119e+02 L+= 4.3579e-02 L-= 4.3782e-02  Keff=19.99(min 19.99)  gmin=4.69e-02  floor=0.0e+00  |dM|=1.56e-05  step=1.00e+00
  it  131  L= 3.187216e+02  comp= 2.7533e+01 expr= 2.9119e+02 L+= 4.3593e-02 L-= 4.3793e-02  Keff=19.99(min 19.99)  gmin=4.69e-02  floor=0.0e+00  |dM|=1.57e-05  step=1.00e+00
  it  132  L= 3.187215e+02  comp= 2.7533e+01 expr= 2.9119e+02 L+= 4.3607e-02 L-= 4.3808e-02  Keff=19.99(min 19.99)  gmin=4.69e-02  floor=0.0e+00  |dM|=1.57e-05  step=1.00e+00
  it  133  L= 3.187213e+02  comp= 2.7533e+01 expr= 2.9119e+02 L+= 4.3619e-02 L-= 4.3820e-02  Keff=19.99(min 19.99)  gmin=4.69e-02  floor=0.0e+00  |dM|=1.57e-05  step=1.00e+00
  it  134  L= 3.187212e+02  comp= 2.7533e+01 expr= 2.9119e+02 L+= 4.3633e-02 L-= 4.3833e-02  Keff=19.99(min 19.99)  gmin=4.69e-02  floor=0.0e+00  |dM|=1.57e-05  step=1.00e+00
  it  135  L= 3.187211e+02  comp= 2.7533e+01 expr= 2.9119e+02 L+= 4.3650e-02 L-= 4.3845e-02  Keff=19.99(min 19.99)  gmin=4.69e-02  floor=0.0e+00  |dM|=1.57e-05  step=1.00e+00
  it  136  L= 3.187209e+02  comp= 2.7533e+01 expr= 2.9119e+02 L+= 4.3664e-02 L-= 4.3860e-02  Keff=19.99(min 19.99)  gmin=4.69e-02  floor=0.0e+00  |dM|=1.58e-05  step=1.00e+00
  it  137  L= 3.187208e+02  comp= 2.7533e+01 expr= 2.9119e+02 L+= 4.3676e-02 L-= 4.3875e-02  Keff=19.99(min 19.99)  gmin=4.69e-02  floor=0.0e+00  |dM|=1.58e-05  step=1.00e+00
  it  138  L= 3.187206e+02  comp= 2.7533e+01 expr= 2.9119e+02 L+= 4.3692e-02 L-= 4.3887e-02  Keff=19.99(min 19.99)  gmin=4.69e-02  floor=0.0e+00  |dM|=1.58e-05  step=1.00e+00
  it  139  L= 3.187205e+02  comp= 2.7533e+01 expr= 2.9119e+02 L+= 4.3705e-02 L-= 4.3902e-02  Keff=19.99(min 19.99)  gmin=4.69e-02  floor=0.0e+00  |dM|=1.58e-05  step=1.00e+00
  it  140  L= 3.187204e+02  comp= 2.7533e+01 expr= 2.9119e+02 L+= 4.3719e-02 L-= 4.3916e-02  Keff=19.99(min 19.99)  gmin=4.69e-02  floor=0.0e+00  |dM|=1.58e-05  step=1.00e+00
  it  141  L= 3.187202e+02  comp= 2.7533e+01 expr= 2.9119e+02 L+= 4.3738e-02 L-= 4.3930e-02  Keff=19.99(min 19.99)  gmin=4.69e-02  floor=0.0e+00  |dM|=1.58e-05  step=1.00e+00
  it  142  L= 3.187201e+02  comp= 2.7533e+01 expr= 2.9119e+02 L+= 4.3748e-02 L-= 4.3944e-02  Keff=19.99(min 19.99)  gmin=4.69e-02  floor=0.0e+00  |dM|=1.59e-05  step=1.00e+00
  it  143  L= 3.187200e+02  comp= 2.7533e+01 expr= 2.9119e+02 L+= 4.3763e-02 L-= 4.3956e-02  Keff=19.99(min 19.99)  gmin=4.69e-02  floor=0.0e+00  |dM|=1.59e-05  step=1.00e+00
  it  144  L= 3.187198e+02  comp= 2.7533e+01 expr= 2.9119e+02 L+= 4.3778e-02 L-= 4.3970e-02  Keff=19.99(min 19.99)  gmin=4.69e-02  floor=0.0e+00  |dM|=1.59e-05  step=1.00e+00
  it  145  L= 3.187197e+02  comp= 2.7533e+01 expr= 2.9119e+02 L+= 4.3792e-02 L-= 4.3986e-02  Keff=19.99(min 19.99)  gmin=4.69e-02  floor=0.0e+00  |dM|=1.59e-05  step=1.00e+00
  it  146  L= 3.187195e+02  comp= 2.7533e+01 expr= 2.9119e+02 L+= 4.3805e-02 L-= 4.3999e-02  Keff=19.99(min 19.99)  gmin=4.69e-02  floor=0.0e+00  |dM|=1.59e-05  step=1.00e+00
  it  147  L= 3.187194e+02  comp= 2.7533e+01 expr= 2.9119e+02 L+= 4.3818e-02 L-= 4.4011e-02  Keff=19.99(min 19.99)  gmin=4.69e-02  floor=0.0e+00  |dM|=1.60e-05  step=1.00e+00
  it  148  L= 3.187193e+02  comp= 2.7533e+01 expr= 2.9119e+02 L+= 4.3836e-02 L-= 4.4026e-02  Keff=19.99(min 19.99)  gmin=4.69e-02  floor=0.0e+00  |dM|=1.60e-05  step=1.00e+00
  it  149  L= 3.187191e+02  comp= 2.7533e+01 expr= 2.9119e+02 L+= 4.3849e-02 L-= 4.4039e-02  Keff=19.99(min 19.99)  gmin=4.69e-02  floor=0.0e+00  |dM|=1.60e-05  step=1.00e+00
  it  150  L= 3.187190e+02  comp= 2.7533e+01 expr= 2.9119e+02 L+= 4.3862e-02 L-= 4.4053e-02  Keff=19.99(min 19.99)  gmin=4.69e-02  floor=0.0e+00  |dM|=1.60e-05  step=1.00e+00
  it  151  L= 3.187189e+02  comp= 2.7533e+01 expr= 2.9119e+02 L+= 4.3877e-02 L-= 4.4066e-02  Keff=19.99(min 19.99)  gmin=4.69e-02  floor=0.0e+00  |dM|=1.60e-05  step=1.00e+00
  it  152  L= 3.187187e+02  comp= 2.7533e+01 expr= 2.9119e+02 L+= 4.3892e-02 L-= 4.4082e-02  Keff=19.99(min 19.99)  gmin=4.69e-02  floor=0.0e+00  |dM|=1.60e-05  step=1.00e+00
  it  153  L= 3.187186e+02  comp= 2.7533e+01 expr= 2.9119e+02 L+= 4.3906e-02 L-= 4.4094e-02  Keff=19.99(min 19.99)  gmin=4.69e-02  floor=0.0e+00  |dM|=1.61e-05  step=1.00e+00
  it  154  L= 3.187185e+02  comp= 2.7533e+01 expr= 2.9119e+02 L+= 4.3921e-02 L-= 4.4107e-02  Keff=19.99(min 19.99)  gmin=4.69e-02  floor=0.0e+00  |dM|=1.61e-05  step=1.00e+00
  it  155  L= 3.187183e+02  comp= 2.7533e+01 expr= 2.9118e+02 L+= 4.3936e-02 L-= 4.4119e-02  Keff=19.99(min 19.99)  gmin=4.69e-02  floor=0.0e+00  |dM|=1.61e-05  step=1.00e+00
  it  156  L= 3.187182e+02  comp= 2.7533e+01 expr= 2.9118e+02 L+= 4.3948e-02 L-= 4.4137e-02  Keff=19.99(min 19.99)  gmin=4.69e-02  floor=0.0e+00  |dM|=1.61e-05  step=1.00e+00
  it  157  L= 3.187180e+02  comp= 2.7533e+01 expr= 2.9118e+02 L+= 4.3962e-02 L-= 4.4147e-02  Keff=19.99(min 19.99)  gmin=4.69e-02  floor=0.0e+00  |dM|=1.61e-05  step=1.00e+00
  it  158  L= 3.187179e+02  comp= 2.7533e+01 expr= 2.9118e+02 L+= 4.3977e-02 L-= 4.4162e-02  Keff=19.99(min 19.99)  gmin=4.69e-02  floor=0.0e+00  |dM|=1.62e-05  step=1.00e+00
  it  159  L= 3.187178e+02  comp= 2.7533e+01 expr= 2.9118e+02 L+= 4.3990e-02 L-= 4.4176e-02  Keff=19.99(min 19.99)  gmin=4.69e-02  floor=0.0e+00  |dM|=1.62e-05  step=1.00e+00
  it  160  L= 3.187176e+02  comp= 2.7533e+01 expr= 2.9118e+02 L+= 4.4009e-02 L-= 4.4190e-02  Keff=19.99(min 19.99)  gmin=4.69e-02  floor=0.0e+00  |dM|=1.62e-05  step=1.00e+00
  it  161  L= 3.187175e+02  comp= 2.7533e+01 expr= 2.9118e+02 L+= 4.4022e-02 L-= 4.4204e-02  Keff=19.99(min 19.99)  gmin=4.69e-02  floor=0.0e+00  |dM|=1.62e-05  step=1.00e+00
  it  162  L= 3.187173e+02  comp= 2.7533e+01 expr= 2.9118e+02 L+= 4.4035e-02 L-= 4.4218e-02  Keff=19.99(min 19.99)  gmin=4.69e-02  floor=0.0e+00  |dM|=1.62e-05  step=1.00e+00
  it  163  L= 3.187173e+02  comp= 2.7533e+01 expr= 2.9118e+02 L+= 4.4050e-02 L-= 4.4232e-02  Keff=19.99(min 19.99)  gmin=4.69e-02  floor=0.0e+00  |dM|=1.62e-05  step=1.00e+00
  it  164  L= 3.187171e+02  comp= 2.7533e+01 expr= 2.9118e+02 L+= 4.4065e-02 L-= 4.4247e-02  Keff=19.99(min 19.99)  gmin=4.69e-02  floor=0.0e+00  |dM|=1.63e-05  step=1.00e+00
  it  165  L= 3.187169e+02  comp= 2.7533e+01 expr= 2.9118e+02 L+= 4.4079e-02 L-= 4.4259e-02  Keff=19.99(min 19.99)  gmin=4.69e-02  floor=0.0e+00  |dM|=1.63e-05  step=1.00e+00
  it  166  L= 3.187168e+02  comp= 2.7533e+01 expr= 2.9118e+02 L+= 4.4096e-02 L-= 4.4274e-02  Keff=19.99(min 19.99)  gmin=4.69e-02  floor=0.0e+00  |dM|=1.63e-05  step=1.00e+00
  it  167  L= 3.187167e+02  comp= 2.7533e+01 expr= 2.9118e+02 L+= 4.4108e-02 L-= 4.4286e-02  Keff=19.99(min 19.99)  gmin=4.69e-02  floor=0.0e+00  |dM|=1.63e-05  step=1.00e+00
  it  168  L= 3.187165e+02  comp= 2.7533e+01 expr= 2.9118e+02 L+= 4.4123e-02 L-= 4.4302e-02  Keff=19.99(min 19.99)  gmin=4.69e-02  floor=0.0e+00  |dM|=1.63e-05  step=1.00e+00
  it  169  L= 3.187164e+02  comp= 2.7533e+01 expr= 2.9118e+02 L+= 4.4139e-02 L-= 4.4316e-02  Keff=19.99(min 19.99)  gmin=4.69e-02  floor=0.0e+00  |dM|=1.64e-05  step=1.00e+00
  it  170  L= 3.187162e+02  comp= 2.7533e+01 expr= 2.9118e+02 L+= 4.4154e-02 L-= 4.4330e-02  Keff=19.99(min 19.99)  gmin=4.69e-02  floor=0.0e+00  |dM|=1.64e-05  step=1.00e+00
  it  171  L= 3.187161e+02  comp= 2.7533e+01 expr= 2.9118e+02 L+= 4.4170e-02 L-= 4.4346e-02  Keff=19.99(min 19.99)  gmin=4.69e-02  floor=0.0e+00  |dM|=1.64e-05  step=1.00e+00
  it  172  L= 3.187159e+02  comp= 2.7533e+01 expr= 2.9118e+02 L+= 4.4183e-02 L-= 4.4358e-02  Keff=19.99(min 19.99)  gmin=4.69e-02  floor=0.0e+00  |dM|=1.64e-05  step=1.00e+00
  it  173  L= 3.187158e+02  comp= 2.7533e+01 expr= 2.9118e+02 L+= 4.4198e-02 L-= 4.4373e-02  Keff=19.99(min 19.99)  gmin=4.69e-02  floor=0.0e+00  |dM|=1.64e-05  step=1.00e+00
  it  174  L= 3.187157e+02  comp= 2.7533e+01 expr= 2.9118e+02 L+= 4.4214e-02 L-= 4.4389e-02  Keff=19.99(min 19.99)  gmin=4.69e-02  floor=0.0e+00  |dM|=1.65e-05  step=1.00e+00
  it  175  L= 3.187155e+02  comp= 2.7533e+01 expr= 2.9118e+02 L+= 4.4226e-02 L-= 4.4402e-02  Keff=19.99(min 19.99)  gmin=4.69e-02  floor=0.0e+00  |dM|=1.65e-05  step=1.00e+00
  it  176  L= 3.187154e+02  comp= 2.7533e+01 expr= 2.9118e+02 L+= 4.4243e-02 L-= 4.4415e-02  Keff=19.99(min 19.99)  gmin=4.69e-02  floor=0.0e+00  |dM|=1.65e-05  step=1.00e+00
  it  177  L= 3.187152e+02  comp= 2.7533e+01 expr= 2.9118e+02 L+= 4.4258e-02 L-= 4.4431e-02  Keff=19.99(min 19.99)  gmin=4.69e-02  floor=0.0e+00  |dM|=1.65e-05  step=1.00e+00
  it  178  L= 3.187151e+02  comp= 2.7533e+01 expr= 2.9118e+02 L+= 4.4270e-02 L-= 4.4445e-02  Keff=19.99(min 19.99)  gmin=4.69e-02  floor=0.0e+00  |dM|=1.65e-05  step=1.00e+00
  it  179  L= 3.187150e+02  comp= 2.7533e+01 expr= 2.9118e+02 L+= 4.4287e-02 L-= 4.4459e-02  Keff=19.99(min 19.99)  gmin=4.69e-02  floor=0.0e+00  |dM|=1.65e-05  step=1.00e+00
  it  180  L= 3.187148e+02  comp= 2.7533e+01 expr= 2.9118e+02 L+= 4.4303e-02 L-= 4.4472e-02  Keff=19.99(min 19.99)  gmin=4.69e-02  floor=0.0e+00  |dM|=1.66e-05  step=1.00e+00
  it  181  L= 3.187147e+02  comp= 2.7533e+01 expr= 2.9118e+02 L+= 4.4317e-02 L-= 4.4487e-02  Keff=19.99(min 19.99)  gmin=4.69e-02  floor=0.0e+00  |dM|=1.66e-05  step=1.00e+00
  it  182  L= 3.187145e+02  comp= 2.7533e+01 expr= 2.9118e+02 L+= 4.4330e-02 L-= 4.4503e-02  Keff=19.99(min 19.99)  gmin=4.69e-02  floor=0.0e+00  |dM|=1.66e-05  step=1.00e+00
  it  183  L= 3.187144e+02  comp= 2.7533e+01 expr= 2.9118e+02 L+= 4.4346e-02 L-= 4.4517e-02  Keff=19.99(min 19.99)  gmin=4.69e-02  floor=0.0e+00  |dM|=1.66e-05  step=1.00e+00
  it  184  L= 3.187142e+02  comp= 2.7533e+01 expr= 2.9118e+02 L+= 4.4358e-02 L-= 4.4531e-02  Keff=19.99(min 19.99)  gmin=4.69e-02  floor=0.0e+00  |dM|=1.66e-05  step=1.00e+00
  it  185  L= 3.187141e+02  comp= 2.7533e+01 expr= 2.9118e+02 L+= 4.4375e-02 L-= 4.4544e-02  Keff=19.99(min 19.99)  gmin=4.69e-02  floor=0.0e+00  |dM|=1.67e-05  step=1.00e+00
  it  186  L= 3.187139e+02  comp= 2.7533e+01 expr= 2.9118e+02 L+= 4.4389e-02 L-= 4.4557e-02  Keff=19.99(min 19.99)  gmin=4.69e-02  floor=0.0e+00  |dM|=1.67e-05  step=1.00e+00
  it  187  L= 3.187138e+02  comp= 2.7533e+01 expr= 2.9118e+02 L+= 4.4407e-02 L-= 4.4573e-02  Keff=19.99(min 19.99)  gmin=4.69e-02  floor=0.0e+00  |dM|=1.67e-05  step=1.00e+00
  it  188  L= 3.187137e+02  comp= 2.7533e+01 expr= 2.9118e+02 L+= 4.4422e-02 L-= 4.4587e-02  Keff=19.99(min 19.99)  gmin=4.69e-02  floor=0.0e+00  |dM|=1.67e-05  step=1.00e+00
  it  189  L= 3.187135e+02  comp= 2.7533e+01 expr= 2.9118e+02 L+= 4.4436e-02 L-= 4.4601e-02  Keff=19.99(min 19.99)  gmin=4.69e-02  floor=0.0e+00  |dM|=1.67e-05  step=1.00e+00
  it  190  L= 3.187133e+02  comp= 2.7533e+01 expr= 2.9118e+02 L+= 4.4453e-02 L-= 4.4615e-02  Keff=19.99(min 19.99)  gmin=4.69e-02  floor=0.0e+00  |dM|=1.68e-05  step=1.00e+00
  it  191  L= 3.187132e+02  comp= 2.7533e+01 expr= 2.9118e+02 L+= 4.4466e-02 L-= 4.4631e-02  Keff=19.99(min 19.99)  gmin=4.69e-02  floor=0.0e+00  |dM|=1.68e-05  step=1.00e+00
  it  192  L= 3.187131e+02  comp= 2.7533e+01 expr= 2.9118e+02 L+= 4.4481e-02 L-= 4.4648e-02  Keff=19.99(min 19.99)  gmin=4.69e-02  floor=0.0e+00  |dM|=1.68e-05  step=1.00e+00
  it  193  L= 3.187129e+02  comp= 2.7533e+01 expr= 2.9118e+02 L+= 4.4496e-02 L-= 4.4659e-02  Keff=19.99(min 19.99)  gmin=4.69e-02  floor=0.0e+00  |dM|=1.68e-05  step=1.00e+00
  it  194  L= 3.187128e+02  comp= 2.7533e+01 expr= 2.9118e+02 L+= 4.4513e-02 L-= 4.4676e-02  Keff=19.99(min 19.99)  gmin=4.69e-02  floor=0.0e+00  |dM|=1.68e-05  step=1.00e+00
  it  195  L= 3.187126e+02  comp= 2.7533e+01 expr= 2.9118e+02 L+= 4.4525e-02 L-= 4.4686e-02  Keff=19.99(min 19.99)  gmin=4.69e-02  floor=0.0e+00  |dM|=1.69e-05  step=1.00e+00
  it  196  L= 3.187125e+02  comp= 2.7533e+01 expr= 2.9118e+02 L+= 4.4538e-02 L-= 4.4703e-02  Keff=19.99(min 19.99)  gmin=4.69e-02  floor=0.0e+00  |dM|=1.69e-05  step=1.00e+00
  it  197  L= 3.187123e+02  comp= 2.7533e+01 expr= 2.9118e+02 L+= 4.4555e-02 L-= 4.4719e-02  Keff=19.99(min 19.99)  gmin=4.69e-02  floor=0.0e+00  |dM|=1.69e-05  step=1.00e+00
  it  198  L= 3.187122e+02  comp= 2.7533e+01 expr= 2.9118e+02 L+= 4.4570e-02 L-= 4.4731e-02  Keff=19.99(min 19.99)  gmin=4.69e-02  floor=0.0e+00  |dM|=1.69e-05  step=1.00e+00
  it  199  L= 3.187120e+02  comp= 2.7533e+01 expr= 2.9118e+02 L+= 4.4586e-02 L-= 4.4745e-02  Keff=19.99(min 19.99)  gmin=4.69e-02  floor=0.0e+00  |dM|=1.69e-05  step=1.00e+00
  it  200  L= 3.187119e+02  comp= 2.7533e+01 expr= 2.9118e+02 L+= 4.4603e-02 L-= 4.4762e-02  Keff=19.99(min 19.99)  gmin=4.69e-02  floor=0.0e+00  |dM|=1.70e-05  step=1.00e+00
  it  201  L= 3.187117e+02  comp= 2.7533e+01 expr= 2.9118e+02 L+= 4.4619e-02 L-= 4.4775e-02  Keff=19.99(min 19.99)  gmin=4.69e-02  floor=0.0e+00  |dM|=1.70e-05  step=1.00e+00
  it  202  L= 3.187116e+02  comp= 2.7533e+01 expr= 2.9118e+02 L+= 4.4633e-02 L-= 4.4789e-02  Keff=19.99(min 19.99)  gmin=4.69e-02  floor=0.0e+00  |dM|=1.70e-05  step=1.00e+00
  it  203  L= 3.187115e+02  comp= 2.7533e+01 expr= 2.9118e+02 L+= 4.4648e-02 L-= 4.4805e-02  Keff=19.99(min 19.99)  gmin=4.69e-02  floor=0.0e+00  |dM|=1.70e-05  step=1.00e+00
  it  204  L= 3.187113e+02  comp= 2.7533e+01 expr= 2.9118e+02 L+= 4.4663e-02 L-= 4.4819e-02  Keff=19.99(min 19.99)  gmin=4.69e-02  floor=0.0e+00  |dM|=1.70e-05  step=1.00e+00
  it  205  L= 3.187112e+02  comp= 2.7533e+01 expr= 2.9118e+02 L+= 4.4679e-02 L-= 4.4834e-02  Keff=19.99(min 19.99)  gmin=4.69e-02  floor=0.0e+00  |dM|=1.70e-05  step=1.00e+00
  it  206  L= 3.187110e+02  comp= 2.7533e+01 expr= 2.9118e+02 L+= 4.4694e-02 L-= 4.4848e-02  Keff=19.99(min 19.99)  gmin=4.69e-02  floor=0.0e+00  |dM|=1.71e-05  step=1.00e+00
  it  207  L= 3.187109e+02  comp= 2.7533e+01 expr= 2.9118e+02 L+= 4.4710e-02 L-= 4.4863e-02  Keff=19.99(min 19.99)  gmin=4.69e-02  floor=0.0e+00  |dM|=1.71e-05  step=1.00e+00
  it  208  L= 3.187107e+02  comp= 2.7533e+01 expr= 2.9118e+02 L+= 4.4724e-02 L-= 4.4879e-02  Keff=19.99(min 19.99)  gmin=4.69e-02  floor=0.0e+00  |dM|=1.71e-05  step=1.00e+00
  it  209  L= 3.187106e+02  comp= 2.7533e+01 expr= 2.9118e+02 L+= 4.4739e-02 L-= 4.4894e-02  Keff=19.99(min 19.99)  gmin=4.69e-02  floor=0.0e+00  |dM|=1.71e-05  step=1.00e+00
  it  210  L= 3.187104e+02  comp= 2.7533e+01 expr= 2.9118e+02 L+= 4.4754e-02 L-= 4.4910e-02  Keff=19.99(min 19.99)  gmin=4.69e-02  floor=0.0e+00  |dM|=1.71e-05  step=1.00e+00
  it  211  L= 3.187103e+02  comp= 2.7533e+01 expr= 2.9118e+02 L+= 4.4769e-02 L-= 4.4922e-02  Keff=19.99(min 19.99)  gmin=4.69e-02  floor=0.0e+00  |dM|=1.72e-05  step=1.00e+00
  it  212  L= 3.187101e+02  comp= 2.7533e+01 expr= 2.9118e+02 L+= 4.4787e-02 L-= 4.4938e-02  Keff=19.99(min 19.99)  gmin=4.69e-02  floor=0.0e+00  |dM|=1.72e-05  step=1.00e+00
  it  213  L= 3.187100e+02  comp= 2.7533e+01 expr= 2.9118e+02 L+= 4.4803e-02 L-= 4.4953e-02  Keff=19.99(min 19.99)  gmin=4.69e-02  floor=0.0e+00  |dM|=1.72e-05  step=1.00e+00
  it  214  L= 3.187098e+02  comp= 2.7533e+01 expr= 2.9118e+02 L+= 4.4817e-02 L-= 4.4967e-02  Keff=19.99(min 19.99)  gmin=4.69e-02  floor=0.0e+00  |dM|=1.72e-05  step=1.00e+00
  it  215  L= 3.187097e+02  comp= 2.7533e+01 expr= 2.9118e+02 L+= 4.4832e-02 L-= 4.4981e-02  Keff=19.99(min 19.99)  gmin=4.69e-02  floor=0.0e+00  |dM|=1.72e-05  step=1.00e+00
  it  216  L= 3.187095e+02  comp= 2.7533e+01 expr= 2.9118e+02 L+= 4.4849e-02 L-= 4.4996e-02  Keff=19.99(min 19.99)  gmin=4.69e-02  floor=0.0e+00  |dM|=1.73e-05  step=1.00e+00
  it  217  L= 3.187094e+02  comp= 2.7533e+01 expr= 2.9118e+02 L+= 4.4864e-02 L-= 4.5010e-02  Keff=19.99(min 19.99)  gmin=4.69e-02  floor=0.0e+00  |dM|=1.73e-05  step=1.00e+00
  it  218  L= 3.187092e+02  comp= 2.7533e+01 expr= 2.9118e+02 L+= 4.4879e-02 L-= 4.5026e-02  Keff=19.99(min 19.99)  gmin=4.69e-02  floor=0.0e+00  |dM|=1.73e-05  step=1.00e+00
  it  219  L= 3.187090e+02  comp= 2.7533e+01 expr= 2.9118e+02 L+= 4.4896e-02 L-= 4.5040e-02  Keff=19.99(min 19.99)  gmin=4.69e-02  floor=0.0e+00  |dM|=1.73e-05  step=1.00e+00
  it  220  L= 3.187089e+02  comp= 2.7533e+01 expr= 2.9118e+02 L+= 4.4910e-02 L-= 4.5057e-02  Keff=19.99(min 19.99)  gmin=4.69e-02  floor=0.0e+00  |dM|=1.73e-05  step=1.00e+00
  it  221  L= 3.187088e+02  comp= 2.7533e+01 expr= 2.9118e+02 L+= 4.4927e-02 L-= 4.5071e-02  Keff=19.99(min 19.99)  gmin=4.69e-02  floor=0.0e+00  |dM|=1.74e-05  step=1.00e+00
  it  222  L= 3.187086e+02  comp= 2.7533e+01 expr= 2.9118e+02 L+= 4.4943e-02 L-= 4.5088e-02  Keff=19.99(min 19.99)  gmin=4.69e-02  floor=0.0e+00  |dM|=1.74e-05  step=1.00e+00
  it  223  L= 3.187085e+02  comp= 2.7533e+01 expr= 2.9118e+02 L+= 4.4960e-02 L-= 4.5103e-02  Keff=19.99(min 19.99)  gmin=4.69e-02  floor=0.0e+00  |dM|=1.74e-05  step=1.00e+00
  it  224  L= 3.187083e+02  comp= 2.7533e+01 expr= 2.9117e+02 L+= 4.4972e-02 L-= 4.5115e-02  Keff=19.99(min 19.99)  gmin=4.69e-02  floor=0.0e+00  |dM|=1.74e-05  step=1.00e+00
  it  225  L= 3.187081e+02  comp= 2.7533e+01 expr= 2.9117e+02 L+= 4.4988e-02 L-= 4.5132e-02  Keff=19.99(min 19.99)  gmin=4.69e-02  floor=0.0e+00  |dM|=1.74e-05  step=1.00e+00
  it  226  L= 3.187079e+02  comp= 2.7533e+01 expr= 2.9117e+02 L+= 4.5005e-02 L-= 4.5147e-02  Keff=19.99(min 19.99)  gmin=4.69e-02  floor=0.0e+00  |dM|=1.75e-05  step=1.00e+00
  it  227  L= 3.187078e+02  comp= 2.7533e+01 expr= 2.9117e+02 L+= 4.5021e-02 L-= 4.5162e-02  Keff=19.99(min 19.99)  gmin=4.69e-02  floor=0.0e+00  |dM|=1.75e-05  step=1.00e+00
  it  228  L= 3.187077e+02  comp= 2.7533e+01 expr= 2.9117e+02 L+= 4.5036e-02 L-= 4.5176e-02  Keff=19.99(min 19.99)  gmin=4.69e-02  floor=0.0e+00  |dM|=1.75e-05  step=1.00e+00
  it  229  L= 3.187075e+02  comp= 2.7533e+01 expr= 2.9117e+02 L+= 4.5052e-02 L-= 4.5192e-02  Keff=19.99(min 19.99)  gmin=4.69e-02  floor=0.0e+00  |dM|=1.75e-05  step=1.00e+00
  it  230  L= 3.187074e+02  comp= 2.7533e+01 expr= 2.9117e+02 L+= 4.5069e-02 L-= 4.5207e-02  Keff=19.99(min 19.99)  gmin=4.69e-02  floor=0.0e+00  |dM|=1.76e-05  step=1.00e+00
  it  231  L= 3.187072e+02  comp= 2.7533e+01 expr= 2.9117e+02 L+= 4.5086e-02 L-= 4.5222e-02  Keff=19.99(min 19.99)  gmin=4.69e-02  floor=0.0e+00  |dM|=1.76e-05  step=1.00e+00
  it  232  L= 3.187071e+02  comp= 2.7533e+01 expr= 2.9117e+02 L+= 4.5097e-02 L-= 4.5237e-02  Keff=19.99(min 19.99)  gmin=4.69e-02  floor=0.0e+00  |dM|=1.76e-05  step=1.00e+00
  it  233  L= 3.187069e+02  comp= 2.7533e+01 expr= 2.9117e+02 L+= 4.5114e-02 L-= 4.5252e-02  Keff=19.99(min 19.99)  gmin=4.69e-02  floor=0.0e+00  |dM|=1.76e-05  step=1.00e+00
  it  234  L= 3.187068e+02  comp= 2.7533e+01 expr= 2.9117e+02 L+= 4.5130e-02 L-= 4.5269e-02  Keff=19.99(min 19.99)  gmin=4.69e-02  floor=0.0e+00  |dM|=1.76e-05  step=1.00e+00
  it  235  L= 3.187066e+02  comp= 2.7533e+01 expr= 2.9117e+02 L+= 4.5149e-02 L-= 4.5283e-02  Keff=19.99(min 19.99)  gmin=4.69e-02  floor=0.0e+00  |dM|=1.77e-05  step=1.00e+00
  it  236  L= 3.187064e+02  comp= 2.7533e+01 expr= 2.9117e+02 L+= 4.5164e-02 L-= 4.5298e-02  Keff=19.99(min 19.99)  gmin=4.69e-02  floor=0.0e+00  |dM|=1.77e-05  step=1.00e+00
  it  237  L= 3.187063e+02  comp= 2.7533e+01 expr= 2.9117e+02 L+= 4.5180e-02 L-= 4.5315e-02  Keff=19.99(min 19.99)  gmin=4.69e-02  floor=0.0e+00  |dM|=1.77e-05  step=1.00e+00
  it  238  L= 3.187062e+02  comp= 2.7533e+01 expr= 2.9117e+02 L+= 4.5193e-02 L-= 4.5329e-02  Keff=19.99(min 19.99)  gmin=4.69e-02  floor=0.0e+00  |dM|=1.77e-05  step=1.00e+00
  it  239  L= 3.187059e+02  comp= 2.7533e+01 expr= 2.9117e+02 L+= 4.5209e-02 L-= 4.5343e-02  Keff=19.99(min 19.99)  gmin=4.69e-02  floor=0.0e+00  |dM|=1.77e-05  step=1.00e+00
  it  240  L= 3.187058e+02  comp= 2.7533e+01 expr= 2.9117e+02 L+= 4.5224e-02 L-= 4.5359e-02  Keff=19.99(min 19.99)  gmin=4.69e-02  floor=0.0e+00  |dM|=1.78e-05  step=1.00e+00
  it  241  L= 3.187057e+02  comp= 2.7533e+01 expr= 2.9117e+02 L+= 4.5243e-02 L-= 4.5375e-02  Keff=19.99(min 19.99)  gmin=4.69e-02  floor=0.0e+00  |dM|=1.78e-05  step=1.00e+00
  it  242  L= 3.187055e+02  comp= 2.7533e+01 expr= 2.9117e+02 L+= 4.5260e-02 L-= 4.5390e-02  Keff=19.99(min 19.99)  gmin=4.69e-02  floor=0.0e+00  |dM|=1.78e-05  step=1.00e+00
  it  243  L= 3.187053e+02  comp= 2.7533e+01 expr= 2.9117e+02 L+= 4.5275e-02 L-= 4.5404e-02  Keff=19.99(min 19.99)  gmin=4.69e-02  floor=0.0e+00  |dM|=1.78e-05  step=1.00e+00
  it  244  L= 3.187052e+02  comp= 2.7533e+01 expr= 2.9117e+02 L+= 4.5290e-02 L-= 4.5422e-02  Keff=19.99(min 19.99)  gmin=4.69e-02  floor=0.0e+00  |dM|=1.78e-05  step=1.00e+00
  it  245  L= 3.187050e+02  comp= 2.7533e+01 expr= 2.9117e+02 L+= 4.5307e-02 L-= 4.5437e-02  Keff=19.99(min 19.99)  gmin=4.69e-02  floor=0.0e+00  |dM|=1.79e-05  step=1.00e+00
  it  246  L= 3.187049e+02  comp= 2.7533e+01 expr= 2.9117e+02 L+= 4.5322e-02 L-= 4.5452e-02  Keff=19.99(min 19.99)  gmin=4.69e-02  floor=0.0e+00  |dM|=1.79e-05  step=1.00e+00
  it  247  L= 3.187047e+02  comp= 2.7533e+01 expr= 2.9117e+02 L+= 4.5339e-02 L-= 4.5467e-02  Keff=19.99(min 19.99)  gmin=4.69e-02  floor=0.0e+00  |dM|=1.79e-05  step=1.00e+00
  it  248  L= 3.187046e+02  comp= 2.7533e+01 expr= 2.9117e+02 L+= 4.5355e-02 L-= 4.5482e-02  Keff=19.99(min 19.99)  gmin=4.69e-02  floor=0.0e+00  |dM|=1.79e-05  step=1.00e+00
  it  249  L= 3.187044e+02  comp= 2.7533e+01 expr= 2.9117e+02 L+= 4.5372e-02 L-= 4.5497e-02  Keff=19.99(min 19.99)  gmin=4.69e-02  floor=0.0e+00  |dM|=1.79e-05  step=1.00e+00
  it  250  L= 3.187043e+02  comp= 2.7533e+01 expr= 2.9117e+02 L+= 4.5388e-02 L-= 4.5514e-02  Keff=19.99(min 19.99)  gmin=4.69e-02  floor=0.0e+00  |dM|=1.80e-05  step=1.00e+00
  it  251  L= 3.187041e+02  comp= 2.7533e+01 expr= 2.9117e+02 L+= 4.5405e-02 L-= 4.5528e-02  Keff=19.99(min 19.99)  gmin=4.69e-02  floor=0.0e+00  |dM|=1.80e-05  step=1.00e+00
  it  252  L= 3.187039e+02  comp= 2.7533e+01 expr= 2.9117e+02 L+= 4.5421e-02 L-= 4.5544e-02  Keff=19.99(min 19.99)  gmin=4.69e-02  floor=0.0e+00  |dM|=1.80e-05  step=1.00e+00
  it  253  L= 3.187038e+02  comp= 2.7533e+01 expr= 2.9117e+02 L+= 4.5436e-02 L-= 4.5558e-02  Keff=19.99(min 19.99)  gmin=4.69e-02  floor=0.0e+00  |dM|=1.80e-05  step=1.00e+00
  it  254  L= 3.187036e+02  comp= 2.7533e+01 expr= 2.9117e+02 L+= 4.5451e-02 L-= 4.5576e-02  Keff=19.99(min 19.99)  gmin=4.69e-02  floor=0.0e+00  |dM|=1.81e-05  step=1.00e+00
  it  255  L= 3.187034e+02  comp= 2.7533e+01 expr= 2.9117e+02 L+= 4.5470e-02 L-= 4.5590e-02  Keff=19.99(min 19.99)  gmin=4.69e-02  floor=0.0e+00  |dM|=1.81e-05  step=1.00e+00
  it  256  L= 3.187033e+02  comp= 2.7533e+01 expr= 2.9117e+02 L+= 4.5485e-02 L-= 4.5608e-02  Keff=19.99(min 19.99)  gmin=4.69e-02  floor=0.0e+00  |dM|=1.81e-05  step=1.00e+00
  it  257  L= 3.187031e+02  comp= 2.7533e+01 expr= 2.9117e+02 L+= 4.5500e-02 L-= 4.5623e-02  Keff=19.99(min 19.99)  gmin=4.69e-02  floor=0.0e+00  |dM|=1.81e-05  step=1.00e+00
  it  258  L= 3.187029e+02  comp= 2.7533e+01 expr= 2.9117e+02 L+= 4.5517e-02 L-= 4.5637e-02  Keff=19.99(min 19.99)  gmin=4.69e-02  floor=0.0e+00  |dM|=1.81e-05  step=1.00e+00
  it  259  L= 3.187028e+02  comp= 2.7533e+01 expr= 2.9117e+02 L+= 4.5534e-02 L-= 4.5653e-02  Keff=19.99(min 19.99)  gmin=4.69e-02  floor=0.0e+00  |dM|=1.82e-05  step=1.00e+00
  it  260  L= 3.187026e+02  comp= 2.7533e+01 expr= 2.9117e+02 L+= 4.5548e-02 L-= 4.5669e-02  Keff=19.99(min 19.99)  gmin=4.69e-02  floor=0.0e+00  |dM|=1.82e-05  step=1.00e+00
  it  261  L= 3.187025e+02  comp= 2.7533e+01 expr= 2.9117e+02 L+= 4.5568e-02 L-= 4.5685e-02  Keff=19.99(min 19.99)  gmin=4.69e-02  floor=0.0e+00  |dM|=1.82e-05  step=1.00e+00
  it  262  L= 3.187023e+02  comp= 2.7533e+01 expr= 2.9117e+02 L+= 4.5582e-02 L-= 4.5702e-02  Keff=19.99(min 19.99)  gmin=4.69e-02  floor=0.0e+00  |dM|=1.82e-05  step=1.00e+00
  it  263  L= 3.187021e+02  comp= 2.7533e+01 expr= 2.9117e+02 L+= 4.5600e-02 L-= 4.5715e-02  Keff=19.99(min 19.99)  gmin=4.69e-02  floor=0.0e+00  |dM|=1.82e-05  step=1.00e+00
  it  264  L= 3.187020e+02  comp= 2.7533e+01 expr= 2.9117e+02 L+= 4.5617e-02 L-= 4.5733e-02  Keff=19.99(min 19.99)  gmin=4.69e-02  floor=0.0e+00  |dM|=1.83e-05  step=1.00e+00
  it  265  L= 3.187018e+02  comp= 2.7533e+01 expr= 2.9117e+02 L+= 4.5632e-02 L-= 4.5746e-02  Keff=19.99(min 19.99)  gmin=4.69e-02  floor=0.0e+00  |dM|=1.83e-05  step=1.00e+00
  it  266  L= 3.187017e+02  comp= 2.7533e+01 expr= 2.9117e+02 L+= 4.5648e-02 L-= 4.5765e-02  Keff=19.99(min 19.99)  gmin=4.69e-02  floor=0.0e+00  |dM|=1.83e-05  step=1.00e+00
  it  267  L= 3.187015e+02  comp= 2.7533e+01 expr= 2.9117e+02 L+= 4.5664e-02 L-= 4.5780e-02  Keff=19.99(min 19.99)  gmin=4.69e-02  floor=0.0e+00  |dM|=1.83e-05  step=1.00e+00
  it  268  L= 3.187013e+02  comp= 2.7533e+01 expr= 2.9117e+02 L+= 4.5680e-02 L-= 4.5795e-02  Keff=19.99(min 19.99)  gmin=4.69e-02  floor=0.0e+00  |dM|=1.84e-05  step=1.00e+00
  it  269  L= 3.187012e+02  comp= 2.7533e+01 expr= 2.9117e+02 L+= 4.5700e-02 L-= 4.5810e-02  Keff=19.99(min 19.99)  gmin=4.69e-02  floor=0.0e+00  |dM|=1.84e-05  step=1.00e+00
  it  270  L= 3.187010e+02  comp= 2.7533e+01 expr= 2.9117e+02 L+= 4.5714e-02 L-= 4.5829e-02  Keff=19.99(min 19.99)  gmin=4.69e-02  floor=0.0e+00  |dM|=1.84e-05  step=1.00e+00
  it  271  L= 3.187008e+02  comp= 2.7533e+01 expr= 2.9117e+02 L+= 4.5730e-02 L-= 4.5844e-02  Keff=19.99(min 19.99)  gmin=4.69e-02  floor=0.0e+00  |dM|=1.84e-05  step=1.00e+00
  it  272  L= 3.187007e+02  comp= 2.7533e+01 expr= 2.9117e+02 L+= 4.5746e-02 L-= 4.5861e-02  Keff=19.99(min 19.99)  gmin=4.69e-02  floor=0.0e+00  |dM|=1.84e-05  step=1.00e+00
  it  273  L= 3.187005e+02  comp= 2.7533e+01 expr= 2.9117e+02 L+= 4.5766e-02 L-= 4.5873e-02  Keff=19.99(min 19.99)  gmin=4.69e-02  floor=0.0e+00  |dM|=1.85e-05  step=1.00e+00
  it  274  L= 3.187004e+02  comp= 2.7533e+01 expr= 2.9117e+02 L+= 4.5783e-02 L-= 4.5892e-02  Keff=19.99(min 19.99)  gmin=4.69e-02  floor=0.0e+00  |dM|=1.85e-05  step=1.00e+00
  it  275  L= 3.187002e+02  comp= 2.7533e+01 expr= 2.9117e+02 L+= 4.5799e-02 L-= 4.5907e-02  Keff=19.99(min 19.99)  gmin=4.69e-02  floor=0.0e+00  |dM|=1.85e-05  step=1.00e+00
  it  276  L= 3.187000e+02  comp= 2.7533e+01 expr= 2.9117e+02 L+= 4.5815e-02 L-= 4.5922e-02  Keff=19.99(min 19.99)  gmin=4.69e-02  floor=0.0e+00  |dM|=1.85e-05  step=1.00e+00
  it  277  L= 3.186999e+02  comp= 2.7533e+01 expr= 2.9117e+02 L+= 4.5833e-02 L-= 4.5941e-02  Keff=19.99(min 19.99)  gmin=4.69e-02  floor=0.0e+00  |dM|=1.86e-05  step=1.00e+00
  it  278  L= 3.186997e+02  comp= 2.7533e+01 expr= 2.9117e+02 L+= 4.5848e-02 L-= 4.5955e-02  Keff=19.99(min 19.99)  gmin=4.69e-02  floor=0.0e+00  |dM|=1.86e-05  step=1.00e+00
  it  279  L= 3.186995e+02  comp= 2.7533e+01 expr= 2.9117e+02 L+= 4.5862e-02 L-= 4.5970e-02  Keff=19.99(min 19.99)  gmin=4.69e-02  floor=0.0e+00  |dM|=1.86e-05  step=1.00e+00
  it  280  L= 3.186994e+02  comp= 2.7533e+01 expr= 2.9117e+02 L+= 4.5882e-02 L-= 4.5985e-02  Keff=19.99(min 19.99)  gmin=4.69e-02  floor=0.0e+00  |dM|=1.86e-05  step=1.00e+00
  it  281  L= 3.186992e+02  comp= 2.7533e+01 expr= 2.9117e+02 L+= 4.5896e-02 L-= 4.6002e-02  Keff=19.99(min 19.99)  gmin=4.69e-02  floor=0.0e+00  |dM|=1.86e-05  step=1.00e+00
  it  282  L= 3.186990e+02  comp= 2.7533e+01 expr= 2.9117e+02 L+= 4.5914e-02 L-= 4.6018e-02  Keff=19.99(min 19.99)  gmin=4.69e-02  floor=0.0e+00  |dM|=1.87e-05  step=1.00e+00
  it  283  L= 3.186989e+02  comp= 2.7533e+01 expr= 2.9117e+02 L+= 4.5933e-02 L-= 4.6036e-02  Keff=19.99(min 19.99)  gmin=4.69e-02  floor=0.0e+00  |dM|=1.87e-05  step=1.00e+00
  it  284  L= 3.186987e+02  comp= 2.7533e+01 expr= 2.9117e+02 L+= 4.5948e-02 L-= 4.6051e-02  Keff=19.99(min 19.99)  gmin=4.69e-02  floor=0.0e+00  |dM|=1.87e-05  step=1.00e+00
  it  285  L= 3.186985e+02  comp= 2.7533e+01 expr= 2.9117e+02 L+= 4.5966e-02 L-= 4.6066e-02  Keff=19.99(min 19.99)  gmin=4.69e-02  floor=0.0e+00  |dM|=1.87e-05  step=1.00e+00
  it  286  L= 3.186984e+02  comp= 2.7533e+01 expr= 2.9116e+02 L+= 4.5980e-02 L-= 4.6084e-02  Keff=19.99(min 19.99)  gmin=4.69e-02  floor=0.0e+00  |dM|=1.88e-05  step=1.00e+00
  it  287  L= 3.186982e+02  comp= 2.7533e+01 expr= 2.9116e+02 L+= 4.6000e-02 L-= 4.6099e-02  Keff=19.99(min 19.99)  gmin=4.69e-02  floor=0.0e+00  |dM|=1.88e-05  step=1.00e+00
  it  288  L= 3.186980e+02  comp= 2.7533e+01 expr= 2.9116e+02 L+= 4.6017e-02 L-= 4.6116e-02  Keff=19.99(min 19.99)  gmin=4.69e-02  floor=0.0e+00  |dM|=1.88e-05  step=1.00e+00
  it  289  L= 3.186978e+02  comp= 2.7533e+01 expr= 2.9116e+02 L+= 4.6033e-02 L-= 4.6131e-02  Keff=19.99(min 19.99)  gmin=4.69e-02  floor=0.0e+00  |dM|=1.88e-05  step=1.00e+00
  it  290  L= 3.186977e+02  comp= 2.7533e+01 expr= 2.9116e+02 L+= 4.6050e-02 L-= 4.6150e-02  Keff=19.99(min 19.99)  gmin=4.69e-02  floor=0.0e+00  |dM|=1.88e-05  step=1.00e+00
  it  291  L= 3.186976e+02  comp= 2.7533e+01 expr= 2.9116e+02 L+= 4.6067e-02 L-= 4.6164e-02  Keff=19.99(min 19.99)  gmin=4.69e-02  floor=0.0e+00  |dM|=1.89e-05  step=1.00e+00
  it  292  L= 3.186974e+02  comp= 2.7533e+01 expr= 2.9116e+02 L+= 4.6084e-02 L-= 4.6183e-02  Keff=19.99(min 19.99)  gmin=4.69e-02  floor=0.0e+00  |dM|=1.89e-05  step=1.00e+00
  it  293  L= 3.186972e+02  comp= 2.7533e+01 expr= 2.9116e+02 L+= 4.6101e-02 L-= 4.6196e-02  Keff=19.99(min 19.99)  gmin=4.69e-02  floor=0.0e+00  |dM|=1.89e-05  step=1.00e+00
  it  294  L= 3.186970e+02  comp= 2.7533e+01 expr= 2.9116e+02 L+= 4.6118e-02 L-= 4.6214e-02  Keff=19.99(min 19.99)  gmin=4.69e-02  floor=0.0e+00  |dM|=1.89e-05  step=1.00e+00
  it  295  L= 3.186968e+02  comp= 2.7533e+01 expr= 2.9116e+02 L+= 4.6135e-02 L-= 4.6229e-02  Keff=19.99(min 19.99)  gmin=4.69e-02  floor=0.0e+00  |dM|=1.90e-05  step=1.00e+00
  it  296  L= 3.186967e+02  comp= 2.7533e+01 expr= 2.9116e+02 L+= 4.6153e-02 L-= 4.6246e-02  Keff=19.99(min 19.99)  gmin=4.69e-02  floor=0.0e+00  |dM|=1.90e-05  step=1.00e+00
  it  297  L= 3.186965e+02  comp= 2.7533e+01 expr= 2.9116e+02 L+= 4.6169e-02 L-= 4.6263e-02  Keff=19.99(min 19.99)  gmin=4.69e-02  floor=0.0e+00  |dM|=1.90e-05  step=1.00e+00
  it  298  L= 3.186963e+02  comp= 2.7533e+01 expr= 2.9116e+02 L+= 4.6186e-02 L-= 4.6279e-02  Keff=19.99(min 19.99)  gmin=4.69e-02  floor=0.0e+00  |dM|=1.90e-05  step=1.00e+00
  it  299  L= 3.186962e+02  comp= 2.7533e+01 expr= 2.9116e+02 L+= 4.6205e-02 L-= 4.6295e-02  Keff=19.99(min 19.99)  gmin=4.69e-02  floor=0.0e+00  |dM|=1.90e-05  step=1.00e+00
  it  300  L= 3.186960e+02  comp= 2.7533e+01 expr= 2.9116e+02 L+= 4.6220e-02 L-= 4.6312e-02  Keff=19.99(min 19.99)  gmin=4.69e-02  floor=0.0e+00  |dM|=1.91e-05  step=1.00e+00
  it  301  L= 3.186958e+02  comp= 2.7533e+01 expr= 2.9116e+02 L+= 4.6239e-02 L-= 4.6327e-02  Keff=19.99(min 19.99)  gmin=4.69e-02  floor=0.0e+00  |dM|=1.91e-05  step=1.00e+00
  it  302  L= 3.186957e+02  comp= 2.7533e+01 expr= 2.9116e+02 L+= 4.6257e-02 L-= 4.6346e-02  Keff=19.99(min 19.99)  gmin=4.69e-02  floor=0.0e+00  |dM|=1.91e-05  step=1.00e+00
  it  303  L= 3.186955e+02  comp= 2.7533e+01 expr= 2.9116e+02 L+= 4.6275e-02 L-= 4.6364e-02  Keff=19.99(min 19.99)  gmin=4.69e-02  floor=0.0e+00  |dM|=1.91e-05  step=1.00e+00
  it  304  L= 3.186953e+02  comp= 2.7533e+01 expr= 2.9116e+02 L+= 4.6290e-02 L-= 4.6379e-02  Keff=19.99(min 19.99)  gmin=4.69e-02  floor=0.0e+00  |dM|=1.92e-05  step=1.00e+00
  it  305  L= 3.186951e+02  comp= 2.7533e+01 expr= 2.9116e+02 L+= 4.6308e-02 L-= 4.6397e-02  Keff=19.99(min 19.99)  gmin=4.69e-02  floor=0.0e+00  |dM|=1.92e-05  step=1.00e+00
  it  306  L= 3.186950e+02  comp= 2.7533e+01 expr= 2.9116e+02 L+= 4.6327e-02 L-= 4.6413e-02  Keff=19.99(min 19.99)  gmin=4.69e-02  floor=0.0e+00  |dM|=1.92e-05  step=1.00e+00
  it  307  L= 3.186948e+02  comp= 2.7533e+01 expr= 2.9116e+02 L+= 4.6342e-02 L-= 4.6430e-02  Keff=19.99(min 19.99)  gmin=4.69e-02  floor=0.0e+00  |dM|=1.92e-05  step=1.00e+00
  it  308  L= 3.186946e+02  comp= 2.7533e+01 expr= 2.9116e+02 L+= 4.6359e-02 L-= 4.6445e-02  Keff=19.99(min 19.99)  gmin=4.69e-02  floor=0.0e+00  |dM|=1.93e-05  step=1.00e+00
  it  309  L= 3.186945e+02  comp= 2.7533e+01 expr= 2.9116e+02 L+= 4.6376e-02 L-= 4.6463e-02  Keff=19.99(min 19.99)  gmin=4.69e-02  floor=0.0e+00  |dM|=1.93e-05  step=1.00e+00
  it  310  L= 3.186943e+02  comp= 2.7533e+01 expr= 2.9116e+02 L+= 4.6394e-02 L-= 4.6476e-02  Keff=19.99(min 19.99)  gmin=4.69e-02  floor=0.0e+00  |dM|=1.93e-05  step=1.00e+00
  it  311  L= 3.186941e+02  comp= 2.7533e+01 expr= 2.9116e+02 L+= 4.6412e-02 L-= 4.6494e-02  Keff=19.99(min 19.99)  gmin=4.69e-02  floor=0.0e+00  |dM|=1.93e-05  step=1.00e+00
  it  312  L= 3.186939e+02  comp= 2.7533e+01 expr= 2.9116e+02 L+= 4.6428e-02 L-= 4.6511e-02  Keff=19.99(min 19.99)  gmin=4.69e-02  floor=0.0e+00  |dM|=1.93e-05  step=1.00e+00
  it  313  L= 3.186938e+02  comp= 2.7533e+01 expr= 2.9116e+02 L+= 4.6447e-02 L-= 4.6527e-02  Keff=19.99(min 19.99)  gmin=4.69e-02  floor=0.0e+00  |dM|=1.94e-05  step=1.00e+00
  it  314  L= 3.186936e+02  comp= 2.7533e+01 expr= 2.9116e+02 L+= 4.6468e-02 L-= 4.6546e-02  Keff=19.99(min 19.99)  gmin=4.69e-02  floor=0.0e+00  |dM|=1.94e-05  step=1.00e+00
  it  315  L= 3.186935e+02  comp= 2.7533e+01 expr= 2.9116e+02 L+= 4.6484e-02 L-= 4.6563e-02  Keff=19.99(min 19.99)  gmin=4.69e-02  floor=0.0e+00  |dM|=1.94e-05  step=1.00e+00
  it  316  L= 3.186932e+02  comp= 2.7533e+01 expr= 2.9116e+02 L+= 4.6500e-02 L-= 4.6580e-02  Keff=19.99(min 19.99)  gmin=4.69e-02  floor=0.0e+00  |dM|=1.94e-05  step=1.00e+00
  it  317  L= 3.186930e+02  comp= 2.7533e+01 expr= 2.9116e+02 L+= 4.6518e-02 L-= 4.6597e-02  Keff=19.99(min 19.99)  gmin=4.69e-02  floor=0.0e+00  |dM|=1.95e-05  step=1.00e+00
  it  318  L= 3.186929e+02  comp= 2.7533e+01 expr= 2.9116e+02 L+= 4.6534e-02 L-= 4.6613e-02  Keff=19.99(min 19.99)  gmin=4.69e-02  floor=0.0e+00  |dM|=1.95e-05  step=1.00e+00
  it  319  L= 3.186927e+02  comp= 2.7533e+01 expr= 2.9116e+02 L+= 4.6553e-02 L-= 4.6628e-02  Keff=19.99(min 19.99)  gmin=4.69e-02  floor=0.0e+00  |dM|=1.95e-05  step=1.00e+00
  it  320  L= 3.186926e+02  comp= 2.7533e+01 expr= 2.9116e+02 L+= 4.6570e-02 L-= 4.6647e-02  Keff=19.99(min 19.99)  gmin=4.69e-02  floor=0.0e+00  |dM|=1.95e-05  step=1.00e+00
  it  321  L= 3.186923e+02  comp= 2.7533e+01 expr= 2.9116e+02 L+= 4.6587e-02 L-= 4.6663e-02  Keff=19.99(min 19.99)  gmin=4.69e-02  floor=0.0e+00  |dM|=1.96e-05  step=1.00e+00
  it  322  L= 3.186922e+02  comp= 2.7533e+01 expr= 2.9116e+02 L+= 4.6606e-02 L-= 4.6678e-02  Keff=19.99(min 19.99)  gmin=4.69e-02  floor=0.0e+00  |dM|=1.96e-05  step=1.00e+00
  it  323  L= 3.186920e+02  comp= 2.7533e+01 expr= 2.9116e+02 L+= 4.6622e-02 L-= 4.6697e-02  Keff=19.99(min 19.99)  gmin=4.69e-02  floor=0.0e+00  |dM|=1.96e-05  step=1.00e+00
  it  324  L= 3.186918e+02  comp= 2.7533e+01 expr= 2.9116e+02 L+= 4.6639e-02 L-= 4.6715e-02  Keff=19.99(min 19.99)  gmin=4.69e-02  floor=0.0e+00  |dM|=1.96e-05  step=1.00e+00
  it  325  L= 3.186917e+02  comp= 2.7533e+01 expr= 2.9116e+02 L+= 4.6656e-02 L-= 4.6729e-02  Keff=19.99(min 19.99)  gmin=4.69e-02  floor=0.0e+00  |dM|=1.97e-05  step=1.00e+00
  it  326  L= 3.186915e+02  comp= 2.7533e+01 expr= 2.9116e+02 L+= 4.6674e-02 L-= 4.6748e-02  Keff=19.99(min 19.99)  gmin=4.69e-02  floor=0.0e+00  |dM|=1.97e-05  step=1.00e+00
  it  327  L= 3.186913e+02  comp= 2.7533e+01 expr= 2.9116e+02 L+= 4.6692e-02 L-= 4.6766e-02  Keff=19.99(min 19.99)  gmin=4.69e-02  floor=0.0e+00  |dM|=1.97e-05  step=1.00e+00
  it  328  L= 3.186911e+02  comp= 2.7533e+01 expr= 2.9116e+02 L+= 4.6711e-02 L-= 4.6780e-02  Keff=19.99(min 19.99)  gmin=4.69e-02  floor=0.0e+00  |dM|=1.97e-05  step=1.00e+00
  it  329  L= 3.186909e+02  comp= 2.7533e+01 expr= 2.9116e+02 L+= 4.6730e-02 L-= 4.6801e-02  Keff=19.99(min 19.99)  gmin=4.69e-02  floor=0.0e+00  |dM|=1.98e-05  step=1.00e+00
  it  330  L= 3.186907e+02  comp= 2.7533e+01 expr= 2.9116e+02 L+= 4.6746e-02 L-= 4.6818e-02  Keff=19.99(min 19.99)  gmin=4.69e-02  floor=0.0e+00  |dM|=1.98e-05  step=1.00e+00
  it  331  L= 3.186906e+02  comp= 2.7533e+01 expr= 2.9116e+02 L+= 4.6765e-02 L-= 4.6834e-02  Keff=19.99(min 19.99)  gmin=4.69e-02  floor=0.0e+00  |dM|=1.98e-05  step=1.00e+00
  it  332  L= 3.186904e+02  comp= 2.7533e+01 expr= 2.9116e+02 L+= 4.6783e-02 L-= 4.6849e-02  Keff=19.99(min 19.99)  gmin=4.69e-02  floor=0.0e+00  |dM|=1.98e-05  step=1.00e+00
  it  333  L= 3.186902e+02  comp= 2.7533e+01 expr= 2.9116e+02 L+= 4.6800e-02 L-= 4.6868e-02  Keff=19.99(min 19.99)  gmin=4.69e-02  floor=0.0e+00  |dM|=1.98e-05  step=1.00e+00
  it  334  L= 3.186900e+02  comp= 2.7533e+01 expr= 2.9116e+02 L+= 4.6816e-02 L-= 4.6884e-02  Keff=19.99(min 19.99)  gmin=4.69e-02  floor=0.0e+00  |dM|=1.99e-05  step=1.00e+00
  it  335  L= 3.186898e+02  comp= 2.7533e+01 expr= 2.9116e+02 L+= 4.6836e-02 L-= 4.6902e-02  Keff=19.99(min 19.99)  gmin=4.69e-02  floor=0.0e+00  |dM|=1.99e-05  step=1.00e+00
  it  336  L= 3.186897e+02  comp= 2.7533e+01 expr= 2.9116e+02 L+= 4.6854e-02 L-= 4.6920e-02  Keff=19.99(min 19.99)  gmin=4.69e-02  floor=0.0e+00  |dM|=1.99e-05  step=1.00e+00
  it  337  L= 3.186895e+02  comp= 2.7533e+01 expr= 2.9116e+02 L+= 4.6875e-02 L-= 4.6939e-02  Keff=19.99(min 19.99)  gmin=4.69e-02  floor=0.0e+00  |dM|=1.99e-05  step=1.00e+00
  it  338  L= 3.186893e+02  comp= 2.7533e+01 expr= 2.9116e+02 L+= 4.6891e-02 L-= 4.6954e-02  Keff=19.99(min 19.99)  gmin=4.69e-02  floor=0.0e+00  |dM|=2.00e-05  step=1.00e+00
  it  339  L= 3.186891e+02  comp= 2.7533e+01 expr= 2.9116e+02 L+= 4.6908e-02 L-= 4.6971e-02  Keff=19.99(min 19.99)  gmin=4.69e-02  floor=0.0e+00  |dM|=2.00e-05  step=1.00e+00
  it  340  L= 3.186889e+02  comp= 2.7533e+01 expr= 2.9116e+02 L+= 4.6928e-02 L-= 4.6987e-02  Keff=19.99(min 19.99)  gmin=4.69e-02  floor=0.0e+00  |dM|=2.00e-05  step=1.00e+00
  it  341  L= 3.186888e+02  comp= 2.7533e+01 expr= 2.9116e+02 L+= 4.6944e-02 L-= 4.7006e-02  Keff=19.99(min 19.99)  gmin=4.69e-02  floor=0.0e+00  |dM|=2.00e-05  step=1.00e+00
  it  342  L= 3.186886e+02  comp= 2.7533e+01 expr= 2.9116e+02 L+= 4.6963e-02 L-= 4.7024e-02  Keff=19.99(min 19.99)  gmin=4.69e-02  floor=0.0e+00  |dM|=2.01e-05  step=1.00e+00
  it  343  L= 3.186884e+02  comp= 2.7533e+01 expr= 2.9116e+02 L+= 4.6982e-02 L-= 4.7041e-02  Keff=19.99(min 19.99)  gmin=4.69e-02  floor=0.0e+00  |dM|=2.01e-05  step=1.00e+00
  it  344  L= 3.186882e+02  comp= 2.7533e+01 expr= 2.9115e+02 L+= 4.6999e-02 L-= 4.7057e-02  Keff=19.99(min 19.99)  gmin=4.69e-02  floor=0.0e+00  |dM|=2.01e-05  step=1.00e+00
  it  345  L= 3.186880e+02  comp= 2.7533e+01 expr= 2.9115e+02 L+= 4.7019e-02 L-= 4.7076e-02  Keff=19.99(min 19.99)  gmin=4.69e-02  floor=0.0e+00  |dM|=2.01e-05  step=1.00e+00
  it  346  L= 3.186879e+02  comp= 2.7533e+01 expr= 2.9115e+02 L+= 4.7038e-02 L-= 4.7093e-02  Keff=19.99(min 19.99)  gmin=4.69e-02  floor=0.0e+00  |dM|=2.02e-05  step=1.00e+00
  it  347  L= 3.186877e+02  comp= 2.7533e+01 expr= 2.9115e+02 L+= 4.7055e-02 L-= 4.7110e-02  Keff=19.99(min 19.99)  gmin=4.69e-02  floor=0.0e+00  |dM|=2.02e-05  step=1.00e+00
  it  348  L= 3.186875e+02  comp= 2.7533e+01 expr= 2.9115e+02 L+= 4.7071e-02 L-= 4.7127e-02  Keff=19.99(min 19.99)  gmin=4.69e-02  floor=0.0e+00  |dM|=2.02e-05  step=1.00e+00
  it  349  L= 3.186873e+02  comp= 2.7533e+01 expr= 2.9115e+02 L+= 4.7090e-02 L-= 4.7146e-02  Keff=19.99(min 19.99)  gmin=4.69e-02  floor=0.0e+00  |dM|=2.02e-05  step=1.00e+00
  it  350  L= 3.186871e+02  comp= 2.7533e+01 expr= 2.9115e+02 L+= 4.7109e-02 L-= 4.7162e-02  Keff=19.99(min 19.99)  gmin=4.69e-02  floor=0.0e+00  |dM|=2.03e-05  step=1.00e+00
  it  351  L= 3.186870e+02  comp= 2.7533e+01 expr= 2.9115e+02 L+= 4.7126e-02 L-= 4.7179e-02  Keff=19.99(min 19.99)  gmin=4.69e-02  floor=0.0e+00  |dM|=2.03e-05  step=1.00e+00
  it  352  L= 3.186867e+02  comp= 2.7533e+01 expr= 2.9115e+02 L+= 4.7144e-02 L-= 4.7197e-02  Keff=19.99(min 19.99)  gmin=4.69e-02  floor=0.0e+00  |dM|=2.03e-05  step=1.00e+00
  it  353  L= 3.186866e+02  comp= 2.7533e+01 expr= 2.9115e+02 L+= 4.7164e-02 L-= 4.7216e-02  Keff=19.99(min 19.99)  gmin=4.69e-02  floor=0.0e+00  |dM|=2.03e-05  step=1.00e+00
  it  354  L= 3.186863e+02  comp= 2.7533e+01 expr= 2.9115e+02 L+= 4.7182e-02 L-= 4.7234e-02  Keff=19.99(min 19.99)  gmin=4.69e-02  floor=0.0e+00  |dM|=2.04e-05  step=1.00e+00
  it  355  L= 3.186862e+02  comp= 2.7533e+01 expr= 2.9115e+02 L+= 4.7201e-02 L-= 4.7249e-02  Keff=19.99(min 19.99)  gmin=4.69e-02  floor=0.0e+00  |dM|=2.04e-05  step=1.00e+00
  it  356  L= 3.186860e+02  comp= 2.7533e+01 expr= 2.9115e+02 L+= 4.7218e-02 L-= 4.7268e-02  Keff=19.99(min 19.99)  gmin=4.69e-02  floor=0.0e+00  |dM|=2.04e-05  step=1.00e+00
  it  357  L= 3.186858e+02  comp= 2.7533e+01 expr= 2.9115e+02 L+= 4.7236e-02 L-= 4.7283e-02  Keff=19.99(min 19.99)  gmin=4.69e-02  floor=0.0e+00  |dM|=2.04e-05  step=1.00e+00
  it  358  L= 3.186856e+02  comp= 2.7533e+01 expr= 2.9115e+02 L+= 4.7254e-02 L-= 4.7303e-02  Keff=19.99(min 19.99)  gmin=4.69e-02  floor=0.0e+00  |dM|=2.05e-05  step=1.00e+00
  it  359  L= 3.186854e+02  comp= 2.7533e+01 expr= 2.9115e+02 L+= 4.7276e-02 L-= 4.7321e-02  Keff=19.99(min 19.99)  gmin=4.69e-02  floor=0.0e+00  |dM|=2.05e-05  step=1.00e+00
  it  360  L= 3.186853e+02  comp= 2.7533e+01 expr= 2.9115e+02 L+= 4.7293e-02 L-= 4.7338e-02  Keff=19.99(min 19.99)  gmin=4.69e-02  floor=0.0e+00  |dM|=2.05e-05  step=1.00e+00
  it  361  L= 3.186851e+02  comp= 2.7533e+01 expr= 2.9115e+02 L+= 4.7309e-02 L-= 4.7354e-02  Keff=19.99(min 19.99)  gmin=4.69e-02  floor=0.0e+00  |dM|=2.05e-05  step=1.00e+00
  it  362  L= 3.186849e+02  comp= 2.7533e+01 expr= 2.9115e+02 L+= 4.7332e-02 L-= 4.7374e-02  Keff=19.99(min 19.99)  gmin=4.69e-02  floor=0.0e+00  |dM|=2.06e-05  step=1.00e+00
  it  363  L= 3.186847e+02  comp= 2.7533e+01 expr= 2.9115e+02 L+= 4.7347e-02 L-= 4.7393e-02  Keff=19.99(min 19.99)  gmin=4.69e-02  floor=0.0e+00  |dM|=2.06e-05  step=1.00e+00
  it  364  L= 3.186845e+02  comp= 2.7533e+01 expr= 2.9115e+02 L+= 4.7365e-02 L-= 4.7409e-02  Keff=19.99(min 19.99)  gmin=4.69e-02  floor=0.0e+00  |dM|=2.06e-05  step=1.00e+00
  it  365  L= 3.186843e+02  comp= 2.7533e+01 expr= 2.9115e+02 L+= 4.7384e-02 L-= 4.7426e-02  Keff=19.99(min 19.99)  gmin=4.69e-02  floor=0.0e+00  |dM|=2.06e-05  step=1.00e+00
  it  366  L= 3.186841e+02  comp= 2.7533e+01 expr= 2.9115e+02 L+= 4.7406e-02 L-= 4.7446e-02  Keff=19.99(min 19.99)  gmin=4.69e-02  floor=0.0e+00  |dM|=2.07e-05  step=1.00e+00
  it  367  L= 3.186840e+02  comp= 2.7533e+01 expr= 2.9115e+02 L+= 4.7423e-02 L-= 4.7463e-02  Keff=19.99(min 19.99)  gmin=4.69e-02  floor=0.0e+00  |dM|=2.07e-05  step=1.00e+00
  it  368  L= 3.186837e+02  comp= 2.7533e+01 expr= 2.9115e+02 L+= 4.7440e-02 L-= 4.7481e-02  Keff=19.99(min 19.99)  gmin=4.69e-02  floor=0.0e+00  |dM|=2.07e-05  step=1.00e+00
  it  369  L= 3.186836e+02  comp= 2.7533e+01 expr= 2.9115e+02 L+= 4.7461e-02 L-= 4.7500e-02  Keff=19.99(min 19.99)  gmin=4.69e-02  floor=0.0e+00  |dM|=2.07e-05  step=1.00e+00
  it  370  L= 3.186833e+02  comp= 2.7533e+01 expr= 2.9115e+02 L+= 4.7479e-02 L-= 4.7518e-02  Keff=19.99(min 19.99)  gmin=4.69e-02  floor=0.0e+00  |dM|=2.08e-05  step=1.00e+00
  it  371  L= 3.186832e+02  comp= 2.7533e+01 expr= 2.9115e+02 L+= 4.7498e-02 L-= 4.7534e-02  Keff=19.99(min 19.99)  gmin=4.69e-02  floor=0.0e+00  |dM|=2.08e-05  step=1.00e+00
  it  372  L= 3.186830e+02  comp= 2.7533e+01 expr= 2.9115e+02 L+= 4.7517e-02 L-= 4.7554e-02  Keff=19.99(min 19.99)  gmin=4.69e-02  floor=0.0e+00  |dM|=2.08e-05  step=1.00e+00
  it  373  L= 3.186828e+02  comp= 2.7533e+01 expr= 2.9115e+02 L+= 4.7536e-02 L-= 4.7573e-02  Keff=19.99(min 19.99)  gmin=4.69e-02  floor=0.0e+00  |dM|=2.08e-05  step=1.00e+00
  it  374  L= 3.186826e+02  comp= 2.7533e+01 expr= 2.9115e+02 L+= 4.7553e-02 L-= 4.7589e-02  Keff=19.99(min 19.99)  gmin=4.69e-02  floor=0.0e+00  |dM|=2.09e-05  step=1.00e+00
  it  375  L= 3.186824e+02  comp= 2.7533e+01 expr= 2.9115e+02 L+= 4.7574e-02 L-= 4.7607e-02  Keff=19.99(min 19.99)  gmin=4.69e-02  floor=0.0e+00  |dM|=2.09e-05  step=1.00e+00
  it  376  L= 3.186823e+02  comp= 2.7533e+01 expr= 2.9115e+02 L+= 4.7590e-02 L-= 4.7626e-02  Keff=19.99(min 19.99)  gmin=4.69e-02  floor=0.0e+00  |dM|=2.09e-05  step=1.00e+00
  it  377  L= 3.186820e+02  comp= 2.7533e+01 expr= 2.9115e+02 L+= 4.7610e-02 L-= 4.7644e-02  Keff=19.99(min 19.99)  gmin=4.69e-02  floor=0.0e+00  |dM|=2.10e-05  step=1.00e+00
  it  378  L= 3.186818e+02  comp= 2.7533e+01 expr= 2.9115e+02 L+= 4.7630e-02 L-= 4.7661e-02  Keff=19.99(min 19.99)  gmin=4.69e-02  floor=0.0e+00  |dM|=2.10e-05  step=1.00e+00
  it  379  L= 3.186817e+02  comp= 2.7533e+01 expr= 2.9115e+02 L+= 4.7649e-02 L-= 4.7682e-02  Keff=19.99(min 19.99)  gmin=4.69e-02  floor=0.0e+00  |dM|=2.10e-05  step=1.00e+00
  it  380  L= 3.186815e+02  comp= 2.7533e+01 expr= 2.9115e+02 L+= 4.7669e-02 L-= 4.7699e-02  Keff=19.99(min 19.99)  gmin=4.69e-02  floor=0.0e+00  |dM|=2.10e-05  step=1.00e+00
  it  381  L= 3.186812e+02  comp= 2.7533e+01 expr= 2.9115e+02 L+= 4.7687e-02 L-= 4.7717e-02  Keff=19.99(min 19.99)  gmin=4.69e-02  floor=0.0e+00  |dM|=2.11e-05  step=1.00e+00
  it  382  L= 3.186811e+02  comp= 2.7533e+01 expr= 2.9115e+02 L+= 4.7706e-02 L-= 4.7734e-02  Keff=19.99(min 19.99)  gmin=4.69e-02  floor=0.0e+00  |dM|=2.11e-05  step=1.00e+00
  it  383  L= 3.186809e+02  comp= 2.7533e+01 expr= 2.9115e+02 L+= 4.7727e-02 L-= 4.7751e-02  Keff=19.99(min 19.99)  gmin=4.69e-02  floor=0.0e+00  |dM|=2.11e-05  step=1.00e+00
  it  384  L= 3.186807e+02  comp= 2.7533e+01 expr= 2.9115e+02 L+= 4.7744e-02 L-= 4.7771e-02  Keff=19.99(min 19.99)  gmin=4.69e-02  floor=0.0e+00  |dM|=2.11e-05  step=1.00e+00
  it  385  L= 3.186805e+02  comp= 2.7533e+01 expr= 2.9115e+02 L+= 4.7764e-02 L-= 4.7790e-02  Keff=19.99(min 19.99)  gmin=4.69e-02  floor=0.0e+00  |dM|=2.12e-05  step=1.00e+00
  it  386  L= 3.186803e+02  comp= 2.7533e+01 expr= 2.9115e+02 L+= 4.7782e-02 L-= 4.7809e-02  Keff=19.99(min 19.99)  gmin=4.69e-02  floor=0.0e+00  |dM|=2.12e-05  step=1.00e+00
  it  387  L= 3.186801e+02  comp= 2.7533e+01 expr= 2.9115e+02 L+= 4.7802e-02 L-= 4.7826e-02  Keff=19.99(min 19.99)  gmin=4.69e-02  floor=0.0e+00  |dM|=2.12e-05  step=1.00e+00
  it  388  L= 3.186799e+02  comp= 2.7533e+01 expr= 2.9115e+02 L+= 4.7821e-02 L-= 4.7845e-02  Keff=19.99(min 19.99)  gmin=4.69e-02  floor=0.0e+00  |dM|=2.12e-05  step=1.00e+00
  it  389  L= 3.186797e+02  comp= 2.7533e+01 expr= 2.9115e+02 L+= 4.7842e-02 L-= 4.7863e-02  Keff=19.99(min 19.99)  gmin=4.69e-02  floor=0.0e+00  |dM|=2.13e-05  step=1.00e+00
  it  390  L= 3.186795e+02  comp= 2.7533e+01 expr= 2.9115e+02 L+= 4.7860e-02 L-= 4.7882e-02  Keff=19.99(min 19.99)  gmin=4.69e-02  floor=0.0e+00  |dM|=2.13e-05  step=1.00e+00
  it  391  L= 3.186793e+02  comp= 2.7533e+01 expr= 2.9115e+02 L+= 4.7879e-02 L-= 4.7901e-02  Keff=19.99(min 19.99)  gmin=4.69e-02  floor=0.0e+00  |dM|=2.13e-05  step=1.00e+00
  it  392  L= 3.186791e+02  comp= 2.7533e+01 expr= 2.9115e+02 L+= 4.7898e-02 L-= 4.7918e-02  Keff=19.99(min 19.99)  gmin=4.69e-02  floor=0.0e+00  |dM|=2.13e-05  step=1.00e+00
  it  393  L= 3.186790e+02  comp= 2.7533e+01 expr= 2.9115e+02 L+= 4.7917e-02 L-= 4.7938e-02  Keff=19.99(min 19.99)  gmin=4.69e-02  floor=0.0e+00  |dM|=2.14e-05  step=1.00e+00
  it  394  L= 3.186787e+02  comp= 2.7533e+01 expr= 2.9115e+02 L+= 4.7936e-02 L-= 4.7955e-02  Keff=19.99(min 19.99)  gmin=4.69e-02  floor=0.0e+00  |dM|=2.14e-05  step=1.00e+00
  it  395  L= 3.186786e+02  comp= 2.7533e+01 expr= 2.9115e+02 L+= 4.7957e-02 L-= 4.7974e-02  Keff=19.99(min 19.99)  gmin=4.69e-02  floor=0.0e+00  |dM|=2.14e-05  step=1.00e+00
  it  396  L= 3.186783e+02  comp= 2.7533e+01 expr= 2.9114e+02 L+= 4.7979e-02 L-= 4.7992e-02  Keff=19.99(min 19.99)  gmin=4.69e-02  floor=0.0e+00  |dM|=2.15e-05  step=1.00e+00
  it  397  L= 3.186781e+02  comp= 2.7533e+01 expr= 2.9114e+02 L+= 4.7995e-02 L-= 4.8011e-02  Keff=19.99(min 19.99)  gmin=4.69e-02  floor=0.0e+00  |dM|=2.15e-05  step=1.00e+00
  it  398  L= 3.186779e+02  comp= 2.7533e+01 expr= 2.9114e+02 L+= 4.8013e-02 L-= 4.8032e-02  Keff=19.99(min 19.99)  gmin=4.69e-02  floor=0.0e+00  |dM|=2.15e-05  step=1.00e+00
  it  399  L= 3.186777e+02  comp= 2.7533e+01 expr= 2.9114e+02 L+= 4.8035e-02 L-= 4.8048e-02  Keff=19.99(min 19.99)  gmin=4.69e-02  floor=0.0e+00  |dM|=2.15e-05  step=1.00e+00
  it  400  L= 3.186776e+02  comp= 2.7533e+01 expr= 2.9114e+02 L+= 4.8054e-02 L-= 4.8066e-02  Keff=19.99(min 19.99)  gmin=4.69e-02  floor=0.0e+00  |dM|=2.16e-05  step=1.00e+00
  it  401  L= 3.186773e+02  comp= 2.7533e+01 expr= 2.9114e+02 L+= 4.8073e-02 L-= 4.8086e-02  Keff=19.99(min 19.99)  gmin=4.69e-02  floor=0.0e+00  |dM|=2.16e-05  step=1.00e+00
  it  402  L= 3.186771e+02  comp= 2.7533e+01 expr= 2.9114e+02 L+= 4.8094e-02 L-= 4.8107e-02  Keff=19.99(min 19.99)  gmin=4.69e-02  floor=0.0e+00  |dM|=2.16e-05  step=1.00e+00
  it  403  L= 3.186769e+02  comp= 2.7533e+01 expr= 2.9114e+02 L+= 4.8115e-02 L-= 4.8125e-02  Keff=19.99(min 19.99)  gmin=4.69e-02  floor=0.0e+00  |dM|=2.16e-05  step=1.00e+00
  it  404  L= 3.186767e+02  comp= 2.7533e+01 expr= 2.9114e+02 L+= 4.8133e-02 L-= 4.8142e-02  Keff=19.99(min 19.99)  gmin=4.69e-02  floor=0.0e+00  |dM|=2.17e-05  step=1.00e+00
  it  405  L= 3.186765e+02  comp= 2.7533e+01 expr= 2.9114e+02 L+= 4.8152e-02 L-= 4.8163e-02  Keff=19.99(min 19.99)  gmin=4.69e-02  floor=0.0e+00  |dM|=2.17e-05  step=1.00e+00
  it  406  L= 3.186763e+02  comp= 2.7533e+01 expr= 2.9114e+02 L+= 4.8172e-02 L-= 4.8181e-02  Keff=19.99(min 19.99)  gmin=4.69e-02  floor=0.0e+00  |dM|=2.17e-05  step=1.00e+00
  it  407  L= 3.186761e+02  comp= 2.7533e+01 expr= 2.9114e+02 L+= 4.8193e-02 L-= 4.8199e-02  Keff=19.99(min 19.99)  gmin=4.69e-02  floor=0.0e+00  |dM|=2.17e-05  step=1.00e+00
  it  408  L= 3.186759e+02  comp= 2.7533e+01 expr= 2.9114e+02 L+= 4.8211e-02 L-= 4.8220e-02  Keff=19.99(min 19.99)  gmin=4.69e-02  floor=0.0e+00  |dM|=2.18e-05  step=1.00e+00
  it  409  L= 3.186758e+02  comp= 2.7533e+01 expr= 2.9114e+02 L+= 4.8229e-02 L-= 4.8238e-02  Keff=19.99(min 19.99)  gmin=4.69e-02  floor=0.0e+00  |dM|=2.18e-05  step=1.00e+00
  it  410  L= 3.186755e+02  comp= 2.7533e+01 expr= 2.9114e+02 L+= 4.8249e-02 L-= 4.8256e-02  Keff=19.99(min 19.99)  gmin=4.69e-02  floor=0.0e+00  |dM|=2.18e-05  step=1.00e+00
  it  411  L= 3.186753e+02  comp= 2.7533e+01 expr= 2.9114e+02 L+= 4.8270e-02 L-= 4.8276e-02  Keff=19.99(min 19.99)  gmin=4.69e-02  floor=0.0e+00  |dM|=2.19e-05  step=1.00e+00
  it  412  L= 3.186751e+02  comp= 2.7533e+01 expr= 2.9114e+02 L+= 4.8291e-02 L-= 4.8294e-02  Keff=19.99(min 19.99)  gmin=4.69e-02  floor=0.0e+00  |dM|=2.19e-05  step=1.00e+00
  it  413  L= 3.186749e+02  comp= 2.7533e+01 expr= 2.9114e+02 L+= 4.8310e-02 L-= 4.8313e-02  Keff=19.99(min 19.99)  gmin=4.69e-02  floor=0.0e+00  |dM|=2.19e-05  step=1.00e+00
  it  414  L= 3.186747e+02  comp= 2.7533e+01 expr= 2.9114e+02 L+= 4.8331e-02 L-= 4.8333e-02  Keff=19.99(min 19.99)  gmin=4.69e-02  floor=0.0e+00  |dM|=2.19e-05  step=1.00e+00
  it  415  L= 3.186745e+02  comp= 2.7533e+01 expr= 2.9114e+02 L+= 4.8349e-02 L-= 4.8354e-02  Keff=19.99(min 19.99)  gmin=4.69e-02  floor=0.0e+00  |dM|=2.20e-05  step=1.00e+00
  it  416  L= 3.186743e+02  comp= 2.7533e+01 expr= 2.9114e+02 L+= 4.8370e-02 L-= 4.8372e-02  Keff=19.99(min 19.99)  gmin=4.69e-02  floor=0.0e+00  |dM|=2.20e-05  step=1.00e+00
  it  417  L= 3.186741e+02  comp= 2.7533e+01 expr= 2.9114e+02 L+= 4.8389e-02 L-= 4.8390e-02  Keff=19.99(min 19.99)  gmin=4.69e-02  floor=0.0e+00  |dM|=2.20e-05  step=1.00e+00
  it  418  L= 3.186739e+02  comp= 2.7533e+01 expr= 2.9114e+02 L+= 4.8409e-02 L-= 4.8407e-02  Keff=19.99(min 19.99)  gmin=4.69e-02  floor=0.0e+00  |dM|=2.21e-05  step=1.00e+00
  it  419  L= 3.186737e+02  comp= 2.7533e+01 expr= 2.9114e+02 L+= 4.8430e-02 L-= 4.8429e-02  Keff=19.99(min 19.99)  gmin=4.69e-02  floor=0.0e+00  |dM|=2.21e-05  step=1.00e+00
  it  420  L= 3.186735e+02  comp= 2.7533e+01 expr= 2.9114e+02 L+= 4.8450e-02 L-= 4.8445e-02  Keff=19.99(min 19.99)  gmin=4.69e-02  floor=0.0e+00  |dM|=2.21e-05  step=1.00e+00
  it  421  L= 3.186732e+02  comp= 2.7533e+01 expr= 2.9114e+02 L+= 4.8469e-02 L-= 4.8466e-02  Keff=19.99(min 19.99)  gmin=4.69e-02  floor=0.0e+00  |dM|=2.21e-05  step=1.00e+00
  it  422  L= 3.186731e+02  comp= 2.7533e+01 expr= 2.9114e+02 L+= 4.8488e-02 L-= 4.8485e-02  Keff=19.99(min 19.99)  gmin=4.69e-02  floor=0.0e+00  |dM|=2.22e-05  step=1.00e+00
  it  423  L= 3.186729e+02  comp= 2.7533e+01 expr= 2.9114e+02 L+= 4.8512e-02 L-= 4.8505e-02  Keff=19.99(min 19.99)  gmin=4.69e-02  floor=0.0e+00  |dM|=2.22e-05  step=1.00e+00
  it  424  L= 3.186726e+02  comp= 2.7533e+01 expr= 2.9114e+02 L+= 4.8529e-02 L-= 4.8523e-02  Keff=19.99(min 19.99)  gmin=4.69e-02  floor=0.0e+00  |dM|=2.22e-05  step=1.00e+00
  it  425  L= 3.186725e+02  comp= 2.7533e+01 expr= 2.9114e+02 L+= 4.8551e-02 L-= 4.8542e-02  Keff=19.99(min 19.99)  gmin=4.69e-02  floor=0.0e+00  |dM|=2.22e-05  step=1.00e+00
  it  426  L= 3.186722e+02  comp= 2.7533e+01 expr= 2.9114e+02 L+= 4.8570e-02 L-= 4.8562e-02  Keff=19.99(min 19.99)  gmin=4.69e-02  floor=0.0e+00  |dM|=2.23e-05  step=1.00e+00
  it  427  L= 3.186720e+02  comp= 2.7533e+01 expr= 2.9114e+02 L+= 4.8589e-02 L-= 4.8580e-02  Keff=19.99(min 19.99)  gmin=4.69e-02  floor=0.0e+00  |dM|=2.23e-05  step=1.00e+00
  it  428  L= 3.186718e+02  comp= 2.7533e+01 expr= 2.9114e+02 L+= 4.8609e-02 L-= 4.8601e-02  Keff=19.99(min 19.99)  gmin=4.69e-02  floor=0.0e+00  |dM|=2.23e-05  step=1.00e+00
  it  429  L= 3.186716e+02  comp= 2.7533e+01 expr= 2.9114e+02 L+= 4.8629e-02 L-= 4.8620e-02  Keff=19.99(min 19.99)  gmin=4.69e-02  floor=0.0e+00  |dM|=2.24e-05  step=1.00e+00
  it  430  L= 3.186714e+02  comp= 2.7533e+01 expr= 2.9114e+02 L+= 4.8651e-02 L-= 4.8639e-02  Keff=19.99(min 19.99)  gmin=4.69e-02  floor=0.0e+00  |dM|=2.24e-05  step=1.00e+00
  it  431  L= 3.186712e+02  comp= 2.7533e+01 expr= 2.9114e+02 L+= 4.8671e-02 L-= 4.8660e-02  Keff=19.99(min 19.99)  gmin=4.69e-02  floor=0.0e+00  |dM|=2.24e-05  step=1.00e+00
  it  432  L= 3.186710e+02  comp= 2.7533e+01 expr= 2.9114e+02 L+= 4.8691e-02 L-= 4.8677e-02  Keff=19.99(min 19.99)  gmin=4.69e-02  floor=0.0e+00  |dM|=2.24e-05  step=1.00e+00
  it  433  L= 3.186708e+02  comp= 2.7533e+01 expr= 2.9114e+02 L+= 4.8710e-02 L-= 4.8697e-02  Keff=19.99(min 19.99)  gmin=4.69e-02  floor=0.0e+00  |dM|=2.25e-05  step=1.00e+00
  it  434  L= 3.186706e+02  comp= 2.7533e+01 expr= 2.9114e+02 L+= 4.8732e-02 L-= 4.8717e-02  Keff=19.99(min 19.99)  gmin=4.69e-02  floor=0.0e+00  |dM|=2.25e-05  step=1.00e+00
  it  435  L= 3.186704e+02  comp= 2.7533e+01 expr= 2.9114e+02 L+= 4.8752e-02 L-= 4.8737e-02  Keff=19.99(min 19.99)  gmin=4.69e-02  floor=0.0e+00  |dM|=2.25e-05  step=1.00e+00
  it  436  L= 3.186701e+02  comp= 2.7533e+01 expr= 2.9114e+02 L+= 4.8773e-02 L-= 4.8757e-02  Keff=19.99(min 19.99)  gmin=4.69e-02  floor=0.0e+00  |dM|=2.26e-05  step=1.00e+00
  it  437  L= 3.186700e+02  comp= 2.7533e+01 expr= 2.9114e+02 L+= 4.8793e-02 L-= 4.8777e-02  Keff=19.99(min 19.99)  gmin=4.69e-02  floor=0.0e+00  |dM|=2.26e-05  step=1.00e+00
  it  438  L= 3.186697e+02  comp= 2.7533e+01 expr= 2.9114e+02 L+= 4.8811e-02 L-= 4.8797e-02  Keff=19.99(min 19.99)  gmin=4.69e-02  floor=0.0e+00  |dM|=2.26e-05  step=1.00e+00
  it  439  L= 3.186695e+02  comp= 2.7533e+01 expr= 2.9114e+02 L+= 4.8836e-02 L-= 4.8815e-02  Keff=19.99(min 19.99)  gmin=4.69e-02  floor=0.0e+00  |dM|=2.26e-05  step=1.00e+00
  it  440  L= 3.186693e+02  comp= 2.7533e+01 expr= 2.9114e+02 L+= 4.8854e-02 L-= 4.8837e-02  Keff=19.99(min 19.99)  gmin=4.69e-02  floor=0.0e+00  |dM|=2.27e-05  step=1.00e+00
  it  441  L= 3.186691e+02  comp= 2.7533e+01 expr= 2.9114e+02 L+= 4.8876e-02 L-= 4.8853e-02  Keff=19.99(min 19.99)  gmin=4.69e-02  floor=0.0e+00  |dM|=2.27e-05  step=1.00e+00
  it  442  L= 3.186689e+02  comp= 2.7533e+01 expr= 2.9114e+02 L+= 4.8895e-02 L-= 4.8876e-02  Keff=19.99(min 19.99)  gmin=4.69e-02  floor=0.0e+00  |dM|=2.27e-05  step=1.00e+00
  it  443  L= 3.186687e+02  comp= 2.7533e+01 expr= 2.9114e+02 L+= 4.8916e-02 L-= 4.8894e-02  Keff=19.99(min 19.99)  gmin=4.69e-02  floor=0.0e+00  |dM|=2.28e-05  step=1.00e+00
  it  444  L= 3.186685e+02  comp= 2.7533e+01 expr= 2.9114e+02 L+= 4.8938e-02 L-= 4.8916e-02  Keff=19.99(min 19.99)  gmin=4.69e-02  floor=0.0e+00  |dM|=2.28e-05  step=1.00e+00
  it  445  L= 3.186682e+02  comp= 2.7533e+01 expr= 2.9113e+02 L+= 4.8959e-02 L-= 4.8933e-02  Keff=19.99(min 19.99)  gmin=4.69e-02  floor=0.0e+00  |dM|=2.28e-05  step=1.00e+00
  it  446  L= 3.186681e+02  comp= 2.7533e+01 expr= 2.9113e+02 L+= 4.8977e-02 L-= 4.8953e-02  Keff=19.99(min 19.99)  gmin=4.69e-02  floor=0.0e+00  |dM|=2.28e-05  step=1.00e+00
  it  447  L= 3.186678e+02  comp= 2.7533e+01 expr= 2.9113e+02 L+= 4.8999e-02 L-= 4.8973e-02  Keff=19.99(min 19.99)  gmin=4.69e-02  floor=0.0e+00  |dM|=2.29e-05  step=1.00e+00
  it  448  L= 3.186676e+02  comp= 2.7533e+01 expr= 2.9113e+02 L+= 4.9020e-02 L-= 4.8994e-02  Keff=19.99(min 19.99)  gmin=4.69e-02  floor=0.0e+00  |dM|=2.29e-05  step=1.00e+00
  it  449  L= 3.186674e+02  comp= 2.7533e+01 expr= 2.9113e+02 L+= 4.9039e-02 L-= 4.9013e-02  Keff=19.99(min 19.99)  gmin=4.69e-02  floor=0.0e+00  |dM|=2.29e-05  step=1.00e+00
  it  450  L= 3.186672e+02  comp= 2.7533e+01 expr= 2.9113e+02 L+= 4.9062e-02 L-= 4.9035e-02  Keff=19.99(min 19.99)  gmin=4.69e-02  floor=0.0e+00  |dM|=2.30e-05  step=1.00e+00
  it  451  L= 3.186669e+02  comp= 2.7533e+01 expr= 2.9113e+02 L+= 4.9082e-02 L-= 4.9053e-02  Keff=19.99(min 19.99)  gmin=4.69e-02  floor=0.0e+00  |dM|=2.30e-05  step=1.00e+00
  it  452  L= 3.186667e+02  comp= 2.7533e+01 expr= 2.9113e+02 L+= 4.9104e-02 L-= 4.9075e-02  Keff=19.99(min 19.99)  gmin=4.69e-02  floor=0.0e+00  |dM|=2.30e-05  step=1.00e+00
  it  453  L= 3.186665e+02  comp= 2.7533e+01 expr= 2.9113e+02 L+= 4.9126e-02 L-= 4.9096e-02  Keff=19.99(min 19.99)  gmin=4.69e-02  floor=0.0e+00  |dM|=2.30e-05  step=1.00e+00
  it  454  L= 3.186663e+02  comp= 2.7533e+01 expr= 2.9113e+02 L+= 4.9147e-02 L-= 4.9116e-02  Keff=19.99(min 19.99)  gmin=4.69e-02  floor=0.0e+00  |dM|=2.31e-05  step=1.00e+00
  it  455  L= 3.186661e+02  comp= 2.7533e+01 expr= 2.9113e+02 L+= 4.9166e-02 L-= 4.9134e-02  Keff=19.99(min 19.99)  gmin=4.69e-02  floor=0.0e+00  |dM|=2.31e-05  step=1.00e+00
  it  456  L= 3.186659e+02  comp= 2.7533e+01 expr= 2.9113e+02 L+= 4.9189e-02 L-= 4.9155e-02  Keff=19.99(min 19.99)  gmin=4.69e-02  floor=0.0e+00  |dM|=2.31e-05  step=1.00e+00
  it  457  L= 3.186656e+02  comp= 2.7533e+01 expr= 2.9113e+02 L+= 4.9210e-02 L-= 4.9173e-02  Keff=19.99(min 19.99)  gmin=4.69e-02  floor=0.0e+00  |dM|=2.32e-05  step=1.00e+00
  it  458  L= 3.186654e+02  comp= 2.7533e+01 expr= 2.9113e+02 L+= 4.9230e-02 L-= 4.9194e-02  Keff=19.99(min 19.99)  gmin=4.69e-02  floor=0.0e+00  |dM|=2.32e-05  step=1.00e+00
  it  459  L= 3.186652e+02  comp= 2.7533e+01 expr= 2.9113e+02 L+= 4.9253e-02 L-= 4.9217e-02  Keff=19.99(min 19.99)  gmin=4.69e-02  floor=0.0e+00  |dM|=2.32e-05  step=1.00e+00
  it  460  L= 3.186650e+02  comp= 2.7533e+01 expr= 2.9113e+02 L+= 4.9274e-02 L-= 4.9236e-02  Keff=19.99(min 19.99)  gmin=4.69e-02  floor=0.0e+00  |dM|=2.33e-05  step=1.00e+00
  it  461  L= 3.186647e+02  comp= 2.7533e+01 expr= 2.9113e+02 L+= 4.9293e-02 L-= 4.9253e-02  Keff=19.99(min 19.99)  gmin=4.69e-02  floor=0.0e+00  |dM|=2.33e-05  step=1.00e+00
  it  462  L= 3.186646e+02  comp= 2.7533e+01 expr= 2.9113e+02 L+= 4.9316e-02 L-= 4.9273e-02  Keff=19.99(min 19.99)  gmin=4.69e-02  floor=0.0e+00  |dM|=2.33e-05  step=1.00e+00
  it  463  L= 3.186643e+02  comp= 2.7533e+01 expr= 2.9113e+02 L+= 4.9336e-02 L-= 4.9297e-02  Keff=19.99(min 19.99)  gmin=4.69e-02  floor=0.0e+00  |dM|=2.33e-05  step=1.00e+00
  it  464  L= 3.186641e+02  comp= 2.7533e+01 expr= 2.9113e+02 L+= 4.9358e-02 L-= 4.9316e-02  Keff=19.99(min 19.99)  gmin=4.69e-02  floor=0.0e+00  |dM|=2.34e-05  step=1.00e+00
  it  465  L= 3.186639e+02  comp= 2.7533e+01 expr= 2.9113e+02 L+= 4.9379e-02 L-= 4.9338e-02  Keff=19.99(min 19.99)  gmin=4.69e-02  floor=0.0e+00  |dM|=2.34e-05  step=1.00e+00
  it  466  L= 3.186637e+02  comp= 2.7533e+01 expr= 2.9113e+02 L+= 4.9400e-02 L-= 4.9356e-02  Keff=19.99(min 19.99)  gmin=4.69e-02  floor=0.0e+00  |dM|=2.34e-05  step=1.00e+00
  it  467  L= 3.186635e+02  comp= 2.7533e+01 expr= 2.9113e+02 L+= 4.9423e-02 L-= 4.9379e-02  Keff=19.99(min 19.99)  gmin=4.69e-02  floor=0.0e+00  |dM|=2.35e-05  step=1.00e+00
  it  468  L= 3.186632e+02  comp= 2.7533e+01 expr= 2.9113e+02 L+= 4.9442e-02 L-= 4.9399e-02  Keff=19.99(min 19.99)  gmin=4.69e-02  floor=0.0e+00  |dM|=2.35e-05  step=1.00e+00
  it  469  L= 3.186630e+02  comp= 2.7533e+01 expr= 2.9113e+02 L+= 4.9465e-02 L-= 4.9420e-02  Keff=19.99(min 19.99)  gmin=4.69e-02  floor=0.0e+00  |dM|=2.35e-05  step=1.00e+00
  it  470  L= 3.186628e+02  comp= 2.7533e+01 expr= 2.9113e+02 L+= 4.9486e-02 L-= 4.9439e-02  Keff=19.99(min 19.99)  gmin=4.69e-02  floor=0.0e+00  |dM|=2.36e-05  step=1.00e+00
  it  471  L= 3.186626e+02  comp= 2.7533e+01 expr= 2.9113e+02 L+= 4.9506e-02 L-= 4.9459e-02  Keff=19.99(min 19.99)  gmin=4.69e-02  floor=0.0e+00  |dM|=2.36e-05  step=1.00e+00
  it  472  L= 3.186624e+02  comp= 2.7533e+01 expr= 2.9113e+02 L+= 4.9526e-02 L-= 4.9479e-02  Keff=19.99(min 19.99)  gmin=4.69e-02  floor=0.0e+00  |dM|=2.36e-05  step=1.00e+00
  it  473  L= 3.186621e+02  comp= 2.7533e+01 expr= 2.9113e+02 L+= 4.9551e-02 L-= 4.9500e-02  Keff=19.99(min 19.99)  gmin=4.69e-02  floor=0.0e+00  |dM|=2.36e-05  step=1.00e+00
  it  474  L= 3.186619e+02  comp= 2.7533e+01 expr= 2.9113e+02 L+= 4.9572e-02 L-= 4.9523e-02  Keff=19.99(min 19.99)  gmin=4.69e-02  floor=0.0e+00  |dM|=2.37e-05  step=1.00e+00
  it  475  L= 3.186617e+02  comp= 2.7533e+01 expr= 2.9113e+02 L+= 4.9593e-02 L-= 4.9543e-02  Keff=19.99(min 19.99)  gmin=4.69e-02  floor=0.0e+00  |dM|=2.37e-05  step=1.00e+00
  it  476  L= 3.186614e+02  comp= 2.7533e+01 expr= 2.9113e+02 L+= 4.9615e-02 L-= 4.9563e-02  Keff=19.99(min 19.99)  gmin=4.69e-02  floor=0.0e+00  |dM|=2.37e-05  step=1.00e+00
  it  477  L= 3.186613e+02  comp= 2.7533e+01 expr= 2.9113e+02 L+= 4.9637e-02 L-= 4.9584e-02  Keff=19.99(min 19.99)  gmin=4.69e-02  floor=0.0e+00  |dM|=2.38e-05  step=1.00e+00
  it  478  L= 3.186609e+02  comp= 2.7533e+01 expr= 2.9113e+02 L+= 4.9658e-02 L-= 4.9604e-02  Keff=19.99(min 19.99)  gmin=4.69e-02  floor=0.0e+00  |dM|=2.38e-05  step=1.00e+00
  it  479  L= 3.186608e+02  comp= 2.7533e+01 expr= 2.9113e+02 L+= 4.9678e-02 L-= 4.9624e-02  Keff=19.99(min 19.99)  gmin=4.69e-02  floor=0.0e+00  |dM|=2.38e-05  step=1.00e+00
  it  480  L= 3.186605e+02  comp= 2.7533e+01 expr= 2.9113e+02 L+= 4.9701e-02 L-= 4.9647e-02  Keff=19.99(min 19.99)  gmin=4.69e-02  floor=0.0e+00  |dM|=2.39e-05  step=1.00e+00
  it  481  L= 3.186603e+02  comp= 2.7533e+01 expr= 2.9113e+02 L+= 4.9721e-02 L-= 4.9668e-02  Keff=19.99(min 19.99)  gmin=4.69e-02  floor=0.0e+00  |dM|=2.39e-05  step=1.00e+00
  it  482  L= 3.186601e+02  comp= 2.7533e+01 expr= 2.9113e+02 L+= 4.9743e-02 L-= 4.9685e-02  Keff=19.99(min 19.99)  gmin=4.69e-02  floor=0.0e+00  |dM|=2.39e-05  step=1.00e+00
  it  483  L= 3.186599e+02  comp= 2.7533e+01 expr= 2.9113e+02 L+= 4.9766e-02 L-= 4.9707e-02  Keff=19.99(min 19.99)  gmin=4.69e-02  floor=0.0e+00  |dM|=2.39e-05  step=1.00e+00
  it  484  L= 3.186596e+02  comp= 2.7533e+01 expr= 2.9113e+02 L+= 4.9788e-02 L-= 4.9729e-02  Keff=19.99(min 19.99)  gmin=4.69e-02  floor=0.0e+00  |dM|=2.40e-05  step=1.00e+00
  it  485  L= 3.186594e+02  comp= 2.7533e+01 expr= 2.9113e+02 L+= 4.9809e-02 L-= 4.9751e-02  Keff=19.99(min 19.99)  gmin=4.69e-02  floor=0.0e+00  |dM|=2.40e-05  step=1.00e+00
  it  486  L= 3.186591e+02  comp= 2.7533e+01 expr= 2.9113e+02 L+= 4.9833e-02 L-= 4.9770e-02  Keff=19.99(min 19.99)  gmin=4.69e-02  floor=0.0e+00  |dM|=2.40e-05  step=1.00e+00
  it  487  L= 3.186589e+02  comp= 2.7533e+01 expr= 2.9113e+02 L+= 4.9854e-02 L-= 4.9793e-02  Keff=19.99(min 19.99)  gmin=4.69e-02  floor=0.0e+00  |dM|=2.41e-05  step=1.00e+00
  it  488  L= 3.186587e+02  comp= 2.7533e+01 expr= 2.9113e+02 L+= 4.9875e-02 L-= 4.9813e-02  Keff=19.99(min 19.99)  gmin=4.69e-02  floor=0.0e+00  |dM|=2.41e-05  step=1.00e+00
  it  489  L= 3.186585e+02  comp= 2.7533e+01 expr= 2.9113e+02 L+= 4.9899e-02 L-= 4.9835e-02  Keff=19.99(min 19.99)  gmin=4.69e-02  floor=0.0e+00  |dM|=2.41e-05  step=1.00e+00
  it  490  L= 3.186583e+02  comp= 2.7533e+01 expr= 2.9112e+02 L+= 4.9922e-02 L-= 4.9856e-02  Keff=19.99(min 19.99)  gmin=4.69e-02  floor=0.0e+00  |dM|=2.42e-05  step=1.00e+00
  it  491  L= 3.186580e+02  comp= 2.7533e+01 expr= 2.9112e+02 L+= 4.9941e-02 L-= 4.9877e-02  Keff=19.99(min 19.99)  gmin=4.69e-02  floor=0.0e+00  |dM|=2.42e-05  step=1.00e+00
  it  492  L= 3.186578e+02  comp= 2.7533e+01 expr= 2.9112e+02 L+= 4.9964e-02 L-= 4.9897e-02  Keff=19.99(min 19.99)  gmin=4.69e-02  floor=0.0e+00  |dM|=2.42e-05  step=1.00e+00
  it  493  L= 3.186575e+02  comp= 2.7533e+01 expr= 2.9112e+02 L+= 4.9986e-02 L-= 4.9919e-02  Keff=19.99(min 19.99)  gmin=4.69e-02  floor=0.0e+00  |dM|=2.43e-05  step=1.00e+00
  it  494  L= 3.186573e+02  comp= 2.7533e+01 expr= 2.9112e+02 L+= 5.0008e-02 L-= 4.9940e-02  Keff=19.99(min 19.99)  gmin=4.69e-02  floor=0.0e+00  |dM|=2.43e-05  step=1.00e+00
  it  495  L= 3.186571e+02  comp= 2.7533e+01 expr= 2.9112e+02 L+= 5.0032e-02 L-= 4.9961e-02  Keff=19.99(min 19.99)  gmin=4.69e-02  floor=0.0e+00  |dM|=2.43e-05  step=1.00e+00
  it  496  L= 3.186569e+02  comp= 2.7533e+01 expr= 2.9112e+02 L+= 5.0051e-02 L-= 4.9983e-02  Keff=19.99(min 19.99)  gmin=4.69e-02  floor=0.0e+00  |dM|=2.44e-05  step=1.00e+00
  it  497  L= 3.186566e+02  comp= 2.7533e+01 expr= 2.9112e+02 L+= 5.0073e-02 L-= 5.0003e-02  Keff=19.99(min 19.99)  gmin=4.69e-02  floor=0.0e+00  |dM|=2.44e-05  step=1.00e+00
  it  498  L= 3.186564e+02  comp= 2.7533e+01 expr= 2.9112e+02 L+= 5.0094e-02 L-= 5.0026e-02  Keff=19.99(min 19.99)  gmin=4.69e-02  floor=0.0e+00  |dM|=2.44e-05  step=1.00e+00
  it  499  L= 3.186562e+02  comp= 2.7533e+01 expr= 2.9112e+02 L+= 5.0118e-02 L-= 5.0046e-02  Keff=19.99(min 19.99)  gmin=4.69e-02  floor=0.0e+00  |dM|=2.45e-05  step=1.00e+00
  it  500  L= 3.186559e+02  comp= 2.7533e+01 expr= 2.9112e+02 L+= 5.0142e-02 L-= 5.0068e-02  Keff=19.99(min 19.99)  gmin=4.69e-02  floor=0.0e+00  |dM|=2.45e-05  step=1.00e+00
  it  501  L= 3.186557e+02  comp= 2.7533e+01 expr= 2.9112e+02 L+= 5.0164e-02 L-= 5.0088e-02  Keff=19.99(min 19.99)  gmin=4.69e-02  floor=0.0e+00  |dM|=2.45e-05  step=1.00e+00
  it  502  L= 3.186555e+02  comp= 2.7533e+01 expr= 2.9112e+02 L+= 5.0186e-02 L-= 5.0109e-02  Keff=19.99(min 19.99)  gmin=4.69e-02  floor=0.0e+00  |dM|=2.45e-05  step=1.00e+00
  it  503  L= 3.186552e+02  comp= 2.7533e+01 expr= 2.9112e+02 L+= 5.0209e-02 L-= 5.0127e-02  Keff=19.99(min 19.99)  gmin=4.69e-02  floor=0.0e+00  |dM|=2.46e-05  step=1.00e+00
  it  504  L= 3.186550e+02  comp= 2.7533e+01 expr= 2.9112e+02 L+= 5.0231e-02 L-= 5.0153e-02  Keff=19.99(min 19.99)  gmin=4.69e-02  floor=0.0e+00  |dM|=2.46e-05  step=1.00e+00
  it  505  L= 3.186548e+02  comp= 2.7533e+01 expr= 2.9112e+02 L+= 5.0253e-02 L-= 5.0175e-02  Keff=19.99(min 19.99)  gmin=4.69e-02  floor=0.0e+00  |dM|=2.46e-05  step=1.00e+00
  it  506  L= 3.186545e+02  comp= 2.7533e+01 expr= 2.9112e+02 L+= 5.0276e-02 L-= 5.0195e-02  Keff=19.99(min 19.99)  gmin=4.69e-02  floor=0.0e+00  |dM|=2.47e-05  step=1.00e+00
  it  507  L= 3.186543e+02  comp= 2.7533e+01 expr= 2.9112e+02 L+= 5.0297e-02 L-= 5.0217e-02  Keff=19.99(min 19.99)  gmin=4.69e-02  floor=0.0e+00  |dM|=2.47e-05  step=1.00e+00
  it  508  L= 3.186541e+02  comp= 2.7533e+01 expr= 2.9112e+02 L+= 5.0322e-02 L-= 5.0238e-02  Keff=19.99(min 19.99)  gmin=4.69e-02  floor=0.0e+00  |dM|=2.47e-05  step=1.00e+00
  it  509  L= 3.186538e+02  comp= 2.7533e+01 expr= 2.9112e+02 L+= 5.0342e-02 L-= 5.0259e-02  Keff=19.99(min 19.99)  gmin=4.69e-02  floor=0.0e+00  |dM|=2.48e-05  step=1.00e+00
  it  510  L= 3.186536e+02  comp= 2.7533e+01 expr= 2.9112e+02 L+= 5.0366e-02 L-= 5.0282e-02  Keff=19.99(min 19.99)  gmin=4.69e-02  floor=0.0e+00  |dM|=2.48e-05  step=1.00e+00
  it  511  L= 3.186533e+02  comp= 2.7533e+01 expr= 2.9112e+02 L+= 5.0388e-02 L-= 5.0305e-02  Keff=19.99(min 19.99)  gmin=4.69e-02  floor=0.0e+00  |dM|=2.48e-05  step=1.00e+00
  it  512  L= 3.186531e+02  comp= 2.7533e+01 expr= 2.9112e+02 L+= 5.0412e-02 L-= 5.0328e-02  Keff=19.99(min 19.99)  gmin=4.69e-02  floor=0.0e+00  |dM|=2.49e-05  step=1.00e+00
  it  513  L= 3.186528e+02  comp= 2.7533e+01 expr= 2.9112e+02 L+= 5.0435e-02 L-= 5.0350e-02  Keff=19.99(min 19.99)  gmin=4.69e-02  floor=0.0e+00  |dM|=2.49e-05  step=1.00e+00
  it  514  L= 3.186526e+02  comp= 2.7533e+01 expr= 2.9112e+02 L+= 5.0456e-02 L-= 5.0370e-02  Keff=19.99(min 19.99)  gmin=4.69e-02  floor=0.0e+00  |dM|=2.49e-05  step=1.00e+00
  it  515  L= 3.186524e+02  comp= 2.7533e+01 expr= 2.9112e+02 L+= 5.0482e-02 L-= 5.0391e-02  Keff=19.99(min 19.99)  gmin=4.69e-02  floor=0.0e+00  |dM|=2.50e-05  step=1.00e+00
  it  516  L= 3.186521e+02  comp= 2.7533e+01 expr= 2.9112e+02 L+= 5.0503e-02 L-= 5.0415e-02  Keff=19.99(min 19.99)  gmin=4.69e-02  floor=0.0e+00  |dM|=2.50e-05  step=1.00e+00
  it  517  L= 3.186519e+02  comp= 2.7533e+01 expr= 2.9112e+02 L+= 5.0528e-02 L-= 5.0436e-02  Keff=19.99(min 19.99)  gmin=4.69e-02  floor=0.0e+00  |dM|=2.50e-05  step=1.00e+00
  it  518  L= 3.186517e+02  comp= 2.7533e+01 expr= 2.9112e+02 L+= 5.0547e-02 L-= 5.0457e-02  Keff=19.99(min 19.99)  gmin=4.69e-02  floor=0.0e+00  |dM|=2.51e-05  step=1.00e+00
  it  519  L= 3.186515e+02  comp= 2.7533e+01 expr= 2.9112e+02 L+= 5.0571e-02 L-= 5.0480e-02  Keff=19.99(min 19.99)  gmin=4.69e-02  floor=0.0e+00  |dM|=2.51e-05  step=1.00e+00
  it  520  L= 3.186512e+02  comp= 2.7533e+01 expr= 2.9112e+02 L+= 5.0593e-02 L-= 5.0503e-02  Keff=19.99(min 19.99)  gmin=4.69e-02  floor=0.0e+00  |dM|=2.51e-05  step=1.00e+00
  it  521  L= 3.186509e+02  comp= 2.7533e+01 expr= 2.9112e+02 L+= 5.0617e-02 L-= 5.0523e-02  Keff=19.99(min 19.99)  gmin=4.69e-02  floor=0.0e+00  |dM|=2.52e-05  step=1.00e+00
  it  522  L= 3.186507e+02  comp= 2.7533e+01 expr= 2.9112e+02 L+= 5.0641e-02 L-= 5.0545e-02  Keff=19.99(min 19.99)  gmin=4.69e-02  floor=0.0e+00  |dM|=2.52e-05  step=1.00e+00
  it  523  L= 3.186505e+02  comp= 2.7533e+01 expr= 2.9112e+02 L+= 5.0663e-02 L-= 5.0564e-02  Keff=19.99(min 19.99)  gmin=4.69e-02  floor=0.0e+00  |dM|=2.52e-05  step=1.00e+00
  it  524  L= 3.186502e+02  comp= 2.7533e+01 expr= 2.9112e+02 L+= 5.0685e-02 L-= 5.0586e-02  Keff=19.99(min 19.99)  gmin=4.69e-02  floor=0.0e+00  |dM|=2.53e-05  step=1.00e+00
  it  525  L= 3.186500e+02  comp= 2.7533e+01 expr= 2.9112e+02 L+= 5.0707e-02 L-= 5.0610e-02  Keff=19.99(min 19.99)  gmin=4.69e-02  floor=0.0e+00  |dM|=2.53e-05  step=1.00e+00
  it  526  L= 3.186497e+02  comp= 2.7533e+01 expr= 2.9112e+02 L+= 5.0731e-02 L-= 5.0633e-02  Keff=19.99(min 19.99)  gmin=4.69e-02  floor=0.0e+00  |dM|=2.53e-05  step=1.00e+00
  it  527  L= 3.186495e+02  comp= 2.7533e+01 expr= 2.9112e+02 L+= 5.0754e-02 L-= 5.0655e-02  Keff=19.99(min 19.99)  gmin=4.69e-02  floor=0.0e+00  |dM|=2.54e-05  step=1.00e+00
  it  528  L= 3.186492e+02  comp= 2.7533e+01 expr= 2.9112e+02 L+= 5.0777e-02 L-= 5.0676e-02  Keff=19.99(min 19.99)  gmin=4.69e-02  floor=0.0e+00  |dM|=2.54e-05  step=1.00e+00
  it  529  L= 3.186490e+02  comp= 2.7533e+01 expr= 2.9112e+02 L+= 5.0799e-02 L-= 5.0698e-02  Keff=19.99(min 19.99)  gmin=4.69e-02  floor=0.0e+00  |dM|=2.54e-05  step=1.00e+00
  it  530  L= 3.186487e+02  comp= 2.7533e+01 expr= 2.9112e+02 L+= 5.0823e-02 L-= 5.0720e-02  Keff=19.99(min 19.99)  gmin=4.69e-02  floor=0.0e+00  |dM|=2.55e-05  step=1.00e+00
  it  531  L= 3.186485e+02  comp= 2.7533e+01 expr= 2.9112e+02 L+= 5.0847e-02 L-= 5.0743e-02  Keff=19.99(min 19.99)  gmin=4.69e-02  floor=0.0e+00  |dM|=2.55e-05  step=1.00e+00
  it  532  L= 3.186483e+02  comp= 2.7533e+01 expr= 2.9111e+02 L+= 5.0869e-02 L-= 5.0766e-02  Keff=19.99(min 19.99)  gmin=4.69e-02  floor=0.0e+00  |dM|=2.55e-05  step=1.00e+00
  it  533  L= 3.186480e+02  comp= 2.7533e+01 expr= 2.9111e+02 L+= 5.0893e-02 L-= 5.0786e-02  Keff=19.99(min 19.99)  gmin=4.69e-02  floor=0.0e+00  |dM|=2.56e-05  step=1.00e+00
  it  534  L= 3.186478e+02  comp= 2.7533e+01 expr= 2.9111e+02 L+= 5.0917e-02 L-= 5.0808e-02  Keff=19.99(min 19.99)  gmin=4.69e-02  floor=0.0e+00  |dM|=2.56e-05  step=1.00e+00
  it  535  L= 3.186476e+02  comp= 2.7533e+01 expr= 2.9111e+02 L+= 5.0939e-02 L-= 5.0833e-02  Keff=19.99(min 19.99)  gmin=4.69e-02  floor=0.0e+00  |dM|=2.56e-05  step=1.00e+00
  it  536  L= 3.186472e+02  comp= 2.7533e+01 expr= 2.9111e+02 L+= 5.0964e-02 L-= 5.0856e-02  Keff=19.99(min 19.99)  gmin=4.69e-02  floor=0.0e+00  |dM|=2.57e-05  step=1.00e+00
  it  537  L= 3.186470e+02  comp= 2.7533e+01 expr= 2.9111e+02 L+= 5.0987e-02 L-= 5.0879e-02  Keff=19.99(min 19.99)  gmin=4.69e-02  floor=0.0e+00  |dM|=2.57e-05  step=1.00e+00
  it  538  L= 3.186468e+02  comp= 2.7533e+01 expr= 2.9111e+02 L+= 5.1013e-02 L-= 5.0900e-02  Keff=19.99(min 19.99)  gmin=4.69e-02  floor=0.0e+00  |dM|=2.57e-05  step=1.00e+00
  it  539  L= 3.186465e+02  comp= 2.7533e+01 expr= 2.9111e+02 L+= 5.1033e-02 L-= 5.0923e-02  Keff=19.99(min 19.99)  gmin=4.69e-02  floor=0.0e+00  |dM|=2.58e-05  step=1.00e+00
  it  540  L= 3.186463e+02  comp= 2.7533e+01 expr= 2.9111e+02 L+= 5.1056e-02 L-= 5.0946e-02  Keff=19.99(min 19.99)  gmin=4.69e-02  floor=0.0e+00  |dM|=2.58e-05  step=1.00e+00
  it  541  L= 3.186460e+02  comp= 2.7533e+01 expr= 2.9111e+02 L+= 5.1081e-02 L-= 5.0967e-02  Keff=19.99(min 19.99)  gmin=4.69e-02  floor=0.0e+00  |dM|=2.58e-05  step=1.00e+00
  it  542  L= 3.186458e+02  comp= 2.7533e+01 expr= 2.9111e+02 L+= 5.1105e-02 L-= 5.0991e-02  Keff=19.99(min 19.99)  gmin=4.69e-02  floor=0.0e+00  |dM|=2.59e-05  step=1.00e+00
  it  543  L= 3.186455e+02  comp= 2.7533e+01 expr= 2.9111e+02 L+= 5.1129e-02 L-= 5.1010e-02  Keff=19.99(min 19.99)  gmin=4.69e-02  floor=0.0e+00  |dM|=2.59e-05  step=1.00e+00
  it  544  L= 3.186453e+02  comp= 2.7533e+01 expr= 2.9111e+02 L+= 5.1154e-02 L-= 5.1037e-02  Keff=19.99(min 19.99)  gmin=4.69e-02  floor=0.0e+00  |dM|=2.59e-05  step=1.00e+00
  it  545  L= 3.186450e+02  comp= 2.7533e+01 expr= 2.9111e+02 L+= 5.1176e-02 L-= 5.1060e-02  Keff=19.99(min 19.99)  gmin=4.69e-02  floor=0.0e+00  |dM|=2.60e-05  step=1.00e+00
  it  546  L= 3.186447e+02  comp= 2.7533e+01 expr= 2.9111e+02 L+= 5.1200e-02 L-= 5.1080e-02  Keff=19.99(min 19.99)  gmin=4.69e-02  floor=0.0e+00  |dM|=2.60e-05  step=1.00e+00
  it  547  L= 3.186445e+02  comp= 2.7533e+01 expr= 2.9111e+02 L+= 5.1224e-02 L-= 5.1105e-02  Keff=19.99(min 19.99)  gmin=4.69e-02  floor=0.0e+00  |dM|=2.60e-05  step=1.00e+00
  it  548  L= 3.186443e+02  comp= 2.7533e+01 expr= 2.9111e+02 L+= 5.1246e-02 L-= 5.1126e-02  Keff=19.99(min 19.99)  gmin=4.69e-02  floor=0.0e+00  |dM|=2.61e-05  step=1.00e+00
  it  549  L= 3.186440e+02  comp= 2.7533e+01 expr= 2.9111e+02 L+= 5.1271e-02 L-= 5.1147e-02  Keff=19.99(min 19.99)  gmin=4.69e-02  floor=0.0e+00  |dM|=2.61e-05  step=1.00e+00
  it  550  L= 3.186437e+02  comp= 2.7533e+01 expr= 2.9111e+02 L+= 5.1295e-02 L-= 5.1172e-02  Keff=19.99(min 19.99)  gmin=4.69e-02  floor=0.0e+00  |dM|=2.61e-05  step=1.00e+00
  it  551  L= 3.186435e+02  comp= 2.7533e+01 expr= 2.9111e+02 L+= 5.1319e-02 L-= 5.1196e-02  Keff=19.99(min 19.99)  gmin=4.69e-02  floor=0.0e+00  |dM|=2.62e-05  step=1.00e+00
  it  552  L= 3.186432e+02  comp= 2.7533e+01 expr= 2.9111e+02 L+= 5.1344e-02 L-= 5.1219e-02  Keff=19.99(min 19.99)  gmin=4.69e-02  floor=0.0e+00  |dM|=2.62e-05  step=1.00e+00
  it  553  L= 3.186429e+02  comp= 2.7533e+01 expr= 2.9111e+02 L+= 5.1368e-02 L-= 5.1243e-02  Keff=19.99(min 19.99)  gmin=4.69e-02  floor=0.0e+00  |dM|=2.62e-05  step=1.00e+00
  it  554  L= 3.186427e+02  comp= 2.7533e+01 expr= 2.9111e+02 L+= 5.1390e-02 L-= 5.1264e-02  Keff=19.99(min 19.99)  gmin=4.69e-02  floor=0.0e+00  |dM|=2.63e-05  step=1.00e+00
  it  555  L= 3.186425e+02  comp= 2.7533e+01 expr= 2.9111e+02 L+= 5.1415e-02 L-= 5.1287e-02  Keff=19.99(min 19.99)  gmin=4.69e-02  floor=0.0e+00  |dM|=2.63e-05  step=1.00e+00
  it  556  L= 3.186422e+02  comp= 2.7533e+01 expr= 2.9111e+02 L+= 5.1441e-02 L-= 5.1314e-02  Keff=19.99(min 19.99)  gmin=4.69e-02  floor=0.0e+00  |dM|=2.63e-05  step=1.00e+00
  it  557  L= 3.186420e+02  comp= 2.7533e+01 expr= 2.9111e+02 L+= 5.1466e-02 L-= 5.1334e-02  Keff=19.99(min 19.99)  gmin=4.69e-02  floor=0.0e+00  |dM|=2.64e-05  step=1.00e+00
  it  558  L= 3.186417e+02  comp= 2.7533e+01 expr= 2.9111e+02 L+= 5.1487e-02 L-= 5.1357e-02  Keff=19.99(min 19.99)  gmin=4.69e-02  floor=0.0e+00  |dM|=2.64e-05  step=1.00e+00
  it  559  L= 3.186414e+02  comp= 2.7533e+01 expr= 2.9111e+02 L+= 5.1512e-02 L-= 5.1382e-02  Keff=19.99(min 19.99)  gmin=4.69e-02  floor=0.0e+00  |dM|=2.64e-05  step=1.00e+00
  it  560  L= 3.186412e+02  comp= 2.7533e+01 expr= 2.9111e+02 L+= 5.1536e-02 L-= 5.1403e-02  Keff=19.99(min 19.99)  gmin=4.69e-02  floor=0.0e+00  |dM|=2.65e-05  step=1.00e+00
  it  561  L= 3.186409e+02  comp= 2.7533e+01 expr= 2.9111e+02 L+= 5.1561e-02 L-= 5.1427e-02  Keff=19.99(min 19.99)  gmin=4.69e-02  floor=0.0e+00  |dM|=2.65e-05  step=1.00e+00
  it  562  L= 3.186407e+02  comp= 2.7533e+01 expr= 2.9111e+02 L+= 5.1585e-02 L-= 5.1451e-02  Keff=19.99(min 19.99)  gmin=4.69e-02  floor=0.0e+00  |dM|=2.65e-05  step=1.00e+00
  it  563  L= 3.186404e+02  comp= 2.7533e+01 expr= 2.9111e+02 L+= 5.1610e-02 L-= 5.1474e-02  Keff=19.99(min 19.99)  gmin=4.69e-02  floor=0.0e+00  |dM|=2.66e-05  step=1.00e+00
  it  564  L= 3.186401e+02  comp= 2.7533e+01 expr= 2.9111e+02 L+= 5.1635e-02 L-= 5.1498e-02  Keff=19.99(min 19.99)  gmin=4.69e-02  floor=0.0e+00  |dM|=2.66e-05  step=1.00e+00
  it  565  L= 3.186400e+02  comp= 2.7533e+01 expr= 2.9111e+02 L+= 5.1659e-02 L-= 5.1522e-02  Keff=19.99(min 19.99)  gmin=4.69e-02  floor=0.0e+00  |dM|=2.67e-05  step=1.00e+00
  it  566  L= 3.186396e+02  comp= 2.7533e+01 expr= 2.9111e+02 L+= 5.1683e-02 L-= 5.1545e-02  Keff=19.99(min 19.99)  gmin=4.69e-02  floor=0.0e+00  |dM|=2.67e-05  step=1.00e+00
  it  567  L= 3.186393e+02  comp= 2.7533e+01 expr= 2.9111e+02 L+= 5.1707e-02 L-= 5.1567e-02  Keff=19.99(min 19.99)  gmin=4.69e-02  floor=0.0e+00  |dM|=2.67e-05  step=1.00e+00
  it  568  L= 3.186391e+02  comp= 2.7533e+01 expr= 2.9111e+02 L+= 5.1729e-02 L-= 5.1589e-02  Keff=19.99(min 19.99)  gmin=4.69e-02  floor=0.0e+00  |dM|=2.68e-05  step=1.00e+00
  it  569  L= 3.186389e+02  comp= 2.7533e+01 expr= 2.9111e+02 L+= 5.1755e-02 L-= 5.1615e-02  Keff=19.99(min 19.99)  gmin=4.69e-02  floor=0.0e+00  |dM|=2.68e-05  step=1.00e+00
  it  570  L= 3.186386e+02  comp= 2.7533e+01 expr= 2.9111e+02 L+= 5.1779e-02 L-= 5.1638e-02  Keff=19.99(min 19.99)  gmin=4.69e-02  floor=0.0e+00  |dM|=2.68e-05  step=1.00e+00
  it  571  L= 3.186383e+02  comp= 2.7533e+01 expr= 2.9110e+02 L+= 5.1805e-02 L-= 5.1661e-02  Keff=19.99(min 19.99)  gmin=4.69e-02  floor=0.0e+00  |dM|=2.69e-05  step=1.00e+00
  it  572  L= 3.186381e+02  comp= 2.7533e+01 expr= 2.9110e+02 L+= 5.1830e-02 L-= 5.1687e-02  Keff=19.99(min 19.99)  gmin=4.69e-02  floor=0.0e+00  |dM|=2.69e-05  step=1.00e+00
  it  573  L= 3.186378e+02  comp= 2.7533e+01 expr= 2.9110e+02 L+= 5.1852e-02 L-= 5.1708e-02  Keff=19.99(min 19.99)  gmin=4.69e-02  floor=0.0e+00  |dM|=2.69e-05  step=1.00e+00
  it  574  L= 3.186375e+02  comp= 2.7533e+01 expr= 2.9110e+02 L+= 5.1879e-02 L-= 5.1732e-02  Keff=19.99(min 19.99)  gmin=4.69e-02  floor=0.0e+00  |dM|=2.70e-05  step=1.00e+00
  it  575  L= 3.186373e+02  comp= 2.7533e+01 expr= 2.9110e+02 L+= 5.1903e-02 L-= 5.1756e-02  Keff=19.99(min 19.99)  gmin=4.69e-02  floor=0.0e+00  |dM|=2.70e-05  step=1.00e+00
  it  576  L= 3.186370e+02  comp= 2.7533e+01 expr= 2.9110e+02 L+= 5.1928e-02 L-= 5.1778e-02  Keff=19.99(min 19.99)  gmin=4.69e-02  floor=0.0e+00  |dM|=2.70e-05  step=1.00e+00
  it  577  L= 3.186367e+02  comp= 2.7533e+01 expr= 2.9110e+02 L+= 5.1954e-02 L-= 5.1802e-02  Keff=19.99(min 19.99)  gmin=4.69e-02  floor=0.0e+00  |dM|=2.71e-05  step=1.00e+00
  it  578  L= 3.186365e+02  comp= 2.7533e+01 expr= 2.9110e+02 L+= 5.1977e-02 L-= 5.1826e-02  Keff=19.99(min 19.99)  gmin=4.69e-02  floor=0.0e+00  |dM|=2.71e-05  step=1.00e+00
  it  579  L= 3.186362e+02  comp= 2.7533e+01 expr= 2.9110e+02 L+= 5.2004e-02 L-= 5.1850e-02  Keff=19.99(min 19.99)  gmin=4.69e-02  floor=0.0e+00  |dM|=2.72e-05  step=1.00e+00
  it  580  L= 3.186359e+02  comp= 2.7533e+01 expr= 2.9110e+02 L+= 5.2027e-02 L-= 5.1873e-02  Keff=19.99(min 19.99)  gmin=4.69e-02  floor=0.0e+00  |dM|=2.72e-05  step=1.00e+00
  it  581  L= 3.186357e+02  comp= 2.7533e+01 expr= 2.9110e+02 L+= 5.2052e-02 L-= 5.1899e-02  Keff=19.99(min 19.99)  gmin=4.69e-02  floor=0.0e+00  |dM|=2.72e-05  step=1.00e+00
  it  582  L= 3.186354e+02  comp= 2.7533e+01 expr= 2.9110e+02 L+= 5.2077e-02 L-= 5.1923e-02  Keff=19.99(min 19.99)  gmin=4.69e-02  floor=0.0e+00  |dM|=2.73e-05  step=1.00e+00
  it  583  L= 3.186351e+02  comp= 2.7533e+01 expr= 2.9110e+02 L+= 5.2103e-02 L-= 5.1947e-02  Keff=19.99(min 19.99)  gmin=4.69e-02  floor=0.0e+00  |dM|=2.73e-05  step=1.00e+00
  it  584  L= 3.186349e+02  comp= 2.7533e+01 expr= 2.9110e+02 L+= 5.2127e-02 L-= 5.1972e-02  Keff=19.99(min 19.99)  gmin=4.69e-02  floor=0.0e+00  |dM|=2.73e-05  step=1.00e+00
  it  585  L= 3.186346e+02  comp= 2.7533e+01 expr= 2.9110e+02 L+= 5.2155e-02 L-= 5.1997e-02  Keff=19.99(min 19.99)  gmin=4.69e-02  floor=0.0e+00  |dM|=2.74e-05  step=1.00e+00
  it  586  L= 3.186343e+02  comp= 2.7533e+01 expr= 2.9110e+02 L+= 5.2179e-02 L-= 5.2018e-02  Keff=19.99(min 19.99)  gmin=4.69e-02  floor=0.0e+00  |dM|=2.74e-05  step=1.00e+00
  it  587  L= 3.186340e+02  comp= 2.7533e+01 expr= 2.9110e+02 L+= 5.2205e-02 L-= 5.2043e-02  Keff=19.99(min 19.99)  gmin=4.69e-02  floor=0.0e+00  |dM|=2.74e-05  step=1.00e+00
  it  588  L= 3.186338e+02  comp= 2.7533e+01 expr= 2.9110e+02 L+= 5.2229e-02 L-= 5.2066e-02  Keff=19.99(min 19.99)  gmin=4.69e-02  floor=0.0e+00  |dM|=2.75e-05  step=1.00e+00
  it  589  L= 3.186335e+02  comp= 2.7533e+01 expr= 2.9110e+02 L+= 5.2254e-02 L-= 5.2091e-02  Keff=19.99(min 19.99)  gmin=4.69e-02  floor=0.0e+00  |dM|=2.75e-05  step=1.00e+00
  it  590  L= 3.186332e+02  comp= 2.7533e+01 expr= 2.9110e+02 L+= 5.2279e-02 L-= 5.2114e-02  Keff=19.99(min 19.99)  gmin=4.69e-02  floor=0.0e+00  |dM|=2.76e-05  step=1.00e+00
  it  591  L= 3.186330e+02  comp= 2.7533e+01 expr= 2.9110e+02 L+= 5.2304e-02 L-= 5.2141e-02  Keff=19.99(min 19.99)  gmin=4.69e-02  floor=0.0e+00  |dM|=2.76e-05  step=1.00e+00
  it  592  L= 3.186327e+02  comp= 2.7533e+01 expr= 2.9110e+02 L+= 5.2330e-02 L-= 5.2165e-02  Keff=19.99(min 19.99)  gmin=4.69e-02  floor=0.0e+00  |dM|=2.76e-05  step=1.00e+00
  it  593  L= 3.186324e+02  comp= 2.7533e+01 expr= 2.9110e+02 L+= 5.2357e-02 L-= 5.2190e-02  Keff=19.99(min 19.99)  gmin=4.68e-02  floor=0.0e+00  |dM|=2.77e-05  step=1.00e+00
  it  594  L= 3.186322e+02  comp= 2.7533e+01 expr= 2.9110e+02 L+= 5.2380e-02 L-= 5.2213e-02  Keff=19.99(min 19.99)  gmin=4.68e-02  floor=0.0e+00  |dM|=2.77e-05  step=1.00e+00
  it  595  L= 3.186319e+02  comp= 2.7533e+01 expr= 2.9110e+02 L+= 5.2405e-02 L-= 5.2237e-02  Keff=19.99(min 19.99)  gmin=4.68e-02  floor=0.0e+00  |dM|=2.77e-05  step=1.00e+00
  it  596  L= 3.186316e+02  comp= 2.7533e+01 expr= 2.9110e+02 L+= 5.2433e-02 L-= 5.2262e-02  Keff=19.99(min 19.99)  gmin=4.68e-02  floor=0.0e+00  |dM|=2.78e-05  step=1.00e+00
  it  597  L= 3.186313e+02  comp= 2.7533e+01 expr= 2.9110e+02 L+= 5.2459e-02 L-= 5.2288e-02  Keff=19.99(min 19.99)  gmin=4.68e-02  floor=0.0e+00  |dM|=2.78e-05  step=1.00e+00
  it  598  L= 3.186311e+02  comp= 2.7533e+01 expr= 2.9110e+02 L+= 5.2483e-02 L-= 5.2311e-02  Keff=19.99(min 19.99)  gmin=4.68e-02  floor=0.0e+00  |dM|=2.78e-05  step=1.00e+00
  it  599  L= 3.186308e+02  comp= 2.7533e+01 expr= 2.9110e+02 L+= 5.2511e-02 L-= 5.2336e-02  Keff=19.99(min 19.99)  gmin=4.68e-02  floor=0.0e+00  |dM|=2.79e-05  step=1.00e+00
  it  600  L= 3.186305e+02  comp= 2.7533e+01 expr= 2.9110e+02 L+= 5.2534e-02 L-= 5.2361e-02  Keff=19.99(min 19.99)  gmin=4.68e-02  floor=0.0e+00  |dM|=2.79e-05  step=1.00e+00
  it  601  L= 3.186302e+02  comp= 2.7533e+01 expr= 2.9110e+02 L+= 5.2557e-02 L-= 5.2384e-02  Keff=19.99(min 19.99)  gmin=4.68e-02  floor=0.0e+00  |dM|=2.80e-05  step=1.00e+00
  it  602  L= 3.186300e+02  comp= 2.7533e+01 expr= 2.9110e+02 L+= 5.2584e-02 L-= 5.2409e-02  Keff=19.99(min 19.99)  gmin=4.68e-02  floor=0.0e+00  |dM|=2.80e-05  step=1.00e+00
  it  603  L= 3.186297e+02  comp= 2.7533e+01 expr= 2.9110e+02 L+= 5.2610e-02 L-= 5.2434e-02  Keff=19.99(min 19.99)  gmin=4.68e-02  floor=0.0e+00  |dM|=2.80e-05  step=1.00e+00
  it  604  L= 3.186294e+02  comp= 2.7533e+01 expr= 2.9110e+02 L+= 5.2636e-02 L-= 5.2458e-02  Keff=19.99(min 19.99)  gmin=4.68e-02  floor=0.0e+00  |dM|=2.81e-05  step=1.00e+00
  it  605  L= 3.186291e+02  comp= 2.7533e+01 expr= 2.9110e+02 L+= 5.2662e-02 L-= 5.2484e-02  Keff=19.99(min 19.99)  gmin=4.68e-02  floor=0.0e+00  |dM|=2.81e-05  step=1.00e+00
  it  606  L= 3.186288e+02  comp= 2.7533e+01 expr= 2.9110e+02 L+= 5.2689e-02 L-= 5.2508e-02  Keff=19.99(min 19.99)  gmin=4.68e-02  floor=0.0e+00  |dM|=2.81e-05  step=1.00e+00
  it  607  L= 3.186286e+02  comp= 2.7533e+01 expr= 2.9110e+02 L+= 5.2715e-02 L-= 5.2533e-02  Keff=19.99(min 19.99)  gmin=4.68e-02  floor=0.0e+00  |dM|=2.82e-05  step=1.00e+00
  it  608  L= 3.186283e+02  comp= 2.7533e+01 expr= 2.9109e+02 L+= 5.2741e-02 L-= 5.2558e-02  Keff=19.99(min 19.99)  gmin=4.68e-02  floor=0.0e+00  |dM|=2.82e-05  step=1.00e+00
  it  609  L= 3.186280e+02  comp= 2.7533e+01 expr= 2.9109e+02 L+= 5.2767e-02 L-= 5.2583e-02  Keff=19.99(min 19.99)  gmin=4.68e-02  floor=0.0e+00  |dM|=2.83e-05  step=1.00e+00
  it  610  L= 3.186277e+02  comp= 2.7533e+01 expr= 2.9109e+02 L+= 5.2794e-02 L-= 5.2608e-02  Keff=19.99(min 19.99)  gmin=4.68e-02  floor=0.0e+00  |dM|=2.83e-05  step=1.00e+00
  it  611  L= 3.186274e+02  comp= 2.7533e+01 expr= 2.9109e+02 L+= 5.2820e-02 L-= 5.2634e-02  Keff=19.99(min 19.99)  gmin=4.68e-02  floor=0.0e+00  |dM|=2.83e-05  step=1.00e+00
  it  612  L= 3.186272e+02  comp= 2.7533e+01 expr= 2.9109e+02 L+= 5.2845e-02 L-= 5.2658e-02  Keff=19.99(min 19.99)  gmin=4.68e-02  floor=0.0e+00  |dM|=2.84e-05  step=1.00e+00
  it  613  L= 3.186269e+02  comp= 2.7533e+01 expr= 2.9109e+02 L+= 5.2872e-02 L-= 5.2683e-02  Keff=19.99(min 19.99)  gmin=4.68e-02  floor=0.0e+00  |dM|=2.84e-05  step=1.00e+00
  it  614  L= 3.186266e+02  comp= 2.7533e+01 expr= 2.9109e+02 L+= 5.2897e-02 L-= 5.2708e-02  Keff=19.99(min 19.99)  gmin=4.68e-02  floor=0.0e+00  |dM|=2.84e-05  step=1.00e+00
  it  615  L= 3.186263e+02  comp= 2.7533e+01 expr= 2.9109e+02 L+= 5.2926e-02 L-= 5.2733e-02  Keff=19.99(min 19.99)  gmin=4.68e-02  floor=0.0e+00  |dM|=2.85e-05  step=1.00e+00
  it  616  L= 3.186260e+02  comp= 2.7533e+01 expr= 2.9109e+02 L+= 5.2949e-02 L-= 5.2759e-02  Keff=19.99(min 19.99)  gmin=4.68e-02  floor=0.0e+00  |dM|=2.85e-05  step=1.00e+00
  it  617  L= 3.186258e+02  comp= 2.7533e+01 expr= 2.9109e+02 L+= 5.2976e-02 L-= 5.2783e-02  Keff=19.99(min 19.99)  gmin=4.68e-02  floor=0.0e+00  |dM|=2.86e-05  step=1.00e+00
  it  618  L= 3.186255e+02  comp= 2.7533e+01 expr= 2.9109e+02 L+= 5.3003e-02 L-= 5.2809e-02  Keff=19.99(min 19.99)  gmin=4.68e-02  floor=0.0e+00  |dM|=2.86e-05  step=1.00e+00
  it  619  L= 3.186252e+02  comp= 2.7533e+01 expr= 2.9109e+02 L+= 5.3029e-02 L-= 5.2834e-02  Keff=19.99(min 19.99)  gmin=4.68e-02  floor=0.0e+00  |dM|=2.86e-05  step=1.00e+00
  it  620  L= 3.186249e+02  comp= 2.7533e+01 expr= 2.9109e+02 L+= 5.3055e-02 L-= 5.2858e-02  Keff=19.99(min 19.99)  gmin=4.68e-02  floor=0.0e+00  |dM|=2.87e-05  step=1.00e+00
  it  621  L= 3.186246e+02  comp= 2.7533e+01 expr= 2.9109e+02 L+= 5.3082e-02 L-= 5.2882e-02  Keff=19.99(min 19.99)  gmin=4.68e-02  floor=0.0e+00  |dM|=2.87e-05  step=1.00e+00
  it  622  L= 3.186243e+02  comp= 2.7533e+01 expr= 2.9109e+02 L+= 5.3110e-02 L-= 5.2910e-02  Keff=19.99(min 19.99)  gmin=4.68e-02  floor=0.0e+00  |dM|=2.88e-05  step=1.00e+00
  it  623  L= 3.186241e+02  comp= 2.7533e+01 expr= 2.9109e+02 L+= 5.3134e-02 L-= 5.2937e-02  Keff=19.99(min 19.99)  gmin=4.68e-02  floor=0.0e+00  |dM|=2.88e-05  step=1.00e+00
  it  624  L= 3.186237e+02  comp= 2.7533e+01 expr= 2.9109e+02 L+= 5.3162e-02 L-= 5.2960e-02  Keff=19.99(min 19.99)  gmin=4.68e-02  floor=0.0e+00  |dM|=2.88e-05  step=1.00e+00
  it  625  L= 3.186234e+02  comp= 2.7533e+01 expr= 2.9109e+02 L+= 5.3190e-02 L-= 5.2987e-02  Keff=19.99(min 19.99)  gmin=4.68e-02  floor=0.0e+00  |dM|=2.89e-05  step=1.00e+00
  it  626  L= 3.186232e+02  comp= 2.7533e+01 expr= 2.9109e+02 L+= 5.3216e-02 L-= 5.3011e-02  Keff=19.99(min 19.99)  gmin=4.68e-02  floor=0.0e+00  |dM|=2.89e-05  step=1.00e+00
  it  627  L= 3.186229e+02  comp= 2.7533e+01 expr= 2.9109e+02 L+= 5.3241e-02 L-= 5.3035e-02  Keff=19.99(min 19.99)  gmin=4.68e-02  floor=0.0e+00  |dM|=2.89e-05  step=1.00e+00
  it  628  L= 3.186226e+02  comp= 2.7533e+01 expr= 2.9109e+02 L+= 5.3267e-02 L-= 5.3064e-02  Keff=19.99(min 19.99)  gmin=4.68e-02  floor=0.0e+00  |dM|=2.90e-05  step=1.00e+00
  it  629  L= 3.186223e+02  comp= 2.7533e+01 expr= 2.9109e+02 L+= 5.3296e-02 L-= 5.3089e-02  Keff=19.99(min 19.99)  gmin=4.68e-02  floor=0.0e+00  |dM|=2.90e-05  step=1.00e+00
  it  630  L= 3.186220e+02  comp= 2.7533e+01 expr= 2.9109e+02 L+= 5.3322e-02 L-= 5.3115e-02  Keff=19.99(min 19.99)  gmin=4.68e-02  floor=0.0e+00  |dM|=2.91e-05  step=1.00e+00
  it  631  L= 3.186217e+02  comp= 2.7533e+01 expr= 2.9109e+02 L+= 5.3348e-02 L-= 5.3140e-02  Keff=19.99(min 19.99)  gmin=4.68e-02  floor=0.0e+00  |dM|=2.91e-05  step=1.00e+00
  it  632  L= 3.186215e+02  comp= 2.7533e+01 expr= 2.9109e+02 L+= 5.3375e-02 L-= 5.3167e-02  Keff=19.99(min 19.99)  gmin=4.68e-02  floor=0.0e+00  |dM|=2.91e-05  step=1.00e+00
  it  633  L= 3.186211e+02  comp= 2.7533e+01 expr= 2.9109e+02 L+= 5.3401e-02 L-= 5.3191e-02  Keff=19.99(min 19.99)  gmin=4.68e-02  floor=0.0e+00  |dM|=2.92e-05  step=1.00e+00
  it  634  L= 3.186208e+02  comp= 2.7533e+01 expr= 2.9109e+02 L+= 5.3429e-02 L-= 5.3218e-02  Keff=19.99(min 19.99)  gmin=4.68e-02  floor=0.0e+00  |dM|=2.92e-05  step=1.00e+00
  it  635  L= 3.186206e+02  comp= 2.7533e+01 expr= 2.9109e+02 L+= 5.3455e-02 L-= 5.3244e-02  Keff=19.99(min 19.99)  gmin=4.68e-02  floor=0.0e+00  |dM|=2.93e-05  step=1.00e+00
  it  636  L= 3.186203e+02  comp= 2.7533e+01 expr= 2.9109e+02 L+= 5.3483e-02 L-= 5.3269e-02  Keff=19.99(min 19.99)  gmin=4.68e-02  floor=0.0e+00  |dM|=2.93e-05  step=1.00e+00
  it  637  L= 3.186200e+02  comp= 2.7533e+01 expr= 2.9109e+02 L+= 5.3509e-02 L-= 5.3294e-02  Keff=19.99(min 19.99)  gmin=4.68e-02  floor=0.0e+00  |dM|=2.93e-05  step=1.00e+00
  it  638  L= 3.186197e+02  comp= 2.7533e+01 expr= 2.9109e+02 L+= 5.3538e-02 L-= 5.3321e-02  Keff=19.99(min 19.99)  gmin=4.68e-02  floor=0.0e+00  |dM|=2.94e-05  step=1.00e+00
  it  639  L= 3.186194e+02  comp= 2.7533e+01 expr= 2.9109e+02 L+= 5.3566e-02 L-= 5.3348e-02  Keff=19.99(min 19.99)  gmin=4.68e-02  floor=0.0e+00  |dM|=2.94e-05  step=1.00e+00
  it  640  L= 3.186190e+02  comp= 2.7533e+01 expr= 2.9109e+02 L+= 5.3592e-02 L-= 5.3372e-02  Keff=19.99(min 19.99)  gmin=4.68e-02  floor=0.0e+00  |dM|=2.95e-05  step=1.00e+00
  it  641  L= 3.186188e+02  comp= 2.7533e+01 expr= 2.9109e+02 L+= 5.3621e-02 L-= 5.3399e-02  Keff=19.99(min 19.99)  gmin=4.68e-02  floor=0.0e+00  |dM|=2.95e-05  step=1.00e+00
  it  642  L= 3.186184e+02  comp= 2.7533e+01 expr= 2.9109e+02 L+= 5.3645e-02 L-= 5.3425e-02  Keff=19.99(min 19.99)  gmin=4.68e-02  floor=0.0e+00  |dM|=2.95e-05  step=1.00e+00
  it  643  L= 3.186182e+02  comp= 2.7533e+01 expr= 2.9108e+02 L+= 5.3672e-02 L-= 5.3454e-02  Keff=19.99(min 19.99)  gmin=4.68e-02  floor=0.0e+00  |dM|=2.96e-05  step=1.00e+00
  it  644  L= 3.186179e+02  comp= 2.7533e+01 expr= 2.9108e+02 L+= 5.3700e-02 L-= 5.3479e-02  Keff=19.99(min 19.99)  gmin=4.68e-02  floor=0.0e+00  |dM|=2.96e-05  step=1.00e+00
  it  645  L= 3.186176e+02  comp= 2.7533e+01 expr= 2.9108e+02 L+= 5.3728e-02 L-= 5.3503e-02  Keff=19.99(min 19.99)  gmin=4.68e-02  floor=0.0e+00  |dM|=2.97e-05  step=1.00e+00
  it  646  L= 3.186173e+02  comp= 2.7533e+01 expr= 2.9108e+02 L+= 5.3756e-02 L-= 5.3529e-02  Keff=19.99(min 19.99)  gmin=4.68e-02  floor=0.0e+00  |dM|=2.97e-05  step=1.00e+00
  it  647  L= 3.186170e+02  comp= 2.7533e+01 expr= 2.9108e+02 L+= 5.3783e-02 L-= 5.3558e-02  Keff=19.99(min 19.99)  gmin=4.68e-02  floor=0.0e+00  |dM|=2.97e-05  step=1.00e+00
  it  648  L= 3.186167e+02  comp= 2.7533e+01 expr= 2.9108e+02 L+= 5.3810e-02 L-= 5.3582e-02  Keff=19.99(min 19.99)  gmin=4.68e-02  floor=0.0e+00  |dM|=2.98e-05  step=1.00e+00
  it  649  L= 3.186164e+02  comp= 2.7533e+01 expr= 2.9108e+02 L+= 5.3838e-02 L-= 5.3609e-02  Keff=19.99(min 19.99)  gmin=4.68e-02  floor=0.0e+00  |dM|=2.98e-05  step=1.00e+00
  it  650  L= 3.186161e+02  comp= 2.7533e+01 expr= 2.9108e+02 L+= 5.3865e-02 L-= 5.3635e-02  Keff=19.99(min 19.99)  gmin=4.68e-02  floor=0.0e+00  |dM|=2.99e-05  step=1.00e+00
  it  651  L= 3.186158e+02  comp= 2.7533e+01 expr= 2.9108e+02 L+= 5.3891e-02 L-= 5.3662e-02  Keff=19.99(min 19.99)  gmin=4.68e-02  floor=0.0e+00  |dM|=2.99e-05  step=1.00e+00
  it  652  L= 3.186155e+02  comp= 2.7533e+01 expr= 2.9108e+02 L+= 5.3920e-02 L-= 5.3689e-02  Keff=19.99(min 19.99)  gmin=4.68e-02  floor=0.0e+00  |dM|=2.99e-05  step=1.00e+00
  it  653  L= 3.186152e+02  comp= 2.7533e+01 expr= 2.9108e+02 L+= 5.3949e-02 L-= 5.3716e-02  Keff=19.99(min 19.99)  gmin=4.68e-02  floor=0.0e+00  |dM|=3.00e-05  step=1.00e+00
  it  654  L= 3.186148e+02  comp= 2.7533e+01 expr= 2.9108e+02 L+= 5.3977e-02 L-= 5.3743e-02  Keff=19.99(min 19.99)  gmin=4.68e-02  floor=0.0e+00  |dM|=3.00e-05  step=1.00e+00
  it  655  L= 3.186146e+02  comp= 2.7533e+01 expr= 2.9108e+02 L+= 5.4004e-02 L-= 5.3770e-02  Keff=19.99(min 19.99)  gmin=4.68e-02  floor=0.0e+00  |dM|=3.01e-05  step=1.00e+00
  it  656  L= 3.186143e+02  comp= 2.7533e+01 expr= 2.9108e+02 L+= 5.4032e-02 L-= 5.3797e-02  Keff=19.99(min 19.99)  gmin=4.68e-02  floor=0.0e+00  |dM|=3.01e-05  step=1.00e+00
  it  657  L= 3.186139e+02  comp= 2.7533e+01 expr= 2.9108e+02 L+= 5.4060e-02 L-= 5.3823e-02  Keff=19.99(min 19.99)  gmin=4.68e-02  floor=0.0e+00  |dM|=3.01e-05  step=1.00e+00
  it  658  L= 3.186136e+02  comp= 2.7533e+01 expr= 2.9108e+02 L+= 5.4088e-02 L-= 5.3847e-02  Keff=19.99(min 19.99)  gmin=4.68e-02  floor=0.0e+00  |dM|=3.02e-05  step=1.00e+00
  it  659  L= 3.186133e+02  comp= 2.7533e+01 expr= 2.9108e+02 L+= 5.4117e-02 L-= 5.3875e-02  Keff=19.99(min 19.99)  gmin=4.68e-02  floor=0.0e+00  |dM|=3.02e-05  step=1.00e+00
  it  660  L= 3.186130e+02  comp= 2.7533e+01 expr= 2.9108e+02 L+= 5.4144e-02 L-= 5.3903e-02  Keff=19.99(min 19.99)  gmin=4.68e-02  floor=0.0e+00  |dM|=3.03e-05  step=1.00e+00
  it  661  L= 3.186127e+02  comp= 2.7533e+01 expr= 2.9108e+02 L+= 5.4171e-02 L-= 5.3929e-02  Keff=19.99(min 19.99)  gmin=4.68e-02  floor=0.0e+00  |dM|=3.03e-05  step=1.00e+00
  it  662  L= 3.186124e+02  comp= 2.7533e+01 expr= 2.9108e+02 L+= 5.4200e-02 L-= 5.3956e-02  Keff=19.99(min 19.99)  gmin=4.68e-02  floor=0.0e+00  |dM|=3.04e-05  step=1.00e+00
  it  663  L= 3.186121e+02  comp= 2.7533e+01 expr= 2.9108e+02 L+= 5.4229e-02 L-= 5.3985e-02  Keff=19.99(min 19.99)  gmin=4.68e-02  floor=0.0e+00  |dM|=3.04e-05  step=1.00e+00
  it  664  L= 3.186118e+02  comp= 2.7533e+01 expr= 2.9108e+02 L+= 5.4255e-02 L-= 5.4013e-02  Keff=19.99(min 19.99)  gmin=4.68e-02  floor=0.0e+00  |dM|=3.04e-05  step=1.00e+00
  it  665  L= 3.186115e+02  comp= 2.7533e+01 expr= 2.9108e+02 L+= 5.4283e-02 L-= 5.4038e-02  Keff=19.99(min 19.99)  gmin=4.68e-02  floor=0.0e+00  |dM|=3.05e-05  step=1.00e+00
  it  666  L= 3.186112e+02  comp= 2.7533e+01 expr= 2.9108e+02 L+= 5.4313e-02 L-= 5.4065e-02  Keff=19.99(min 19.99)  gmin=4.68e-02  floor=0.0e+00  |dM|=3.05e-05  step=1.00e+00
  it  667  L= 3.186109e+02  comp= 2.7533e+01 expr= 2.9108e+02 L+= 5.4340e-02 L-= 5.4092e-02  Keff=19.99(min 19.99)  gmin=4.68e-02  floor=0.0e+00  |dM|=3.06e-05  step=1.00e+00
  it  668  L= 3.186106e+02  comp= 2.7533e+01 expr= 2.9108e+02 L+= 5.4369e-02 L-= 5.4118e-02  Keff=19.99(min 19.99)  gmin=4.68e-02  floor=0.0e+00  |dM|=3.06e-05  step=1.00e+00
  it  669  L= 3.186102e+02  comp= 2.7533e+01 expr= 2.9108e+02 L+= 5.4399e-02 L-= 5.4145e-02  Keff=19.99(min 19.99)  gmin=4.68e-02  floor=0.0e+00  |dM|=3.06e-05  step=1.00e+00
  it  670  L= 3.186100e+02  comp= 2.7533e+01 expr= 2.9108e+02 L+= 5.4427e-02 L-= 5.4174e-02  Keff=19.99(min 19.99)  gmin=4.68e-02  floor=0.0e+00  |dM|=3.07e-05  step=1.00e+00
  it  671  L= 3.186096e+02  comp= 2.7533e+01 expr= 2.9108e+02 L+= 5.4455e-02 L-= 5.4201e-02  Keff=19.99(min 19.99)  gmin=4.68e-02  floor=0.0e+00  |dM|=3.07e-05  step=1.00e+00
  it  672  L= 3.186093e+02  comp= 2.7533e+01 expr= 2.9108e+02 L+= 5.4483e-02 L-= 5.4229e-02  Keff=19.99(min 19.99)  gmin=4.68e-02  floor=0.0e+00  |dM|=3.08e-05  step=1.00e+00
  it  673  L= 3.186090e+02  comp= 2.7533e+01 expr= 2.9108e+02 L+= 5.4513e-02 L-= 5.4255e-02  Keff=19.99(min 19.99)  gmin=4.68e-02  floor=0.0e+00  |dM|=3.08e-05  step=1.00e+00
  it  674  L= 3.186087e+02  comp= 2.7533e+01 expr= 2.9108e+02 L+= 5.4539e-02 L-= 5.4283e-02  Keff=19.99(min 19.99)  gmin=4.68e-02  floor=0.0e+00  |dM|=3.09e-05  step=1.00e+00
  it  675  L= 3.186084e+02  comp= 2.7533e+01 expr= 2.9108e+02 L+= 5.4567e-02 L-= 5.4308e-02  Keff=19.99(min 19.99)  gmin=4.68e-02  floor=0.0e+00  |dM|=3.09e-05  step=1.00e+00
  it  676  L= 3.186081e+02  comp= 2.7533e+01 expr= 2.9107e+02 L+= 5.4597e-02 L-= 5.4339e-02  Keff=19.99(min 19.99)  gmin=4.68e-02  floor=0.0e+00  |dM|=3.09e-05  step=1.00e+00
  it  677  L= 3.186078e+02  comp= 2.7533e+01 expr= 2.9107e+02 L+= 5.4627e-02 L-= 5.4364e-02  Keff=19.99(min 19.99)  gmin=4.68e-02  floor=0.0e+00  |dM|=3.10e-05  step=1.00e+00
  it  678  L= 3.186075e+02  comp= 2.7533e+01 expr= 2.9107e+02 L+= 5.4656e-02 L-= 5.4392e-02  Keff=19.99(min 19.99)  gmin=4.68e-02  floor=0.0e+00  |dM|=3.10e-05  step=1.00e+00
  it  679  L= 3.186071e+02  comp= 2.7533e+01 expr= 2.9107e+02 L+= 5.4686e-02 L-= 5.4420e-02  Keff=19.99(min 19.99)  gmin=4.68e-02  floor=0.0e+00  |dM|=3.11e-05  step=1.00e+00
  it  680  L= 3.186068e+02  comp= 2.7533e+01 expr= 2.9107e+02 L+= 5.4712e-02 L-= 5.4447e-02  Keff=19.99(min 19.99)  gmin=4.68e-02  floor=0.0e+00  |dM|=3.11e-05  step=1.00e+00
  it  681  L= 3.186065e+02  comp= 2.7533e+01 expr= 2.9107e+02 L+= 5.4744e-02 L-= 5.4476e-02  Keff=19.99(min 19.99)  gmin=4.68e-02  floor=0.0e+00  |dM|=3.11e-05  step=1.00e+00
  it  682  L= 3.186062e+02  comp= 2.7533e+01 expr= 2.9107e+02 L+= 5.4772e-02 L-= 5.4505e-02  Keff=19.99(min 19.99)  gmin=4.68e-02  floor=0.0e+00  |dM|=3.12e-05  step=1.00e+00
  it  683  L= 3.186058e+02  comp= 2.7533e+01 expr= 2.9107e+02 L+= 5.4800e-02 L-= 5.4533e-02  Keff=19.99(min 19.99)  gmin=4.68e-02  floor=0.0e+00  |dM|=3.12e-05  step=1.00e+00
  it  684  L= 3.186055e+02  comp= 2.7533e+01 expr= 2.9107e+02 L+= 5.4832e-02 L-= 5.4560e-02  Keff=19.99(min 19.99)  gmin=4.68e-02  floor=0.0e+00  |dM|=3.13e-05  step=1.00e+00
  it  685  L= 3.186052e+02  comp= 2.7533e+01 expr= 2.9107e+02 L+= 5.4858e-02 L-= 5.4589e-02  Keff=19.99(min 19.99)  gmin=4.68e-02  floor=0.0e+00  |dM|=3.13e-05  step=1.00e+00
  it  686  L= 3.186049e+02  comp= 2.7533e+01 expr= 2.9107e+02 L+= 5.4886e-02 L-= 5.4615e-02  Keff=19.99(min 19.99)  gmin=4.68e-02  floor=0.0e+00  |dM|=3.14e-05  step=1.00e+00
  it  687  L= 3.186046e+02  comp= 2.7533e+01 expr= 2.9107e+02 L+= 5.4917e-02 L-= 5.4643e-02  Keff=19.99(min 19.99)  gmin=4.68e-02  floor=0.0e+00  |dM|=3.14e-05  step=1.00e+00
  it  688  L= 3.186042e+02  comp= 2.7533e+01 expr= 2.9107e+02 L+= 5.4946e-02 L-= 5.4673e-02  Keff=19.99(min 19.99)  gmin=4.68e-02  floor=0.0e+00  |dM|=3.14e-05  step=1.00e+00
  it  689  L= 3.186039e+02  comp= 2.7533e+01 expr= 2.9107e+02 L+= 5.4975e-02 L-= 5.4698e-02  Keff=19.99(min 19.99)  gmin=4.68e-02  floor=0.0e+00  |dM|=3.15e-05  step=1.00e+00
  it  690  L= 3.186036e+02  comp= 2.7533e+01 expr= 2.9107e+02 L+= 5.5005e-02 L-= 5.4729e-02  Keff=19.99(min 19.99)  gmin=4.68e-02  floor=0.0e+00  |dM|=3.15e-05  step=1.00e+00
  it  691  L= 3.186033e+02  comp= 2.7533e+01 expr= 2.9107e+02 L+= 5.5033e-02 L-= 5.4756e-02  Keff=19.99(min 19.99)  gmin=4.68e-02  floor=0.0e+00  |dM|=3.16e-05  step=1.00e+00
  it  692  L= 3.186030e+02  comp= 2.7533e+01 expr= 2.9107e+02 L+= 5.5064e-02 L-= 5.4785e-02  Keff=19.99(min 19.99)  gmin=4.68e-02  floor=0.0e+00  |dM|=3.16e-05  step=1.00e+00
  it  693  L= 3.186026e+02  comp= 2.7533e+01 expr= 2.9107e+02 L+= 5.5093e-02 L-= 5.4811e-02  Keff=19.99(min 19.99)  gmin=4.68e-02  floor=0.0e+00  |dM|=3.17e-05  step=1.00e+00
  it  694  L= 3.186023e+02  comp= 2.7533e+01 expr= 2.9107e+02 L+= 5.5122e-02 L-= 5.4840e-02  Keff=19.99(min 19.99)  gmin=4.68e-02  floor=0.0e+00  |dM|=3.17e-05  step=1.00e+00
  it  695  L= 3.186020e+02  comp= 2.7533e+01 expr= 2.9107e+02 L+= 5.5154e-02 L-= 5.4868e-02  Keff=19.99(min 19.99)  gmin=4.68e-02  floor=0.0e+00  |dM|=3.18e-05  step=1.00e+00
  it  696  L= 3.186016e+02  comp= 2.7533e+01 expr= 2.9107e+02 L+= 5.5183e-02 L-= 5.4901e-02  Keff=19.99(min 19.99)  gmin=4.68e-02  floor=0.0e+00  |dM|=3.18e-05  step=1.00e+00
  it  697  L= 3.186013e+02  comp= 2.7533e+01 expr= 2.9107e+02 L+= 5.5211e-02 L-= 5.4927e-02  Keff=19.99(min 19.99)  gmin=4.68e-02  floor=0.0e+00  |dM|=3.18e-05  step=1.00e+00
  it  698  L= 3.186010e+02  comp= 2.7533e+01 expr= 2.9107e+02 L+= 5.5240e-02 L-= 5.4955e-02  Keff=19.99(min 19.99)  gmin=4.68e-02  floor=0.0e+00  |dM|=3.19e-05  step=1.00e+00
  it  699  L= 3.186007e+02  comp= 2.7533e+01 expr= 2.9107e+02 L+= 5.5270e-02 L-= 5.4983e-02  Keff=19.99(min 19.99)  gmin=4.68e-02  floor=0.0e+00  |dM|=3.19e-05  step=1.00e+00
  it  700  L= 3.186004e+02  comp= 2.7533e+01 expr= 2.9107e+02 L+= 5.5298e-02 L-= 5.5011e-02  Keff=19.99(min 19.99)  gmin=4.68e-02  floor=0.0e+00  |dM|=3.20e-05  step=1.00e+00
  it  701  L= 3.186000e+02  comp= 2.7533e+01 expr= 2.9107e+02 L+= 5.5329e-02 L-= 5.5039e-02  Keff=19.99(min 19.99)  gmin=4.68e-02  floor=0.0e+00  |dM|=3.20e-05  step=1.00e+00
  it  702  L= 3.185997e+02  comp= 2.7533e+01 expr= 2.9107e+02 L+= 5.5362e-02 L-= 5.5068e-02  Keff=19.99(min 19.99)  gmin=4.68e-02  floor=0.0e+00  |dM|=3.21e-05  step=1.00e+00
  it  703  L= 3.185993e+02  comp= 2.7533e+01 expr= 2.9107e+02 L+= 5.5390e-02 L-= 5.5097e-02  Keff=19.99(min 19.99)  gmin=4.68e-02  floor=0.0e+00  |dM|=3.21e-05  step=1.00e+00
  it  704  L= 3.185990e+02  comp= 2.7533e+01 expr= 2.9107e+02 L+= 5.5420e-02 L-= 5.5125e-02  Keff=19.99(min 19.99)  gmin=4.68e-02  floor=0.0e+00  |dM|=3.21e-05  step=1.00e+00
  it  705  L= 3.185987e+02  comp= 2.7533e+01 expr= 2.9107e+02 L+= 5.5448e-02 L-= 5.5153e-02  Keff=19.99(min 19.99)  gmin=4.68e-02  floor=0.0e+00  |dM|=3.22e-05  step=1.00e+00
  it  706  L= 3.185983e+02  comp= 2.7533e+01 expr= 2.9106e+02 L+= 5.5479e-02 L-= 5.5183e-02  Keff=19.99(min 19.99)  gmin=4.68e-02  floor=0.0e+00  |dM|=3.22e-05  step=1.00e+00
  it  707  L= 3.185980e+02  comp= 2.7533e+01 expr= 2.9106e+02 L+= 5.5508e-02 L-= 5.5210e-02  Keff=19.99(min 19.99)  gmin=4.68e-02  floor=0.0e+00  |dM|=3.23e-05  step=1.00e+00
  it  708  L= 3.185977e+02  comp= 2.7533e+01 expr= 2.9106e+02 L+= 5.5539e-02 L-= 5.5240e-02  Keff=19.99(min 19.99)  gmin=4.68e-02  floor=0.0e+00  |dM|=3.23e-05  step=1.00e+00
  it  709  L= 3.185974e+02  comp= 2.7533e+01 expr= 2.9106e+02 L+= 5.5570e-02 L-= 5.5271e-02  Keff=19.99(min 19.99)  gmin=4.68e-02  floor=0.0e+00  |dM|=3.24e-05  step=1.00e+00
  it  710  L= 3.185970e+02  comp= 2.7533e+01 expr= 2.9106e+02 L+= 5.5599e-02 L-= 5.5300e-02  Keff=19.99(min 19.99)  gmin=4.68e-02  floor=0.0e+00  |dM|=3.24e-05  step=1.00e+00
  it  711  L= 3.185967e+02  comp= 2.7533e+01 expr= 2.9106e+02 L+= 5.5631e-02 L-= 5.5327e-02  Keff=19.99(min 19.99)  gmin=4.68e-02  floor=0.0e+00  |dM|=3.25e-05  step=1.00e+00
  it  712  L= 3.185963e+02  comp= 2.7533e+01 expr= 2.9106e+02 L+= 5.5661e-02 L-= 5.5357e-02  Keff=19.99(min 19.99)  gmin=4.68e-02  floor=0.0e+00  |dM|=3.25e-05  step=1.00e+00
  it  713  L= 3.185960e+02  comp= 2.7533e+01 expr= 2.9106e+02 L+= 5.5690e-02 L-= 5.5387e-02  Keff=19.99(min 19.99)  gmin=4.68e-02  floor=0.0e+00  |dM|=3.25e-05  step=1.00e+00
  it  714  L= 3.185957e+02  comp= 2.7533e+01 expr= 2.9106e+02 L+= 5.5722e-02 L-= 5.5415e-02  Keff=19.99(min 19.99)  gmin=4.68e-02  floor=0.0e+00  |dM|=3.26e-05  step=1.00e+00
  it  715  L= 3.185953e+02  comp= 2.7533e+01 expr= 2.9106e+02 L+= 5.5753e-02 L-= 5.5445e-02  Keff=19.99(min 19.99)  gmin=4.68e-02  floor=0.0e+00  |dM|=3.26e-05  step=1.00e+00
  it  716  L= 3.185950e+02  comp= 2.7533e+01 expr= 2.9106e+02 L+= 5.5783e-02 L-= 5.5473e-02  Keff=19.99(min 19.99)  gmin=4.68e-02  floor=0.0e+00  |dM|=3.27e-05  step=1.00e+00
  it  717  L= 3.185946e+02  comp= 2.7533e+01 expr= 2.9106e+02 L+= 5.5811e-02 L-= 5.5503e-02  Keff=19.99(min 19.99)  gmin=4.68e-02  floor=0.0e+00  |dM|=3.27e-05  step=1.00e+00
  it  718  L= 3.185943e+02  comp= 2.7533e+01 expr= 2.9106e+02 L+= 5.5843e-02 L-= 5.5533e-02  Keff=19.99(min 19.99)  gmin=4.68e-02  floor=0.0e+00  |dM|=3.28e-05  step=1.00e+00
  it  719  L= 3.185940e+02  comp= 2.7533e+01 expr= 2.9106e+02 L+= 5.5876e-02 L-= 5.5561e-02  Keff=19.99(min 19.99)  gmin=4.68e-02  floor=0.0e+00  |dM|=3.28e-05  step=1.00e+00
  it  720  L= 3.185936e+02  comp= 2.7533e+01 expr= 2.9106e+02 L+= 5.5904e-02 L-= 5.5591e-02  Keff=19.99(min 19.99)  gmin=4.68e-02  floor=0.0e+00  |dM|=3.29e-05  step=1.00e+00
  it  721  L= 3.185933e+02  comp= 2.7533e+01 expr= 2.9106e+02 L+= 5.5936e-02 L-= 5.5619e-02  Keff=19.99(min 19.99)  gmin=4.68e-02  floor=0.0e+00  |dM|=3.29e-05  step=1.00e+00
  it  722  L= 3.185930e+02  comp= 2.7533e+01 expr= 2.9106e+02 L+= 5.5967e-02 L-= 5.5650e-02  Keff=19.99(min 19.99)  gmin=4.68e-02  floor=0.0e+00  |dM|=3.30e-05  step=1.00e+00
  it  723  L= 3.185926e+02  comp= 2.7533e+01 expr= 2.9106e+02 L+= 5.5997e-02 L-= 5.5681e-02  Keff=19.99(min 19.99)  gmin=4.68e-02  floor=0.0e+00  |dM|=3.30e-05  step=1.00e+00
  it  724  L= 3.185923e+02  comp= 2.7533e+01 expr= 2.9106e+02 L+= 5.6028e-02 L-= 5.5709e-02  Keff=19.99(min 19.99)  gmin=4.68e-02  floor=0.0e+00  |dM|=3.30e-05  step=1.00e+00
  it  725  L= 3.185919e+02  comp= 2.7533e+01 expr= 2.9106e+02 L+= 5.6058e-02 L-= 5.5739e-02  Keff=19.99(min 19.99)  gmin=4.68e-02  floor=0.0e+00  |dM|=3.31e-05  step=1.00e+00
  it  726  L= 3.185916e+02  comp= 2.7533e+01 expr= 2.9106e+02 L+= 5.6089e-02 L-= 5.5769e-02  Keff=19.99(min 19.99)  gmin=4.68e-02  floor=0.0e+00  |dM|=3.31e-05  step=1.00e+00
  it  727  L= 3.185912e+02  comp= 2.7533e+01 expr= 2.9106e+02 L+= 5.6120e-02 L-= 5.5799e-02  Keff=19.99(min 19.99)  gmin=4.68e-02  floor=0.0e+00  |dM|=3.32e-05  step=1.00e+00
  it  728  L= 3.185909e+02  comp= 2.7533e+01 expr= 2.9106e+02 L+= 5.6152e-02 L-= 5.5828e-02  Keff=19.99(min 19.99)  gmin=4.68e-02  floor=0.0e+00  |dM|=3.32e-05  step=1.00e+00
  it  729  L= 3.185906e+02  comp= 2.7533e+01 expr= 2.9106e+02 L+= 5.6183e-02 L-= 5.5857e-02  Keff=19.99(min 19.99)  gmin=4.68e-02  floor=0.0e+00  |dM|=3.33e-05  step=1.00e+00
  it  730  L= 3.185902e+02  comp= 2.7533e+01 expr= 2.9106e+02 L+= 5.6215e-02 L-= 5.5889e-02  Keff=19.99(min 19.99)  gmin=4.68e-02  floor=0.0e+00  |dM|=3.33e-05  step=1.00e+00
  it  731  L= 3.185898e+02  comp= 2.7533e+01 expr= 2.9106e+02 L+= 5.6244e-02 L-= 5.5919e-02  Keff=19.99(min 19.99)  gmin=4.68e-02  floor=0.0e+00  |dM|=3.34e-05  step=1.00e+00
  it  732  L= 3.185895e+02  comp= 2.7533e+01 expr= 2.9106e+02 L+= 5.6276e-02 L-= 5.5947e-02  Keff=19.99(min 19.99)  gmin=4.68e-02  floor=0.0e+00  |dM|=3.34e-05  step=1.00e+00
  it  733  L= 3.185892e+02  comp= 2.7533e+01 expr= 2.9106e+02 L+= 5.6308e-02 L-= 5.5978e-02  Keff=19.99(min 19.99)  gmin=4.68e-02  floor=0.0e+00  |dM|=3.35e-05  step=1.00e+00
  it  734  L= 3.185888e+02  comp= 2.7533e+01 expr= 2.9106e+02 L+= 5.6340e-02 L-= 5.6006e-02  Keff=19.99(min 19.99)  gmin=4.68e-02  floor=0.0e+00  |dM|=3.35e-05  step=1.00e+00
  it  735  L= 3.185885e+02  comp= 2.7533e+01 expr= 2.9106e+02 L+= 5.6371e-02 L-= 5.6037e-02  Keff=19.99(min 19.99)  gmin=4.68e-02  floor=0.0e+00  |dM|=3.35e-05  step=1.00e+00
  it  736  L= 3.185881e+02  comp= 2.7533e+01 expr= 2.9105e+02 L+= 5.6401e-02 L-= 5.6069e-02  Keff=19.99(min 19.99)  gmin=4.68e-02  floor=0.0e+00  |dM|=3.36e-05  step=1.00e+00
  it  737  L= 3.185878e+02  comp= 2.7533e+01 expr= 2.9105e+02 L+= 5.6434e-02 L-= 5.6098e-02  Keff=19.99(min 19.99)  gmin=4.68e-02  floor=0.0e+00  |dM|=3.36e-05  step=1.00e+00
  it  738  L= 3.185874e+02  comp= 2.7533e+01 expr= 2.9105e+02 L+= 5.6465e-02 L-= 5.6129e-02  Keff=19.99(min 19.99)  gmin=4.68e-02  floor=0.0e+00  |dM|=3.37e-05  step=1.00e+00
  it  739  L= 3.185871e+02  comp= 2.7533e+01 expr= 2.9105e+02 L+= 5.6497e-02 L-= 5.6158e-02  Keff=19.99(min 19.99)  gmin=4.68e-02  floor=0.0e+00  |dM|=3.37e-05  step=1.00e+00
  it  740  L= 3.185867e+02  comp= 2.7533e+01 expr= 2.9105e+02 L+= 5.6530e-02 L-= 5.6192e-02  Keff=19.99(min 19.99)  gmin=4.68e-02  floor=0.0e+00  |dM|=3.38e-05  step=1.00e+00
  it  741  L= 3.185863e+02  comp= 2.7533e+01 expr= 2.9105e+02 L+= 5.6558e-02 L-= 5.6219e-02  Keff=19.99(min 19.99)  gmin=4.68e-02  floor=0.0e+00  |dM|=3.38e-05  step=1.00e+00
  it  742  L= 3.185860e+02  comp= 2.7533e+01 expr= 2.9105e+02 L+= 5.6590e-02 L-= 5.6252e-02  Keff=19.99(min 19.99)  gmin=4.68e-02  floor=0.0e+00  |dM|=3.39e-05  step=1.00e+00
  it  743  L= 3.185856e+02  comp= 2.7533e+01 expr= 2.9105e+02 L+= 5.6623e-02 L-= 5.6280e-02  Keff=19.99(min 19.99)  gmin=4.68e-02  floor=0.0e+00  |dM|=3.39e-05  step=1.00e+00
  it  744  L= 3.185853e+02  comp= 2.7533e+01 expr= 2.9105e+02 L+= 5.6656e-02 L-= 5.6311e-02  Keff=19.99(min 19.99)  gmin=4.68e-02  floor=0.0e+00  |dM|=3.40e-05  step=1.00e+00
  it  745  L= 3.185849e+02  comp= 2.7533e+01 expr= 2.9105e+02 L+= 5.6687e-02 L-= 5.6341e-02  Keff=19.99(min 19.99)  gmin=4.68e-02  floor=0.0e+00  |dM|=3.40e-05  step=1.00e+00
  it  746  L= 3.185846e+02  comp= 2.7533e+01 expr= 2.9105e+02 L+= 5.6715e-02 L-= 5.6372e-02  Keff=19.99(min 19.99)  gmin=4.68e-02  floor=0.0e+00  |dM|=3.41e-05  step=1.00e+00
  it  747  L= 3.185842e+02  comp= 2.7533e+01 expr= 2.9105e+02 L+= 5.6751e-02 L-= 5.6401e-02  Keff=19.99(min 19.99)  gmin=4.68e-02  floor=0.0e+00  |dM|=3.41e-05  step=1.00e+00
  it  748  L= 3.185839e+02  comp= 2.7533e+01 expr= 2.9105e+02 L+= 5.6783e-02 L-= 5.6433e-02  Keff=19.99(min 19.99)  gmin=4.68e-02  floor=0.0e+00  |dM|=3.42e-05  step=1.00e+00
  it  749  L= 3.185835e+02  comp= 2.7533e+01 expr= 2.9105e+02 L+= 5.6815e-02 L-= 5.6465e-02  Keff=19.99(min 19.99)  gmin=4.68e-02  floor=0.0e+00  |dM|=3.42e-05  step=1.00e+00
  it  750  L= 3.185831e+02  comp= 2.7533e+01 expr= 2.9105e+02 L+= 5.6847e-02 L-= 5.6497e-02  Keff=19.99(min 19.99)  gmin=4.68e-02  floor=0.0e+00  |dM|=3.43e-05  step=1.00e+00
  it  751  L= 3.185828e+02  comp= 2.7533e+01 expr= 2.9105e+02 L+= 5.6877e-02 L-= 5.6527e-02  Keff=19.99(min 19.99)  gmin=4.68e-02  floor=0.0e+00  |dM|=3.43e-05  step=1.00e+00
  it  752  L= 3.185824e+02  comp= 2.7533e+01 expr= 2.9105e+02 L+= 5.6912e-02 L-= 5.6556e-02  Keff=19.99(min 19.99)  gmin=4.68e-02  floor=0.0e+00  |dM|=3.44e-05  step=1.00e+00
  it  753  L= 3.185820e+02  comp= 2.7533e+01 expr= 2.9105e+02 L+= 5.6947e-02 L-= 5.6588e-02  Keff=19.99(min 19.99)  gmin=4.68e-02  floor=0.0e+00  |dM|=3.44e-05  step=1.00e+00
  it  754  L= 3.185817e+02  comp= 2.7533e+01 expr= 2.9105e+02 L+= 5.6978e-02 L-= 5.6618e-02  Keff=19.99(min 19.99)  gmin=4.68e-02  floor=0.0e+00  |dM|=3.44e-05  step=1.00e+00
  it  755  L= 3.185813e+02  comp= 2.7533e+01 expr= 2.9105e+02 L+= 5.7008e-02 L-= 5.6651e-02  Keff=19.99(min 19.99)  gmin=4.68e-02  floor=0.0e+00  |dM|=3.45e-05  step=1.00e+00
  it  756  L= 3.185810e+02  comp= 2.7533e+01 expr= 2.9105e+02 L+= 5.7041e-02 L-= 5.6682e-02  Keff=19.99(min 19.99)  gmin=4.68e-02  floor=0.0e+00  |dM|=3.45e-05  step=1.00e+00
  it  757  L= 3.185806e+02  comp= 2.7533e+01 expr= 2.9105e+02 L+= 5.7072e-02 L-= 5.6711e-02  Keff=19.99(min 19.99)  gmin=4.68e-02  floor=0.0e+00  |dM|=3.46e-05  step=1.00e+00
  it  758  L= 3.185802e+02  comp= 2.7533e+01 expr= 2.9105e+02 L+= 5.7105e-02 L-= 5.6742e-02  Keff=19.99(min 19.99)  gmin=4.68e-02  floor=0.0e+00  |dM|=3.46e-05  step=1.00e+00
  it  759  L= 3.185799e+02  comp= 2.7533e+01 expr= 2.9105e+02 L+= 5.7139e-02 L-= 5.6776e-02  Keff=19.99(min 19.99)  gmin=4.68e-02  floor=0.0e+00  |dM|=3.47e-05  step=1.00e+00
  it  760  L= 3.185795e+02  comp= 2.7533e+01 expr= 2.9105e+02 L+= 5.7175e-02 L-= 5.6807e-02  Keff=19.99(min 19.99)  gmin=4.68e-02  floor=0.0e+00  |dM|=3.47e-05  step=1.00e+00
  it  761  L= 3.185791e+02  comp= 2.7533e+01 expr= 2.9105e+02 L+= 5.7207e-02 L-= 5.6839e-02  Keff=19.99(min 19.99)  gmin=4.68e-02  floor=0.0e+00  |dM|=3.48e-05  step=1.00e+00
  it  762  L= 3.185788e+02  comp= 2.7533e+01 expr= 2.9105e+02 L+= 5.7239e-02 L-= 5.6869e-02  Keff=19.99(min 19.99)  gmin=4.68e-02  floor=0.0e+00  |dM|=3.48e-05  step=1.00e+00
  it  763  L= 3.185784e+02  comp= 2.7533e+01 expr= 2.9105e+02 L+= 5.7271e-02 L-= 5.6901e-02  Keff=19.99(min 19.99)  gmin=4.68e-02  floor=0.0e+00  |dM|=3.49e-05  step=1.00e+00
  it  764  L= 3.185780e+02  comp= 2.7533e+01 expr= 2.9104e+02 L+= 5.7304e-02 L-= 5.6933e-02  Keff=19.99(min 19.99)  gmin=4.68e-02  floor=0.0e+00  |dM|=3.49e-05  step=1.00e+00
  it  765  L= 3.185777e+02  comp= 2.7533e+01 expr= 2.9104e+02 L+= 5.7337e-02 L-= 5.6966e-02  Keff=19.99(min 19.99)  gmin=4.68e-02  floor=0.0e+00  |dM|=3.50e-05  step=1.00e+00
  it  766  L= 3.185773e+02  comp= 2.7533e+01 expr= 2.9104e+02 L+= 5.7370e-02 L-= 5.6995e-02  Keff=19.99(min 19.99)  gmin=4.68e-02  floor=0.0e+00  |dM|=3.50e-05  step=1.00e+00
  it  767  L= 3.185769e+02  comp= 2.7533e+01 expr= 2.9104e+02 L+= 5.7403e-02 L-= 5.7030e-02  Keff=19.99(min 19.99)  gmin=4.68e-02  floor=0.0e+00  |dM|=3.51e-05  step=1.00e+00
  it  768  L= 3.185765e+02  comp= 2.7533e+01 expr= 2.9104e+02 L+= 5.7436e-02 L-= 5.7061e-02  Keff=19.99(min 19.99)  gmin=4.68e-02  floor=0.0e+00  |dM|=3.51e-05  step=1.00e+00
  it  769  L= 3.185762e+02  comp= 2.7533e+01 expr= 2.9104e+02 L+= 5.7470e-02 L-= 5.7093e-02  Keff=19.99(min 19.99)  gmin=4.68e-02  floor=0.0e+00  |dM|=3.52e-05  step=1.00e+00
  it  770  L= 3.185758e+02  comp= 2.7533e+01 expr= 2.9104e+02 L+= 5.7502e-02 L-= 5.7126e-02  Keff=19.99(min 19.99)  gmin=4.68e-02  floor=0.0e+00  |dM|=3.52e-05  step=1.00e+00
  it  771  L= 3.185754e+02  comp= 2.7533e+01 expr= 2.9104e+02 L+= 5.7536e-02 L-= 5.7155e-02  Keff=19.99(min 19.99)  gmin=4.68e-02  floor=0.0e+00  |dM|=3.53e-05  step=1.00e+00
  it  772  L= 3.185750e+02  comp= 2.7533e+01 expr= 2.9104e+02 L+= 5.7569e-02 L-= 5.7186e-02  Keff=19.99(min 19.99)  gmin=4.68e-02  floor=0.0e+00  |dM|=3.53e-05  step=1.00e+00
  it  773  L= 3.185747e+02  comp= 2.7533e+01 expr= 2.9104e+02 L+= 5.7603e-02 L-= 5.7216e-02  Keff=19.99(min 19.99)  gmin=4.68e-02  floor=0.0e+00  |dM|=3.54e-05  step=1.00e+00
  it  774  L= 3.185743e+02  comp= 2.7533e+01 expr= 2.9104e+02 L+= 5.7635e-02 L-= 5.7252e-02  Keff=19.99(min 19.99)  gmin=4.68e-02  floor=0.0e+00  |dM|=3.54e-05  step=1.00e+00
  it  775  L= 3.185740e+02  comp= 2.7533e+01 expr= 2.9104e+02 L+= 5.7668e-02 L-= 5.7286e-02  Keff=19.99(min 19.99)  gmin=4.68e-02  floor=0.0e+00  |dM|=3.55e-05  step=1.00e+00
  it  776  L= 3.185735e+02  comp= 2.7533e+01 expr= 2.9104e+02 L+= 5.7702e-02 L-= 5.7318e-02  Keff=19.99(min 19.99)  gmin=4.68e-02  floor=0.0e+00  |dM|=3.55e-05  step=1.00e+00
  it  777  L= 3.185732e+02  comp= 2.7533e+01 expr= 2.9104e+02 L+= 5.7737e-02 L-= 5.7349e-02  Keff=19.99(min 19.99)  gmin=4.68e-02  floor=0.0e+00  |dM|=3.56e-05  step=1.00e+00
  it  778  L= 3.185728e+02  comp= 2.7533e+01 expr= 2.9104e+02 L+= 5.7770e-02 L-= 5.7382e-02  Keff=19.99(min 19.99)  gmin=4.68e-02  floor=0.0e+00  |dM|=3.56e-05  step=1.00e+00
  it  779  L= 3.185724e+02  comp= 2.7533e+01 expr= 2.9104e+02 L+= 5.7804e-02 L-= 5.7415e-02  Keff=19.99(min 19.99)  gmin=4.68e-02  floor=0.0e+00  |dM|=3.57e-05  step=1.00e+00
  it  780  L= 3.185721e+02  comp= 2.7533e+01 expr= 2.9104e+02 L+= 5.7836e-02 L-= 5.7446e-02  Keff=19.99(min 19.99)  gmin=4.68e-02  floor=0.0e+00  |dM|=3.57e-05  step=1.00e+00
  it  781  L= 3.185717e+02  comp= 2.7533e+01 expr= 2.9104e+02 L+= 5.7872e-02 L-= 5.7479e-02  Keff=19.99(min 19.99)  gmin=4.68e-02  floor=0.0e+00  |dM|=3.58e-05  step=1.00e+00
  it  782  L= 3.185713e+02  comp= 2.7533e+01 expr= 2.9104e+02 L+= 5.7902e-02 L-= 5.7510e-02  Keff=19.99(min 19.99)  gmin=4.68e-02  floor=0.0e+00  |dM|=3.58e-05  step=1.00e+00
  it  783  L= 3.185709e+02  comp= 2.7533e+01 expr= 2.9104e+02 L+= 5.7940e-02 L-= 5.7542e-02  Keff=19.99(min 19.99)  gmin=4.68e-02  floor=0.0e+00  |dM|=3.59e-05  step=1.00e+00
  it  784  L= 3.185705e+02  comp= 2.7533e+01 expr= 2.9104e+02 L+= 5.7972e-02 L-= 5.7576e-02  Keff=19.99(min 19.99)  gmin=4.68e-02  floor=0.0e+00  |dM|=3.59e-05  step=1.00e+00
  it  785  L= 3.185701e+02  comp= 2.7533e+01 expr= 2.9104e+02 L+= 5.8008e-02 L-= 5.7607e-02  Keff=19.99(min 19.99)  gmin=4.68e-02  floor=0.0e+00  |dM|=3.60e-05  step=1.00e+00
  it  786  L= 3.185697e+02  comp= 2.7533e+01 expr= 2.9104e+02 L+= 5.8040e-02 L-= 5.7640e-02  Keff=19.99(min 19.99)  gmin=4.68e-02  floor=0.0e+00  |dM|=3.60e-05  step=1.00e+00
  it  787  L= 3.185693e+02  comp= 2.7533e+01 expr= 2.9104e+02 L+= 5.8075e-02 L-= 5.7673e-02  Keff=19.99(min 19.99)  gmin=4.68e-02  floor=0.0e+00  |dM|=3.61e-05  step=1.00e+00
  it  788  L= 3.185689e+02  comp= 2.7533e+01 expr= 2.9104e+02 L+= 5.8108e-02 L-= 5.7707e-02  Keff=19.99(min 19.99)  gmin=4.68e-02  floor=0.0e+00  |dM|=3.61e-05  step=1.00e+00
  it  789  L= 3.185686e+02  comp= 2.7533e+01 expr= 2.9104e+02 L+= 5.8144e-02 L-= 5.7738e-02  Keff=19.99(min 19.99)  gmin=4.68e-02  floor=0.0e+00  |dM|=3.62e-05  step=1.00e+00
  it  790  L= 3.185682e+02  comp= 2.7533e+01 expr= 2.9103e+02 L+= 5.8178e-02 L-= 5.7774e-02  Keff=19.99(min 19.99)  gmin=4.68e-02  floor=0.0e+00  |dM|=3.62e-05  step=1.00e+00
  it  791  L= 3.185678e+02  comp= 2.7533e+01 expr= 2.9103e+02 L+= 5.8209e-02 L-= 5.7803e-02  Keff=19.99(min 19.99)  gmin=4.68e-02  floor=0.0e+00  |dM|=3.63e-05  step=1.00e+00
  it  792  L= 3.185674e+02  comp= 2.7533e+01 expr= 2.9103e+02 L+= 5.8247e-02 L-= 5.7840e-02  Keff=19.99(min 19.99)  gmin=4.68e-02  floor=0.0e+00  |dM|=3.63e-05  step=1.00e+00
  it  793  L= 3.185670e+02  comp= 2.7533e+01 expr= 2.9103e+02 L+= 5.8280e-02 L-= 5.7870e-02  Keff=19.99(min 19.99)  gmin=4.68e-02  floor=0.0e+00  |dM|=3.64e-05  step=1.00e+00
  it  794  L= 3.185667e+02  comp= 2.7533e+01 expr= 2.9103e+02 L+= 5.8314e-02 L-= 5.7905e-02  Keff=19.99(min 19.99)  gmin=4.68e-02  floor=0.0e+00  |dM|=3.64e-05  step=1.00e+00
  it  795  L= 3.185662e+02  comp= 2.7533e+01 expr= 2.9103e+02 L+= 5.8351e-02 L-= 5.7938e-02  Keff=19.99(min 19.99)  gmin=4.68e-02  floor=0.0e+00  |dM|=3.65e-05  step=1.00e+00
  it  796  L= 3.185658e+02  comp= 2.7533e+01 expr= 2.9103e+02 L+= 5.8383e-02 L-= 5.7967e-02  Keff=19.99(min 19.99)  gmin=4.68e-02  floor=0.0e+00  |dM|=3.65e-05  step=1.00e+00
  it  797  L= 3.185654e+02  comp= 2.7533e+01 expr= 2.9103e+02 L+= 5.8418e-02 L-= 5.8004e-02  Keff=19.99(min 19.99)  gmin=4.68e-02  floor=0.0e+00  |dM|=3.66e-05  step=1.00e+00
  it  798  L= 3.185651e+02  comp= 2.7533e+01 expr= 2.9103e+02 L+= 5.8452e-02 L-= 5.8036e-02  Keff=19.99(min 19.99)  gmin=4.68e-02  floor=0.0e+00  |dM|=3.66e-05  step=1.00e+00
  it  799  L= 3.185647e+02  comp= 2.7533e+01 expr= 2.9103e+02 L+= 5.8489e-02 L-= 5.8071e-02  Keff=19.99(min 19.99)  gmin=4.68e-02  floor=0.0e+00  |dM|=3.67e-05  step=1.00e+00
  it  800  L= 3.185642e+02  comp= 2.7533e+01 expr= 2.9103e+02 L+= 5.8522e-02 L-= 5.8102e-02  Keff=19.99(min 19.99)  gmin=4.68e-02  floor=0.0e+00  |dM|=3.67e-05  step=1.00e+00
  it  801  L= 3.185639e+02  comp= 2.7533e+01 expr= 2.9103e+02 L+= 5.8557e-02 L-= 5.8140e-02  Keff=19.99(min 19.99)  gmin=4.68e-02  floor=0.0e+00  |dM|=3.68e-05  step=1.00e+00
  it  802  L= 3.185635e+02  comp= 2.7533e+01 expr= 2.9103e+02 L+= 5.8594e-02 L-= 5.8172e-02  Keff=19.99(min 19.99)  gmin=4.68e-02  floor=0.0e+00  |dM|=3.68e-05  step=1.00e+00
  it  803  L= 3.185631e+02  comp= 2.7533e+01 expr= 2.9103e+02 L+= 5.8627e-02 L-= 5.8205e-02  Keff=19.99(min 19.99)  gmin=4.68e-02  floor=0.0e+00  |dM|=3.69e-05  step=1.00e+00
  it  804  L= 3.185627e+02  comp= 2.7533e+01 expr= 2.9103e+02 L+= 5.8662e-02 L-= 5.8237e-02  Keff=19.99(min 19.99)  gmin=4.68e-02  floor=0.0e+00  |dM|=3.70e-05  step=1.00e+00
  it  805  L= 3.185623e+02  comp= 2.7533e+01 expr= 2.9103e+02 L+= 5.8697e-02 L-= 5.8273e-02  Keff=19.99(min 19.99)  gmin=4.68e-02  floor=0.0e+00  |dM|=3.70e-05  step=1.00e+00
  it  806  L= 3.185619e+02  comp= 2.7533e+01 expr= 2.9103e+02 L+= 5.8733e-02 L-= 5.8305e-02  Keff=19.99(min 19.99)  gmin=4.68e-02  floor=0.0e+00  |dM|=3.71e-05  step=1.00e+00
  it  807  L= 3.185615e+02  comp= 2.7533e+01 expr= 2.9103e+02 L+= 5.8767e-02 L-= 5.8338e-02  Keff=19.99(min 19.99)  gmin=4.68e-02  floor=0.0e+00  |dM|=3.71e-05  step=1.00e+00
  it  808  L= 3.185611e+02  comp= 2.7533e+01 expr= 2.9103e+02 L+= 5.8803e-02 L-= 5.8373e-02  Keff=19.99(min 19.99)  gmin=4.68e-02  floor=0.0e+00  |dM|=3.72e-05  step=1.00e+00
  it  809  L= 3.185607e+02  comp= 2.7533e+01 expr= 2.9103e+02 L+= 5.8839e-02 L-= 5.8406e-02  Keff=19.99(min 19.99)  gmin=4.68e-02  floor=0.0e+00  |dM|=3.72e-05  step=1.00e+00
  it  810  L= 3.185602e+02  comp= 2.7533e+01 expr= 2.9103e+02 L+= 5.8874e-02 L-= 5.8441e-02  Keff=19.99(min 19.99)  gmin=4.68e-02  floor=0.0e+00  |dM|=3.73e-05  step=1.00e+00
  it  811  L= 3.185598e+02  comp= 2.7533e+01 expr= 2.9103e+02 L+= 5.8910e-02 L-= 5.8476e-02  Keff=19.99(min 19.99)  gmin=4.68e-02  floor=0.0e+00  |dM|=3.73e-05  step=1.00e+00
  it  812  L= 3.185594e+02  comp= 2.7533e+01 expr= 2.9103e+02 L+= 5.8947e-02 L-= 5.8509e-02  Keff=19.99(min 19.99)  gmin=4.68e-02  floor=0.0e+00  |dM|=3.74e-05  step=1.00e+00
  it  813  L= 3.185590e+02  comp= 2.7533e+01 expr= 2.9103e+02 L+= 5.8980e-02 L-= 5.8542e-02  Keff=19.99(min 19.99)  gmin=4.68e-02  floor=0.0e+00  |dM|=3.74e-05  step=1.00e+00
  it  814  L= 3.185587e+02  comp= 2.7533e+01 expr= 2.9103e+02 L+= 5.9016e-02 L-= 5.8579e-02  Keff=19.99(min 19.99)  gmin=4.68e-02  floor=0.0e+00  |dM|=3.75e-05  step=1.00e+00
  it  815  L= 3.185582e+02  comp= 2.7533e+01 expr= 2.9102e+02 L+= 5.9055e-02 L-= 5.8612e-02  Keff=19.99(min 19.99)  gmin=4.68e-02  floor=0.0e+00  |dM|=3.75e-05  step=1.00e+00
  it  816  L= 3.185578e+02  comp= 2.7533e+01 expr= 2.9102e+02 L+= 5.9089e-02 L-= 5.8648e-02  Keff=19.99(min 19.99)  gmin=4.68e-02  floor=0.0e+00  |dM|=3.76e-05  step=1.00e+00
  it  817  L= 3.185574e+02  comp= 2.7533e+01 expr= 2.9102e+02 L+= 5.9124e-02 L-= 5.8680e-02  Keff=19.99(min 19.99)  gmin=4.68e-02  floor=0.0e+00  |dM|=3.76e-05  step=1.00e+00
  it  818  L= 3.185570e+02  comp= 2.7533e+01 expr= 2.9102e+02 L+= 5.9160e-02 L-= 5.8714e-02  Keff=19.99(min 19.99)  gmin=4.68e-02  floor=0.0e+00  |dM|=3.77e-05  step=1.00e+00
  it  819  L= 3.185566e+02  comp= 2.7533e+01 expr= 2.9102e+02 L+= 5.9196e-02 L-= 5.8749e-02  Keff=19.99(min 19.99)  gmin=4.68e-02  floor=0.0e+00  |dM|=3.77e-05  step=1.00e+00
  it  820  L= 3.185562e+02  comp= 2.7533e+01 expr= 2.9102e+02 L+= 5.9232e-02 L-= 5.8786e-02  Keff=19.99(min 19.99)  gmin=4.68e-02  floor=0.0e+00  |dM|=3.78e-05  step=1.00e+00
  it  821  L= 3.185558e+02  comp= 2.7533e+01 expr= 2.9102e+02 L+= 5.9270e-02 L-= 5.8818e-02  Keff=19.99(min 19.99)  gmin=4.68e-02  floor=0.0e+00  |dM|=3.79e-05  step=1.00e+00
  it  822  L= 3.185554e+02  comp= 2.7533e+01 expr= 2.9102e+02 L+= 5.9303e-02 L-= 5.8853e-02  Keff=19.99(min 19.99)  gmin=4.68e-02  floor=0.0e+00  |dM|=3.79e-05  step=1.00e+00
  it  823  L= 3.185549e+02  comp= 2.7533e+01 expr= 2.9102e+02 L+= 5.9339e-02 L-= 5.8887e-02  Keff=19.99(min 19.99)  gmin=4.68e-02  floor=0.0e+00  |dM|=3.80e-05  step=1.00e+00
  it  824  L= 3.185546e+02  comp= 2.7533e+01 expr= 2.9102e+02 L+= 5.9376e-02 L-= 5.8923e-02  Keff=19.99(min 19.99)  gmin=4.68e-02  floor=0.0e+00  |dM|=3.80e-05  step=1.00e+00
  it  825  L= 3.185541e+02  comp= 2.7533e+01 expr= 2.9102e+02 L+= 5.9412e-02 L-= 5.8959e-02  Keff=19.99(min 19.99)  gmin=4.68e-02  floor=0.0e+00  |dM|=3.81e-05  step=1.00e+00
  it  826  L= 3.185537e+02  comp= 2.7533e+01 expr= 2.9102e+02 L+= 5.9449e-02 L-= 5.8993e-02  Keff=19.99(min 19.99)  gmin=4.68e-02  floor=0.0e+00  |dM|=3.81e-05  step=1.00e+00
  it  827  L= 3.185533e+02  comp= 2.7533e+01 expr= 2.9102e+02 L+= 5.9485e-02 L-= 5.9028e-02  Keff=19.99(min 19.99)  gmin=4.68e-02  floor=0.0e+00  |dM|=3.82e-05  step=1.00e+00
  it  828  L= 3.185529e+02  comp= 2.7533e+01 expr= 2.9102e+02 L+= 5.9522e-02 L-= 5.9062e-02  Keff=19.99(min 19.99)  gmin=4.68e-02  floor=0.0e+00  |dM|=3.82e-05  step=1.00e+00
  it  829  L= 3.185525e+02  comp= 2.7533e+01 expr= 2.9102e+02 L+= 5.9558e-02 L-= 5.9098e-02  Keff=19.99(min 19.99)  gmin=4.68e-02  floor=0.0e+00  |dM|=3.83e-05  step=1.00e+00
  it  830  L= 3.185520e+02  comp= 2.7533e+01 expr= 2.9102e+02 L+= 5.9595e-02 L-= 5.9136e-02  Keff=19.99(min 19.99)  gmin=4.68e-02  floor=0.0e+00  |dM|=3.83e-05  step=1.00e+00
  it  831  L= 3.185516e+02  comp= 2.7533e+01 expr= 2.9102e+02 L+= 5.9634e-02 L-= 5.9170e-02  Keff=19.99(min 19.99)  gmin=4.68e-02  floor=0.0e+00  |dM|=3.84e-05  step=1.00e+00
  it  832  L= 3.185512e+02  comp= 2.7533e+01 expr= 2.9102e+02 L+= 5.9669e-02 L-= 5.9206e-02  Keff=19.99(min 19.99)  gmin=4.68e-02  floor=0.0e+00  |dM|=3.84e-05  step=1.00e+00
  it  833  L= 3.185508e+02  comp= 2.7533e+01 expr= 2.9102e+02 L+= 5.9705e-02 L-= 5.9239e-02  Keff=19.99(min 19.99)  gmin=4.68e-02  floor=0.0e+00  |dM|=3.85e-05  step=1.00e+00
  it  834  L= 3.185504e+02  comp= 2.7533e+01 expr= 2.9102e+02 L+= 5.9743e-02 L-= 5.9275e-02  Keff=19.99(min 19.99)  gmin=4.68e-02  floor=0.0e+00  |dM|=3.86e-05  step=1.00e+00
  it  835  L= 3.185500e+02  comp= 2.7533e+01 expr= 2.9102e+02 L+= 5.9780e-02 L-= 5.9310e-02  Keff=19.99(min 19.99)  gmin=4.68e-02  floor=0.0e+00  |dM|=3.86e-05  step=1.00e+00
  it  836  L= 3.185495e+02  comp= 2.7533e+01 expr= 2.9102e+02 L+= 5.9815e-02 L-= 5.9344e-02  Keff=19.99(min 19.99)  gmin=4.68e-02  floor=0.0e+00  |dM|=3.87e-05  step=1.00e+00
  it  837  L= 3.185491e+02  comp= 2.7533e+01 expr= 2.9102e+02 L+= 5.9856e-02 L-= 5.9381e-02  Keff=19.99(min 19.99)  gmin=4.68e-02  floor=0.0e+00  |dM|=3.87e-05  step=1.00e+00
  it  838  L= 3.185486e+02  comp= 2.7533e+01 expr= 2.9102e+02 L+= 5.9891e-02 L-= 5.9417e-02  Keff=19.99(min 19.99)  gmin=4.68e-02  floor=0.0e+00  |dM|=3.88e-05  step=1.00e+00
  it  839  L= 3.185482e+02  comp= 2.7533e+01 expr= 2.9101e+02 L+= 5.9926e-02 L-= 5.9451e-02  Keff=19.99(min 19.99)  gmin=4.68e-02  floor=0.0e+00  |dM|=3.88e-05  step=1.00e+00
  it  840  L= 3.185478e+02  comp= 2.7533e+01 expr= 2.9101e+02 L+= 5.9964e-02 L-= 5.9489e-02  Keff=19.99(min 19.99)  gmin=4.68e-02  floor=0.0e+00  |dM|=3.89e-05  step=1.00e+00
  it  841  L= 3.185474e+02  comp= 2.7533e+01 expr= 2.9101e+02 L+= 6.0003e-02 L-= 5.9524e-02  Keff=19.99(min 19.99)  gmin=4.68e-02  floor=0.0e+00  |dM|=3.89e-05  step=1.00e+00
  it  842  L= 3.185469e+02  comp= 2.7533e+01 expr= 2.9101e+02 L+= 6.0041e-02 L-= 5.9561e-02  Keff=19.99(min 19.99)  gmin=4.68e-02  floor=0.0e+00  |dM|=3.90e-05  step=1.00e+00
  it  843  L= 3.185465e+02  comp= 2.7533e+01 expr= 2.9101e+02 L+= 6.0076e-02 L-= 5.9595e-02  Keff=19.99(min 19.99)  gmin=4.68e-02  floor=0.0e+00  |dM|=3.91e-05  step=1.00e+00
  it  844  L= 3.185461e+02  comp= 2.7533e+01 expr= 2.9101e+02 L+= 6.0115e-02 L-= 5.9632e-02  Keff=19.99(min 19.99)  gmin=4.68e-02  floor=0.0e+00  |dM|=3.91e-05  step=1.00e+00
  it  845  L= 3.185457e+02  comp= 2.7533e+01 expr= 2.9101e+02 L+= 6.0153e-02 L-= 5.9669e-02  Keff=19.99(min 19.99)  gmin=4.68e-02  floor=0.0e+00  |dM|=3.92e-05  step=1.00e+00
  it  846  L= 3.185452e+02  comp= 2.7533e+01 expr= 2.9101e+02 L+= 6.0188e-02 L-= 5.9705e-02  Keff=19.99(min 19.99)  gmin=4.68e-02  floor=0.0e+00  |dM|=3.92e-05  step=1.00e+00
  it  847  L= 3.185448e+02  comp= 2.7533e+01 expr= 2.9101e+02 L+= 6.0226e-02 L-= 5.9741e-02  Keff=19.99(min 19.99)  gmin=4.68e-02  floor=0.0e+00  |dM|=3.93e-05  step=1.00e+00
  it  848  L= 3.185443e+02  comp= 2.7533e+01 expr= 2.9101e+02 L+= 6.0265e-02 L-= 5.9776e-02  Keff=19.99(min 19.99)  gmin=4.68e-02  floor=0.0e+00  |dM|=3.93e-05  step=1.00e+00
  it  849  L= 3.185439e+02  comp= 2.7533e+01 expr= 2.9101e+02 L+= 6.0301e-02 L-= 5.9812e-02  Keff=19.99(min 19.99)  gmin=4.68e-02  floor=0.0e+00  |dM|=3.94e-05  step=1.00e+00
  it  850  L= 3.185435e+02  comp= 2.7533e+01 expr= 2.9101e+02 L+= 6.0340e-02 L-= 5.9848e-02  Keff=19.99(min 19.99)  gmin=4.68e-02  floor=0.0e+00  |dM|=3.95e-05  step=1.00e+00
  it  851  L= 3.185431e+02  comp= 2.7533e+01 expr= 2.9101e+02 L+= 6.0377e-02 L-= 5.9885e-02  Keff=19.99(min 19.99)  gmin=4.68e-02  floor=0.0e+00  |dM|=3.95e-05  step=1.00e+00
  it  852  L= 3.185426e+02  comp= 2.7533e+01 expr= 2.9101e+02 L+= 6.0416e-02 L-= 5.9921e-02  Keff=19.99(min 19.99)  gmin=4.68e-02  floor=0.0e+00  |dM|=3.96e-05  step=1.00e+00
  it  853  L= 3.185422e+02  comp= 2.7533e+01 expr= 2.9101e+02 L+= 6.0452e-02 L-= 5.9956e-02  Keff=19.99(min 19.99)  gmin=4.68e-02  floor=0.0e+00  |dM|=3.96e-05  step=1.00e+00
  it  854  L= 3.185418e+02  comp= 2.7533e+01 expr= 2.9101e+02 L+= 6.0492e-02 L-= 5.9995e-02  Keff=19.99(min 19.99)  gmin=4.68e-02  floor=0.0e+00  |dM|=3.97e-05  step=1.00e+00
  it  855  L= 3.185413e+02  comp= 2.7533e+01 expr= 2.9101e+02 L+= 6.0531e-02 L-= 6.0032e-02  Keff=19.99(min 19.99)  gmin=4.68e-02  floor=0.0e+00  |dM|=3.97e-05  step=1.00e+00
  it  856  L= 3.185409e+02  comp= 2.7533e+01 expr= 2.9101e+02 L+= 6.0570e-02 L-= 6.0070e-02  Keff=19.99(min 19.99)  gmin=4.68e-02  floor=0.0e+00  |dM|=3.98e-05  step=1.00e+00
  it  857  L= 3.185404e+02  comp= 2.7533e+01 expr= 2.9101e+02 L+= 6.0606e-02 L-= 6.0104e-02  Keff=19.99(min 19.99)  gmin=4.68e-02  floor=0.0e+00  |dM|=3.99e-05  step=1.00e+00
  it  858  L= 3.185400e+02  comp= 2.7533e+01 expr= 2.9101e+02 L+= 6.0644e-02 L-= 6.0144e-02  Keff=19.99(min 19.99)  gmin=4.68e-02  floor=0.0e+00  |dM|=3.99e-05  step=1.00e+00
  it  859  L= 3.185396e+02  comp= 2.7533e+01 expr= 2.9101e+02 L+= 6.0682e-02 L-= 6.0179e-02  Keff=19.99(min 19.99)  gmin=4.68e-02  floor=0.0e+00  |dM|=4.00e-05  step=1.00e+00
  it  860  L= 3.185391e+02  comp= 2.7533e+01 expr= 2.9101e+02 L+= 6.0724e-02 L-= 6.0217e-02  Keff=19.99(min 19.99)  gmin=4.68e-02  floor=0.0e+00  |dM|=4.00e-05  step=1.00e+00
  it  861  L= 3.185386e+02  comp= 2.7533e+01 expr= 2.9101e+02 L+= 6.0760e-02 L-= 6.0253e-02  Keff=19.99(min 19.99)  gmin=4.68e-02  floor=0.0e+00  |dM|=4.01e-05  step=1.00e+00
  it  862  L= 3.185382e+02  comp= 2.7533e+01 expr= 2.9100e+02 L+= 6.0802e-02 L-= 6.0292e-02  Keff=19.99(min 19.99)  gmin=4.68e-02  floor=0.0e+00  |dM|=4.01e-05  step=1.00e+00
  it  863  L= 3.185378e+02  comp= 2.7533e+01 expr= 2.9100e+02 L+= 6.0839e-02 L-= 6.0328e-02  Keff=19.99(min 19.99)  gmin=4.68e-02  floor=0.0e+00  |dM|=4.02e-05  step=1.00e+00
  it  864  L= 3.185373e+02  comp= 2.7533e+01 expr= 2.9100e+02 L+= 6.0878e-02 L-= 6.0365e-02  Keff=19.99(min 19.99)  gmin=4.68e-02  floor=0.0e+00  |dM|=4.03e-05  step=1.00e+00
  it  865  L= 3.185368e+02  comp= 2.7533e+01 expr= 2.9100e+02 L+= 6.0915e-02 L-= 6.0401e-02  Keff=19.99(min 19.99)  gmin=4.68e-02  floor=0.0e+00  |dM|=4.03e-05  step=1.00e+00
  it  866  L= 3.185364e+02  comp= 2.7533e+01 expr= 2.9100e+02 L+= 6.0955e-02 L-= 6.0439e-02  Keff=19.99(min 19.99)  gmin=4.68e-02  floor=0.0e+00  |dM|=4.04e-05  step=1.00e+00
  it  867  L= 3.185359e+02  comp= 2.7533e+01 expr= 2.9100e+02 L+= 6.0994e-02 L-= 6.0477e-02  Keff=19.99(min 19.99)  gmin=4.68e-02  floor=0.0e+00  |dM|=4.04e-05  step=1.00e+00
  it  868  L= 3.185355e+02  comp= 2.7533e+01 expr= 2.9100e+02 L+= 6.1033e-02 L-= 6.0515e-02  Keff=19.99(min 19.99)  gmin=4.68e-02  floor=0.0e+00  |dM|=4.05e-05  step=1.00e+00
  it  869  L= 3.185351e+02  comp= 2.7533e+01 expr= 2.9100e+02 L+= 6.1072e-02 L-= 6.0553e-02  Keff=19.99(min 19.99)  gmin=4.68e-02  floor=0.0e+00  |dM|=4.05e-05  step=1.00e+00
  it  870  L= 3.185346e+02  comp= 2.7533e+01 expr= 2.9100e+02 L+= 6.1113e-02 L-= 6.0590e-02  Keff=19.99(min 19.99)  gmin=4.68e-02  floor=0.0e+00  |dM|=4.06e-05  step=1.00e+00
  it  871  L= 3.185342e+02  comp= 2.7533e+01 expr= 2.9100e+02 L+= 6.1151e-02 L-= 6.0630e-02  Keff=19.99(min 19.99)  gmin=4.68e-02  floor=0.0e+00  |dM|=4.07e-05  step=1.00e+00
  it  872  L= 3.185337e+02  comp= 2.7533e+01 expr= 2.9100e+02 L+= 6.1189e-02 L-= 6.0666e-02  Keff=19.99(min 19.99)  gmin=4.68e-02  floor=0.0e+00  |dM|=4.07e-05  step=1.00e+00
  it  873  L= 3.185332e+02  comp= 2.7533e+01 expr= 2.9100e+02 L+= 6.1229e-02 L-= 6.0704e-02  Keff=19.99(min 19.99)  gmin=4.68e-02  floor=0.0e+00  |dM|=4.08e-05  step=1.00e+00
  it  874  L= 3.185328e+02  comp= 2.7533e+01 expr= 2.9100e+02 L+= 6.1270e-02 L-= 6.0742e-02  Keff=19.99(min 19.99)  gmin=4.68e-02  floor=0.0e+00  |dM|=4.08e-05  step=1.00e+00
  it  875  L= 3.185323e+02  comp= 2.7533e+01 expr= 2.9100e+02 L+= 6.1311e-02 L-= 6.0779e-02  Keff=19.99(min 19.99)  gmin=4.68e-02  floor=0.0e+00  |dM|=4.09e-05  step=1.00e+00
  it  876  L= 3.185319e+02  comp= 2.7533e+01 expr= 2.9100e+02 L+= 6.1350e-02 L-= 6.0817e-02  Keff=19.99(min 19.99)  gmin=4.68e-02  floor=0.0e+00  |dM|=4.10e-05  step=1.00e+00
  it  877  L= 3.185314e+02  comp= 2.7533e+01 expr= 2.9100e+02 L+= 6.1388e-02 L-= 6.0858e-02  Keff=19.99(min 19.99)  gmin=4.68e-02  floor=0.0e+00  |dM|=4.10e-05  step=1.00e+00
  it  878  L= 3.185309e+02  comp= 2.7533e+01 expr= 2.9100e+02 L+= 6.1429e-02 L-= 6.0892e-02  Keff=19.99(min 19.99)  gmin=4.68e-02  floor=0.0e+00  |dM|=4.11e-05  step=1.00e+00
  it  879  L= 3.185305e+02  comp= 2.7533e+01 expr= 2.9100e+02 L+= 6.1467e-02 L-= 6.0932e-02  Keff=19.99(min 19.99)  gmin=4.68e-02  floor=0.0e+00  |dM|=4.11e-05  step=1.00e+00
  it  880  L= 3.185300e+02  comp= 2.7533e+01 expr= 2.9100e+02 L+= 6.1508e-02 L-= 6.0970e-02  Keff=19.99(min 19.99)  gmin=4.68e-02  floor=0.0e+00  |dM|=4.12e-05  step=1.00e+00
  it  881  L= 3.185296e+02  comp= 2.7533e+01 expr= 2.9100e+02 L+= 6.1547e-02 L-= 6.1008e-02  Keff=19.99(min 19.99)  gmin=4.68e-02  floor=0.0e+00  |dM|=4.13e-05  step=1.00e+00
  it  882  L= 3.185291e+02  comp= 2.7533e+01 expr= 2.9100e+02 L+= 6.1587e-02 L-= 6.1048e-02  Keff=19.99(min 19.99)  gmin=4.68e-02  floor=0.0e+00  |dM|=4.13e-05  step=1.00e+00
  it  883  L= 3.185286e+02  comp= 2.7533e+01 expr= 2.9100e+02 L+= 6.1625e-02 L-= 6.1085e-02  Keff=19.99(min 19.99)  gmin=4.68e-02  floor=0.0e+00  |dM|=4.14e-05  step=1.00e+00
  it  884  L= 3.185282e+02  comp= 2.7533e+01 expr= 2.9099e+02 L+= 6.1670e-02 L-= 6.1123e-02  Keff=19.99(min 19.99)  gmin=4.68e-02  floor=0.0e+00  |dM|=4.14e-05  step=1.00e+00
  it  885  L= 3.185277e+02  comp= 2.7533e+01 expr= 2.9099e+02 L+= 6.1707e-02 L-= 6.1162e-02  Keff=19.99(min 19.99)  gmin=4.68e-02  floor=0.0e+00  |dM|=4.15e-05  step=1.00e+00
  it  886  L= 3.185272e+02  comp= 2.7533e+01 expr= 2.9099e+02 L+= 6.1749e-02 L-= 6.1204e-02  Keff=19.99(min 19.99)  gmin=4.68e-02  floor=0.0e+00  |dM|=4.16e-05  step=1.00e+00
  it  887  L= 3.185268e+02  comp= 2.7533e+01 expr= 2.9099e+02 L+= 6.1788e-02 L-= 6.1241e-02  Keff=19.99(min 19.99)  gmin=4.68e-02  floor=0.0e+00  |dM|=4.16e-05  step=1.00e+00
  it  888  L= 3.185263e+02  comp= 2.7533e+01 expr= 2.9099e+02 L+= 6.1828e-02 L-= 6.1279e-02  Keff=19.99(min 19.99)  gmin=4.68e-02  floor=0.0e+00  |dM|=4.17e-05  step=1.00e+00
  it  889  L= 3.185258e+02  comp= 2.7533e+01 expr= 2.9099e+02 L+= 6.1868e-02 L-= 6.1318e-02  Keff=19.99(min 19.99)  gmin=4.68e-02  floor=0.0e+00  |dM|=4.17e-05  step=1.00e+00
  it  890  L= 3.185254e+02  comp= 2.7533e+01 expr= 2.9099e+02 L+= 6.1908e-02 L-= 6.1356e-02  Keff=19.99(min 19.99)  gmin=4.68e-02  floor=0.0e+00  |dM|=4.18e-05  step=1.00e+00
  it  891  L= 3.185249e+02  comp= 2.7533e+01 expr= 2.9099e+02 L+= 6.1949e-02 L-= 6.1394e-02  Keff=19.99(min 19.99)  gmin=4.68e-02  floor=0.0e+00  |dM|=4.19e-05  step=1.00e+00
  it  892  L= 3.185244e+02  comp= 2.7533e+01 expr= 2.9099e+02 L+= 6.1992e-02 L-= 6.1434e-02  Keff=19.99(min 19.99)  gmin=4.68e-02  floor=0.0e+00  |dM|=4.19e-05  step=1.00e+00
  it  893  L= 3.185240e+02  comp= 2.7533e+01 expr= 2.9099e+02 L+= 6.2032e-02 L-= 6.1471e-02  Keff=19.99(min 19.99)  gmin=4.68e-02  floor=0.0e+00  |dM|=4.20e-05  step=1.00e+00
  it  894  L= 3.185235e+02  comp= 2.7533e+01 expr= 2.9099e+02 L+= 6.2072e-02 L-= 6.1513e-02  Keff=19.99(min 19.99)  gmin=4.68e-02  floor=0.0e+00  |dM|=4.21e-05  step=1.00e+00
  it  895  L= 3.185230e+02  comp= 2.7533e+01 expr= 2.9099e+02 L+= 6.2113e-02 L-= 6.1554e-02  Keff=19.99(min 19.99)  gmin=4.68e-02  floor=0.0e+00  |dM|=4.21e-05  step=1.00e+00
  it  896  L= 3.185225e+02  comp= 2.7533e+01 expr= 2.9099e+02 L+= 6.2154e-02 L-= 6.1592e-02  Keff=19.99(min 19.99)  gmin=4.67e-02  floor=0.0e+00  |dM|=4.22e-05  step=1.00e+00
  it  897  L= 3.185221e+02  comp= 2.7533e+01 expr= 2.9099e+02 L+= 6.2198e-02 L-= 6.1633e-02  Keff=19.99(min 19.99)  gmin=4.67e-02  floor=0.0e+00  |dM|=4.22e-05  step=1.00e+00
  it  898  L= 3.185215e+02  comp= 2.7533e+01 expr= 2.9099e+02 L+= 6.2236e-02 L-= 6.1671e-02  Keff=19.99(min 19.99)  gmin=4.67e-02  floor=0.0e+00  |dM|=4.23e-05  step=1.00e+00
  it  899  L= 3.185211e+02  comp= 2.7533e+01 expr= 2.9099e+02 L+= 6.2278e-02 L-= 6.1712e-02  Keff=19.99(min 19.99)  gmin=4.67e-02  floor=0.0e+00  |dM|=4.24e-05  step=1.00e+00
  it  900  L= 3.185206e+02  comp= 2.7533e+01 expr= 2.9099e+02 L+= 6.2318e-02 L-= 6.1750e-02  Keff=19.99(min 19.99)  gmin=4.67e-02  floor=0.0e+00  |dM|=4.24e-05  step=1.00e+00
  it  901  L= 3.185201e+02  comp= 2.7533e+01 expr= 2.9099e+02 L+= 6.2361e-02 L-= 6.1791e-02  Keff=19.99(min 19.99)  gmin=4.67e-02  floor=0.0e+00  |dM|=4.25e-05  step=1.00e+00
  it  902  L= 3.185197e+02  comp= 2.7533e+01 expr= 2.9099e+02 L+= 6.2401e-02 L-= 6.1831e-02  Keff=19.99(min 19.99)  gmin=4.67e-02  floor=0.0e+00  |dM|=4.25e-05  step=1.00e+00
  it  903  L= 3.185192e+02  comp= 2.7533e+01 expr= 2.9099e+02 L+= 6.2444e-02 L-= 6.1870e-02  Keff=19.99(min 19.99)  gmin=4.67e-02  floor=0.0e+00  |dM|=4.26e-05  step=1.00e+00
  it  904  L= 3.185187e+02  comp= 2.7533e+01 expr= 2.9099e+02 L+= 6.2485e-02 L-= 6.1908e-02  Keff=19.99(min 19.99)  gmin=4.67e-02  floor=0.0e+00  |dM|=4.27e-05  step=1.00e+00
  it  905  L= 3.185182e+02  comp= 2.7533e+01 expr= 2.9098e+02 L+= 6.2526e-02 L-= 6.1950e-02  Keff=19.99(min 19.99)  gmin=4.67e-02  floor=0.0e+00  |dM|=4.27e-05  step=1.00e+00
  it  906  L= 3.185177e+02  comp= 2.7533e+01 expr= 2.9098e+02 L+= 6.2567e-02 L-= 6.1989e-02  Keff=19.99(min 19.99)  gmin=4.67e-02  floor=0.0e+00  |dM|=4.28e-05  step=1.00e+00
  it  907  L= 3.185172e+02  comp= 2.7533e+01 expr= 2.9098e+02 L+= 6.2609e-02 L-= 6.2028e-02  Keff=19.99(min 19.99)  gmin=4.67e-02  floor=0.0e+00  |dM|=4.29e-05  step=1.00e+00
  it  908  L= 3.185167e+02  comp= 2.7533e+01 expr= 2.9098e+02 L+= 6.2652e-02 L-= 6.2069e-02  Keff=19.99(min 19.99)  gmin=4.67e-02  floor=0.0e+00  |dM|=4.29e-05  step=1.00e+00
  it  909  L= 3.185162e+02  comp= 2.7533e+01 expr= 2.9098e+02 L+= 6.2696e-02 L-= 6.2110e-02  Keff=19.99(min 19.99)  gmin=4.67e-02  floor=0.0e+00  |dM|=4.30e-05  step=1.00e+00
  it  910  L= 3.185157e+02  comp= 2.7533e+01 expr= 2.9098e+02 L+= 6.2736e-02 L-= 6.2153e-02  Keff=19.99(min 19.99)  gmin=4.67e-02  floor=0.0e+00  |dM|=4.31e-05  step=1.00e+00
  it  911  L= 3.185152e+02  comp= 2.7533e+01 expr= 2.9098e+02 L+= 6.2776e-02 L-= 6.2193e-02  Keff=19.99(min 19.99)  gmin=4.67e-02  floor=0.0e+00  |dM|=4.31e-05  step=1.00e+00
  it  912  L= 3.185148e+02  comp= 2.7533e+01 expr= 2.9098e+02 L+= 6.2818e-02 L-= 6.2233e-02  Keff=19.99(min 19.99)  gmin=4.67e-02  floor=0.0e+00  |dM|=4.32e-05  step=1.00e+00
  it  913  L= 3.185143e+02  comp= 2.7533e+01 expr= 2.9098e+02 L+= 6.2862e-02 L-= 6.2274e-02  Keff=19.99(min 19.99)  gmin=4.67e-02  floor=0.0e+00  |dM|=4.32e-05  step=1.00e+00
  it  914  L= 3.185137e+02  comp= 2.7533e+01 expr= 2.9098e+02 L+= 6.2906e-02 L-= 6.2314e-02  Keff=19.99(min 19.99)  gmin=4.67e-02  floor=0.0e+00  |dM|=4.33e-05  step=1.00e+00
  it  915  L= 3.185132e+02  comp= 2.7533e+01 expr= 2.9098e+02 L+= 6.2945e-02 L-= 6.2351e-02  Keff=19.99(min 19.99)  gmin=4.67e-02  floor=0.0e+00  |dM|=4.34e-05  step=1.00e+00
  it  916  L= 3.185128e+02  comp= 2.7533e+01 expr= 2.9098e+02 L+= 6.2987e-02 L-= 6.2394e-02  Keff=19.99(min 19.99)  gmin=4.67e-02  floor=0.0e+00  |dM|=4.34e-05  step=1.00e+00
  it  917  L= 3.185122e+02  comp= 2.7533e+01 expr= 2.9098e+02 L+= 6.3033e-02 L-= 6.2436e-02  Keff=19.99(min 19.99)  gmin=4.67e-02  floor=0.0e+00  |dM|=4.35e-05  step=1.00e+00
  it  918  L= 3.185117e+02  comp= 2.7533e+01 expr= 2.9098e+02 L+= 6.3075e-02 L-= 6.2477e-02  Keff=19.99(min 19.99)  gmin=4.67e-02  floor=0.0e+00  |dM|=4.36e-05  step=1.00e+00
  it  919  L= 3.185112e+02  comp= 2.7533e+01 expr= 2.9098e+02 L+= 6.3118e-02 L-= 6.2517e-02  Keff=19.99(min 19.99)  gmin=4.67e-02  floor=0.0e+00  |dM|=4.36e-05  step=1.00e+00
  it  920  L= 3.185108e+02  comp= 2.7533e+01 expr= 2.9098e+02 L+= 6.3159e-02 L-= 6.2559e-02  Keff=19.99(min 19.99)  gmin=4.67e-02  floor=0.0e+00  |dM|=4.37e-05  step=1.00e+00
  it  921  L= 3.185102e+02  comp= 2.7533e+01 expr= 2.9098e+02 L+= 6.3201e-02 L-= 6.2600e-02  Keff=19.99(min 19.99)  gmin=4.67e-02  floor=0.0e+00  |dM|=4.38e-05  step=1.00e+00
  it  922  L= 3.185097e+02  comp= 2.7533e+01 expr= 2.9098e+02 L+= 6.3244e-02 L-= 6.2639e-02  Keff=19.99(min 19.99)  gmin=4.67e-02  floor=0.0e+00  |dM|=4.38e-05  step=1.00e+00
  it  923  L= 3.185092e+02  comp= 2.7533e+01 expr= 2.9098e+02 L+= 6.3289e-02 L-= 6.2682e-02  Keff=19.99(min 19.99)  gmin=4.67e-02  floor=0.0e+00  |dM|=4.39e-05  step=1.00e+00
  it  924  L= 3.185087e+02  comp= 2.7533e+01 expr= 2.9098e+02 L+= 6.3330e-02 L-= 6.2723e-02  Keff=19.99(min 19.99)  gmin=4.67e-02  floor=0.0e+00  |dM|=4.40e-05  step=1.00e+00
  it  925  L= 3.185082e+02  comp= 2.7533e+01 expr= 2.9097e+02 L+= 6.3373e-02 L-= 6.2764e-02  Keff=19.99(min 19.99)  gmin=4.67e-02  floor=0.0e+00  |dM|=4.40e-05  step=1.00e+00
  it  926  L= 3.185077e+02  comp= 2.7533e+01 expr= 2.9097e+02 L+= 6.3417e-02 L-= 6.2807e-02  Keff=19.99(min 19.99)  gmin=4.67e-02  floor=0.0e+00  |dM|=4.41e-05  step=1.00e+00
  it  927  L= 3.185072e+02  comp= 2.7533e+01 expr= 2.9097e+02 L+= 6.3462e-02 L-= 6.2848e-02  Keff=19.99(min 19.99)  gmin=4.67e-02  floor=0.0e+00  |dM|=4.42e-05  step=1.00e+00
  it  928  L= 3.185067e+02  comp= 2.7533e+01 expr= 2.9097e+02 L+= 6.3503e-02 L-= 6.2891e-02  Keff=19.99(min 19.99)  gmin=4.67e-02  floor=0.0e+00  |dM|=4.42e-05  step=1.00e+00
  it  929  L= 3.185062e+02  comp= 2.7533e+01 expr= 2.9097e+02 L+= 6.3549e-02 L-= 6.2931e-02  Keff=19.99(min 19.99)  gmin=4.67e-02  floor=0.0e+00  |dM|=4.43e-05  step=1.00e+00
  it  930  L= 3.185057e+02  comp= 2.7533e+01 expr= 2.9097e+02 L+= 6.3590e-02 L-= 6.2975e-02  Keff=19.99(min 19.99)  gmin=4.67e-02  floor=0.0e+00  |dM|=4.44e-05  step=1.00e+00
  it  931  L= 3.185052e+02  comp= 2.7533e+01 expr= 2.9097e+02 L+= 6.3633e-02 L-= 6.3013e-02  Keff=19.99(min 19.99)  gmin=4.67e-02  floor=0.0e+00  |dM|=4.44e-05  step=1.00e+00
  it  932  L= 3.185046e+02  comp= 2.7533e+01 expr= 2.9097e+02 L+= 6.3679e-02 L-= 6.3058e-02  Keff=19.99(min 19.99)  gmin=4.67e-02  floor=0.0e+00  |dM|=4.45e-05  step=1.00e+00
  it  933  L= 3.185041e+02  comp= 2.7533e+01 expr= 2.9097e+02 L+= 6.3723e-02 L-= 6.3099e-02  Keff=19.99(min 19.99)  gmin=4.67e-02  floor=0.0e+00  |dM|=4.46e-05  step=1.00e+00
  it  934  L= 3.185037e+02  comp= 2.7533e+01 expr= 2.9097e+02 L+= 6.3767e-02 L-= 6.3142e-02  Keff=19.99(min 19.99)  gmin=4.67e-02  floor=0.0e+00  |dM|=4.46e-05  step=1.00e+00
  it  935  L= 3.185031e+02  comp= 2.7533e+01 expr= 2.9097e+02 L+= 6.3811e-02 L-= 6.3185e-02  Keff=19.99(min 19.99)  gmin=4.67e-02  floor=0.0e+00  |dM|=4.47e-05  step=1.00e+00
  it  936  L= 3.185026e+02  comp= 2.7533e+01 expr= 2.9097e+02 L+= 6.3853e-02 L-= 6.3226e-02  Keff=19.99(min 19.99)  gmin=4.67e-02  floor=0.0e+00  |dM|=4.48e-05  step=1.00e+00
  it  937  L= 3.185021e+02  comp= 2.7533e+01 expr= 2.9097e+02 L+= 6.3896e-02 L-= 6.3269e-02  Keff=19.99(min 19.99)  gmin=4.67e-02  floor=0.0e+00  |dM|=4.48e-05  step=1.00e+00
  it  938  L= 3.185016e+02  comp= 2.7533e+01 expr= 2.9097e+02 L+= 6.3942e-02 L-= 6.3312e-02  Keff=19.99(min 19.99)  gmin=4.67e-02  floor=0.0e+00  |dM|=4.49e-05  step=1.00e+00
  it  939  L= 3.185010e+02  comp= 2.7533e+01 expr= 2.9097e+02 L+= 6.3988e-02 L-= 6.3354e-02  Keff=19.99(min 19.99)  gmin=4.67e-02  floor=0.0e+00  |dM|=4.50e-05  step=1.00e+00
  it  940  L= 3.185005e+02  comp= 2.7533e+01 expr= 2.9097e+02 L+= 6.4032e-02 L-= 6.3396e-02  Keff=19.99(min 19.99)  gmin=4.67e-02  floor=0.0e+00  |dM|=4.50e-05  step=1.00e+00
  it  941  L= 3.185000e+02  comp= 2.7533e+01 expr= 2.9097e+02 L+= 6.4075e-02 L-= 6.3440e-02  Keff=19.99(min 19.99)  gmin=4.67e-02  floor=0.0e+00  |dM|=4.51e-05  step=1.00e+00
  it  942  L= 3.184995e+02  comp= 2.7533e+01 expr= 2.9097e+02 L+= 6.4120e-02 L-= 6.3483e-02  Keff=19.99(min 19.99)  gmin=4.67e-02  floor=0.0e+00  |dM|=4.52e-05  step=1.00e+00
  it  943  L= 3.184989e+02  comp= 2.7533e+01 expr= 2.9097e+02 L+= 6.4163e-02 L-= 6.3525e-02  Keff=19.99(min 19.99)  gmin=4.67e-02  floor=0.0e+00  |dM|=4.52e-05  step=1.00e+00
  it  944  L= 3.184984e+02  comp= 2.7533e+01 expr= 2.9097e+02 L+= 6.4209e-02 L-= 6.3567e-02  Keff=19.99(min 19.99)  gmin=4.67e-02  floor=0.0e+00  |dM|=4.53e-05  step=1.00e+00
  it  945  L= 3.184979e+02  comp= 2.7533e+01 expr= 2.9096e+02 L+= 6.4253e-02 L-= 6.3609e-02  Keff=19.99(min 19.99)  gmin=4.67e-02  floor=0.0e+00  |dM|=4.54e-05  step=1.00e+00
  it  946  L= 3.184973e+02  comp= 2.7533e+01 expr= 2.9096e+02 L+= 6.4298e-02 L-= 6.3653e-02  Keff=19.99(min 19.99)  gmin=4.67e-02  floor=0.0e+00  |dM|=4.54e-05  step=1.00e+00
  it  947  L= 3.184968e+02  comp= 2.7533e+01 expr= 2.9096e+02 L+= 6.4343e-02 L-= 6.3699e-02  Keff=19.99(min 19.99)  gmin=4.67e-02  floor=0.0e+00  |dM|=4.55e-05  step=1.00e+00
  it  948  L= 3.184963e+02  comp= 2.7533e+01 expr= 2.9096e+02 L+= 6.4389e-02 L-= 6.3739e-02  Keff=19.99(min 19.99)  gmin=4.67e-02  floor=0.0e+00  |dM|=4.56e-05  step=1.00e+00
  it  949  L= 3.184958e+02  comp= 2.7533e+01 expr= 2.9096e+02 L+= 6.4434e-02 L-= 6.3785e-02  Keff=19.99(min 19.99)  gmin=4.67e-02  floor=0.0e+00  |dM|=4.56e-05  step=1.00e+00
  it  950  L= 3.184952e+02  comp= 2.7533e+01 expr= 2.9096e+02 L+= 6.4478e-02 L-= 6.3828e-02  Keff=19.99(min 19.99)  gmin=4.67e-02  floor=0.0e+00  |dM|=4.57e-05  step=1.00e+00
  it  951  L= 3.184947e+02  comp= 2.7533e+01 expr= 2.9096e+02 L+= 6.4522e-02 L-= 6.3869e-02  Keff=19.99(min 19.99)  gmin=4.67e-02  floor=0.0e+00  |dM|=4.58e-05  step=1.00e+00
  it  952  L= 3.184941e+02  comp= 2.7533e+01 expr= 2.9096e+02 L+= 6.4568e-02 L-= 6.3910e-02  Keff=19.99(min 19.99)  gmin=4.67e-02  floor=0.0e+00  |dM|=4.59e-05  step=1.00e+00
  it  953  L= 3.184936e+02  comp= 2.7533e+01 expr= 2.9096e+02 L+= 6.4614e-02 L-= 6.3958e-02  Keff=19.99(min 19.99)  gmin=4.67e-02  floor=0.0e+00  |dM|=4.59e-05  step=1.00e+00
  it  954  L= 3.184931e+02  comp= 2.7533e+01 expr= 2.9096e+02 L+= 6.4657e-02 L-= 6.4001e-02  Keff=19.99(min 19.99)  gmin=4.67e-02  floor=0.0e+00  |dM|=4.60e-05  step=1.00e+00
  it  955  L= 3.184926e+02  comp= 2.7533e+01 expr= 2.9096e+02 L+= 6.4703e-02 L-= 6.4044e-02  Keff=19.99(min 19.99)  gmin=4.67e-02  floor=0.0e+00  |dM|=4.61e-05  step=1.00e+00
  it  956  L= 3.184920e+02  comp= 2.7533e+01 expr= 2.9096e+02 L+= 6.4751e-02 L-= 6.4089e-02  Keff=19.99(min 19.99)  gmin=4.67e-02  floor=0.0e+00  |dM|=4.61e-05  step=1.00e+00
  it  957  L= 3.184915e+02  comp= 2.7533e+01 expr= 2.9096e+02 L+= 6.4796e-02 L-= 6.4132e-02  Keff=19.99(min 19.99)  gmin=4.67e-02  floor=0.0e+00  |dM|=4.62e-05  step=1.00e+00
  it  958  L= 3.184909e+02  comp= 2.7533e+01 expr= 2.9096e+02 L+= 6.4842e-02 L-= 6.4176e-02  Keff=19.99(min 19.99)  gmin=4.67e-02  floor=0.0e+00  |dM|=4.63e-05  step=1.00e+00
  it  959  L= 3.184904e+02  comp= 2.7533e+01 expr= 2.9096e+02 L+= 6.4889e-02 L-= 6.4220e-02  Keff=19.99(min 19.99)  gmin=4.67e-02  floor=0.0e+00  |dM|=4.63e-05  step=1.00e+00
  it  960  L= 3.184898e+02  comp= 2.7533e+01 expr= 2.9096e+02 L+= 6.4934e-02 L-= 6.4265e-02  Keff=19.99(min 19.99)  gmin=4.67e-02  floor=0.0e+00  |dM|=4.64e-05  step=1.00e+00
  it  961  L= 3.184893e+02  comp= 2.7533e+01 expr= 2.9096e+02 L+= 6.4982e-02 L-= 6.4310e-02  Keff=19.99(min 19.99)  gmin=4.67e-02  floor=0.0e+00  |dM|=4.65e-05  step=1.00e+00
  it  962  L= 3.184887e+02  comp= 2.7533e+01 expr= 2.9096e+02 L+= 6.5026e-02 L-= 6.4355e-02  Keff=19.99(min 19.99)  gmin=4.67e-02  floor=0.0e+00  |dM|=4.66e-05  step=1.00e+00
  it  963  L= 3.184882e+02  comp= 2.7533e+01 expr= 2.9095e+02 L+= 6.5072e-02 L-= 6.4399e-02  Keff=19.99(min 19.99)  gmin=4.67e-02  floor=0.0e+00  |dM|=4.66e-05  step=1.00e+00
  it  964  L= 3.184876e+02  comp= 2.7533e+01 expr= 2.9095e+02 L+= 6.5118e-02 L-= 6.4443e-02  Keff=19.99(min 19.99)  gmin=4.67e-02  floor=0.0e+00  |dM|=4.67e-05  step=1.00e+00
  it  965  L= 3.184871e+02  comp= 2.7533e+01 expr= 2.9095e+02 L+= 6.5164e-02 L-= 6.4487e-02  Keff=19.99(min 19.99)  gmin=4.67e-02  floor=0.0e+00  |dM|=4.68e-05  step=1.00e+00
  it  966  L= 3.184865e+02  comp= 2.7533e+01 expr= 2.9095e+02 L+= 6.5211e-02 L-= 6.4533e-02  Keff=19.99(min 19.99)  gmin=4.67e-02  floor=0.0e+00  |dM|=4.68e-05  step=1.00e+00
  it  967  L= 3.184860e+02  comp= 2.7533e+01 expr= 2.9095e+02 L+= 6.5259e-02 L-= 6.4579e-02  Keff=19.99(min 19.99)  gmin=4.67e-02  floor=0.0e+00  |dM|=4.69e-05  step=1.00e+00
  it  968  L= 3.184854e+02  comp= 2.7533e+01 expr= 2.9095e+02 L+= 6.5305e-02 L-= 6.4621e-02  Keff=19.99(min 19.99)  gmin=4.67e-02  floor=0.0e+00  |dM|=4.70e-05  step=1.00e+00
  it  969  L= 3.184849e+02  comp= 2.7533e+01 expr= 2.9095e+02 L+= 6.5351e-02 L-= 6.4669e-02  Keff=19.99(min 19.99)  gmin=4.67e-02  floor=0.0e+00  |dM|=4.71e-05  step=1.00e+00
  it  970  L= 3.184843e+02  comp= 2.7533e+01 expr= 2.9095e+02 L+= 6.5399e-02 L-= 6.4714e-02  Keff=19.99(min 19.99)  gmin=4.67e-02  floor=0.0e+00  |dM|=4.71e-05  step=1.00e+00
  it  971  L= 3.184838e+02  comp= 2.7533e+01 expr= 2.9095e+02 L+= 6.5446e-02 L-= 6.4757e-02  Keff=19.99(min 19.99)  gmin=4.67e-02  floor=0.0e+00  |dM|=4.72e-05  step=1.00e+00
  it  972  L= 3.184832e+02  comp= 2.7533e+01 expr= 2.9095e+02 L+= 6.5492e-02 L-= 6.4802e-02  Keff=19.99(min 19.99)  gmin=4.67e-02  floor=0.0e+00  |dM|=4.73e-05  step=1.00e+00
  it  973  L= 3.184826e+02  comp= 2.7533e+01 expr= 2.9095e+02 L+= 6.5542e-02 L-= 6.4849e-02  Keff=19.99(min 19.99)  gmin=4.67e-02  floor=0.0e+00  |dM|=4.74e-05  step=1.00e+00
  it  974  L= 3.184821e+02  comp= 2.7533e+01 expr= 2.9095e+02 L+= 6.5588e-02 L-= 6.4893e-02  Keff=19.99(min 19.99)  gmin=4.67e-02  floor=0.0e+00  |dM|=4.74e-05  step=1.00e+00
  it  975  L= 3.184815e+02  comp= 2.7533e+01 expr= 2.9095e+02 L+= 6.5633e-02 L-= 6.4939e-02  Keff=19.99(min 19.99)  gmin=4.67e-02  floor=0.0e+00  |dM|=4.75e-05  step=1.00e+00
  it  976  L= 3.184810e+02  comp= 2.7533e+01 expr= 2.9095e+02 L+= 6.5681e-02 L-= 6.4984e-02  Keff=19.99(min 19.99)  gmin=4.67e-02  floor=0.0e+00  |dM|=4.76e-05  step=1.00e+00
  it  977  L= 3.184804e+02  comp= 2.7533e+01 expr= 2.9095e+02 L+= 6.5729e-02 L-= 6.5028e-02  Keff=19.99(min 19.99)  gmin=4.67e-02  floor=0.0e+00  |dM|=4.76e-05  step=1.00e+00
  it  978  L= 3.184798e+02  comp= 2.7533e+01 expr= 2.9095e+02 L+= 6.5777e-02 L-= 6.5078e-02  Keff=19.99(min 19.99)  gmin=4.67e-02  floor=0.0e+00  |dM|=4.77e-05  step=1.00e+00
  it  979  L= 3.184793e+02  comp= 2.7533e+01 expr= 2.9095e+02 L+= 6.5824e-02 L-= 6.5122e-02  Keff=19.99(min 19.99)  gmin=4.67e-02  floor=0.0e+00  |dM|=4.78e-05  step=1.00e+00
  it  980  L= 3.184787e+02  comp= 2.7533e+01 expr= 2.9095e+02 L+= 6.5872e-02 L-= 6.5167e-02  Keff=19.99(min 19.99)  gmin=4.67e-02  floor=0.0e+00  |dM|=4.79e-05  step=1.00e+00
  it  981  L= 3.184781e+02  comp= 2.7533e+01 expr= 2.9094e+02 L+= 6.5920e-02 L-= 6.5215e-02  Keff=19.99(min 19.99)  gmin=4.67e-02  floor=0.0e+00  |dM|=4.79e-05  step=1.00e+00
  it  982  L= 3.184776e+02  comp= 2.7533e+01 expr= 2.9094e+02 L+= 6.5968e-02 L-= 6.5259e-02  Keff=19.99(min 19.99)  gmin=4.67e-02  floor=0.0e+00  |dM|=4.80e-05  step=1.00e+00
  it  983  L= 3.184770e+02  comp= 2.7533e+01 expr= 2.9094e+02 L+= 6.6016e-02 L-= 6.5306e-02  Keff=19.99(min 19.99)  gmin=4.67e-02  floor=0.0e+00  |dM|=4.81e-05  step=1.00e+00
  it  984  L= 3.184764e+02  comp= 2.7533e+01 expr= 2.9094e+02 L+= 6.6064e-02 L-= 6.5352e-02  Keff=19.99(min 19.99)  gmin=4.67e-02  floor=0.0e+00  |dM|=4.82e-05  step=1.00e+00
  it  985  L= 3.184758e+02  comp= 2.7533e+01 expr= 2.9094e+02 L+= 6.6112e-02 L-= 6.5397e-02  Keff=19.99(min 19.99)  gmin=4.67e-02  floor=0.0e+00  |dM|=4.82e-05  step=1.00e+00
  it  986  L= 3.184753e+02  comp= 2.7533e+01 expr= 2.9094e+02 L+= 6.6156e-02 L-= 6.5444e-02  Keff=19.99(min 19.99)  gmin=4.67e-02  floor=0.0e+00  |dM|=4.83e-05  step=1.00e+00
  it  987  L= 3.184746e+02  comp= 2.7533e+01 expr= 2.9094e+02 L+= 6.6209e-02 L-= 6.5492e-02  Keff=19.99(min 19.99)  gmin=4.67e-02  floor=0.0e+00  |dM|=4.84e-05  step=1.00e+00
  it  988  L= 3.184741e+02  comp= 2.7533e+01 expr= 2.9094e+02 L+= 6.6255e-02 L-= 6.5537e-02  Keff=19.99(min 19.99)  gmin=4.67e-02  floor=0.0e+00  |dM|=4.85e-05  step=1.00e+00
  it  989  L= 3.184735e+02  comp= 2.7533e+01 expr= 2.9094e+02 L+= 6.6304e-02 L-= 6.5584e-02  Keff=19.99(min 19.99)  gmin=4.67e-02  floor=0.0e+00  |dM|=4.85e-05  step=1.00e+00
  it  990  L= 3.184729e+02  comp= 2.7533e+01 expr= 2.9094e+02 L+= 6.6354e-02 L-= 6.5632e-02  Keff=19.99(min 19.99)  gmin=4.67e-02  floor=0.0e+00  |dM|=4.86e-05  step=1.00e+00
  it  991  L= 3.184723e+02  comp= 2.7533e+01 expr= 2.9094e+02 L+= 6.6401e-02 L-= 6.5676e-02  Keff=19.99(min 19.99)  gmin=4.67e-02  floor=0.0e+00  |dM|=4.87e-05  step=1.00e+00
  it  992  L= 3.184717e+02  comp= 2.7533e+01 expr= 2.9094e+02 L+= 6.6450e-02 L-= 6.5724e-02  Keff=19.99(min 19.99)  gmin=4.67e-02  floor=0.0e+00  |dM|=4.88e-05  step=1.00e+00
  it  993  L= 3.184711e+02  comp= 2.7533e+01 expr= 2.9094e+02 L+= 6.6499e-02 L-= 6.5772e-02  Keff=19.99(min 19.99)  gmin=4.67e-02  floor=0.0e+00  |dM|=4.88e-05  step=1.00e+00
  it  994  L= 3.184706e+02  comp= 2.7533e+01 expr= 2.9094e+02 L+= 6.6549e-02 L-= 6.5819e-02  Keff=19.99(min 19.99)  gmin=4.67e-02  floor=0.0e+00  |dM|=4.89e-05  step=1.00e+00
  it  995  L= 3.184700e+02  comp= 2.7533e+01 expr= 2.9094e+02 L+= 6.6596e-02 L-= 6.5866e-02  Keff=19.99(min 19.99)  gmin=4.67e-02  floor=0.0e+00  |dM|=4.90e-05  step=1.00e+00
  it  996  L= 3.184694e+02  comp= 2.7533e+01 expr= 2.9094e+02 L+= 6.6645e-02 L-= 6.5913e-02  Keff=19.99(min 19.99)  gmin=4.67e-02  floor=0.0e+00  |dM|=4.91e-05  step=1.00e+00
  it  997  L= 3.184688e+02  comp= 2.7533e+01 expr= 2.9094e+02 L+= 6.6695e-02 L-= 6.5961e-02  Keff=19.99(min 19.99)  gmin=4.67e-02  floor=0.0e+00  |dM|=4.92e-05  step=1.00e+00
  it  998  L= 3.184682e+02  comp= 2.7533e+01 expr= 2.9093e+02 L+= 6.6745e-02 L-= 6.6008e-02  Keff=19.99(min 19.99)  gmin=4.67e-02  floor=0.0e+00  |dM|=4.92e-05  step=1.00e+00
  it  999  L= 3.184676e+02  comp= 2.7533e+01 expr= 2.9093e+02 L+= 6.6795e-02 L-= 6.6056e-02  Keff=19.99(min 19.99)  gmin=4.67e-02  floor=0.0e+00  |dM|=4.93e-05  step=1.00e+00
  it 1000  L= 3.184670e+02  comp= 2.7533e+01 expr= 2.9093e+02 L+= 6.6844e-02 L-= 6.6104e-02  Keff=19.99(min 19.99)  gmin=4.67e-02  floor=0.0e+00  |dM|=4.94e-05  step=1.00e+00
  it 1001  L= 3.184664e+02  comp= 2.7533e+01 expr= 2.9093e+02 L+= 6.6895e-02 L-= 6.6151e-02  Keff=19.99(min 19.99)  gmin=4.67e-02  floor=0.0e+00  |dM|=4.95e-05  step=1.00e+00
  it 1002  L= 3.184658e+02  comp= 2.7533e+01 expr= 2.9093e+02 L+= 6.6942e-02 L-= 6.6199e-02  Keff=19.99(min 19.99)  gmin=4.67e-02  floor=0.0e+00  |dM|=4.95e-05  step=1.00e+00
  it 1003  L= 3.184652e+02  comp= 2.7533e+01 expr= 2.9093e+02 L+= 6.6992e-02 L-= 6.6248e-02  Keff=19.99(min 19.99)  gmin=4.67e-02  floor=0.0e+00  |dM|=4.96e-05  step=1.00e+00
  it 1004  L= 3.184646e+02  comp= 2.7533e+01 expr= 2.9093e+02 L+= 6.7042e-02 L-= 6.6294e-02  Keff=19.99(min 19.99)  gmin=4.67e-02  floor=0.0e+00  |dM|=4.97e-05  step=1.00e+00
  it 1005  L= 3.184640e+02  comp= 2.7533e+01 expr= 2.9093e+02 L+= 6.7093e-02 L-= 6.6344e-02  Keff=19.99(min 19.99)  gmin=4.67e-02  floor=0.0e+00  |dM|=4.98e-05  step=1.00e+00
  it 1006  L= 3.184634e+02  comp= 2.7533e+01 expr= 2.9093e+02 L+= 6.7143e-02 L-= 6.6392e-02  Keff=19.99(min 19.99)  gmin=4.67e-02  floor=0.0e+00  |dM|=4.99e-05  step=1.00e+00
  it 1007  L= 3.184628e+02  comp= 2.7533e+01 expr= 2.9093e+02 L+= 6.7193e-02 L-= 6.6440e-02  Keff=19.99(min 19.99)  gmin=4.67e-02  floor=0.0e+00  |dM|=4.99e-05  step=1.00e+00
  it 1008  L= 3.184622e+02  comp= 2.7533e+01 expr= 2.9093e+02 L+= 6.7243e-02 L-= 6.6489e-02  Keff=19.99(min 19.99)  gmin=4.67e-02  floor=0.0e+00  |dM|=5.00e-05  step=1.00e+00
  it 1009  L= 3.184616e+02  comp= 2.7533e+01 expr= 2.9093e+02 L+= 6.7293e-02 L-= 6.6537e-02  Keff=19.99(min 19.99)  gmin=4.67e-02  floor=0.0e+00  |dM|=5.01e-05  step=1.00e+00
  it 1010  L= 3.184610e+02  comp= 2.7533e+01 expr= 2.9093e+02 L+= 6.7345e-02 L-= 6.6586e-02  Keff=19.99(min 19.99)  gmin=4.67e-02  floor=0.0e+00  |dM|=5.02e-05  step=1.00e+00
  it 1011  L= 3.184604e+02  comp= 2.7533e+01 expr= 2.9093e+02 L+= 6.7396e-02 L-= 6.6633e-02  Keff=19.99(min 19.99)  gmin=4.67e-02  floor=0.0e+00  |dM|=5.03e-05  step=1.00e+00
  it 1012  L= 3.184598e+02  comp= 2.7533e+01 expr= 2.9093e+02 L+= 6.7447e-02 L-= 6.6683e-02  Keff=19.99(min 19.99)  gmin=4.67e-02  floor=0.0e+00  |dM|=5.04e-05  step=1.00e+00
  it 1013  L= 3.184591e+02  comp= 2.7533e+01 expr= 2.9093e+02 L+= 6.7497e-02 L-= 6.6732e-02  Keff=19.99(min 19.99)  gmin=4.67e-02  floor=0.0e+00  |dM|=5.06e-05  step=1.00e+00
  it 1014  L= 3.184586e+02  comp= 2.7533e+01 expr= 2.9093e+02 L+= 6.7545e-02 L-= 6.6783e-02  Keff=19.99(min 19.99)  gmin=4.67e-02  floor=0.0e+00  |dM|=5.07e-05  step=1.00e+00
  it 1015  L= 3.184579e+02  comp= 2.7533e+01 expr= 2.9092e+02 L+= 6.7598e-02 L-= 6.6830e-02  Keff=19.99(min 19.99)  gmin=4.67e-02  floor=0.0e+00  |dM|=5.08e-05  step=1.00e+00
  it 1016  L= 3.184573e+02  comp= 2.7533e+01 expr= 2.9092e+02 L+= 6.7651e-02 L-= 6.6878e-02  Keff=19.99(min 19.99)  gmin=4.67e-02  floor=0.0e+00  |dM|=5.10e-05  step=1.00e+00
  it 1017  L= 3.184567e+02  comp= 2.7533e+01 expr= 2.9092e+02 L+= 6.7702e-02 L-= 6.6930e-02  Keff=19.99(min 19.99)  gmin=4.67e-02  floor=0.0e+00  |dM|=5.11e-05  step=1.00e+00
  it 1018  L= 3.184561e+02  comp= 2.7533e+01 expr= 2.9092e+02 L+= 6.7755e-02 L-= 6.6979e-02  Keff=19.99(min 19.99)  gmin=4.67e-02  floor=0.0e+00  |dM|=5.12e-05  step=1.00e+00
  it 1019  L= 3.184555e+02  comp= 2.7533e+01 expr= 2.9092e+02 L+= 6.7804e-02 L-= 6.7028e-02  Keff=19.99(min 19.99)  gmin=4.67e-02  floor=0.0e+00  |dM|=5.13e-05  step=1.00e+00
  it 1020  L= 3.184549e+02  comp= 2.7533e+01 expr= 2.9092e+02 L+= 6.7855e-02 L-= 6.7078e-02  Keff=19.99(min 19.99)  gmin=4.67e-02  floor=0.0e+00  |dM|=5.15e-05  step=1.00e+00
  it 1021  L= 3.184542e+02  comp= 2.7533e+01 expr= 2.9092e+02 L+= 6.7905e-02 L-= 6.7124e-02  Keff=19.99(min 19.99)  gmin=4.67e-02  floor=0.0e+00  |dM|=5.16e-05  step=1.00e+00
  it 1022  L= 3.184536e+02  comp= 2.7533e+01 expr= 2.9092e+02 L+= 6.7958e-02 L-= 6.7178e-02  Keff=19.99(min 19.99)  gmin=4.67e-02  floor=0.0e+00  |dM|=5.17e-05  step=1.00e+00
  it 1023  L= 3.184530e+02  comp= 2.7533e+01 expr= 2.9092e+02 L+= 6.8011e-02 L-= 6.7227e-02  Keff=19.99(min 19.99)  gmin=4.67e-02  floor=0.0e+00  |dM|=5.18e-05  step=1.00e+00
  it 1024  L= 3.184524e+02  comp= 2.7533e+01 expr= 2.9092e+02 L+= 6.8063e-02 L-= 6.7276e-02  Keff=19.99(min 19.99)  gmin=4.67e-02  floor=0.0e+00  |dM|=5.20e-05  step=1.00e+00
  it 1025  L= 3.184517e+02  comp= 2.7533e+01 expr= 2.9092e+02 L+= 6.8112e-02 L-= 6.7329e-02  Keff=19.99(min 19.99)  gmin=4.67e-02  floor=0.0e+00  |dM|=5.21e-05  step=1.00e+00
  it 1026  L= 3.184511e+02  comp= 2.7533e+01 expr= 2.9092e+02 L+= 6.8167e-02 L-= 6.7375e-02  Keff=19.99(min 19.99)  gmin=4.67e-02  floor=0.0e+00  |dM|=5.22e-05  step=1.00e+00
  it 1027  L= 3.184505e+02  comp= 2.7533e+01 expr= 2.9092e+02 L+= 6.8219e-02 L-= 6.7428e-02  Keff=19.99(min 19.99)  gmin=4.67e-02  floor=0.0e+00  |dM|=5.24e-05  step=1.00e+00
  it 1028  L= 3.184498e+02  comp= 2.7533e+01 expr= 2.9092e+02 L+= 6.8270e-02 L-= 6.7477e-02  Keff=19.99(min 19.99)  gmin=4.67e-02  floor=0.0e+00  |dM|=5.25e-05  step=1.00e+00
  it 1029  L= 3.184492e+02  comp= 2.7533e+01 expr= 2.9092e+02 L+= 6.8321e-02 L-= 6.7527e-02  Keff=19.99(min 19.99)  gmin=4.67e-02  floor=0.0e+00  |dM|=5.26e-05  step=1.00e+00
  it 1030  L= 3.184485e+02  comp= 2.7533e+01 expr= 2.9092e+02 L+= 6.8372e-02 L-= 6.7577e-02  Keff=19.99(min 19.99)  gmin=4.67e-02  floor=0.0e+00  |dM|=5.28e-05  step=1.00e+00
  it 1031  L= 3.184479e+02  comp= 2.7533e+01 expr= 2.9091e+02 L+= 6.8428e-02 L-= 6.7628e-02  Keff=19.99(min 19.99)  gmin=4.67e-02  floor=0.0e+00  |dM|=5.29e-05  step=1.00e+00
  it 1032  L= 3.184473e+02  comp= 2.7533e+01 expr= 2.9091e+02 L+= 6.8481e-02 L-= 6.7679e-02  Keff=19.99(min 19.99)  gmin=4.67e-02  floor=0.0e+00  |dM|=5.30e-05  step=1.00e+00
  it 1033  L= 3.184466e+02  comp= 2.7533e+01 expr= 2.9091e+02 L+= 6.8532e-02 L-= 6.7730e-02  Keff=19.99(min 19.99)  gmin=4.67e-02  floor=0.0e+00  |dM|=5.32e-05  step=1.00e+00
  it 1034  L= 3.184460e+02  comp= 2.7533e+01 expr= 2.9091e+02 L+= 6.8585e-02 L-= 6.7780e-02  Keff=19.99(min 19.99)  gmin=4.67e-02  floor=0.0e+00  |dM|=5.33e-05  step=1.00e+00
  it 1035  L= 3.184454e+02  comp= 2.7533e+01 expr= 2.9091e+02 L+= 6.8637e-02 L-= 6.7832e-02  Keff=19.99(min 19.99)  gmin=4.67e-02  floor=0.0e+00  |dM|=5.34e-05  step=1.00e+00
  it 1036  L= 3.184447e+02  comp= 2.7533e+01 expr= 2.9091e+02 L+= 6.8691e-02 L-= 6.7885e-02  Keff=19.99(min 19.99)  gmin=4.67e-02  floor=0.0e+00  |dM|=5.36e-05  step=1.00e+00
  it 1037  L= 3.184441e+02  comp= 2.7533e+01 expr= 2.9091e+02 L+= 6.8744e-02 L-= 6.7935e-02  Keff=19.99(min 19.99)  gmin=4.67e-02  floor=0.0e+00  |dM|=5.37e-05  step=1.00e+00
  it 1038  L= 3.184434e+02  comp= 2.7533e+01 expr= 2.9091e+02 L+= 6.8798e-02 L-= 6.7986e-02  Keff=19.99(min 19.99)  gmin=4.67e-02  floor=0.0e+00  |dM|=5.38e-05  step=1.00e+00
  it 1039  L= 3.184427e+02  comp= 2.7533e+01 expr= 2.9091e+02 L+= 6.8851e-02 L-= 6.8038e-02  Keff=19.99(min 19.99)  gmin=4.67e-02  floor=0.0e+00  |dM|=5.40e-05  step=1.00e+00
  it 1040  L= 3.184422e+02  comp= 2.7533e+01 expr= 2.9091e+02 L+= 6.8907e-02 L-= 6.8089e-02  Keff=19.99(min 19.99)  gmin=4.67e-02  floor=0.0e+00  |dM|=5.41e-05  step=1.00e+00
  it 1041  L= 3.184415e+02  comp= 2.7533e+01 expr= 2.9091e+02 L+= 6.8959e-02 L-= 6.8140e-02  Keff=19.99(min 19.99)  gmin=4.67e-02  floor=0.0e+00  |dM|=5.42e-05  step=1.00e+00
  it 1042  L= 3.184408e+02  comp= 2.7533e+01 expr= 2.9091e+02 L+= 6.9014e-02 L-= 6.8191e-02  Keff=19.99(min 19.99)  gmin=4.67e-02  floor=0.0e+00  |dM|=5.44e-05  step=1.00e+00
  it 1043  L= 3.184402e+02  comp= 2.7533e+01 expr= 2.9091e+02 L+= 6.9068e-02 L-= 6.8246e-02  Keff=19.99(min 19.99)  gmin=4.67e-02  floor=0.0e+00  |dM|=5.45e-05  step=1.00e+00
  it 1044  L= 3.184395e+02  comp= 2.7533e+01 expr= 2.9091e+02 L+= 6.9121e-02 L-= 6.8298e-02  Keff=19.99(min 19.99)  gmin=4.67e-02  floor=0.0e+00  |dM|=5.47e-05  step=1.00e+00
  it 1045  L= 3.184389e+02  comp= 2.7533e+01 expr= 2.9091e+02 L+= 6.9177e-02 L-= 6.8350e-02  Keff=19.99(min 19.99)  gmin=4.67e-02  floor=0.0e+00  |dM|=5.48e-05  step=1.00e+00
  it 1046  L= 3.184382e+02  comp= 2.7533e+01 expr= 2.9090e+02 L+= 6.9230e-02 L-= 6.8401e-02  Keff=19.99(min 19.99)  gmin=4.67e-02  floor=0.0e+00  |dM|=5.49e-05  step=1.00e+00
  it 1047  L= 3.184376e+02  comp= 2.7533e+01 expr= 2.9090e+02 L+= 6.9284e-02 L-= 6.8453e-02  Keff=19.99(min 19.99)  gmin=4.67e-02  floor=0.0e+00  |dM|=5.51e-05  step=1.00e+00
  it 1048  L= 3.184368e+02  comp= 2.7533e+01 expr= 2.9090e+02 L+= 6.9341e-02 L-= 6.8508e-02  Keff=19.99(min 19.99)  gmin=4.67e-02  floor=0.0e+00  |dM|=5.52e-05  step=1.00e+00
  it 1049  L= 3.184362e+02  comp= 2.7533e+01 expr= 2.9090e+02 L+= 6.9393e-02 L-= 6.8561e-02  Keff=19.99(min 19.99)  gmin=4.67e-02  floor=0.0e+00  |dM|=5.53e-05  step=1.00e+00
  it 1050  L= 3.184355e+02  comp= 2.7533e+01 expr= 2.9090e+02 L+= 6.9447e-02 L-= 6.8611e-02  Keff=19.99(min 19.99)  gmin=4.67e-02  floor=0.0e+00  |dM|=5.55e-05  step=1.00e+00
  it 1051  L= 3.184348e+02  comp= 2.7533e+01 expr= 2.9090e+02 L+= 6.9502e-02 L-= 6.8665e-02  Keff=19.99(min 19.99)  gmin=4.67e-02  floor=0.0e+00  |dM|=5.56e-05  step=1.00e+00
  it 1052  L= 3.184342e+02  comp= 2.7533e+01 expr= 2.9090e+02 L+= 6.9556e-02 L-= 6.8716e-02  Keff=19.99(min 19.99)  gmin=4.67e-02  floor=0.0e+00  |dM|=5.58e-05  step=1.00e+00
  it 1053  L= 3.184335e+02  comp= 2.7533e+01 expr= 2.9090e+02 L+= 6.9610e-02 L-= 6.8770e-02  Keff=19.99(min 19.99)  gmin=4.67e-02  floor=0.0e+00  |dM|=5.59e-05  step=1.00e+00
  it 1054  L= 3.184329e+02  comp= 2.7533e+01 expr= 2.9090e+02 L+= 6.9668e-02 L-= 6.8824e-02  Keff=19.99(min 19.99)  gmin=4.67e-02  floor=0.0e+00  |dM|=5.61e-05  step=1.00e+00
  it 1055  L= 3.184322e+02  comp= 2.7533e+01 expr= 2.9090e+02 L+= 6.9721e-02 L-= 6.8877e-02  Keff=19.99(min 19.99)  gmin=4.67e-02  floor=0.0e+00  |dM|=5.62e-05  step=1.00e+00
  it 1056  L= 3.184315e+02  comp= 2.7533e+01 expr= 2.9090e+02 L+= 6.9777e-02 L-= 6.8930e-02  Keff=19.99(min 19.99)  gmin=4.67e-02  floor=0.0e+00  |dM|=5.63e-05  step=1.00e+00
  it 1057  L= 3.184308e+02  comp= 2.7533e+01 expr= 2.9090e+02 L+= 6.9832e-02 L-= 6.8983e-02  Keff=19.99(min 19.99)  gmin=4.67e-02  floor=0.0e+00  |dM|=5.65e-05  step=1.00e+00
  it 1058  L= 3.184302e+02  comp= 2.7533e+01 expr= 2.9090e+02 L+= 6.9888e-02 L-= 6.9035e-02  Keff=19.99(min 19.99)  gmin=4.67e-02  floor=0.0e+00  |dM|=5.66e-05  step=1.00e+00
  it 1059  L= 3.184295e+02  comp= 2.7533e+01 expr= 2.9090e+02 L+= 6.9943e-02 L-= 6.9090e-02  Keff=19.99(min 19.99)  gmin=4.67e-02  floor=0.0e+00  |dM|=5.68e-05  step=1.00e+00
  it 1060  L= 3.184288e+02  comp= 2.7533e+01 expr= 2.9090e+02 L+= 6.9998e-02 L-= 6.9144e-02  Keff=19.99(min 19.99)  gmin=4.67e-02  floor=0.0e+00  |dM|=5.69e-05  step=1.00e+00
  it 1061  L= 3.184281e+02  comp= 2.7533e+01 expr= 2.9089e+02 L+= 7.0054e-02 L-= 6.9198e-02  Keff=19.99(min 19.99)  gmin=4.67e-02  floor=0.0e+00  |dM|=5.71e-05  step=1.00e+00
  it 1062  L= 3.184274e+02  comp= 2.7533e+01 expr= 2.9089e+02 L+= 7.0112e-02 L-= 6.9252e-02  Keff=19.99(min 19.99)  gmin=4.67e-02  floor=0.0e+00  |dM|=5.72e-05  step=1.00e+00
  it 1063  L= 3.184267e+02  comp= 2.7533e+01 expr= 2.9089e+02 L+= 7.0166e-02 L-= 6.9304e-02  Keff=19.99(min 19.99)  gmin=4.67e-02  floor=0.0e+00  |dM|=5.73e-05  step=1.00e+00
  it 1064  L= 3.184261e+02  comp= 2.7533e+01 expr= 2.9089e+02 L+= 7.0223e-02 L-= 6.9359e-02  Keff=19.99(min 19.99)  gmin=4.67e-02  floor=0.0e+00  |dM|=5.75e-05  step=1.00e+00
  it 1065  L= 3.184254e+02  comp= 2.7533e+01 expr= 2.9089e+02 L+= 7.0278e-02 L-= 6.9413e-02  Keff=19.99(min 19.99)  gmin=4.67e-02  floor=0.0e+00  |dM|=5.76e-05  step=1.00e+00
  it 1066  L= 3.184247e+02  comp= 2.7533e+01 expr= 2.9089e+02 L+= 7.0336e-02 L-= 6.9467e-02  Keff=19.99(min 19.99)  gmin=4.67e-02  floor=0.0e+00  |dM|=5.78e-05  step=1.00e+00
  it 1067  L= 3.184240e+02  comp= 2.7533e+01 expr= 2.9089e+02 L+= 7.0394e-02 L-= 6.9524e-02  Keff=19.99(min 19.99)  gmin=4.67e-02  floor=0.0e+00  |dM|=5.79e-05  step=1.00e+00
  it 1068  L= 3.184233e+02  comp= 2.7533e+01 expr= 2.9089e+02 L+= 7.0447e-02 L-= 6.9578e-02  Keff=19.99(min 19.99)  gmin=4.67e-02  floor=0.0e+00  |dM|=5.81e-05  step=1.00e+00
  it 1069  L= 3.184226e+02  comp= 2.7533e+01 expr= 2.9089e+02 L+= 7.0505e-02 L-= 6.9630e-02  Keff=19.99(min 19.99)  gmin=4.67e-02  floor=0.0e+00  |dM|=5.82e-05  step=1.00e+00
  it 1070  L= 3.184219e+02  comp= 2.7533e+01 expr= 2.9089e+02 L+= 7.0562e-02 L-= 6.9684e-02  Keff=19.99(min 19.99)  gmin=4.67e-02  floor=0.0e+00  |dM|=5.84e-05  step=1.00e+00
  it 1071  L= 3.184212e+02  comp= 2.7533e+01 expr= 2.9089e+02 L+= 7.0620e-02 L-= 6.9741e-02  Keff=19.99(min 19.99)  gmin=4.67e-02  floor=0.0e+00  |dM|=5.85e-05  step=1.00e+00
  it 1072  L= 3.184205e+02  comp= 2.7533e+01 expr= 2.9089e+02 L+= 7.0677e-02 L-= 6.9797e-02  Keff=19.99(min 19.99)  gmin=4.67e-02  floor=0.0e+00  |dM|=5.87e-05  step=1.00e+00
  it 1073  L= 3.184198e+02  comp= 2.7533e+01 expr= 2.9089e+02 L+= 7.0735e-02 L-= 6.9853e-02  Keff=19.99(min 19.99)  gmin=4.67e-02  floor=0.0e+00  |dM|=5.88e-05  step=1.00e+00
  it 1074  L= 3.184191e+02  comp= 2.7533e+01 expr= 2.9089e+02 L+= 7.0793e-02 L-= 6.9908e-02  Keff=19.99(min 19.99)  gmin=4.67e-02  floor=0.0e+00  |dM|=5.90e-05  step=1.00e+00
  it 1075  L= 3.184184e+02  comp= 2.7533e+01 expr= 2.9089e+02 L+= 7.0849e-02 L-= 6.9964e-02  Keff=19.99(min 19.99)  gmin=4.67e-02  floor=0.0e+00  |dM|=5.91e-05  step=1.00e+00
  it 1076  L= 3.184177e+02  comp= 2.7533e+01 expr= 2.9088e+02 L+= 7.0906e-02 L-= 7.0016e-02  Keff=19.99(min 19.99)  gmin=4.67e-02  floor=0.0e+00  |dM|=5.93e-05  step=1.00e+00
  it 1077  L= 3.184170e+02  comp= 2.7533e+01 expr= 2.9088e+02 L+= 7.0963e-02 L-= 7.0073e-02  Keff=19.99(min 19.99)  gmin=4.67e-02  floor=0.0e+00  |dM|=5.94e-05  step=1.00e+00
  it 1078  L= 3.184163e+02  comp= 2.7533e+01 expr= 2.9088e+02 L+= 7.1023e-02 L-= 7.0129e-02  Keff=19.99(min 19.99)  gmin=4.67e-02  floor=0.0e+00  |dM|=5.96e-05  step=1.00e+00
  it 1079  L= 3.184156e+02  comp= 2.7533e+01 expr= 2.9088e+02 L+= 7.1080e-02 L-= 7.0183e-02  Keff=19.99(min 19.99)  gmin=4.67e-02  floor=0.0e+00  |dM|=5.97e-05  step=1.00e+00
  it 1080  L= 3.184149e+02  comp= 2.7533e+01 expr= 2.9088e+02 L+= 7.1138e-02 L-= 7.0241e-02  Keff=19.99(min 19.99)  gmin=4.67e-02  floor=0.0e+00  |dM|=5.99e-05  step=1.00e+00
  it 1081  L= 3.184141e+02  comp= 2.7533e+01 expr= 2.9088e+02 L+= 7.1195e-02 L-= 7.0297e-02  Keff=19.99(min 19.99)  gmin=4.67e-02  floor=0.0e+00  |dM|=6.00e-05  step=1.00e+00
  it 1082  L= 3.184134e+02  comp= 2.7533e+01 expr= 2.9088e+02 L+= 7.1255e-02 L-= 7.0354e-02  Keff=19.99(min 19.99)  gmin=4.66e-02  floor=0.0e+00  |dM|=6.02e-05  step=1.00e+00
  it 1083  L= 3.184127e+02  comp= 2.7533e+01 expr= 2.9088e+02 L+= 7.1312e-02 L-= 7.0408e-02  Keff=19.99(min 19.99)  gmin=4.66e-02  floor=0.0e+00  |dM|=6.03e-05  step=1.00e+00
  it 1084  L= 3.184120e+02  comp= 2.7533e+01 expr= 2.9088e+02 L+= 7.1371e-02 L-= 7.0465e-02  Keff=19.99(min 19.99)  gmin=4.66e-02  floor=0.0e+00  |dM|=6.05e-05  step=1.00e+00
  it 1085  L= 3.184113e+02  comp= 2.7533e+01 expr= 2.9088e+02 L+= 7.1428e-02 L-= 7.0522e-02  Keff=19.99(min 19.99)  gmin=4.66e-02  floor=0.0e+00  |dM|=6.07e-05  step=1.00e+00
  it 1086  L= 3.184106e+02  comp= 2.7533e+01 expr= 2.9088e+02 L+= 7.1489e-02 L-= 7.0578e-02  Keff=19.99(min 19.99)  gmin=4.66e-02  floor=0.0e+00  |dM|=6.08e-05  step=1.00e+00
  it 1087  L= 3.184098e+02  comp= 2.7533e+01 expr= 2.9088e+02 L+= 7.1548e-02 L-= 7.0636e-02  Keff=19.99(min 19.99)  gmin=4.66e-02  floor=0.0e+00  |dM|=6.10e-05  step=1.00e+00
  it 1088  L= 3.184091e+02  comp= 2.7533e+01 expr= 2.9088e+02 L+= 7.1605e-02 L-= 7.0693e-02  Keff=19.99(min 19.99)  gmin=4.66e-02  floor=0.0e+00  |dM|=6.11e-05  step=1.00e+00
  it 1089  L= 3.184084e+02  comp= 2.7533e+01 expr= 2.9088e+02 L+= 7.1665e-02 L-= 7.0750e-02  Keff=19.99(min 19.99)  gmin=4.66e-02  floor=0.0e+00  |dM|=6.13e-05  step=1.00e+00
  it 1090  L= 3.184076e+02  comp= 2.7533e+01 expr= 2.9087e+02 L+= 7.1725e-02 L-= 7.0806e-02  Keff=19.99(min 19.99)  gmin=4.66e-02  floor=0.0e+00  |dM|=6.14e-05  step=1.00e+00
  it 1091  L= 3.184069e+02  comp= 2.7533e+01 expr= 2.9087e+02 L+= 7.1784e-02 L-= 7.0864e-02  Keff=19.99(min 19.99)  gmin=4.66e-02  floor=0.0e+00  |dM|=6.16e-05  step=1.00e+00
  it 1092  L= 3.184061e+02  comp= 2.7533e+01 expr= 2.9087e+02 L+= 7.1843e-02 L-= 7.0921e-02  Keff=19.99(min 19.99)  gmin=4.66e-02  floor=0.0e+00  |dM|=6.17e-05  step=1.00e+00
  it 1093  L= 3.184054e+02  comp= 2.7533e+01 expr= 2.9087e+02 L+= 7.1904e-02 L-= 7.0979e-02  Keff=19.99(min 19.99)  gmin=4.66e-02  floor=0.0e+00  |dM|=6.19e-05  step=1.00e+00
  it 1094  L= 3.184046e+02  comp= 2.7533e+01 expr= 2.9087e+02 L+= 7.1960e-02 L-= 7.1034e-02  Keff=19.99(min 19.99)  gmin=4.66e-02  floor=0.0e+00  |dM|=6.21e-05  step=1.00e+00
  it 1095  L= 3.184039e+02  comp= 2.7533e+01 expr= 2.9087e+02 L+= 7.2022e-02 L-= 7.1093e-02  Keff=19.99(min 19.99)  gmin=4.66e-02  floor=0.0e+00  |dM|=6.22e-05  step=1.00e+00
  it 1096  L= 3.184031e+02  comp= 2.7533e+01 expr= 2.9087e+02 L+= 7.2083e-02 L-= 7.1151e-02  Keff=19.99(min 19.99)  gmin=4.66e-02  floor=0.0e+00  |dM|=6.24e-05  step=1.00e+00
  it 1097  L= 3.184024e+02  comp= 2.7533e+01 expr= 2.9087e+02 L+= 7.2140e-02 L-= 7.1210e-02  Keff=19.99(min 19.99)  gmin=4.66e-02  floor=0.0e+00  |dM|=6.25e-05  step=1.00e+00
  it 1098  L= 3.184017e+02  comp= 2.7533e+01 expr= 2.9087e+02 L+= 7.2201e-02 L-= 7.1266e-02  Keff=19.99(min 19.99)  gmin=4.66e-02  floor=0.0e+00  |dM|=6.27e-05  step=1.00e+00
  it 1099  L= 3.184009e+02  comp= 2.7533e+01 expr= 2.9087e+02 L+= 7.2263e-02 L-= 7.1327e-02  Keff=19.99(min 19.99)  gmin=4.66e-02  floor=0.0e+00  |dM|=6.29e-05  step=1.00e+00
  it 1100  L= 3.184002e+02  comp= 2.7533e+01 expr= 2.9087e+02 L+= 7.2322e-02 L-= 7.1383e-02  Keff=19.99(min 19.99)  gmin=4.66e-02  floor=0.0e+00  |dM|=6.30e-05  step=1.00e+00
  it 1101  L= 3.183994e+02  comp= 2.7533e+01 expr= 2.9087e+02 L+= 7.2382e-02 L-= 7.1442e-02  Keff=19.99(min 19.99)  gmin=4.66e-02  floor=0.0e+00  |dM|=6.32e-05  step=1.00e+00
  it 1102  L= 3.183987e+02  comp= 2.7533e+01 expr= 2.9087e+02 L+= 7.2445e-02 L-= 7.1501e-02  Keff=19.99(min 19.99)  gmin=4.66e-02  floor=0.0e+00  |dM|=6.34e-05  step=1.00e+00
  it 1103  L= 3.183979e+02  comp= 2.7533e+01 expr= 2.9086e+02 L+= 7.2505e-02 L-= 7.1562e-02  Keff=19.99(min 19.99)  gmin=4.66e-02  floor=0.0e+00  |dM|=6.35e-05  step=1.00e+00
  it 1104  L= 3.183972e+02  comp= 2.7533e+01 expr= 2.9086e+02 L+= 7.2567e-02 L-= 7.1619e-02  Keff=19.99(min 19.99)  gmin=4.66e-02  floor=0.0e+00  |dM|=6.37e-05  step=1.00e+00
  it 1105  L= 3.183964e+02  comp= 2.7533e+01 expr= 2.9086e+02 L+= 7.2626e-02 L-= 7.1678e-02  Keff=19.99(min 19.99)  gmin=4.66e-02  floor=0.0e+00  |dM|=6.38e-05  step=1.00e+00
  it 1106  L= 3.183957e+02  comp= 2.7533e+01 expr= 2.9086e+02 L+= 7.2689e-02 L-= 7.1738e-02  Keff=19.99(min 19.99)  gmin=4.66e-02  floor=0.0e+00  |dM|=6.40e-05  step=1.00e+00
  it 1107  L= 3.183949e+02  comp= 2.7533e+01 expr= 2.9086e+02 L+= 7.2749e-02 L-= 7.1797e-02  Keff=19.99(min 19.99)  gmin=4.66e-02  floor=0.0e+00  |dM|=6.42e-05  step=1.00e+00
  it 1108  L= 3.183941e+02  comp= 2.7533e+01 expr= 2.9086e+02 L+= 7.2810e-02 L-= 7.1855e-02  Keff=19.99(min 19.99)  gmin=4.66e-02  floor=0.0e+00  |dM|=6.43e-05  step=1.00e+00
  it 1109  L= 3.183934e+02  comp= 2.7533e+01 expr= 2.9086e+02 L+= 7.2873e-02 L-= 7.1916e-02  Keff=19.99(min 19.99)  gmin=4.66e-02  floor=0.0e+00  |dM|=6.45e-05  step=1.00e+00
  it 1110  L= 3.183926e+02  comp= 2.7533e+01 expr= 2.9086e+02 L+= 7.2933e-02 L-= 7.1974e-02  Keff=19.99(min 19.99)  gmin=4.66e-02  floor=0.0e+00  |dM|=6.47e-05  step=1.00e+00
  it 1111  L= 3.183918e+02  comp= 2.7533e+01 expr= 2.9086e+02 L+= 7.2996e-02 L-= 7.2035e-02  Keff=19.99(min 19.99)  gmin=4.66e-02  floor=0.0e+00  |dM|=6.48e-05  step=1.00e+00
  it 1112  L= 3.183911e+02  comp= 2.7533e+01 expr= 2.9086e+02 L+= 7.3058e-02 L-= 7.2095e-02  Keff=19.99(min 19.99)  gmin=4.66e-02  floor=0.0e+00  |dM|=6.50e-05  step=1.00e+00
  it 1113  L= 3.183903e+02  comp= 2.7533e+01 expr= 2.9086e+02 L+= 7.3123e-02 L-= 7.2154e-02  Keff=19.99(min 19.99)  gmin=4.66e-02  floor=0.0e+00  |dM|=6.52e-05  step=1.00e+00
  it 1114  L= 3.183895e+02  comp= 2.7533e+01 expr= 2.9086e+02 L+= 7.3183e-02 L-= 7.2214e-02  Keff=19.99(min 19.99)  gmin=4.66e-02  floor=0.0e+00  |dM|=6.53e-05  step=1.00e+00
  it 1115  L= 3.183887e+02  comp= 2.7533e+01 expr= 2.9086e+02 L+= 7.3248e-02 L-= 7.2276e-02  Keff=19.99(min 19.99)  gmin=4.66e-02  floor=0.0e+00  |dM|=6.55e-05  step=1.00e+00
  it 1116  L= 3.183879e+02  comp= 2.7533e+01 expr= 2.9085e+02 L+= 7.3308e-02 L-= 7.2335e-02  Keff=19.99(min 19.99)  gmin=4.66e-02  floor=0.0e+00  |dM|=6.57e-05  step=1.00e+00
  it 1117  L= 3.183872e+02  comp= 2.7533e+01 expr= 2.9085e+02 L+= 7.3371e-02 L-= 7.2396e-02  Keff=19.99(min 19.99)  gmin=4.66e-02  floor=0.0e+00  |dM|=6.58e-05  step=1.00e+00
  it 1118  L= 3.183864e+02  comp= 2.7533e+01 expr= 2.9085e+02 L+= 7.3434e-02 L-= 7.2454e-02  Keff=19.99(min 19.99)  gmin=4.66e-02  floor=0.0e+00  |dM|=6.60e-05  step=1.00e+00
  it 1119  L= 3.183856e+02  comp= 2.7533e+01 expr= 2.9085e+02 L+= 7.3497e-02 L-= 7.2516e-02  Keff=19.99(min 19.99)  gmin=4.66e-02  floor=0.0e+00  |dM|=6.62e-05  step=1.00e+00
  it 1120  L= 3.183848e+02  comp= 2.7533e+01 expr= 2.9085e+02 L+= 7.3560e-02 L-= 7.2576e-02  Keff=19.99(min 19.99)  gmin=4.66e-02  floor=0.0e+00  |dM|=6.64e-05  step=1.00e+00
  it 1121  L= 3.183840e+02  comp= 2.7533e+01 expr= 2.9085e+02 L+= 7.3624e-02 L-= 7.2638e-02  Keff=19.99(min 19.99)  gmin=4.66e-02  floor=0.0e+00  |dM|=6.65e-05  step=1.00e+00
  it 1122  L= 3.183833e+02  comp= 2.7533e+01 expr= 2.9085e+02 L+= 7.3686e-02 L-= 7.2699e-02  Keff=19.99(min 19.99)  gmin=4.66e-02  floor=0.0e+00  |dM|=6.67e-05  step=1.00e+00
  it 1123  L= 3.183824e+02  comp= 2.7533e+01 expr= 2.9085e+02 L+= 7.3748e-02 L-= 7.2761e-02  Keff=19.99(min 19.99)  gmin=4.66e-02  floor=0.0e+00  |dM|=6.69e-05  step=1.00e+00
  it 1124  L= 3.183817e+02  comp= 2.7533e+01 expr= 2.9085e+02 L+= 7.3813e-02 L-= 7.2821e-02  Keff=19.99(min 19.99)  gmin=4.66e-02  floor=0.0e+00  |dM|=6.70e-05  step=1.00e+00
  it 1125  L= 3.183809e+02  comp= 2.7533e+01 expr= 2.9085e+02 L+= 7.3875e-02 L-= 7.2883e-02  Keff=19.99(min 19.99)  gmin=4.66e-02  floor=0.0e+00  |dM|=6.72e-05  step=1.00e+00
  it 1126  L= 3.183800e+02  comp= 2.7533e+01 expr= 2.9085e+02 L+= 7.3941e-02 L-= 7.2944e-02  Keff=19.99(min 19.99)  gmin=4.66e-02  floor=0.0e+00  |dM|=6.74e-05  step=1.00e+00
  it 1127  L= 3.183792e+02  comp= 2.7533e+01 expr= 2.9085e+02 L+= 7.4002e-02 L-= 7.3006e-02  Keff=19.99(min 19.99)  gmin=4.66e-02  floor=0.0e+00  |dM|=6.76e-05  step=1.00e+00
  it 1128  L= 3.183784e+02  comp= 2.7533e+01 expr= 2.9085e+02 L+= 7.4069e-02 L-= 7.3069e-02  Keff=19.99(min 19.99)  gmin=4.66e-02  floor=0.0e+00  |dM|=6.77e-05  step=1.00e+00
  it 1129  L= 3.183776e+02  comp= 2.7533e+01 expr= 2.9084e+02 L+= 7.4134e-02 L-= 7.3131e-02  Keff=19.99(min 19.99)  gmin=4.66e-02  floor=0.0e+00  |dM|=6.79e-05  step=1.00e+00
  it 1130  L= 3.183768e+02  comp= 2.7533e+01 expr= 2.9084e+02 L+= 7.4197e-02 L-= 7.3193e-02  Keff=19.99(min 19.99)  gmin=4.66e-02  floor=0.0e+00  |dM|=6.81e-05  step=1.00e+00
  it 1131  L= 3.183760e+02  comp= 2.7533e+01 expr= 2.9084e+02 L+= 7.4265e-02 L-= 7.3257e-02  Keff=19.99(min 19.99)  gmin=4.66e-02  floor=0.0e+00  |dM|=6.83e-05  step=1.00e+00
  it 1132  L= 3.183752e+02  comp= 2.7533e+01 expr= 2.9084e+02 L+= 7.4328e-02 L-= 7.3316e-02  Keff=19.99(min 19.99)  gmin=4.66e-02  floor=0.0e+00  |dM|=6.84e-05  step=1.00e+00
  it 1133  L= 3.183744e+02  comp= 2.7533e+01 expr= 2.9084e+02 L+= 7.4393e-02 L-= 7.3382e-02  Keff=19.99(min 19.99)  gmin=4.66e-02  floor=0.0e+00  |dM|=6.86e-05  step=1.00e+00
  it 1134  L= 3.183736e+02  comp= 2.7533e+01 expr= 2.9084e+02 L+= 7.4455e-02 L-= 7.3443e-02  Keff=19.99(min 19.99)  gmin=4.66e-02  floor=0.0e+00  |dM|=6.88e-05  step=1.00e+00
  it 1135  L= 3.183728e+02  comp= 2.7533e+01 expr= 2.9084e+02 L+= 7.4522e-02 L-= 7.3506e-02  Keff=19.99(min 19.99)  gmin=4.66e-02  floor=0.0e+00  |dM|=6.90e-05  step=1.00e+00
  it 1136  L= 3.183719e+02  comp= 2.7533e+01 expr= 2.9084e+02 L+= 7.4587e-02 L-= 7.3568e-02  Keff=19.99(min 19.99)  gmin=4.66e-02  floor=0.0e+00  |dM|=6.92e-05  step=1.00e+00
  it 1137  L= 3.183711e+02  comp= 2.7533e+01 expr= 2.9084e+02 L+= 7.4654e-02 L-= 7.3633e-02  Keff=19.99(min 19.99)  gmin=4.66e-02  floor=0.0e+00  |dM|=6.93e-05  step=1.00e+00
  it 1138  L= 3.183703e+02  comp= 2.7533e+01 expr= 2.9084e+02 L+= 7.4718e-02 L-= 7.3694e-02  Keff=19.99(min 19.99)  gmin=4.66e-02  floor=0.0e+00  |dM|=6.95e-05  step=1.00e+00
  it 1139  L= 3.183695e+02  comp= 2.7533e+01 expr= 2.9084e+02 L+= 7.4785e-02 L-= 7.3761e-02  Keff=19.99(min 19.99)  gmin=4.66e-02  floor=0.0e+00  |dM|=6.97e-05  step=1.00e+00
  it 1140  L= 3.183687e+02  comp= 2.7533e+01 expr= 2.9084e+02 L+= 7.4849e-02 L-= 7.3822e-02  Keff=19.99(min 19.99)  gmin=4.66e-02  floor=0.0e+00  |dM|=6.99e-05  step=1.00e+00
  it 1141  L= 3.183679e+02  comp= 2.7533e+01 expr= 2.9083e+02 L+= 7.4916e-02 L-= 7.3887e-02  Keff=19.99(min 19.99)  gmin=4.66e-02  floor=0.0e+00  |dM|=7.01e-05  step=1.00e+00
  it 1142  L= 3.183670e+02  comp= 2.7533e+01 expr= 2.9083e+02 L+= 7.4981e-02 L-= 7.3950e-02  Keff=19.99(min 19.99)  gmin=4.66e-02  floor=0.0e+00  |dM|=7.02e-05  step=1.00e+00
  it 1143  L= 3.183662e+02  comp= 2.7533e+01 expr= 2.9083e+02 L+= 7.5047e-02 L-= 7.4014e-02  Keff=19.99(min 19.99)  gmin=4.66e-02  floor=0.0e+00  |dM|=7.04e-05  step=1.00e+00
  it 1144  L= 3.183653e+02  comp= 2.7533e+01 expr= 2.9083e+02 L+= 7.5115e-02 L-= 7.4076e-02  Keff=19.99(min 19.99)  gmin=4.66e-02  floor=0.0e+00  |dM|=7.06e-05  step=1.00e+00
  it 1145  L= 3.183645e+02  comp= 2.7533e+01 expr= 2.9083e+02 L+= 7.5181e-02 L-= 7.4144e-02  Keff=19.99(min 19.99)  gmin=4.66e-02  floor=0.0e+00  |dM|=7.08e-05  step=1.00e+00
  it 1146  L= 3.183637e+02  comp= 2.7533e+01 expr= 2.9083e+02 L+= 7.5249e-02 L-= 7.4206e-02  Keff=19.99(min 19.99)  gmin=4.66e-02  floor=0.0e+00  |dM|=7.10e-05  step=1.00e+00
  it 1147  L= 3.183628e+02  comp= 2.7533e+01 expr= 2.9083e+02 L+= 7.5313e-02 L-= 7.4270e-02  Keff=19.99(min 19.99)  gmin=4.66e-02  floor=0.0e+00  |dM|=7.12e-05  step=1.00e+00
  it 1148  L= 3.183620e+02  comp= 2.7533e+01 expr= 2.9083e+02 L+= 7.5382e-02 L-= 7.4334e-02  Keff=19.99(min 19.99)  gmin=4.66e-02  floor=0.0e+00  |dM|=7.13e-05  step=1.00e+00
  it 1149  L= 3.183611e+02  comp= 2.7533e+01 expr= 2.9083e+02 L+= 7.5449e-02 L-= 7.4399e-02  Keff=19.99(min 19.99)  gmin=4.66e-02  floor=0.0e+00  |dM|=7.15e-05  step=1.00e+00
  it 1150  L= 3.183603e+02  comp= 2.7533e+01 expr= 2.9083e+02 L+= 7.5515e-02 L-= 7.4466e-02  Keff=19.99(min 19.99)  gmin=4.66e-02  floor=0.0e+00  |dM|=7.17e-05  step=1.00e+00
  it 1151  L= 3.183594e+02  comp= 2.7533e+01 expr= 2.9083e+02 L+= 7.5582e-02 L-= 7.4532e-02  Keff=19.99(min 19.99)  gmin=4.66e-02  floor=0.0e+00  |dM|=7.19e-05  step=1.00e+00
  it 1152  L= 3.183586e+02  comp= 2.7533e+01 expr= 2.9083e+02 L+= 7.5650e-02 L-= 7.4596e-02  Keff=19.99(min 19.99)  gmin=4.66e-02  floor=0.0e+00  |dM|=7.21e-05  step=1.00e+00
  it 1153  L= 3.183577e+02  comp= 2.7533e+01 expr= 2.9082e+02 L+= 7.5718e-02 L-= 7.4663e-02  Keff=19.99(min 19.99)  gmin=4.66e-02  floor=0.0e+00  |dM|=7.23e-05  step=1.00e+00
  it 1154  L= 3.183568e+02  comp= 2.7533e+01 expr= 2.9082e+02 L+= 7.5787e-02 L-= 7.4729e-02  Keff=19.99(min 19.99)  gmin=4.66e-02  floor=0.0e+00  |dM|=7.25e-05  step=1.00e+00
  it 1155  L= 3.183560e+02  comp= 2.7533e+01 expr= 2.9082e+02 L+= 7.5854e-02 L-= 7.4792e-02  Keff=19.99(min 19.99)  gmin=4.66e-02  floor=0.0e+00  |dM|=7.27e-05  step=1.00e+00
  it 1156  L= 3.183551e+02  comp= 2.7533e+01 expr= 2.9082e+02 L+= 7.5922e-02 L-= 7.4860e-02  Keff=19.99(min 19.99)  gmin=4.66e-02  floor=0.0e+00  |dM|=7.28e-05  step=1.00e+00
  it 1157  L= 3.183543e+02  comp= 2.7533e+01 expr= 2.9082e+02 L+= 7.5988e-02 L-= 7.4923e-02  Keff=19.99(min 19.99)  gmin=4.66e-02  floor=0.0e+00  |dM|=7.30e-05  step=1.00e+00
  it 1158  L= 3.183534e+02  comp= 2.7533e+01 expr= 2.9082e+02 L+= 7.6057e-02 L-= 7.4990e-02  Keff=19.99(min 19.99)  gmin=4.66e-02  floor=0.0e+00  |dM|=7.32e-05  step=1.00e+00
  it 1159  L= 3.183525e+02  comp= 2.7533e+01 expr= 2.9082e+02 L+= 7.6128e-02 L-= 7.5056e-02  Keff=19.99(min 19.99)  gmin=4.66e-02  floor=0.0e+00  |dM|=7.34e-05  step=1.00e+00
  it 1160  L= 3.183516e+02  comp= 2.7533e+01 expr= 2.9082e+02 L+= 7.6195e-02 L-= 7.5123e-02  Keff=19.99(min 19.99)  gmin=4.66e-02  floor=0.0e+00  |dM|=7.36e-05  step=1.00e+00
  it 1161  L= 3.183508e+02  comp= 2.7533e+01 expr= 2.9082e+02 L+= 7.6264e-02 L-= 7.5188e-02  Keff=19.99(min 19.99)  gmin=4.66e-02  floor=0.0e+00  |dM|=7.38e-05  step=1.00e+00
  it 1162  L= 3.183499e+02  comp= 2.7533e+01 expr= 2.9082e+02 L+= 7.6336e-02 L-= 7.5259e-02  Keff=19.99(min 19.99)  gmin=4.66e-02  floor=0.0e+00  |dM|=7.40e-05  step=1.00e+00
  it 1163  L= 3.183490e+02  comp= 2.7533e+01 expr= 2.9082e+02 L+= 7.6405e-02 L-= 7.5326e-02  Keff=19.99(min 19.99)  gmin=4.66e-02  floor=0.0e+00  |dM|=7.42e-05  step=1.00e+00
  it 1164  L= 3.183481e+02  comp= 2.7533e+01 expr= 2.9082e+02 L+= 7.6475e-02 L-= 7.5392e-02  Keff=19.99(min 19.99)  gmin=4.66e-02  floor=0.0e+00  |dM|=7.44e-05  step=1.00e+00
  it 1165  L= 3.183473e+02  comp= 2.7533e+01 expr= 2.9081e+02 L+= 7.6541e-02 L-= 7.5458e-02  Keff=19.99(min 19.99)  gmin=4.66e-02  floor=0.0e+00  |dM|=7.46e-05  step=1.00e+00
  it 1166  L= 3.183463e+02  comp= 2.7533e+01 expr= 2.9081e+02 L+= 7.6612e-02 L-= 7.5524e-02  Keff=19.99(min 19.99)  gmin=4.66e-02  floor=0.0e+00  |dM|=7.48e-05  step=1.00e+00
  it 1167  L= 3.183455e+02  comp= 2.7533e+01 expr= 2.9081e+02 L+= 7.6682e-02 L-= 7.5591e-02  Keff=19.99(min 19.99)  gmin=4.66e-02  floor=0.0e+00  |dM|=7.50e-05  step=1.00e+00
  it 1168  L= 3.183446e+02  comp= 2.7533e+01 expr= 2.9081e+02 L+= 7.6754e-02 L-= 7.5661e-02  Keff=19.99(min 19.99)  gmin=4.66e-02  floor=0.0e+00  |dM|=7.51e-05  step=1.00e+00
  it 1169  L= 3.183437e+02  comp= 2.7533e+01 expr= 2.9081e+02 L+= 7.6823e-02 L-= 7.5728e-02  Keff=19.99(min 19.99)  gmin=4.66e-02  floor=0.0e+00  |dM|=7.53e-05  step=1.00e+00
  it 1170  L= 3.183428e+02  comp= 2.7533e+01 expr= 2.9081e+02 L+= 7.6893e-02 L-= 7.5796e-02  Keff=19.99(min 19.99)  gmin=4.66e-02  floor=0.0e+00  |dM|=7.55e-05  step=1.00e+00
  it 1171  L= 3.183419e+02  comp= 2.7533e+01 expr= 2.9081e+02 L+= 7.6963e-02 L-= 7.5866e-02  Keff=19.99(min 19.99)  gmin=4.66e-02  floor=0.0e+00  |dM|=7.57e-05  step=1.00e+00
  it 1172  L= 3.183410e+02  comp= 2.7533e+01 expr= 2.9081e+02 L+= 7.7035e-02 L-= 7.5931e-02  Keff=19.99(min 19.99)  gmin=4.66e-02  floor=0.0e+00  |dM|=7.59e-05  step=1.00e+00
  it 1173  L= 3.183401e+02  comp= 2.7533e+01 expr= 2.9081e+02 L+= 7.7107e-02 L-= 7.6003e-02  Keff=19.99(min 19.99)  gmin=4.66e-02  floor=0.0e+00  |dM|=7.61e-05  step=1.00e+00
  it 1174  L= 3.183392e+02  comp= 2.7533e+01 expr= 2.9081e+02 L+= 7.7176e-02 L-= 7.6071e-02  Keff=19.99(min 19.99)  gmin=4.66e-02  floor=0.0e+00  |dM|=7.63e-05  step=1.00e+00
  it 1175  L= 3.183383e+02  comp= 2.7533e+01 expr= 2.9081e+02 L+= 7.7249e-02 L-= 7.6139e-02  Keff=19.99(min 19.99)  gmin=4.66e-02  floor=0.0e+00  |dM|=7.65e-05  step=1.00e+00
  it 1176  L= 3.183374e+02  comp= 2.7533e+01 expr= 2.9080e+02 L+= 7.7319e-02 L-= 7.6207e-02  Keff=19.99(min 19.99)  gmin=4.66e-02  floor=0.0e+00  |dM|=7.67e-05  step=1.00e+00
  it 1177  L= 3.183365e+02  comp= 2.7533e+01 expr= 2.9080e+02 L+= 7.7391e-02 L-= 7.6278e-02  Keff=19.99(min 19.99)  gmin=4.66e-02  floor=0.0e+00  |dM|=7.69e-05  step=1.00e+00
  it 1178  L= 3.183356e+02  comp= 2.7533e+01 expr= 2.9080e+02 L+= 7.7461e-02 L-= 7.6347e-02  Keff=19.99(min 19.99)  gmin=4.66e-02  floor=0.0e+00  |dM|=7.71e-05  step=1.00e+00
  it 1179  L= 3.183347e+02  comp= 2.7533e+01 expr= 2.9080e+02 L+= 7.7535e-02 L-= 7.6416e-02  Keff=19.99(min 19.99)  gmin=4.66e-02  floor=0.0e+00  |dM|=7.73e-05  step=1.00e+00
  it 1180  L= 3.183338e+02  comp= 2.7533e+01 expr= 2.9080e+02 L+= 7.7606e-02 L-= 7.6483e-02  Keff=19.99(min 19.99)  gmin=4.66e-02  floor=0.0e+00  |dM|=7.75e-05  step=1.00e+00
  it 1181  L= 3.183329e+02  comp= 2.7533e+01 expr= 2.9080e+02 L+= 7.7680e-02 L-= 7.6554e-02  Keff=19.99(min 19.99)  gmin=4.66e-02  floor=0.0e+00  |dM|=7.77e-05  step=1.00e+00
  it 1182  L= 3.183319e+02  comp= 2.7533e+01 expr= 2.9080e+02 L+= 7.7748e-02 L-= 7.6623e-02  Keff=19.99(min 19.99)  gmin=4.66e-02  floor=0.0e+00  |dM|=7.79e-05  step=1.00e+00
  it 1183  L= 3.183310e+02  comp= 2.7533e+01 expr= 2.9080e+02 L+= 7.7822e-02 L-= 7.6691e-02  Keff=19.99(min 19.99)  gmin=4.66e-02  floor=0.0e+00  |dM|=7.81e-05  step=1.00e+00
  it 1184  L= 3.183301e+02  comp= 2.7533e+01 expr= 2.9080e+02 L+= 7.7894e-02 L-= 7.6764e-02  Keff=19.99(min 19.99)  gmin=4.66e-02  floor=0.0e+00  |dM|=7.84e-05  step=1.00e+00
  it 1185  L= 3.183292e+02  comp= 2.7533e+01 expr= 2.9080e+02 L+= 7.7969e-02 L-= 7.6836e-02  Keff=19.99(min 19.99)  gmin=4.66e-02  floor=0.0e+00  |dM|=7.86e-05  step=1.00e+00
  it 1186  L= 3.183282e+02  comp= 2.7533e+01 expr= 2.9080e+02 L+= 7.8042e-02 L-= 7.6905e-02  Keff=19.99(min 19.99)  gmin=4.66e-02  floor=0.0e+00  |dM|=7.88e-05  step=1.00e+00
  it 1187  L= 3.183272e+02  comp= 2.7533e+01 expr= 2.9079e+02 L+= 7.8115e-02 L-= 7.6975e-02  Keff=19.99(min 19.99)  gmin=4.66e-02  floor=0.0e+00  |dM|=7.90e-05  step=1.00e+00
  it 1188  L= 3.183264e+02  comp= 2.7533e+01 expr= 2.9079e+02 L+= 7.8187e-02 L-= 7.7048e-02  Keff=19.99(min 19.99)  gmin=4.66e-02  floor=0.0e+00  |dM|=7.92e-05  step=1.00e+00
  it 1189  L= 3.183254e+02  comp= 2.7533e+01 expr= 2.9079e+02 L+= 7.8261e-02 L-= 7.7119e-02  Keff=19.99(min 19.99)  gmin=4.66e-02  floor=0.0e+00  |dM|=7.94e-05  step=1.00e+00
  it 1190  L= 3.183245e+02  comp= 2.7533e+01 expr= 2.9079e+02 L+= 7.8331e-02 L-= 7.7190e-02  Keff=19.99(min 19.99)  gmin=4.66e-02  floor=0.0e+00  |dM|=7.96e-05  step=1.00e+00
  it 1191  L= 3.183235e+02  comp= 2.7533e+01 expr= 2.9079e+02 L+= 7.8409e-02 L-= 7.7260e-02  Keff=19.99(min 19.99)  gmin=4.66e-02  floor=0.0e+00  |dM|=7.98e-05  step=1.00e+00
  it 1192  L= 3.183225e+02  comp= 2.7533e+01 expr= 2.9079e+02 L+= 7.8482e-02 L-= 7.7333e-02  Keff=19.99(min 19.99)  gmin=4.66e-02  floor=0.0e+00  |dM|=8.00e-05  step=1.00e+00
  it 1193  L= 3.183216e+02  comp= 2.7533e+01 expr= 2.9079e+02 L+= 7.8557e-02 L-= 7.7404e-02  Keff=19.99(min 19.99)  gmin=4.66e-02  floor=0.0e+00  |dM|=8.02e-05  step=1.00e+00
  it 1194  L= 3.183206e+02  comp= 2.7533e+01 expr= 2.9079e+02 L+= 7.8630e-02 L-= 7.7474e-02  Keff=19.99(min 19.99)  gmin=4.66e-02  floor=0.0e+00  |dM|=8.04e-05  step=1.00e+00
  it 1195  L= 3.183197e+02  comp= 2.7533e+01 expr= 2.9079e+02 L+= 7.8702e-02 L-= 7.7547e-02  Keff=19.99(min 19.99)  gmin=4.66e-02  floor=0.0e+00  |dM|=8.06e-05  step=1.00e+00
  it 1196  L= 3.183187e+02  comp= 2.7533e+01 expr= 2.9079e+02 L+= 7.8781e-02 L-= 7.7618e-02  Keff=19.99(min 19.99)  gmin=4.66e-02  floor=0.0e+00  |dM|=8.09e-05  step=1.00e+00
  it 1197  L= 3.183178e+02  comp= 2.7533e+01 expr= 2.9078e+02 L+= 7.8853e-02 L-= 7.7689e-02  Keff=19.99(min 19.99)  gmin=4.66e-02  floor=0.0e+00  |dM|=8.11e-05  step=1.00e+00
  it 1198  L= 3.183168e+02  comp= 2.7533e+01 expr= 2.9078e+02 L+= 7.8929e-02 L-= 7.7764e-02  Keff=19.99(min 19.99)  gmin=4.66e-02  floor=0.0e+00  |dM|=8.13e-05  step=1.00e+00
  it 1199  L= 3.183158e+02  comp= 2.7533e+01 expr= 2.9078e+02 L+= 7.9004e-02 L-= 7.7836e-02  Keff=19.99(min 19.99)  gmin=4.66e-02  floor=0.0e+00  |dM|=8.15e-05  step=1.00e+00
  it 1200  L= 3.183149e+02  comp= 2.7533e+01 expr= 2.9078e+02 L+= 7.9078e-02 L-= 7.7910e-02  Keff=19.99(min 19.99)  gmin=4.66e-02  floor=0.0e+00  |dM|=8.17e-05  step=1.00e+00
  it 1201  L= 3.183139e+02  comp= 2.7533e+01 expr= 2.9078e+02 L+= 7.9154e-02 L-= 7.7981e-02  Keff=19.99(min 19.99)  gmin=4.66e-02  floor=0.0e+00  |dM|=8.19e-05  step=1.00e+00
  it 1202  L= 3.183130e+02  comp= 2.7533e+01 expr= 2.9078e+02 L+= 7.9232e-02 L-= 7.8053e-02  Keff=19.99(min 19.99)  gmin=4.66e-02  floor=0.0e+00  |dM|=8.21e-05  step=1.00e+00
  it 1203  L= 3.183120e+02  comp= 2.7533e+01 expr= 2.9078e+02 L+= 7.9307e-02 L-= 7.8128e-02  Keff=19.99(min 19.99)  gmin=4.66e-02  floor=0.0e+00  |dM|=8.24e-05  step=1.00e+00
  it 1204  L= 3.183110e+02  comp= 2.7533e+01 expr= 2.9078e+02 L+= 7.9380e-02 L-= 7.8201e-02  Keff=19.99(min 19.99)  gmin=4.66e-02  floor=0.0e+00  |dM|=8.26e-05  step=1.00e+00
  it 1205  L= 3.183100e+02  comp= 2.7533e+01 expr= 2.9078e+02 L+= 7.9458e-02 L-= 7.8278e-02  Keff=19.99(min 19.99)  gmin=4.66e-02  floor=0.0e+00  |dM|=8.28e-05  step=1.00e+00
  it 1206  L= 3.183091e+02  comp= 2.7533e+01 expr= 2.9078e+02 L+= 7.9535e-02 L-= 7.8349e-02  Keff=19.99(min 19.99)  gmin=4.66e-02  floor=0.0e+00  |dM|=8.30e-05  step=1.00e+00
  it 1207  L= 3.183080e+02  comp= 2.7533e+01 expr= 2.9077e+02 L+= 7.9612e-02 L-= 7.8422e-02  Keff=19.99(min 19.99)  gmin=4.66e-02  floor=0.0e+00  |dM|=8.32e-05  step=1.00e+00
  it 1208  L= 3.183070e+02  comp= 2.7533e+01 expr= 2.9077e+02 L+= 7.9688e-02 L-= 7.8496e-02  Keff=19.99(min 19.99)  gmin=4.66e-02  floor=0.0e+00  |dM|=8.34e-05  step=1.00e+00
  it 1209  L= 3.183061e+02  comp= 2.7533e+01 expr= 2.9077e+02 L+= 7.9763e-02 L-= 7.8570e-02  Keff=19.99(min 19.99)  gmin=4.66e-02  floor=0.0e+00  |dM|=8.37e-05  step=1.00e+00
  it 1210  L= 3.183051e+02  comp= 2.7533e+01 expr= 2.9077e+02 L+= 7.9840e-02 L-= 7.8646e-02  Keff=19.99(min 19.99)  gmin=4.66e-02  floor=0.0e+00  |dM|=8.39e-05  step=1.00e+00
  it 1211  L= 3.183040e+02  comp= 2.7533e+01 expr= 2.9077e+02 L+= 7.9919e-02 L-= 7.8722e-02  Keff=19.99(min 19.99)  gmin=4.66e-02  floor=0.0e+00  |dM|=8.41e-05  step=1.00e+00
  it 1212  L= 3.183030e+02  comp= 2.7533e+01 expr= 2.9077e+02 L+= 7.9997e-02 L-= 7.8795e-02  Keff=19.99(min 19.99)  gmin=4.66e-02  floor=0.0e+00  |dM|=8.43e-05  step=1.00e+00
  it 1213  L= 3.183021e+02  comp= 2.7533e+01 expr= 2.9077e+02 L+= 8.0074e-02 L-= 7.8870e-02  Keff=19.99(min 19.99)  gmin=4.65e-02  floor=0.0e+00  |dM|=8.46e-05  step=1.00e+00
  it 1214  L= 3.183011e+02  comp= 2.7533e+01 expr= 2.9077e+02 L+= 8.0149e-02 L-= 7.8944e-02  Keff=19.99(min 19.99)  gmin=4.65e-02  floor=0.0e+00  |dM|=8.48e-05  step=1.00e+00
  it 1215  L= 3.183000e+02  comp= 2.7533e+01 expr= 2.9077e+02 L+= 8.0229e-02 L-= 7.9020e-02  Keff=19.99(min 19.99)  gmin=4.65e-02  floor=0.0e+00  |dM|=8.50e-05  step=1.00e+00
  it 1216  L= 3.182990e+02  comp= 2.7533e+01 expr= 2.9077e+02 L+= 8.0307e-02 L-= 7.9095e-02  Keff=19.99(min 19.99)  gmin=4.65e-02  floor=0.0e+00  |dM|=8.52e-05  step=1.00e+00
  it 1217  L= 3.182980e+02  comp= 2.7533e+01 expr= 2.9076e+02 L+= 8.0385e-02 L-= 7.9173e-02  Keff=19.99(min 19.99)  gmin=4.65e-02  floor=0.0e+00  |dM|=8.55e-05  step=1.00e+00
  it 1218  L= 3.182971e+02  comp= 2.7533e+01 expr= 2.9076e+02 L+= 8.0464e-02 L-= 7.9249e-02  Keff=19.99(min 19.99)  gmin=4.65e-02  floor=0.0e+00  |dM|=8.57e-05  step=1.00e+00
  it 1219  L= 3.182960e+02  comp= 2.7533e+01 expr= 2.9076e+02 L+= 8.0544e-02 L-= 7.9326e-02  Keff=19.99(min 19.99)  gmin=4.65e-02  floor=0.0e+00  |dM|=8.59e-05  step=1.00e+00
  it 1220  L= 3.182950e+02  comp= 2.7533e+01 expr= 2.9076e+02 L+= 8.0622e-02 L-= 7.9400e-02  Keff=19.99(min 19.99)  gmin=4.65e-02  floor=0.0e+00  |dM|=8.61e-05  step=1.00e+00
  it 1221  L= 3.182939e+02  comp= 2.7533e+01 expr= 2.9076e+02 L+= 8.0702e-02 L-= 7.9477e-02  Keff=19.99(min 19.99)  gmin=4.65e-02  floor=0.0e+00  |dM|=8.64e-05  step=1.00e+00
  it 1222  L= 3.182929e+02  comp= 2.7533e+01 expr= 2.9076e+02 L+= 8.0780e-02 L-= 7.9552e-02  Keff=19.99(min 19.99)  gmin=4.65e-02  floor=0.0e+00  |dM|=8.66e-05  step=1.00e+00
  it 1223  L= 3.182919e+02  comp= 2.7533e+01 expr= 2.9076e+02 L+= 8.0859e-02 L-= 7.9630e-02  Keff=19.99(min 19.99)  gmin=4.65e-02  floor=0.0e+00  |dM|=8.68e-05  step=1.00e+00
  it 1224  L= 3.182909e+02  comp= 2.7533e+01 expr= 2.9076e+02 L+= 8.0938e-02 L-= 7.9708e-02  Keff=19.99(min 19.99)  gmin=4.65e-02  floor=0.0e+00  |dM|=8.70e-05  step=1.00e+00
  it 1225  L= 3.182899e+02  comp= 2.7533e+01 expr= 2.9076e+02 L+= 8.1017e-02 L-= 7.9784e-02  Keff=19.99(min 19.99)  gmin=4.65e-02  floor=0.0e+00  |dM|=8.73e-05  step=1.00e+00
  it 1226  L= 3.182888e+02  comp= 2.7533e+01 expr= 2.9076e+02 L+= 8.1100e-02 L-= 7.9863e-02  Keff=19.99(min 19.99)  gmin=4.65e-02  floor=0.0e+00  |dM|=8.75e-05  step=1.00e+00
  it 1227  L= 3.182877e+02  comp= 2.7533e+01 expr= 2.9075e+02 L+= 8.1180e-02 L-= 7.9940e-02  Keff=19.99(min 19.99)  gmin=4.65e-02  floor=0.0e+00  |dM|=8.77e-05  step=1.00e+00
  it 1228  L= 3.182867e+02  comp= 2.7533e+01 expr= 2.9075e+02 L+= 8.1260e-02 L-= 8.0018e-02  Keff=19.99(min 19.99)  gmin=4.65e-02  floor=0.0e+00  |dM|=8.80e-05  step=1.00e+00
  it 1229  L= 3.182856e+02  comp= 2.7533e+01 expr= 2.9075e+02 L+= 8.1338e-02 L-= 8.0095e-02  Keff=19.99(min 19.99)  gmin=4.65e-02  floor=0.0e+00  |dM|=8.82e-05  step=1.00e+00
  it 1230  L= 3.182846e+02  comp= 2.7533e+01 expr= 2.9075e+02 L+= 8.1421e-02 L-= 8.0172e-02  Keff=19.99(min 19.99)  gmin=4.65e-02  floor=0.0e+00  |dM|=8.84e-05  step=1.00e+00
  it 1231  L= 3.182835e+02  comp= 2.7533e+01 expr= 2.9075e+02 L+= 8.1502e-02 L-= 8.0251e-02  Keff=19.99(min 19.99)  gmin=4.65e-02  floor=0.0e+00  |dM|=8.87e-05  step=1.00e+00
  it 1232  L= 3.182825e+02  comp= 2.7533e+01 expr= 2.9075e+02 L+= 8.1583e-02 L-= 8.0331e-02  Keff=19.99(min 19.99)  gmin=4.65e-02  floor=0.0e+00  |dM|=8.89e-05  step=1.00e+00
  it 1233  L= 3.182814e+02  comp= 2.7533e+01 expr= 2.9075e+02 L+= 8.1665e-02 L-= 8.0409e-02  Keff=19.99(min 19.99)  gmin=4.65e-02  floor=0.0e+00  |dM|=8.91e-05  step=1.00e+00
  it 1234  L= 3.182803e+02  comp= 2.7533e+01 expr= 2.9075e+02 L+= 8.1748e-02 L-= 8.0487e-02  Keff=19.99(min 19.99)  gmin=4.65e-02  floor=0.0e+00  |dM|=8.94e-05  step=1.00e+00
  it 1235  L= 3.182793e+02  comp= 2.7533e+01 expr= 2.9075e+02 L+= 8.1828e-02 L-= 8.0567e-02  Keff=19.99(min 19.99)  gmin=4.65e-02  floor=0.0e+00  |dM|=8.96e-05  step=1.00e+00
  it 1236  L= 3.182782e+02  comp= 2.7533e+01 expr= 2.9075e+02 L+= 8.1910e-02 L-= 8.0648e-02  Keff=19.99(min 19.99)  gmin=4.65e-02  floor=0.0e+00  |dM|=8.99e-05  step=1.00e+00
  it 1237  L= 3.182772e+02  comp= 2.7533e+01 expr= 2.9074e+02 L+= 8.1991e-02 L-= 8.0726e-02  Keff=19.99(min 19.99)  gmin=4.65e-02  floor=0.0e+00  |dM|=9.01e-05  step=1.00e+00
  it 1238  L= 3.182761e+02  comp= 2.7533e+01 expr= 2.9074e+02 L+= 8.2075e-02 L-= 8.0806e-02  Keff=19.99(min 19.99)  gmin=4.65e-02  floor=0.0e+00  |dM|=9.03e-05  step=1.00e+00
  it 1239  L= 3.182750e+02  comp= 2.7533e+01 expr= 2.9074e+02 L+= 8.2159e-02 L-= 8.0886e-02  Keff=19.99(min 19.99)  gmin=4.65e-02  floor=0.0e+00  |dM|=9.06e-05  step=1.00e+00
  it 1240  L= 3.182739e+02  comp= 2.7533e+01 expr= 2.9074e+02 L+= 8.2240e-02 L-= 8.0966e-02  Keff=19.99(min 19.99)  gmin=4.65e-02  floor=0.0e+00  |dM|=9.08e-05  step=1.00e+00
  it 1241  L= 3.182728e+02  comp= 2.7533e+01 expr= 2.9074e+02 L+= 8.2321e-02 L-= 8.1046e-02  Keff=19.99(min 19.99)  gmin=4.65e-02  floor=0.0e+00  |dM|=9.11e-05  step=1.00e+00
  it 1242  L= 3.182718e+02  comp= 2.7533e+01 expr= 2.9074e+02 L+= 8.2406e-02 L-= 8.1126e-02  Keff=19.99(min 19.99)  gmin=4.65e-02  floor=0.0e+00  |dM|=9.13e-05  step=1.00e+00
  it 1243  L= 3.182707e+02  comp= 2.7533e+01 expr= 2.9074e+02 L+= 8.2489e-02 L-= 8.1206e-02  Keff=19.99(min 19.99)  gmin=4.65e-02  floor=0.0e+00  |dM|=9.15e-05  step=1.00e+00
  it 1244  L= 3.182696e+02  comp= 2.7533e+01 expr= 2.9074e+02 L+= 8.2574e-02 L-= 8.1289e-02  Keff=19.99(min 19.99)  gmin=4.65e-02  floor=0.0e+00  |dM|=9.18e-05  step=1.00e+00
  it 1245  L= 3.182685e+02  comp= 2.7533e+01 expr= 2.9074e+02 L+= 8.2657e-02 L-= 8.1370e-02  Keff=19.99(min 19.99)  gmin=4.65e-02  floor=0.0e+00  |dM|=9.20e-05  step=1.00e+00
  it 1246  L= 3.182674e+02  comp= 2.7533e+01 expr= 2.9073e+02 L+= 8.2741e-02 L-= 8.1450e-02  Keff=19.99(min 19.99)  gmin=4.65e-02  floor=0.0e+00  |dM|=9.23e-05  step=1.00e+00
  it 1247  L= 3.182663e+02  comp= 2.7533e+01 expr= 2.9073e+02 L+= 8.2823e-02 L-= 8.1532e-02  Keff=19.99(min 19.99)  gmin=4.65e-02  floor=0.0e+00  |dM|=9.25e-05  step=1.00e+00
  it 1248  L= 3.182652e+02  comp= 2.7533e+01 expr= 2.9073e+02 L+= 8.2909e-02 L-= 8.1612e-02  Keff=19.99(min 19.99)  gmin=4.65e-02  floor=0.0e+00  |dM|=9.28e-05  step=1.00e+00
  it 1249  L= 3.182641e+02  comp= 2.7533e+01 expr= 2.9073e+02 L+= 8.2992e-02 L-= 8.1693e-02  Keff=19.99(min 19.99)  gmin=4.65e-02  floor=0.0e+00  |dM|=9.30e-05  step=1.00e+00
  it 1250  L= 3.182629e+02  comp= 2.7533e+01 expr= 2.9073e+02 L+= 8.3076e-02 L-= 8.1774e-02  Keff=19.99(min 19.99)  gmin=4.65e-02  floor=0.0e+00  |dM|=9.33e-05  step=1.00e+00
  it 1251  L= 3.182618e+02  comp= 2.7533e+01 expr= 2.9073e+02 L+= 8.3162e-02 L-= 8.1858e-02  Keff=19.99(min 19.99)  gmin=4.65e-02  floor=0.0e+00  |dM|=9.35e-05  step=1.00e+00
  it 1252  L= 3.182607e+02  comp= 2.7533e+01 expr= 2.9073e+02 L+= 8.3248e-02 L-= 8.1940e-02  Keff=19.99(min 19.99)  gmin=4.65e-02  floor=0.0e+00  |dM|=9.38e-05  step=1.00e+00
  it 1253  L= 3.182596e+02  comp= 2.7533e+01 expr= 2.9073e+02 L+= 8.3333e-02 L-= 8.2024e-02  Keff=19.99(min 19.99)  gmin=4.65e-02  floor=0.0e+00  |dM|=9.40e-05  step=1.00e+00
  it 1254  L= 3.182584e+02  comp= 2.7533e+01 expr= 2.9073e+02 L+= 8.3419e-02 L-= 8.2107e-02  Keff=19.99(min 19.99)  gmin=4.65e-02  floor=0.0e+00  |dM|=9.43e-05  step=1.00e+00
  it 1255  L= 3.182573e+02  comp= 2.7533e+01 expr= 2.9072e+02 L+= 8.3504e-02 L-= 8.2187e-02  Keff=19.99(min 19.99)  gmin=4.65e-02  floor=0.0e+00  |dM|=9.45e-05  step=1.00e+00
  it 1256  L= 3.182562e+02  comp= 2.7533e+01 expr= 2.9072e+02 L+= 8.3592e-02 L-= 8.2274e-02  Keff=19.99(min 19.99)  gmin=4.65e-02  floor=0.0e+00  |dM|=9.48e-05  step=1.00e+00
  it 1257  L= 3.182550e+02  comp= 2.7533e+01 expr= 2.9072e+02 L+= 8.3673e-02 L-= 8.2354e-02  Keff=19.99(min 19.99)  gmin=4.65e-02  floor=0.0e+00  |dM|=9.50e-05  step=1.00e+00
  it 1258  L= 3.182539e+02  comp= 2.7533e+01 expr= 2.9072e+02 L+= 8.3764e-02 L-= 8.2440e-02  Keff=19.99(min 19.99)  gmin=4.65e-02  floor=0.0e+00  |dM|=9.53e-05  step=1.00e+00
  it 1259  L= 3.182528e+02  comp= 2.7533e+01 expr= 2.9072e+02 L+= 8.3849e-02 L-= 8.2520e-02  Keff=19.99(min 19.99)  gmin=4.65e-02  floor=0.0e+00  |dM|=9.55e-05  step=1.00e+00
  it 1260  L= 3.182516e+02  comp= 2.7533e+01 expr= 2.9072e+02 L+= 8.3936e-02 L-= 8.2607e-02  Keff=19.99(min 19.99)  gmin=4.65e-02  floor=0.0e+00  |dM|=9.58e-05  step=1.00e+00
  it 1261  L= 3.182505e+02  comp= 2.7533e+01 expr= 2.9072e+02 L+= 8.4025e-02 L-= 8.2692e-02  Keff=19.99(min 19.99)  gmin=4.65e-02  floor=0.0e+00  |dM|=9.61e-05  step=1.00e+00
  it 1262  L= 3.182494e+02  comp= 2.7533e+01 expr= 2.9072e+02 L+= 8.4113e-02 L-= 8.2776e-02  Keff=19.99(min 19.99)  gmin=4.65e-02  floor=0.0e+00  |dM|=9.63e-05  step=1.00e+00
  it 1263  L= 3.182482e+02  comp= 2.7533e+01 expr= 2.9072e+02 L+= 8.4197e-02 L-= 8.2864e-02  Keff=19.99(min 19.99)  gmin=4.65e-02  floor=0.0e+00  |dM|=9.66e-05  step=1.00e+00
  it 1264  L= 3.182470e+02  comp= 2.7533e+01 expr= 2.9071e+02 L+= 8.4285e-02 L-= 8.2945e-02  Keff=19.99(min 19.99)  gmin=4.65e-02  floor=0.0e+00  |dM|=9.68e-05  step=1.00e+00
  it 1265  L= 3.182459e+02  comp= 2.7533e+01 expr= 2.9071e+02 L+= 8.4374e-02 L-= 8.3030e-02  Keff=19.99(min 19.99)  gmin=4.65e-02  floor=0.0e+00  |dM|=9.71e-05  step=1.00e+00
  it 1266  L= 3.182447e+02  comp= 2.7533e+01 expr= 2.9071e+02 L+= 8.4463e-02 L-= 8.3117e-02  Keff=19.99(min 19.99)  gmin=4.65e-02  floor=0.0e+00  |dM|=9.73e-05  step=1.00e+00
  it 1267  L= 3.182435e+02  comp= 2.7533e+01 expr= 2.9071e+02 L+= 8.4552e-02 L-= 8.3204e-02  Keff=19.99(min 19.99)  gmin=4.65e-02  floor=0.0e+00  |dM|=9.76e-05  step=1.00e+00
  it 1268  L= 3.182424e+02  comp= 2.7533e+01 expr= 2.9071e+02 L+= 8.4640e-02 L-= 8.3288e-02  Keff=19.99(min 19.99)  gmin=4.65e-02  floor=0.0e+00  |dM|=9.79e-05  step=1.00e+00
  it 1269  L= 3.182412e+02  comp= 2.7533e+01 expr= 2.9071e+02 L+= 8.4728e-02 L-= 8.3374e-02  Keff=19.99(min 19.99)  gmin=4.65e-02  floor=0.0e+00  |dM|=9.81e-05  step=1.00e+00
  it 1270  L= 3.182400e+02  comp= 2.7533e+01 expr= 2.9071e+02 L+= 8.4818e-02 L-= 8.3460e-02  Keff=19.99(min 19.99)  gmin=4.65e-02  floor=0.0e+00  |dM|=9.84e-05  step=1.00e+00
  it 1271  L= 3.182388e+02  comp= 2.7533e+01 expr= 2.9071e+02 L+= 8.4905e-02 L-= 8.3546e-02  Keff=19.99(min 19.99)  gmin=4.65e-02  floor=0.0e+00  |dM|=9.87e-05  step=1.00e+00
  it 1272  L= 3.182376e+02  comp= 2.7533e+01 expr= 2.9070e+02 L+= 8.4996e-02 L-= 8.3632e-02  Keff=19.99(min 19.99)  gmin=4.65e-02  floor=0.0e+00  |dM|=9.89e-05  step=1.00e+00
  it 1273  L= 3.182365e+02  comp= 2.7533e+01 expr= 2.9070e+02 L+= 8.5086e-02 L-= 8.3719e-02  Keff=19.99(min 19.99)  gmin=4.65e-02  floor=0.0e+00  |dM|=9.92e-05  step=1.00e+00
  it 1274  L= 3.182353e+02  comp= 2.7533e+01 expr= 2.9070e+02 L+= 8.5175e-02 L-= 8.3806e-02  Keff=19.99(min 19.99)  gmin=4.65e-02  floor=0.0e+00  |dM|=9.95e-05  step=1.00e+00
  it 1275  L= 3.182341e+02  comp= 2.7533e+01 expr= 2.9070e+02 L+= 8.5265e-02 L-= 8.3893e-02  Keff=19.99(min 19.99)  gmin=4.65e-02  floor=0.0e+00  |dM|=9.97e-05  step=1.00e+00
  it 1276  L= 3.182328e+02  comp= 2.7533e+01 expr= 2.9070e+02 L+= 8.5353e-02 L-= 8.3981e-02  Keff=19.99(min 19.99)  gmin=4.65e-02  floor=0.0e+00  |dM|=1.00e-04  step=1.00e+00
  it 1277  L= 3.182317e+02  comp= 2.7533e+01 expr= 2.9070e+02 L+= 8.5446e-02 L-= 8.4070e-02  Keff=19.99(min 19.99)  gmin=4.65e-02  floor=0.0e+00  |dM|=1.00e-04  step=1.00e+00
  it 1278  L= 3.182305e+02  comp= 2.7533e+01 expr= 2.9070e+02 L+= 8.5537e-02 L-= 8.4157e-02  Keff=19.99(min 19.99)  gmin=4.65e-02  floor=0.0e+00  |dM|=1.01e-04  step=1.00e+00
  it 1279  L= 3.182292e+02  comp= 2.7533e+01 expr= 2.9070e+02 L+= 8.5628e-02 L-= 8.4244e-02  Keff=19.99(min 19.99)  gmin=4.65e-02  floor=0.0e+00  |dM|=1.01e-04  step=1.00e+00
  it 1280  L= 3.182280e+02  comp= 2.7533e+01 expr= 2.9070e+02 L+= 8.5719e-02 L-= 8.4334e-02  Keff=19.99(min 19.99)  gmin=4.65e-02  floor=0.0e+00  |dM|=1.01e-04  step=1.00e+00
  it 1281  L= 3.182268e+02  comp= 2.7533e+01 expr= 2.9069e+02 L+= 8.5811e-02 L-= 8.4423e-02  Keff=19.99(min 19.99)  gmin=4.65e-02  floor=0.0e+00  |dM|=1.01e-04  step=1.00e+00
  it 1282  L= 3.182256e+02  comp= 2.7533e+01 expr= 2.9069e+02 L+= 8.5904e-02 L-= 8.4511e-02  Keff=19.99(min 19.99)  gmin=4.65e-02  floor=0.0e+00  |dM|=1.02e-04  step=1.00e+00
  it 1283  L= 3.182243e+02  comp= 2.7533e+01 expr= 2.9069e+02 L+= 8.5995e-02 L-= 8.4599e-02  Keff=19.99(min 19.99)  gmin=4.65e-02  floor=0.0e+00  |dM|=1.02e-04  step=1.00e+00
  it 1284  L= 3.182232e+02  comp= 2.7533e+01 expr= 2.9069e+02 L+= 8.6086e-02 L-= 8.4690e-02  Keff=19.99(min 19.99)  gmin=4.65e-02  floor=0.0e+00  |dM|=1.02e-04  step=1.00e+00
  it 1285  L= 3.182219e+02  comp= 2.7533e+01 expr= 2.9069e+02 L+= 8.6180e-02 L-= 8.4780e-02  Keff=19.99(min 19.99)  gmin=4.65e-02  floor=0.0e+00  |dM|=1.02e-04  step=1.00e+00
  it 1286  L= 3.182207e+02  comp= 2.7533e+01 expr= 2.9069e+02 L+= 8.6272e-02 L-= 8.4867e-02  Keff=19.99(min 19.99)  gmin=4.65e-02  floor=0.0e+00  |dM|=1.03e-04  step=1.00e+00
  it 1287  L= 3.182194e+02  comp= 2.7533e+01 expr= 2.9069e+02 L+= 8.6365e-02 L-= 8.4956e-02  Keff=19.99(min 19.99)  gmin=4.65e-02  floor=0.0e+00  |dM|=1.03e-04  step=1.00e+00
  it 1288  L= 3.182182e+02  comp= 2.7533e+01 expr= 2.9069e+02 L+= 8.6460e-02 L-= 8.5048e-02  Keff=19.99(min 19.99)  gmin=4.65e-02  floor=0.0e+00  |dM|=1.03e-04  step=1.00e+00
  it 1289  L= 3.182169e+02  comp= 2.7533e+01 expr= 2.9068e+02 L+= 8.6551e-02 L-= 8.5137e-02  Keff=19.99(min 19.99)  gmin=4.65e-02  floor=0.0e+00  |dM|=1.04e-04  step=1.00e+00
  it 1290  L= 3.182157e+02  comp= 2.7533e+01 expr= 2.9068e+02 L+= 8.6644e-02 L-= 8.5229e-02  Keff=19.99(min 19.99)  gmin=4.65e-02  floor=0.0e+00  |dM|=1.04e-04  step=1.00e+00
  it 1291  L= 3.182144e+02  comp= 2.7533e+01 expr= 2.9068e+02 L+= 8.6739e-02 L-= 8.5321e-02  Keff=19.99(min 19.99)  gmin=4.65e-02  floor=0.0e+00  |dM|=1.04e-04  step=1.00e+00
  it 1292  L= 3.182132e+02  comp= 2.7533e+01 expr= 2.9068e+02 L+= 8.6832e-02 L-= 8.5412e-02  Keff=19.99(min 19.99)  gmin=4.65e-02  floor=0.0e+00  |dM|=1.04e-04  step=1.00e+00
  it 1293  L= 3.182119e+02  comp= 2.7533e+01 expr= 2.9068e+02 L+= 8.6927e-02 L-= 8.5503e-02  Keff=19.99(min 19.99)  gmin=4.65e-02  floor=0.0e+00  |dM|=1.05e-04  step=1.00e+00
  it 1294  L= 3.182107e+02  comp= 2.7533e+01 expr= 2.9068e+02 L+= 8.7021e-02 L-= 8.5596e-02  Keff=19.99(min 19.99)  gmin=4.65e-02  floor=0.0e+00  |dM|=1.05e-04  step=1.00e+00
  it 1295  L= 3.182094e+02  comp= 2.7533e+01 expr= 2.9068e+02 L+= 8.7115e-02 L-= 8.5684e-02  Keff=19.99(min 19.99)  gmin=4.65e-02  floor=0.0e+00  |dM|=1.05e-04  step=1.00e+00
  it 1296  L= 3.182081e+02  comp= 2.7533e+01 expr= 2.9068e+02 L+= 8.7211e-02 L-= 8.5777e-02  Keff=19.99(min 19.99)  gmin=4.65e-02  floor=0.0e+00  |dM|=1.06e-04  step=1.00e+00
  it 1297  L= 3.182068e+02  comp= 2.7533e+01 expr= 2.9067e+02 L+= 8.7308e-02 L-= 8.5869e-02  Keff=19.99(min 19.99)  gmin=4.65e-02  floor=0.0e+00  |dM|=1.06e-04  step=1.00e+00
  it 1298  L= 3.182056e+02  comp= 2.7533e+01 expr= 2.9067e+02 L+= 8.7403e-02 L-= 8.5962e-02  Keff=19.99(min 19.99)  gmin=4.65e-02  floor=0.0e+00  |dM|=1.06e-04  step=1.00e+00
  it 1299  L= 3.182043e+02  comp= 2.7533e+01 expr= 2.9067e+02 L+= 8.7495e-02 L-= 8.6055e-02  Keff=19.99(min 19.99)  gmin=4.65e-02  floor=0.0e+00  |dM|=1.06e-04  step=1.00e+00
  it 1300  L= 3.182030e+02  comp= 2.7533e+01 expr= 2.9067e+02 L+= 8.7595e-02 L-= 8.6149e-02  Keff=19.99(min 19.99)  gmin=4.65e-02  floor=0.0e+00  |dM|=1.07e-04  step=1.00e+00
  it 1301  L= 3.182017e+02  comp= 2.7533e+01 expr= 2.9067e+02 L+= 8.7688e-02 L-= 8.6242e-02  Keff=19.99(min 19.99)  gmin=4.65e-02  floor=0.0e+00  |dM|=1.07e-04  step=1.00e+00
  it 1302  L= 3.182004e+02  comp= 2.7533e+01 expr= 2.9067e+02 L+= 8.7785e-02 L-= 8.6338e-02  Keff=19.99(min 19.99)  gmin=4.65e-02  floor=0.0e+00  |dM|=1.07e-04  step=1.00e+00
  it 1303  L= 3.181991e+02  comp= 2.7533e+01 expr= 2.9067e+02 L+= 8.7882e-02 L-= 8.6429e-02  Keff=19.99(min 19.99)  gmin=4.65e-02  floor=0.0e+00  |dM|=1.08e-04  step=1.00e+00
  it 1304  L= 3.181978e+02  comp= 2.7533e+01 expr= 2.9066e+02 L+= 8.7980e-02 L-= 8.6522e-02  Keff=19.99(min 19.99)  gmin=4.65e-02  floor=0.0e+00  |dM|=1.08e-04  step=1.00e+00
  it 1305  L= 3.181965e+02  comp= 2.7533e+01 expr= 2.9066e+02 L+= 8.8076e-02 L-= 8.6617e-02  Keff=19.99(min 19.99)  gmin=4.65e-02  floor=0.0e+00  |dM|=1.08e-04  step=1.00e+00
  it 1306  L= 3.181952e+02  comp= 2.7533e+01 expr= 2.9066e+02 L+= 8.8174e-02 L-= 8.6713e-02  Keff=19.99(min 19.99)  gmin=4.65e-02  floor=0.0e+00  |dM|=1.08e-04  step=1.00e+00
  it 1307  L= 3.181939e+02  comp= 2.7533e+01 expr= 2.9066e+02 L+= 8.8272e-02 L-= 8.6806e-02  Keff=19.99(min 19.99)  gmin=4.65e-02  floor=0.0e+00  |dM|=1.09e-04  step=1.00e+00
  it 1308  L= 3.181926e+02  comp= 2.7533e+01 expr= 2.9066e+02 L+= 8.8370e-02 L-= 8.6902e-02  Keff=19.99(min 19.99)  gmin=4.65e-02  floor=0.0e+00  |dM|=1.09e-04  step=1.00e+00
  it 1309  L= 3.181912e+02  comp= 2.7533e+01 expr= 2.9066e+02 L+= 8.8467e-02 L-= 8.6997e-02  Keff=19.99(min 19.99)  gmin=4.65e-02  floor=0.0e+00  |dM|=1.09e-04  step=1.00e+00
  it 1310  L= 3.181899e+02  comp= 2.7533e+01 expr= 2.9066e+02 L+= 8.8564e-02 L-= 8.7090e-02  Keff=19.99(min 19.99)  gmin=4.65e-02  floor=0.0e+00  |dM|=1.10e-04  step=1.00e+00
  it 1311  L= 3.181885e+02  comp= 2.7533e+01 expr= 2.9066e+02 L+= 8.8666e-02 L-= 8.7188e-02  Keff=19.99(min 19.99)  gmin=4.65e-02  floor=0.0e+00  |dM|=1.10e-04  step=1.00e+00
  it 1312  L= 3.181872e+02  comp= 2.7533e+01 expr= 2.9065e+02 L+= 8.8764e-02 L-= 8.7282e-02  Keff=19.99(min 19.99)  gmin=4.65e-02  floor=0.0e+00  |dM|=1.10e-04  step=1.00e+00
  it 1313  L= 3.181859e+02  comp= 2.7533e+01 expr= 2.9065e+02 L+= 8.8863e-02 L-= 8.7379e-02  Keff=19.99(min 19.99)  gmin=4.64e-02  floor=0.0e+00  |dM|=1.10e-04  step=1.00e+00
  it 1314  L= 3.181845e+02  comp= 2.7533e+01 expr= 2.9065e+02 L+= 8.8964e-02 L-= 8.7477e-02  Keff=19.99(min 19.99)  gmin=4.64e-02  floor=0.0e+00  |dM|=1.11e-04  step=1.00e+00
  it 1315  L= 3.181832e+02  comp= 2.7533e+01 expr= 2.9065e+02 L+= 8.9062e-02 L-= 8.7574e-02  Keff=19.99(min 19.99)  gmin=4.64e-02  floor=0.0e+00  |dM|=1.11e-04  step=1.00e+00
  it 1316  L= 3.181818e+02  comp= 2.7533e+01 expr= 2.9065e+02 L+= 8.9164e-02 L-= 8.7672e-02  Keff=19.99(min 19.99)  gmin=4.64e-02  floor=0.0e+00  |dM|=1.11e-04  step=1.00e+00
  it 1317  L= 3.181805e+02  comp= 2.7533e+01 expr= 2.9065e+02 L+= 8.9263e-02 L-= 8.7767e-02  Keff=19.99(min 19.99)  gmin=4.64e-02  floor=0.0e+00  |dM|=1.12e-04  step=1.00e+00
  it 1318  L= 3.181791e+02  comp= 2.7533e+01 expr= 2.9065e+02 L+= 8.9361e-02 L-= 8.7863e-02  Keff=19.99(min 19.99)  gmin=4.64e-02  floor=0.0e+00  |dM|=1.12e-04  step=1.00e+00
  it 1319  L= 3.181778e+02  comp= 2.7533e+01 expr= 2.9064e+02 L+= 8.9465e-02 L-= 8.7963e-02  Keff=19.99(min 19.99)  gmin=4.64e-02  floor=0.0e+00  |dM|=1.12e-04  step=1.00e+00
  it 1320  L= 3.181764e+02  comp= 2.7533e+01 expr= 2.9064e+02 L+= 8.9564e-02 L-= 8.8062e-02  Keff=19.99(min 19.99)  gmin=4.64e-02  floor=0.0e+00  |dM|=1.13e-04  step=1.00e+00
  it 1321  L= 3.181750e+02  comp= 2.7533e+01 expr= 2.9064e+02 L+= 8.9667e-02 L-= 8.8160e-02  Keff=19.99(min 19.99)  gmin=4.64e-02  floor=0.0e+00  |dM|=1.13e-04  step=1.00e+00
  it 1322  L= 3.181736e+02  comp= 2.7533e+01 expr= 2.9064e+02 L+= 8.9765e-02 L-= 8.8257e-02  Keff=19.99(min 19.99)  gmin=4.64e-02  floor=0.0e+00  |dM|=1.13e-04  step=1.00e+00
  it 1323  L= 3.181722e+02  comp= 2.7533e+01 expr= 2.9064e+02 L+= 8.9870e-02 L-= 8.8356e-02  Keff=19.99(min 19.99)  gmin=4.64e-02  floor=0.0e+00  |dM|=1.13e-04  step=1.00e+00
  it 1324  L= 3.181708e+02  comp= 2.7533e+01 expr= 2.9064e+02 L+= 8.9972e-02 L-= 8.8453e-02  Keff=19.99(min 19.99)  gmin=4.64e-02  floor=0.0e+00  |dM|=1.14e-04  step=1.00e+00
  it 1325  L= 3.181695e+02  comp= 2.7533e+01 expr= 2.9064e+02 L+= 9.0074e-02 L-= 8.8553e-02  Keff=19.99(min 19.99)  gmin=4.64e-02  floor=0.0e+00  |dM|=1.14e-04  step=1.00e+00
  it 1326  L= 3.181681e+02  comp= 2.7533e+01 expr= 2.9064e+02 L+= 9.0176e-02 L-= 8.8653e-02  Keff=19.99(min 19.99)  gmin=4.64e-02  floor=0.0e+00  |dM|=1.14e-04  step=1.00e+00
  it 1327  L= 3.181667e+02  comp= 2.7533e+01 expr= 2.9063e+02 L+= 9.0278e-02 L-= 8.8753e-02  Keff=19.99(min 19.99)  gmin=4.64e-02  floor=0.0e+00  |dM|=1.15e-04  step=1.00e+00
  it 1328  L= 3.181653e+02  comp= 2.7533e+01 expr= 2.9063e+02 L+= 9.0382e-02 L-= 8.8852e-02  Keff=19.99(min 19.99)  gmin=4.64e-02  floor=0.0e+00  |dM|=1.15e-04  step=1.00e+00
  it 1329  L= 3.181638e+02  comp= 2.7533e+01 expr= 2.9063e+02 L+= 9.0485e-02 L-= 8.8953e-02  Keff=19.99(min 19.99)  gmin=4.64e-02  floor=0.0e+00  |dM|=1.15e-04  step=1.00e+00
  it 1330  L= 3.181625e+02  comp= 2.7533e+01 expr= 2.9063e+02 L+= 9.0590e-02 L-= 8.9055e-02  Keff=19.99(min 19.99)  gmin=4.64e-02  floor=0.0e+00  |dM|=1.16e-04  step=1.00e+00
  it 1331  L= 3.181610e+02  comp= 2.7533e+01 expr= 2.9063e+02 L+= 9.0693e-02 L-= 8.9154e-02  Keff=19.99(min 19.99)  gmin=4.64e-02  floor=0.0e+00  |dM|=1.16e-04  step=1.00e+00
  it 1332  L= 3.181596e+02  comp= 2.7533e+01 expr= 2.9063e+02 L+= 9.0797e-02 L-= 8.9254e-02  Keff=19.99(min 19.99)  gmin=4.64e-02  floor=0.0e+00  |dM|=1.16e-04  step=1.00e+00
  it 1333  L= 3.181582e+02  comp= 2.7533e+01 expr= 2.9063e+02 L+= 9.0902e-02 L-= 8.9355e-02  Keff=19.99(min 19.99)  gmin=4.64e-02  floor=0.0e+00  |dM|=1.17e-04  step=1.00e+00
  it 1334  L= 3.181568e+02  comp= 2.7533e+01 expr= 2.9062e+02 L+= 9.1009e-02 L-= 8.9458e-02  Keff=19.99(min 19.99)  gmin=4.64e-02  floor=0.0e+00  |dM|=1.17e-04  step=1.00e+00
  it 1335  L= 3.181553e+02  comp= 2.7533e+01 expr= 2.9062e+02 L+= 9.1113e-02 L-= 8.9561e-02  Keff=19.99(min 19.99)  gmin=4.64e-02  floor=0.0e+00  |dM|=1.17e-04  step=1.00e+00
  it 1336  L= 3.181539e+02  comp= 2.7533e+01 expr= 2.9062e+02 L+= 9.1218e-02 L-= 8.9663e-02  Keff=19.99(min 19.99)  gmin=4.64e-02  floor=0.0e+00  |dM|=1.17e-04  step=1.00e+00
  it 1337  L= 3.181524e+02  comp= 2.7533e+01 expr= 2.9062e+02 L+= 9.1322e-02 L-= 8.9764e-02  Keff=19.99(min 19.99)  gmin=4.64e-02  floor=0.0e+00  |dM|=1.18e-04  step=1.00e+00
  it 1338  L= 3.181510e+02  comp= 2.7533e+01 expr= 2.9062e+02 L+= 9.1428e-02 L-= 8.9869e-02  Keff=19.99(min 19.99)  gmin=4.64e-02  floor=0.0e+00  |dM|=1.18e-04  step=1.00e+00
  it 1339  L= 3.181495e+02  comp= 2.7533e+01 expr= 2.9062e+02 L+= 9.1536e-02 L-= 8.9970e-02  Keff=19.99(min 19.99)  gmin=4.64e-02  floor=0.0e+00  |dM|=1.18e-04  step=1.00e+00
  it 1340  L= 3.181481e+02  comp= 2.7533e+01 expr= 2.9062e+02 L+= 9.1643e-02 L-= 9.0072e-02  Keff=19.99(min 19.99)  gmin=4.64e-02  floor=0.0e+00  |dM|=1.19e-04  step=1.00e+00
  it 1341  L= 3.181466e+02  comp= 2.7533e+01 expr= 2.9061e+02 L+= 9.1748e-02 L-= 9.0178e-02  Keff=19.99(min 19.99)  gmin=4.64e-02  floor=0.0e+00  |dM|=1.19e-04  step=1.00e+00
  it 1342  L= 3.181451e+02  comp= 2.7533e+01 expr= 2.9061e+02 L+= 9.1854e-02 L-= 9.0280e-02  Keff=19.99(min 19.99)  gmin=4.64e-02  floor=0.0e+00  |dM|=1.19e-04  step=1.00e+00
  it 1343  L= 3.181437e+02  comp= 2.7533e+01 expr= 2.9061e+02 L+= 9.1962e-02 L-= 9.0384e-02  Keff=19.99(min 19.99)  gmin=4.64e-02  floor=0.0e+00  |dM|=1.20e-04  step=1.00e+00
  it 1344  L= 3.181422e+02  comp= 2.7533e+01 expr= 2.9061e+02 L+= 9.2069e-02 L-= 9.0487e-02  Keff=19.99(min 19.99)  gmin=4.64e-02  floor=0.0e+00  |dM|=1.20e-04  step=1.00e+00
  it 1345  L= 3.181407e+02  comp= 2.7533e+01 expr= 2.9061e+02 L+= 9.2177e-02 L-= 9.0592e-02  Keff=19.99(min 19.99)  gmin=4.64e-02  floor=0.0e+00  |dM|=1.20e-04  step=1.00e+00
  it 1346  L= 3.181392e+02  comp= 2.7533e+01 expr= 2.9061e+02 L+= 9.2287e-02 L-= 9.0701e-02  Keff=19.99(min 19.99)  gmin=4.64e-02  floor=0.0e+00  |dM|=1.21e-04  step=1.00e+00
  it 1347  L= 3.181377e+02  comp= 2.7533e+01 expr= 2.9060e+02 L+= 9.2395e-02 L-= 9.0803e-02  Keff=19.99(min 19.99)  gmin=4.64e-02  floor=0.0e+00  |dM|=1.21e-04  step=1.00e+00
  it 1348  L= 3.181362e+02  comp= 2.7533e+01 expr= 2.9060e+02 L+= 9.2502e-02 L-= 9.0910e-02  Keff=19.99(min 19.99)  gmin=4.64e-02  floor=0.0e+00  |dM|=1.21e-04  step=1.00e+00
  it 1349  L= 3.181347e+02  comp= 2.7533e+01 expr= 2.9060e+02 L+= 9.2612e-02 L-= 9.1015e-02  Keff=19.99(min 19.99)  gmin=4.64e-02  floor=0.0e+00  |dM|=1.22e-04  step=1.00e+00
  it 1350  L= 3.181332e+02  comp= 2.7533e+01 expr= 2.9060e+02 L+= 9.2721e-02 L-= 9.1121e-02  Keff=19.99(min 19.99)  gmin=4.64e-02  floor=0.0e+00  |dM|=1.22e-04  step=1.00e+00
  it 1351  L= 3.181317e+02  comp= 2.7533e+01 expr= 2.9060e+02 L+= 9.2831e-02 L-= 9.1227e-02  Keff=19.99(min 19.99)  gmin=4.64e-02  floor=0.0e+00  |dM|=1.22e-04  step=1.00e+00
  it 1352  L= 3.181302e+02  comp= 2.7533e+01 expr= 2.9060e+02 L+= 9.2941e-02 L-= 9.1331e-02  Keff=19.99(min 19.99)  gmin=4.64e-02  floor=0.0e+00  |dM|=1.22e-04  step=1.00e+00
  it 1353  L= 3.181287e+02  comp= 2.7533e+01 expr= 2.9060e+02 L+= 9.3051e-02 L-= 9.1441e-02  Keff=19.99(min 19.99)  gmin=4.64e-02  floor=0.0e+00  |dM|=1.23e-04  step=1.00e+00
  it 1354  L= 3.181272e+02  comp= 2.7533e+01 expr= 2.9059e+02 L+= 9.3161e-02 L-= 9.1549e-02  Keff=19.99(min 19.99)  gmin=4.64e-02  floor=0.0e+00  |dM|=1.23e-04  step=1.00e+00
  it 1355  L= 3.181256e+02  comp= 2.7533e+01 expr= 2.9059e+02 L+= 9.3270e-02 L-= 9.1654e-02  Keff=19.99(min 19.99)  gmin=4.64e-02  floor=0.0e+00  |dM|=1.23e-04  step=1.00e+00
  it 1356  L= 3.181241e+02  comp= 2.7533e+01 expr= 2.9059e+02 L+= 9.3384e-02 L-= 9.1763e-02  Keff=19.99(min 19.99)  gmin=4.64e-02  floor=0.0e+00  |dM|=1.24e-04  step=1.00e+00
  it 1357  L= 3.181225e+02  comp= 2.7533e+01 expr= 2.9059e+02 L+= 9.3494e-02 L-= 9.1870e-02  Keff=19.99(min 19.99)  gmin=4.64e-02  floor=0.0e+00  |dM|=1.24e-04  step=1.00e+00
  it 1358  L= 3.181210e+02  comp= 2.7533e+01 expr= 2.9059e+02 L+= 9.3607e-02 L-= 9.1980e-02  Keff=19.99(min 19.99)  gmin=4.64e-02  floor=0.0e+00  |dM|=1.24e-04  step=1.00e+00
  it 1359  L= 3.181194e+02  comp= 2.7533e+01 expr= 2.9059e+02 L+= 9.3719e-02 L-= 9.2089e-02  Keff=19.99(min 19.99)  gmin=4.64e-02  floor=0.0e+00  |dM|=1.25e-04  step=1.00e+00
  it 1360  L= 3.181179e+02  comp= 2.7533e+01 expr= 2.9059e+02 L+= 9.3831e-02 L-= 9.2198e-02  Keff=19.99(min 19.99)  gmin=4.64e-02  floor=0.0e+00  |dM|=1.25e-04  step=1.00e+00
  it 1361  L= 3.181163e+02  comp= 2.7533e+01 expr= 2.9058e+02 L+= 9.3943e-02 L-= 9.2304e-02  Keff=19.99(min 19.99)  gmin=4.64e-02  floor=0.0e+00  |dM|=1.25e-04  step=1.00e+00
  it 1362  L= 3.181147e+02  comp= 2.7533e+01 expr= 2.9058e+02 L+= 9.4055e-02 L-= 9.2416e-02  Keff=19.99(min 19.99)  gmin=4.64e-02  floor=0.0e+00  |dM|=1.26e-04  step=1.00e+00
  it 1363  L= 3.181132e+02  comp= 2.7533e+01 expr= 2.9058e+02 L+= 9.4170e-02 L-= 9.2525e-02  Keff=19.99(min 19.99)  gmin=4.64e-02  floor=0.0e+00  |dM|=1.26e-04  step=1.00e+00
  it 1364  L= 3.181116e+02  comp= 2.7533e+01 expr= 2.9058e+02 L+= 9.4282e-02 L-= 9.2636e-02  Keff=19.99(min 19.99)  gmin=4.64e-02  floor=0.0e+00  |dM|=1.26e-04  step=1.00e+00
  it 1365  L= 3.181100e+02  comp= 2.7533e+01 expr= 2.9058e+02 L+= 9.4395e-02 L-= 9.2746e-02  Keff=19.99(min 19.99)  gmin=4.64e-02  floor=0.0e+00  |dM|=1.27e-04  step=1.00e+00
  it 1366  L= 3.181085e+02  comp= 2.7533e+01 expr= 2.9058e+02 L+= 9.4512e-02 L-= 9.2858e-02  Keff=19.99(min 19.99)  gmin=4.64e-02  floor=0.0e+00  |dM|=1.27e-04  step=1.00e+00
  it 1367  L= 3.181069e+02  comp= 2.7533e+01 expr= 2.9057e+02 L+= 9.4626e-02 L-= 9.2968e-02  Keff=19.99(min 19.99)  gmin=4.64e-02  floor=0.0e+00  |dM|=1.27e-04  step=1.00e+00
  it 1368  L= 3.181053e+02  comp= 2.7533e+01 expr= 2.9057e+02 L+= 9.4740e-02 L-= 9.3080e-02  Keff=19.99(min 19.99)  gmin=4.64e-02  floor=0.0e+00  |dM|=1.28e-04  step=1.00e+00
  it 1369  L= 3.181037e+02  comp= 2.7533e+01 expr= 2.9057e+02 L+= 9.4856e-02 L-= 9.3192e-02  Keff=19.99(min 19.99)  gmin=4.64e-02  floor=0.0e+00  |dM|=1.28e-04  step=1.00e+00
  it 1370  L= 3.181021e+02  comp= 2.7533e+01 expr= 2.9057e+02 L+= 9.4969e-02 L-= 9.3303e-02  Keff=19.99(min 19.99)  gmin=4.64e-02  floor=0.0e+00  |dM|=1.28e-04  step=1.00e+00
  it 1371  L= 3.181005e+02  comp= 2.7533e+01 expr= 2.9057e+02 L+= 9.5085e-02 L-= 9.3414e-02  Keff=19.99(min 19.99)  gmin=4.64e-02  floor=0.0e+00  |dM|=1.29e-04  step=1.00e+00
  it 1372  L= 3.180989e+02  comp= 2.7533e+01 expr= 2.9057e+02 L+= 9.5201e-02 L-= 9.3527e-02  Keff=19.99(min 19.99)  gmin=4.64e-02  floor=0.0e+00  |dM|=1.29e-04  step=1.00e+00
  it 1373  L= 3.180972e+02  comp= 2.7533e+01 expr= 2.9056e+02 L+= 9.5316e-02 L-= 9.3639e-02  Keff=19.99(min 19.99)  gmin=4.64e-02  floor=0.0e+00  |dM|=1.29e-04  step=1.00e+00
  it 1374  L= 3.180956e+02  comp= 2.7533e+01 expr= 2.9056e+02 L+= 9.5434e-02 L-= 9.3752e-02  Keff=19.99(min 19.99)  gmin=4.64e-02  floor=0.0e+00  |dM|=1.29e-04  step=1.00e+00
  it 1375  L= 3.180940e+02  comp= 2.7533e+01 expr= 2.9056e+02 L+= 9.5550e-02 L-= 9.3866e-02  Keff=19.99(min 19.99)  gmin=4.64e-02  floor=0.0e+00  |dM|=1.30e-04  step=1.00e+00
  it 1376  L= 3.180923e+02  comp= 2.7533e+01 expr= 2.9056e+02 L+= 9.5666e-02 L-= 9.3981e-02  Keff=19.99(min 19.99)  gmin=4.64e-02  floor=0.0e+00  |dM|=1.30e-04  step=1.00e+00
  it 1377  L= 3.180907e+02  comp= 2.7533e+01 expr= 2.9056e+02 L+= 9.5787e-02 L-= 9.4095e-02  Keff=19.99(min 19.99)  gmin=4.64e-02  floor=0.0e+00  |dM|=1.30e-04  step=1.00e+00
  it 1378  L= 3.180891e+02  comp= 2.7533e+01 expr= 2.9056e+02 L+= 9.5902e-02 L-= 9.4209e-02  Keff=19.99(min 19.99)  gmin=4.64e-02  floor=0.0e+00  |dM|=1.31e-04  step=1.00e+00
  it 1379  L= 3.180874e+02  comp= 2.7533e+01 expr= 2.9055e+02 L+= 9.6023e-02 L-= 9.4324e-02  Keff=19.99(min 19.99)  gmin=4.64e-02  floor=0.0e+00  |dM|=1.31e-04  step=1.00e+00
  it 1380  L= 3.180858e+02  comp= 2.7533e+01 expr= 2.9055e+02 L+= 9.6139e-02 L-= 9.4440e-02  Keff=19.99(min 19.99)  gmin=4.64e-02  floor=0.0e+00  |dM|=1.31e-04  step=1.00e+00
  it 1381  L= 3.180841e+02  comp= 2.7533e+01 expr= 2.9055e+02 L+= 9.6257e-02 L-= 9.4555e-02  Keff=19.99(min 19.99)  gmin=4.64e-02  floor=0.0e+00  |dM|=1.32e-04  step=1.00e+00
  it 1382  L= 3.180824e+02  comp= 2.7533e+01 expr= 2.9055e+02 L+= 9.6379e-02 L-= 9.4668e-02  Keff=19.99(min 19.99)  gmin=4.64e-02  floor=0.0e+00  |dM|=1.32e-04  step=1.00e+00
  it 1383  L= 3.180807e+02  comp= 2.7533e+01 expr= 2.9055e+02 L+= 9.6497e-02 L-= 9.4787e-02  Keff=19.99(min 19.99)  gmin=4.64e-02  floor=0.0e+00  |dM|=1.32e-04  step=1.00e+00
  it 1384  L= 3.180790e+02  comp= 2.7533e+01 expr= 2.9055e+02 L+= 9.6617e-02 L-= 9.4901e-02  Keff=19.99(min 19.99)  gmin=4.64e-02  floor=0.0e+00  |dM|=1.33e-04  step=1.00e+00
  it 1385  L= 3.180774e+02  comp= 2.7533e+01 expr= 2.9054e+02 L+= 9.6735e-02 L-= 9.5018e-02  Keff=19.99(min 19.99)  gmin=4.64e-02  floor=0.0e+00  |dM|=1.33e-04  step=1.00e+00
  it 1386  L= 3.180757e+02  comp= 2.7533e+01 expr= 2.9054e+02 L+= 9.6854e-02 L-= 9.5136e-02  Keff=19.99(min 19.98)  gmin=4.64e-02  floor=0.0e+00  |dM|=1.33e-04  step=1.00e+00
  it 1387  L= 3.180740e+02  comp= 2.7533e+01 expr= 2.9054e+02 L+= 9.6978e-02 L-= 9.5253e-02  Keff=19.99(min 19.98)  gmin=4.64e-02  floor=0.0e+00  |dM|=1.34e-04  step=1.00e+00
  it 1388  L= 3.180723e+02  comp= 2.7533e+01 expr= 2.9054e+02 L+= 9.7099e-02 L-= 9.5370e-02  Keff=19.99(min 19.98)  gmin=4.64e-02  floor=0.0e+00  |dM|=1.34e-04  step=1.00e+00
  it 1389  L= 3.180706e+02  comp= 2.7533e+01 expr= 2.9054e+02 L+= 9.7219e-02 L-= 9.5488e-02  Keff=19.99(min 19.98)  gmin=4.64e-02  floor=0.0e+00  |dM|=1.34e-04  step=1.00e+00
  it 1390  L= 3.180688e+02  comp= 2.7533e+01 expr= 2.9054e+02 L+= 9.7341e-02 L-= 9.5608e-02  Keff=19.99(min 19.98)  gmin=4.64e-02  floor=0.0e+00  |dM|=1.35e-04  step=1.00e+00
  it 1391  L= 3.180671e+02  comp= 2.7533e+01 expr= 2.9053e+02 L+= 9.7466e-02 L-= 9.5724e-02  Keff=19.99(min 19.98)  gmin=4.64e-02  floor=0.0e+00  |dM|=1.35e-04  step=1.00e+00
  it 1392  L= 3.180654e+02  comp= 2.7533e+01 expr= 2.9053e+02 L+= 9.7585e-02 L-= 9.5844e-02  Keff=19.99(min 19.98)  gmin=4.63e-02  floor=0.0e+00  |dM|=1.35e-04  step=1.00e+00
  it 1393  L= 3.180637e+02  comp= 2.7533e+01 expr= 2.9053e+02 L+= 9.7710e-02 L-= 9.5962e-02  Keff=19.99(min 19.98)  gmin=4.63e-02  floor=0.0e+00  |dM|=1.36e-04  step=1.00e+00
  it 1394  L= 3.180620e+02  comp= 2.7533e+01 expr= 2.9053e+02 L+= 9.7832e-02 L-= 9.6081e-02  Keff=19.99(min 19.98)  gmin=4.63e-02  floor=0.0e+00  |dM|=1.36e-04  step=1.00e+00
  it 1395  L= 3.180602e+02  comp= 2.7533e+01 expr= 2.9053e+02 L+= 9.7956e-02 L-= 9.6206e-02  Keff=19.99(min 19.98)  gmin=4.63e-02  floor=0.0e+00  |dM|=1.36e-04  step=1.00e+00
  it 1396  L= 3.180584e+02  comp= 2.7533e+01 expr= 2.9053e+02 L+= 9.8078e-02 L-= 9.6323e-02  Keff=19.99(min 19.98)  gmin=4.63e-02  floor=0.0e+00  |dM|=1.36e-04  step=1.00e+00
  it 1397  L= 3.180567e+02  comp= 2.7533e+01 expr= 2.9052e+02 L+= 9.8201e-02 L-= 9.6441e-02  Keff=19.99(min 19.98)  gmin=4.63e-02  floor=0.0e+00  |dM|=1.37e-04  step=1.00e+00
  it 1398  L= 3.180550e+02  comp= 2.7533e+01 expr= 2.9052e+02 L+= 9.8327e-02 L-= 9.6564e-02  Keff=19.99(min 19.98)  gmin=4.63e-02  floor=0.0e+00  |dM|=1.37e-04  step=1.00e+00
  it 1399  L= 3.180532e+02  comp= 2.7533e+01 expr= 2.9052e+02 L+= 9.8453e-02 L-= 9.6686e-02  Keff=19.99(min 19.98)  gmin=4.63e-02  floor=0.0e+00  |dM|=1.37e-04  step=1.00e+00
  it 1400  L= 3.180514e+02  comp= 2.7533e+01 expr= 2.9052e+02 L+= 9.8580e-02 L-= 9.6808e-02  Keff=19.99(min 19.98)  gmin=4.63e-02  floor=0.0e+00  |dM|=1.38e-04  step=1.00e+00
  it 1401  L= 3.180496e+02  comp= 2.7533e+01 expr= 2.9052e+02 L+= 9.8701e-02 L-= 9.6927e-02  Keff=19.99(min 19.98)  gmin=4.63e-02  floor=0.0e+00  |dM|=1.38e-04  step=1.00e+00
  it 1402  L= 3.180479e+02  comp= 2.7533e+01 expr= 2.9052e+02 L+= 9.8828e-02 L-= 9.7051e-02  Keff=19.99(min 19.98)  gmin=4.63e-02  floor=0.0e+00  |dM|=1.38e-04  step=1.00e+00
  it 1403  L= 3.180461e+02  comp= 2.7533e+01 expr= 2.9051e+02 L+= 9.8954e-02 L-= 9.7175e-02  Keff=19.99(min 19.98)  gmin=4.63e-02  floor=0.0e+00  |dM|=1.39e-04  step=1.00e+00
  it 1404  L= 3.180443e+02  comp= 2.7533e+01 expr= 2.9051e+02 L+= 9.9079e-02 L-= 9.7297e-02  Keff=19.99(min 19.98)  gmin=4.63e-02  floor=0.0e+00  |dM|=1.39e-04  step=1.00e+00
  it 1405  L= 3.180425e+02  comp= 2.7533e+01 expr= 2.9051e+02 L+= 9.9209e-02 L-= 9.7419e-02  Keff=19.99(min 19.98)  gmin=4.63e-02  floor=0.0e+00  |dM|=1.39e-04  step=1.00e+00
  it 1406  L= 3.180406e+02  comp= 2.7533e+01 expr= 2.9051e+02 L+= 9.9334e-02 L-= 9.7542e-02  Keff=19.99(min 19.98)  gmin=4.63e-02  floor=0.0e+00  |dM|=1.40e-04  step=1.00e+00
  it 1407  L= 3.180388e+02  comp= 2.7533e+01 expr= 2.9051e+02 L+= 9.9464e-02 L-= 9.7669e-02  Keff=19.99(min 19.98)  gmin=4.63e-02  floor=0.0e+00  |dM|=1.40e-04  step=1.00e+00
  it 1408  L= 3.180370e+02  comp= 2.7533e+01 expr= 2.9050e+02 L+= 9.9590e-02 L-= 9.7791e-02  Keff=19.99(min 19.98)  gmin=4.63e-02  floor=0.0e+00  |dM|=1.40e-04  step=1.00e+00
  it 1409  L= 3.180352e+02  comp= 2.7533e+01 expr= 2.9050e+02 L+= 9.9721e-02 L-= 9.7917e-02  Keff=19.99(min 19.98)  gmin=4.63e-02  floor=0.0e+00  |dM|=1.40e-04  step=1.00e+00
  it 1410  L= 3.180334e+02  comp= 2.7533e+01 expr= 2.9050e+02 L+= 9.9849e-02 L-= 9.8042e-02  Keff=19.99(min 19.98)  gmin=4.63e-02  floor=0.0e+00  |dM|=1.41e-04  step=1.00e+00
  it 1411  L= 3.180316e+02  comp= 2.7533e+01 expr= 2.9050e+02 L+= 9.9976e-02 L-= 9.8166e-02  Keff=19.99(min 19.98)  gmin=4.63e-02  floor=0.0e+00  |dM|=1.41e-04  step=1.00e+00
  it 1412  L= 3.180297e+02  comp= 2.7533e+01 expr= 2.9050e+02 L+= 1.0010e-01 L-= 9.8292e-02  Keff=19.99(min 19.98)  gmin=4.63e-02  floor=0.0e+00  |dM|=1.41e-04  step=1.00e+00
  it 1413  L= 3.180279e+02  comp= 2.7533e+01 expr= 2.9050e+02 L+= 1.0024e-01 L-= 9.8418e-02  Keff=19.99(min 19.98)  gmin=4.63e-02  floor=0.0e+00  |dM|=1.42e-04  step=1.00e+00
  it 1414  L= 3.180260e+02  comp= 2.7533e+01 expr= 2.9049e+02 L+= 1.0037e-01 L-= 9.8543e-02  Keff=19.99(min 19.98)  gmin=4.63e-02  floor=0.0e+00  |dM|=1.42e-04  step=1.00e+00
  it 1415  L= 3.180241e+02  comp= 2.7533e+01 expr= 2.9049e+02 L+= 1.0050e-01 L-= 9.8671e-02  Keff=19.99(min 19.98)  gmin=4.63e-02  floor=0.0e+00  |dM|=1.42e-04  step=1.00e+00
  it 1416  L= 3.180223e+02  comp= 2.7533e+01 expr= 2.9049e+02 L+= 1.0063e-01 L-= 9.8797e-02  Keff=19.99(min 19.98)  gmin=4.63e-02  floor=0.0e+00  |dM|=1.43e-04  step=1.00e+00
  it 1417  L= 3.180204e+02  comp= 2.7533e+01 expr= 2.9049e+02 L+= 1.0076e-01 L-= 9.8924e-02  Keff=19.99(min 19.98)  gmin=4.63e-02  floor=0.0e+00  |dM|=1.43e-04  step=1.00e+00
  it 1418  L= 3.180186e+02  comp= 2.7533e+01 expr= 2.9049e+02 L+= 1.0089e-01 L-= 9.9051e-02  Keff=19.99(min 19.98)  gmin=4.63e-02  floor=0.0e+00  |dM|=1.43e-04  step=1.00e+00
  it 1419  L= 3.180167e+02  comp= 2.7533e+01 expr= 2.9048e+02 L+= 1.0102e-01 L-= 9.9183e-02  Keff=19.99(min 19.98)  gmin=4.63e-02  floor=0.0e+00  |dM|=1.43e-04  step=1.00e+00
  it 1420  L= 3.180147e+02  comp= 2.7533e+01 expr= 2.9048e+02 L+= 1.0115e-01 L-= 9.9310e-02  Keff=19.99(min 19.98)  gmin=4.63e-02  floor=0.0e+00  |dM|=1.44e-04  step=1.00e+00
  it 1421  L= 3.180128e+02  comp= 2.7533e+01 expr= 2.9048e+02 L+= 1.0128e-01 L-= 9.9437e-02  Keff=19.99(min 19.98)  gmin=4.63e-02  floor=0.0e+00  |dM|=1.44e-04  step=1.00e+00
  it 1422  L= 3.180110e+02  comp= 2.7533e+01 expr= 2.9048e+02 L+= 1.0142e-01 L-= 9.9566e-02  Keff=19.99(min 19.98)  gmin=4.63e-02  floor=0.0e+00  |dM|=1.44e-04  step=1.00e+00
  it 1423  L= 3.180090e+02  comp= 2.7533e+01 expr= 2.9048e+02 L+= 1.0155e-01 L-= 9.9697e-02  Keff=19.99(min 19.98)  gmin=4.63e-02  floor=0.0e+00  |dM|=1.45e-04  step=1.00e+00
  it 1424  L= 3.180071e+02  comp= 2.7533e+01 expr= 2.9047e+02 L+= 1.0168e-01 L-= 9.9826e-02  Keff=19.99(min 19.98)  gmin=4.63e-02  floor=0.0e+00  |dM|=1.45e-04  step=1.00e+00
  it 1425  L= 3.180052e+02  comp= 2.7533e+01 expr= 2.9047e+02 L+= 1.0182e-01 L-= 9.9958e-02  Keff=19.99(min 19.98)  gmin=4.63e-02  floor=0.0e+00  |dM|=1.45e-04  step=1.00e+00
  it 1426  L= 3.180032e+02  comp= 2.7533e+01 expr= 2.9047e+02 L+= 1.0195e-01 L-= 1.0009e-01  Keff=19.99(min 19.98)  gmin=4.63e-02  floor=0.0e+00  |dM|=1.45e-04  step=1.00e+00
  it 1427  L= 3.180013e+02  comp= 2.7533e+01 expr= 2.9047e+02 L+= 1.0209e-01 L-= 1.0022e-01  Keff=19.99(min 19.98)  gmin=4.63e-02  floor=0.0e+00  |dM|=1.46e-04  step=1.00e+00
  it 1428  L= 3.179994e+02  comp= 2.7533e+01 expr= 2.9047e+02 L+= 1.0222e-01 L-= 1.0035e-01  Keff=19.99(min 19.98)  gmin=4.63e-02  floor=0.0e+00  |dM|=1.46e-04  step=1.00e+00
  it 1429  L= 3.179974e+02  comp= 2.7533e+01 expr= 2.9046e+02 L+= 1.0236e-01 L-= 1.0048e-01  Keff=19.99(min 19.98)  gmin=4.63e-02  floor=0.0e+00  |dM|=1.46e-04  step=1.00e+00
  it 1430  L= 3.179955e+02  comp= 2.7532e+01 expr= 2.9046e+02 L+= 1.0249e-01 L-= 1.0061e-01  Keff=19.99(min 19.98)  gmin=4.63e-02  floor=0.0e+00  |dM|=1.47e-04  step=1.00e+00
  it 1431  L= 3.179935e+02  comp= 2.7532e+01 expr= 2.9046e+02 L+= 1.0263e-01 L-= 1.0075e-01  Keff=19.99(min 19.98)  gmin=4.63e-02  floor=0.0e+00  |dM|=1.47e-04  step=1.00e+00
  it 1432  L= 3.179916e+02  comp= 2.7532e+01 expr= 2.9046e+02 L+= 1.0277e-01 L-= 1.0088e-01  Keff=19.99(min 19.98)  gmin=4.63e-02  floor=0.0e+00  |dM|=1.47e-04  step=1.00e+00
  it 1433  L= 3.179896e+02  comp= 2.7532e+01 expr= 2.9046e+02 L+= 1.0290e-01 L-= 1.0101e-01  Keff=19.99(min 19.98)  gmin=4.63e-02  floor=0.0e+00  |dM|=1.47e-04  step=1.00e+00
  it 1434  L= 3.179876e+02  comp= 2.7532e+01 expr= 2.9046e+02 L+= 1.0304e-01 L-= 1.0115e-01  Keff=19.99(min 19.98)  gmin=4.63e-02  floor=0.0e+00  |dM|=1.48e-04  step=1.00e+00
  it 1435  L= 3.179856e+02  comp= 2.7532e+01 expr= 2.9045e+02 L+= 1.0318e-01 L-= 1.0128e-01  Keff=19.99(min 19.98)  gmin=4.63e-02  floor=0.0e+00  |dM|=1.48e-04  step=1.00e+00
  it 1436  L= 3.179836e+02  comp= 2.7532e+01 expr= 2.9045e+02 L+= 1.0332e-01 L-= 1.0141e-01  Keff=19.99(min 19.98)  gmin=4.63e-02  floor=0.0e+00  |dM|=1.48e-04  step=1.00e+00
  it 1437  L= 3.179817e+02  comp= 2.7532e+01 expr= 2.9045e+02 L+= 1.0346e-01 L-= 1.0155e-01  Keff=19.99(min 19.98)  gmin=4.63e-02  floor=0.0e+00  |dM|=1.48e-04  step=1.00e+00
  it 1438  L= 3.179796e+02  comp= 2.7532e+01 expr= 2.9045e+02 L+= 1.0359e-01 L-= 1.0168e-01  Keff=19.99(min 19.98)  gmin=4.63e-02  floor=0.0e+00  |dM|=1.49e-04  step=1.00e+00
  it 1439  L= 3.179776e+02  comp= 2.7532e+01 expr= 2.9045e+02 L+= 1.0373e-01 L-= 1.0182e-01  Keff=19.99(min 19.98)  gmin=4.63e-02  floor=0.0e+00  |dM|=1.49e-04  step=1.00e+00
  it 1440  L= 3.179756e+02  comp= 2.7532e+01 expr= 2.9044e+02 L+= 1.0387e-01 L-= 1.0195e-01  Keff=19.99(min 19.98)  gmin=4.63e-02  floor=0.0e+00  |dM|=1.49e-04  step=1.00e+00
  it 1441  L= 3.179735e+02  comp= 2.7532e+01 expr= 2.9044e+02 L+= 1.0401e-01 L-= 1.0209e-01  Keff=19.99(min 19.98)  gmin=4.63e-02  floor=0.0e+00  |dM|=1.50e-04  step=1.00e+00
  it 1442  L= 3.179715e+02  comp= 2.7532e+01 expr= 2.9044e+02 L+= 1.0415e-01 L-= 1.0223e-01  Keff=19.99(min 19.98)  gmin=4.63e-02  floor=0.0e+00  |dM|=1.50e-04  step=1.00e+00
  it 1443  L= 3.179695e+02  comp= 2.7532e+01 expr= 2.9044e+02 L+= 1.0429e-01 L-= 1.0236e-01  Keff=19.99(min 19.98)  gmin=4.63e-02  floor=0.0e+00  |dM|=1.50e-04  step=1.00e+00
  it 1444  L= 3.179674e+02  comp= 2.7532e+01 expr= 2.9043e+02 L+= 1.0443e-01 L-= 1.0250e-01  Keff=19.99(min 19.98)  gmin=4.63e-02  floor=0.0e+00  |dM|=1.50e-04  step=1.00e+00
  it 1445  L= 3.179653e+02  comp= 2.7532e+01 expr= 2.9043e+02 L+= 1.0458e-01 L-= 1.0264e-01  Keff=19.99(min 19.98)  gmin=4.63e-02  floor=0.0e+00  |dM|=1.51e-04  step=1.00e+00
  it 1446  L= 3.179633e+02  comp= 2.7532e+01 expr= 2.9043e+02 L+= 1.0472e-01 L-= 1.0278e-01  Keff=19.99(min 19.98)  gmin=4.63e-02  floor=0.0e+00  |dM|=1.51e-04  step=1.00e+00
  it 1447  L= 3.179612e+02  comp= 2.7532e+01 expr= 2.9043e+02 L+= 1.0486e-01 L-= 1.0291e-01  Keff=19.99(min 19.98)  gmin=4.63e-02  floor=0.0e+00  |dM|=1.51e-04  step=1.00e+00
  it 1448  L= 3.179592e+02  comp= 2.7532e+01 expr= 2.9043e+02 L+= 1.0500e-01 L-= 1.0306e-01  Keff=19.99(min 19.98)  gmin=4.63e-02  floor=0.0e+00  |dM|=1.51e-04  step=1.00e+00
  it 1449  L= 3.179570e+02  comp= 2.7532e+01 expr= 2.9042e+02 L+= 1.0514e-01 L-= 1.0319e-01  Keff=19.99(min 19.98)  gmin=4.63e-02  floor=0.0e+00  |dM|=1.52e-04  step=1.00e+00
  it 1450  L= 3.179549e+02  comp= 2.7532e+01 expr= 2.9042e+02 L+= 1.0529e-01 L-= 1.0333e-01  Keff=19.99(min 19.98)  gmin=4.63e-02  floor=0.0e+00  |dM|=1.52e-04  step=1.00e+00
  it 1451  L= 3.179529e+02  comp= 2.7532e+01 expr= 2.9042e+02 L+= 1.0543e-01 L-= 1.0347e-01  Keff=19.99(min 19.98)  gmin=4.63e-02  floor=0.0e+00  |dM|=1.52e-04  step=1.00e+00
  it 1452  L= 3.179508e+02  comp= 2.7532e+01 expr= 2.9042e+02 L+= 1.0558e-01 L-= 1.0361e-01  Keff=19.99(min 19.98)  gmin=4.63e-02  floor=0.0e+00  |dM|=1.52e-04  step=1.00e+00
  it 1453  L= 3.179487e+02  comp= 2.7532e+01 expr= 2.9042e+02 L+= 1.0572e-01 L-= 1.0376e-01  Keff=19.99(min 19.98)  gmin=4.63e-02  floor=0.0e+00  |dM|=1.53e-04  step=1.00e+00
  it 1454  L= 3.179465e+02  comp= 2.7532e+01 expr= 2.9041e+02 L+= 1.0587e-01 L-= 1.0390e-01  Keff=19.99(min 19.98)  gmin=4.63e-02  floor=0.0e+00  |dM|=1.53e-04  step=1.00e+00
  it 1455  L= 3.179444e+02  comp= 2.7532e+01 expr= 2.9041e+02 L+= 1.0601e-01 L-= 1.0404e-01  Keff=19.99(min 19.98)  gmin=4.63e-02  floor=0.0e+00  |dM|=1.53e-04  step=1.00e+00
  it 1456  L= 3.179423e+02  comp= 2.7532e+01 expr= 2.9041e+02 L+= 1.0616e-01 L-= 1.0418e-01  Keff=19.99(min 19.98)  gmin=4.63e-02  floor=0.0e+00  |dM|=1.53e-04  step=1.00e+00
  it 1457  L= 3.179401e+02  comp= 2.7532e+01 expr= 2.9041e+02 L+= 1.0630e-01 L-= 1.0432e-01  Keff=19.99(min 19.98)  gmin=4.62e-02  floor=0.0e+00  |dM|=1.53e-04  step=1.00e+00
  it 1458  L= 3.179380e+02  comp= 2.7532e+01 expr= 2.9041e+02 L+= 1.0645e-01 L-= 1.0447e-01  Keff=19.99(min 19.98)  gmin=4.62e-02  floor=0.0e+00  |dM|=1.54e-04  step=1.00e+00
  it 1459  L= 3.179359e+02  comp= 2.7532e+01 expr= 2.9040e+02 L+= 1.0660e-01 L-= 1.0461e-01  Keff=19.99(min 19.98)  gmin=4.62e-02  floor=0.0e+00  |dM|=1.54e-04  step=1.00e+00
  it 1460  L= 3.179337e+02  comp= 2.7532e+01 expr= 2.9040e+02 L+= 1.0675e-01 L-= 1.0475e-01  Keff=19.99(min 19.98)  gmin=4.62e-02  floor=0.0e+00  |dM|=1.54e-04  step=1.00e+00
  it 1461  L= 3.179315e+02  comp= 2.7532e+01 expr= 2.9040e+02 L+= 1.0689e-01 L-= 1.0490e-01  Keff=19.99(min 19.98)  gmin=4.62e-02  floor=0.0e+00  |dM|=1.54e-04  step=1.00e+00
  it 1462  L= 3.179293e+02  comp= 2.7532e+01 expr= 2.9040e+02 L+= 1.0704e-01 L-= 1.0504e-01  Keff=19.99(min 19.98)  gmin=4.62e-02  floor=0.0e+00  |dM|=1.55e-04  step=1.00e+00
  it 1463  L= 3.179271e+02  comp= 2.7532e+01 expr= 2.9039e+02 L+= 1.0719e-01 L-= 1.0519e-01  Keff=19.99(min 19.98)  gmin=4.62e-02  floor=0.0e+00  |dM|=1.55e-04  step=1.00e+00
  it 1464  L= 3.179249e+02  comp= 2.7532e+01 expr= 2.9039e+02 L+= 1.0734e-01 L-= 1.0533e-01  Keff=19.99(min 19.98)  gmin=4.62e-02  floor=0.0e+00  |dM|=1.55e-04  step=1.00e+00
  it 1465  L= 3.179227e+02  comp= 2.7532e+01 expr= 2.9039e+02 L+= 1.0749e-01 L-= 1.0548e-01  Keff=19.99(min 19.98)  gmin=4.62e-02  floor=0.0e+00  |dM|=1.55e-04  step=1.00e+00
  it 1466  L= 3.179205e+02  comp= 2.7532e+01 expr= 2.9039e+02 L+= 1.0764e-01 L-= 1.0562e-01  Keff=19.99(min 19.98)  gmin=4.62e-02  floor=0.0e+00  |dM|=1.55e-04  step=1.00e+00
  it 1467  L= 3.179183e+02  comp= 2.7532e+01 expr= 2.9039e+02 L+= 1.0779e-01 L-= 1.0577e-01  Keff=19.99(min 19.98)  gmin=4.62e-02  floor=0.0e+00  |dM|=1.56e-04  step=1.00e+00
  it 1468  L= 3.179161e+02  comp= 2.7532e+01 expr= 2.9038e+02 L+= 1.0794e-01 L-= 1.0592e-01  Keff=19.99(min 19.98)  gmin=4.62e-02  floor=0.0e+00  |dM|=1.56e-04  step=1.00e+00
  it 1469  L= 3.179138e+02  comp= 2.7532e+01 expr= 2.9038e+02 L+= 1.0809e-01 L-= 1.0606e-01  Keff=19.99(min 19.98)  gmin=4.62e-02  floor=0.0e+00  |dM|=1.56e-04  step=1.00e+00
  it 1470  L= 3.179116e+02  comp= 2.7532e+01 expr= 2.9038e+02 L+= 1.0824e-01 L-= 1.0621e-01  Keff=19.99(min 19.98)  gmin=4.62e-02  floor=0.0e+00  |dM|=1.56e-04  step=1.00e+00
  it 1471  L= 3.179094e+02  comp= 2.7532e+01 expr= 2.9038e+02 L+= 1.0839e-01 L-= 1.0636e-01  Keff=19.99(min 19.98)  gmin=4.62e-02  floor=0.0e+00  |dM|=1.57e-04  step=1.00e+00
  it 1472  L= 3.179071e+02  comp= 2.7532e+01 expr= 2.9037e+02 L+= 1.0855e-01 L-= 1.0651e-01  Keff=19.99(min 19.98)  gmin=4.62e-02  floor=0.0e+00  |dM|=1.57e-04  step=1.00e+00
  it 1473  L= 3.179049e+02  comp= 2.7532e+01 expr= 2.9037e+02 L+= 1.0870e-01 L-= 1.0666e-01  Keff=19.99(min 19.98)  gmin=4.62e-02  floor=0.0e+00  |dM|=1.57e-04  step=1.00e+00
  it 1474  L= 3.179025e+02  comp= 2.7532e+01 expr= 2.9037e+02 L+= 1.0885e-01 L-= 1.0680e-01  Keff=19.99(min 19.98)  gmin=4.62e-02  floor=0.0e+00  |dM|=1.57e-04  step=1.00e+00
  it 1475  L= 3.179003e+02  comp= 2.7532e+01 expr= 2.9037e+02 L+= 1.0900e-01 L-= 1.0695e-01  Keff=19.99(min 19.98)  gmin=4.62e-02  floor=0.0e+00  |dM|=1.57e-04  step=1.00e+00
  it 1476  L= 3.178981e+02  comp= 2.7532e+01 expr= 2.9037e+02 L+= 1.0916e-01 L-= 1.0710e-01  Keff=19.99(min 19.98)  gmin=4.62e-02  floor=0.0e+00  |dM|=1.58e-04  step=1.00e+00
  it 1477  L= 3.178958e+02  comp= 2.7532e+01 expr= 2.9036e+02 L+= 1.0931e-01 L-= 1.0726e-01  Keff=19.99(min 19.98)  gmin=4.62e-02  floor=0.0e+00  |dM|=1.58e-04  step=1.00e+00
  it 1478  L= 3.178934e+02  comp= 2.7532e+01 expr= 2.9036e+02 L+= 1.0947e-01 L-= 1.0741e-01  Keff=19.99(min 19.98)  gmin=4.62e-02  floor=0.0e+00  |dM|=1.58e-04  step=1.00e+00
  it 1479  L= 3.178911e+02  comp= 2.7532e+01 expr= 2.9036e+02 L+= 1.0963e-01 L-= 1.0756e-01  Keff=19.99(min 19.98)  gmin=4.62e-02  floor=0.0e+00  |dM|=1.58e-04  step=1.00e+00
  it 1480  L= 3.178888e+02  comp= 2.7532e+01 expr= 2.9036e+02 L+= 1.0978e-01 L-= 1.0771e-01  Keff=19.99(min 19.98)  gmin=4.62e-02  floor=0.0e+00  |dM|=1.58e-04  step=1.00e+00
  it 1481  L= 3.178865e+02  comp= 2.7532e+01 expr= 2.9035e+02 L+= 1.0994e-01 L-= 1.0786e-01  Keff=19.99(min 19.98)  gmin=4.62e-02  floor=0.0e+00  |dM|=1.59e-04  step=1.00e+00
  it 1482  L= 3.178842e+02  comp= 2.7532e+01 expr= 2.9035e+02 L+= 1.1009e-01 L-= 1.0802e-01  Keff=19.99(min 19.98)  gmin=4.62e-02  floor=0.0e+00  |dM|=1.59e-04  step=1.00e+00
  it 1483  L= 3.178818e+02  comp= 2.7532e+01 expr= 2.9035e+02 L+= 1.1025e-01 L-= 1.0817e-01  Keff=19.99(min 19.98)  gmin=4.62e-02  floor=0.0e+00  |dM|=1.59e-04  step=1.00e+00
  it 1484  L= 3.178795e+02  comp= 2.7532e+01 expr= 2.9035e+02 L+= 1.1041e-01 L-= 1.0832e-01  Keff=19.99(min 19.98)  gmin=4.62e-02  floor=0.0e+00  |dM|=1.59e-04  step=1.00e+00
  it 1485  L= 3.178771e+02  comp= 2.7532e+01 expr= 2.9034e+02 L+= 1.1057e-01 L-= 1.0848e-01  Keff=19.99(min 19.98)  gmin=4.62e-02  floor=0.0e+00  |dM|=1.59e-04  step=1.00e+00
  it 1486  L= 3.178748e+02  comp= 2.7532e+01 expr= 2.9034e+02 L+= 1.1072e-01 L-= 1.0863e-01  Keff=19.99(min 19.98)  gmin=4.62e-02  floor=0.0e+00  |dM|=1.59e-04  step=1.00e+00
  it 1487  L= 3.178724e+02  comp= 2.7532e+01 expr= 2.9034e+02 L+= 1.1088e-01 L-= 1.0879e-01  Keff=19.99(min 19.98)  gmin=4.62e-02  floor=0.0e+00  |dM|=1.60e-04  step=1.00e+00
  it 1488  L= 3.178700e+02  comp= 2.7532e+01 expr= 2.9034e+02 L+= 1.1104e-01 L-= 1.0894e-01  Keff=19.99(min 19.98)  gmin=4.62e-02  floor=0.0e+00  |dM|=1.60e-04  step=1.00e+00
  it 1489  L= 3.178677e+02  comp= 2.7532e+01 expr= 2.9034e+02 L+= 1.1120e-01 L-= 1.0909e-01  Keff=19.99(min 19.98)  gmin=4.62e-02  floor=0.0e+00  |dM|=1.60e-04  step=1.00e+00
  it 1490  L= 3.178652e+02  comp= 2.7532e+01 expr= 2.9033e+02 L+= 1.1136e-01 L-= 1.0925e-01  Keff=19.99(min 19.98)  gmin=4.62e-02  floor=0.0e+00  |dM|=1.60e-04  step=1.00e+00
  it 1491  L= 3.178628e+02  comp= 2.7532e+01 expr= 2.9033e+02 L+= 1.1152e-01 L-= 1.0941e-01  Keff=19.99(min 19.98)  gmin=4.62e-02  floor=0.0e+00  |dM|=1.60e-04  step=1.00e+00
  it 1492  L= 3.178604e+02  comp= 2.7532e+01 expr= 2.9033e+02 L+= 1.1168e-01 L-= 1.0957e-01  Keff=19.99(min 19.98)  gmin=4.62e-02  floor=0.0e+00  |dM|=1.61e-04  step=1.00e+00
  it 1493  L= 3.178580e+02  comp= 2.7532e+01 expr= 2.9033e+02 L+= 1.1184e-01 L-= 1.0972e-01  Keff=19.99(min 19.98)  gmin=4.62e-02  floor=0.0e+00  |dM|=1.61e-04  step=1.00e+00
  it 1494  L= 3.178557e+02  comp= 2.7532e+01 expr= 2.9032e+02 L+= 1.1201e-01 L-= 1.0988e-01  Keff=19.99(min 19.98)  gmin=4.62e-02  floor=0.0e+00  |dM|=1.61e-04  step=1.00e+00
  it 1495  L= 3.178531e+02  comp= 2.7532e+01 expr= 2.9032e+02 L+= 1.1217e-01 L-= 1.1004e-01  Keff=19.99(min 19.98)  gmin=4.62e-02  floor=0.0e+00  |dM|=1.61e-04  step=1.00e+00
  it 1496  L= 3.178508e+02  comp= 2.7532e+01 expr= 2.9032e+02 L+= 1.1233e-01 L-= 1.1020e-01  Keff=19.99(min 19.98)  gmin=4.62e-02  floor=0.0e+00  |dM|=1.61e-04  step=1.00e+00
  it 1497  L= 3.178483e+02  comp= 2.7532e+01 expr= 2.9032e+02 L+= 1.1249e-01 L-= 1.1036e-01  Keff=19.99(min 19.98)  gmin=4.62e-02  floor=0.0e+00  |dM|=1.61e-04  step=1.00e+00
  it 1498  L= 3.178458e+02  comp= 2.7532e+01 expr= 2.9031e+02 L+= 1.1266e-01 L-= 1.1052e-01  Keff=19.99(min 19.98)  gmin=4.62e-02  floor=0.0e+00  |dM|=1.62e-04  step=1.00e+00
  it 1499  L= 3.178433e+02  comp= 2.7532e+01 expr= 2.9031e+02 L+= 1.1282e-01 L-= 1.1068e-01  Keff=19.99(min 19.98)  gmin=4.62e-02  floor=0.0e+00  |dM|=1.62e-04  step=1.00e+00
  it 1500  L= 3.178409e+02  comp= 2.7532e+01 expr= 2.9031e+02 L+= 1.1299e-01 L-= 1.1084e-01  Keff=19.99(min 19.98)  gmin=4.62e-02  floor=0.0e+00  |dM|=1.62e-04  step=1.00e+00
[fit] restart 2 (seed=2, init=random)
  it    1  L= 3.187419e+02  comp= 2.7533e+01 expr= 2.9121e+02 L+= 4.2499e-02 L-= 4.2539e-02  Keff=20.00(min 19.99)  gmin=4.68e-02  floor=0.0e+00  |dM|=1.09e-05  step=1.00e+00
  it    2  L= 3.187419e+02  comp= 2.7533e+01 expr= 2.9121e+02 L+= 4.2510e-02 L-= 4.2548e-02  Keff=20.00(min 19.99)  gmin=4.68e-02  floor=0.0e+00  |dM|=1.09e-05  step=1.00e+00
  it    3  L= 3.187418e+02  comp= 2.7533e+01 expr= 2.9121e+02 L+= 4.2522e-02 L-= 4.2560e-02  Keff=20.00(min 19.99)  gmin=4.68e-02  floor=0.0e+00  |dM|=1.09e-05  step=1.00e+00
  it    4  L= 3.187417e+02  comp= 2.7533e+01 expr= 2.9121e+02 L+= 4.2531e-02 L-= 4.2572e-02  Keff=20.00(min 19.99)  gmin=4.68e-02  floor=0.0e+00  |dM|=1.09e-05  step=1.00e+00
  it    5  L= 3.187416e+02  comp= 2.7533e+01 expr= 2.9121e+02 L+= 4.2544e-02 L-= 4.2581e-02  Keff=20.00(min 19.99)  gmin=4.68e-02  floor=0.0e+00  |dM|=1.09e-05  step=1.00e+00
  it    6  L= 3.187415e+02  comp= 2.7533e+01 expr= 2.9121e+02 L+= 4.2554e-02 L-= 4.2591e-02  Keff=20.00(min 19.99)  gmin=4.68e-02  floor=0.0e+00  |dM|=1.09e-05  step=1.00e+00
  it    7  L= 3.187414e+02  comp= 2.7533e+01 expr= 2.9121e+02 L+= 4.2564e-02 L-= 4.2603e-02  Keff=20.00(min 19.99)  gmin=4.68e-02  floor=0.0e+00  |dM|=1.09e-05  step=1.00e+00
  it    8  L= 3.187413e+02  comp= 2.7533e+01 expr= 2.9121e+02 L+= 4.2577e-02 L-= 4.2613e-02  Keff=20.00(min 19.99)  gmin=4.68e-02  floor=0.0e+00  |dM|=1.09e-05  step=1.00e+00
  it    9  L= 3.187411e+02  comp= 2.7533e+01 expr= 2.9121e+02 L+= 4.2589e-02 L-= 4.2624e-02  Keff=20.00(min 19.99)  gmin=4.68e-02  floor=0.0e+00  |dM|=1.10e-05  step=1.00e+00
  it   10  L= 3.187411e+02  comp= 2.7533e+01 expr= 2.9121e+02 L+= 4.2602e-02 L-= 4.2637e-02  Keff=20.00(min 19.99)  gmin=4.68e-02  floor=0.0e+00  |dM|=1.10e-05  step=1.00e+00
  it   11  L= 3.187410e+02  comp= 2.7533e+01 expr= 2.9121e+02 L+= 4.2615e-02 L-= 4.2647e-02  Keff=20.00(min 19.99)  gmin=4.68e-02  floor=0.0e+00  |dM|=1.10e-05  step=1.00e+00
  it   12  L= 3.187409e+02  comp= 2.7533e+01 expr= 2.9121e+02 L+= 4.2624e-02 L-= 4.2656e-02  Keff=20.00(min 19.99)  gmin=4.68e-02  floor=0.0e+00  |dM|=1.10e-05  step=1.00e+00
  it   13  L= 3.187408e+02  comp= 2.7533e+01 expr= 2.9121e+02 L+= 4.2637e-02 L-= 4.2668e-02  Keff=20.00(min 19.99)  gmin=4.68e-02  floor=0.0e+00  |dM|=1.10e-05  step=1.00e+00
  it   14  L= 3.187407e+02  comp= 2.7533e+01 expr= 2.9121e+02 L+= 4.2650e-02 L-= 4.2681e-02  Keff=20.00(min 19.99)  gmin=4.68e-02  floor=0.0e+00  |dM|=1.10e-05  step=1.00e+00
  it   15  L= 3.187406e+02  comp= 2.7533e+01 expr= 2.9121e+02 L+= 4.2660e-02 L-= 4.2691e-02  Keff=20.00(min 19.99)  gmin=4.68e-02  floor=0.0e+00  |dM|=1.10e-05  step=1.00e+00
  it   16  L= 3.187405e+02  comp= 2.7533e+01 expr= 2.9121e+02 L+= 4.2672e-02 L-= 4.2701e-02  Keff=20.00(min 19.99)  gmin=4.68e-02  floor=0.0e+00  |dM|=1.10e-05  step=1.00e+00
  it   17  L= 3.187404e+02  comp= 2.7533e+01 expr= 2.9121e+02 L+= 4.2685e-02 L-= 4.2712e-02  Keff=20.00(min 19.99)  gmin=4.68e-02  floor=0.0e+00  |dM|=1.10e-05  step=1.00e+00
  it   18  L= 3.187403e+02  comp= 2.7533e+01 expr= 2.9121e+02 L+= 4.2694e-02 L-= 4.2722e-02  Keff=20.00(min 19.99)  gmin=4.68e-02  floor=0.0e+00  |dM|=1.10e-05  step=1.00e+00
  it   19  L= 3.187402e+02  comp= 2.7533e+01 expr= 2.9121e+02 L+= 4.2708e-02 L-= 4.2734e-02  Keff=20.00(min 19.99)  gmin=4.68e-02  floor=0.0e+00  |dM|=1.11e-05  step=1.00e+00
  it   20  L= 3.187401e+02  comp= 2.7533e+01 expr= 2.9121e+02 L+= 4.2717e-02 L-= 4.2746e-02  Keff=20.00(min 19.99)  gmin=4.68e-02  floor=0.0e+00  |dM|=1.11e-05  step=1.00e+00
  it   21  L= 3.187400e+02  comp= 2.7533e+01 expr= 2.9121e+02 L+= 4.2728e-02 L-= 4.2758e-02  Keff=20.00(min 19.99)  gmin=4.68e-02  floor=0.0e+00  |dM|=1.11e-05  step=1.00e+00
  it   22  L= 3.187399e+02  comp= 2.7533e+01 expr= 2.9121e+02 L+= 4.2741e-02 L-= 4.2768e-02  Keff=20.00(min 19.99)  gmin=4.68e-02  floor=0.0e+00  |dM|=1.11e-05  step=1.00e+00
  it   23  L= 3.187398e+02  comp= 2.7533e+01 expr= 2.9121e+02 L+= 4.2751e-02 L-= 4.2776e-02  Keff=20.00(min 19.99)  gmin=4.68e-02  floor=0.0e+00  |dM|=1.11e-05  step=1.00e+00
  it   24  L= 3.187397e+02  comp= 2.7533e+01 expr= 2.9121e+02 L+= 4.2764e-02 L-= 4.2786e-02  Keff=20.00(min 19.99)  gmin=4.68e-02  floor=0.0e+00  |dM|=1.11e-05  step=1.00e+00
  it   25  L= 3.187396e+02  comp= 2.7533e+01 expr= 2.9121e+02 L+= 4.2776e-02 L-= 4.2801e-02  Keff=20.00(min 19.99)  gmin=4.68e-02  floor=0.0e+00  |dM|=1.11e-05  step=1.00e+00
  it   26  L= 3.187395e+02  comp= 2.7533e+01 expr= 2.9121e+02 L+= 4.2786e-02 L-= 4.2810e-02  Keff=20.00(min 19.99)  gmin=4.68e-02  floor=0.0e+00  |dM|=1.11e-05  step=1.00e+00
  it   27  L= 3.187394e+02  comp= 2.7533e+01 expr= 2.9121e+02 L+= 4.2801e-02 L-= 4.2823e-02  Keff=20.00(min 19.99)  gmin=4.68e-02  floor=0.0e+00  |dM|=1.11e-05  step=1.00e+00
  it   28  L= 3.187393e+02  comp= 2.7533e+01 expr= 2.9121e+02 L+= 4.2809e-02 L-= 4.2834e-02  Keff=20.00(min 19.99)  gmin=4.68e-02  floor=0.0e+00  |dM|=1.12e-05  step=1.00e+00
  it   29  L= 3.187392e+02  comp= 2.7533e+01 expr= 2.9121e+02 L+= 4.2822e-02 L-= 4.2844e-02  Keff=20.00(min 19.99)  gmin=4.68e-02  floor=0.0e+00  |dM|=1.12e-05  step=1.00e+00
  it   30  L= 3.187391e+02  comp= 2.7533e+01 expr= 2.9121e+02 L+= 4.2838e-02 L-= 4.2854e-02  Keff=20.00(min 19.99)  gmin=4.68e-02  floor=0.0e+00  |dM|=1.12e-05  step=1.00e+00
  it   31  L= 3.187390e+02  comp= 2.7533e+01 expr= 2.9121e+02 L+= 4.2848e-02 L-= 4.2866e-02  Keff=20.00(min 19.99)  gmin=4.68e-02  floor=0.0e+00  |dM|=1.12e-05  step=1.00e+00
  it   32  L= 3.187389e+02  comp= 2.7533e+01 expr= 2.9121e+02 L+= 4.2858e-02 L-= 4.2879e-02  Keff=20.00(min 19.99)  gmin=4.68e-02  floor=0.0e+00  |dM|=1.12e-05  step=1.00e+00
  it   33  L= 3.187388e+02  comp= 2.7533e+01 expr= 2.9121e+02 L+= 4.2872e-02 L-= 4.2889e-02  Keff=20.00(min 19.99)  gmin=4.68e-02  floor=0.0e+00  |dM|=1.12e-05  step=1.00e+00
  it   34  L= 3.187387e+02  comp= 2.7533e+01 expr= 2.9121e+02 L+= 4.2883e-02 L-= 4.2900e-02  Keff=20.00(min 19.99)  gmin=4.68e-02  floor=0.0e+00  |dM|=1.12e-05  step=1.00e+00
  it   35  L= 3.187386e+02  comp= 2.7533e+01 expr= 2.9121e+02 L+= 4.2896e-02 L-= 4.2912e-02  Keff=20.00(min 19.99)  gmin=4.68e-02  floor=0.0e+00  |dM|=1.12e-05  step=1.00e+00
  it   36  L= 3.187385e+02  comp= 2.7533e+01 expr= 2.9121e+02 L+= 4.2907e-02 L-= 4.2924e-02  Keff=20.00(min 19.99)  gmin=4.68e-02  floor=0.0e+00  |dM|=1.12e-05  step=1.00e+00
  it   37  L= 3.187384e+02  comp= 2.7533e+01 expr= 2.9120e+02 L+= 4.2920e-02 L-= 4.2934e-02  Keff=20.00(min 19.99)  gmin=4.68e-02  floor=0.0e+00  |dM|=1.13e-05  step=1.00e+00
  it   38  L= 3.187383e+02  comp= 2.7533e+01 expr= 2.9120e+02 L+= 4.2930e-02 L-= 4.2945e-02  Keff=20.00(min 19.99)  gmin=4.68e-02  floor=0.0e+00  |dM|=1.13e-05  step=1.00e+00
  it   39  L= 3.187382e+02  comp= 2.7533e+01 expr= 2.9120e+02 L+= 4.2941e-02 L-= 4.2955e-02  Keff=20.00(min 19.99)  gmin=4.68e-02  floor=0.0e+00  |dM|=1.13e-05  step=1.00e+00
  it   40  L= 3.187380e+02  comp= 2.7533e+01 expr= 2.9120e+02 L+= 4.2951e-02 L-= 4.2965e-02  Keff=20.00(min 19.99)  gmin=4.68e-02  floor=0.0e+00  |dM|=1.13e-05  step=1.00e+00
  it   41  L= 3.187379e+02  comp= 2.7533e+01 expr= 2.9120e+02 L+= 4.2965e-02 L-= 4.2978e-02  Keff=20.00(min 19.99)  gmin=4.68e-02  floor=0.0e+00  |dM|=1.13e-05  step=1.00e+00
  it   42  L= 3.187379e+02  comp= 2.7533e+01 expr= 2.9120e+02 L+= 4.2976e-02 L-= 4.2989e-02  Keff=20.00(min 19.99)  gmin=4.68e-02  floor=0.0e+00  |dM|=1.13e-05  step=1.00e+00
  it   43  L= 3.187378e+02  comp= 2.7533e+01 expr= 2.9120e+02 L+= 4.2991e-02 L-= 4.2998e-02  Keff=20.00(min 19.99)  gmin=4.68e-02  floor=0.0e+00  |dM|=1.13e-05  step=1.00e+00
  it   44  L= 3.187376e+02  comp= 2.7533e+01 expr= 2.9120e+02 L+= 4.3002e-02 L-= 4.3011e-02  Keff=20.00(min 19.99)  gmin=4.68e-02  floor=0.0e+00  |dM|=1.13e-05  step=1.00e+00
  it   45  L= 3.187375e+02  comp= 2.7533e+01 expr= 2.9120e+02 L+= 4.3014e-02 L-= 4.3022e-02  Keff=20.00(min 19.99)  gmin=4.68e-02  floor=0.0e+00  |dM|=1.14e-05  step=1.00e+00
  it   46  L= 3.187374e+02  comp= 2.7533e+01 expr= 2.9120e+02 L+= 4.3027e-02 L-= 4.3035e-02  Keff=20.00(min 19.99)  gmin=4.68e-02  floor=0.0e+00  |dM|=1.14e-05  step=1.00e+00
  it   47  L= 3.187373e+02  comp= 2.7533e+01 expr= 2.9120e+02 L+= 4.3037e-02 L-= 4.3046e-02  Keff=20.00(min 19.99)  gmin=4.68e-02  floor=0.0e+00  |dM|=1.14e-05  step=1.00e+00
  it   48  L= 3.187372e+02  comp= 2.7533e+01 expr= 2.9120e+02 L+= 4.3049e-02 L-= 4.3057e-02  Keff=20.00(min 19.99)  gmin=4.68e-02  floor=0.0e+00  |dM|=1.14e-05  step=1.00e+00
  it   49  L= 3.187371e+02  comp= 2.7533e+01 expr= 2.9120e+02 L+= 4.3062e-02 L-= 4.3068e-02  Keff=20.00(min 19.99)  gmin=4.68e-02  floor=0.0e+00  |dM|=1.14e-05  step=1.00e+00
  it   50  L= 3.187370e+02  comp= 2.7533e+01 expr= 2.9120e+02 L+= 4.3074e-02 L-= 4.3077e-02  Keff=20.00(min 19.99)  gmin=4.68e-02  floor=0.0e+00  |dM|=1.14e-05  step=1.00e+00
  it   51  L= 3.187369e+02  comp= 2.7533e+01 expr= 2.9120e+02 L+= 4.3085e-02 L-= 4.3094e-02  Keff=20.00(min 19.99)  gmin=4.68e-02  floor=0.0e+00  |dM|=1.14e-05  step=1.00e+00
  it   52  L= 3.187368e+02  comp= 2.7533e+01 expr= 2.9120e+02 L+= 4.3097e-02 L-= 4.3102e-02  Keff=20.00(min 19.99)  gmin=4.68e-02  floor=0.0e+00  |dM|=1.14e-05  step=1.00e+00
  it   53  L= 3.187367e+02  comp= 2.7533e+01 expr= 2.9120e+02 L+= 4.3109e-02 L-= 4.3114e-02  Keff=20.00(min 19.99)  gmin=4.68e-02  floor=0.0e+00  |dM|=1.14e-05  step=1.00e+00
  it   54  L= 3.187366e+02  comp= 2.7533e+01 expr= 2.9120e+02 L+= 4.3120e-02 L-= 4.3126e-02  Keff=20.00(min 19.99)  gmin=4.68e-02  floor=0.0e+00  |dM|=1.15e-05  step=1.00e+00
  it   55  L= 3.187365e+02  comp= 2.7533e+01 expr= 2.9120e+02 L+= 4.3134e-02 L-= 4.3136e-02  Keff=20.00(min 19.99)  gmin=4.68e-02  floor=0.0e+00  |dM|=1.15e-05  step=1.00e+00
  it   56  L= 3.187364e+02  comp= 2.7533e+01 expr= 2.9120e+02 L+= 4.3147e-02 L-= 4.3148e-02  Keff=20.00(min 19.99)  gmin=4.68e-02  floor=0.0e+00  |dM|=1.15e-05  step=1.00e+00
  it   57  L= 3.187363e+02  comp= 2.7533e+01 expr= 2.9120e+02 L+= 4.3159e-02 L-= 4.3160e-02  Keff=20.00(min 19.99)  gmin=4.68e-02  floor=0.0e+00  |dM|=1.15e-05  step=1.00e+00
  it   58  L= 3.187362e+02  comp= 2.7533e+01 expr= 2.9120e+02 L+= 4.3170e-02 L-= 4.3170e-02  Keff=20.00(min 19.99)  gmin=4.68e-02  floor=0.0e+00  |dM|=1.15e-05  step=1.00e+00
  it   59  L= 3.187361e+02  comp= 2.7533e+01 expr= 2.9120e+02 L+= 4.3182e-02 L-= 4.3180e-02  Keff=20.00(min 19.99)  gmin=4.68e-02  floor=0.0e+00  |dM|=1.15e-05  step=1.00e+00
  it   60  L= 3.187360e+02  comp= 2.7533e+01 expr= 2.9120e+02 L+= 4.3197e-02 L-= 4.3194e-02  Keff=20.00(min 19.99)  gmin=4.68e-02  floor=0.0e+00  |dM|=1.15e-05  step=1.00e+00
  it   61  L= 3.187358e+02  comp= 2.7533e+01 expr= 2.9120e+02 L+= 4.3205e-02 L-= 4.3205e-02  Keff=20.00(min 19.99)  gmin=4.68e-02  floor=0.0e+00  |dM|=1.15e-05  step=1.00e+00
  it   62  L= 3.187357e+02  comp= 2.7533e+01 expr= 2.9120e+02 L+= 4.3220e-02 L-= 4.3215e-02  Keff=20.00(min 19.99)  gmin=4.68e-02  floor=0.0e+00  |dM|=1.15e-05  step=1.00e+00
  it   63  L= 3.187357e+02  comp= 2.7533e+01 expr= 2.9120e+02 L+= 4.3231e-02 L-= 4.3228e-02  Keff=20.00(min 19.99)  gmin=4.68e-02  floor=0.0e+00  |dM|=1.16e-05  step=1.00e+00
  it   64  L= 3.187356e+02  comp= 2.7533e+01 expr= 2.9120e+02 L+= 4.3242e-02 L-= 4.3237e-02  Keff=20.00(min 19.99)  gmin=4.68e-02  floor=0.0e+00  |dM|=1.16e-05  step=1.00e+00
  it   65  L= 3.187354e+02  comp= 2.7533e+01 expr= 2.9120e+02 L+= 4.3258e-02 L-= 4.3253e-02  Keff=20.00(min 19.99)  gmin=4.68e-02  floor=0.0e+00  |dM|=1.16e-05  step=1.00e+00
  it   66  L= 3.187353e+02  comp= 2.7533e+01 expr= 2.9120e+02 L+= 4.3268e-02 L-= 4.3261e-02  Keff=20.00(min 19.99)  gmin=4.68e-02  floor=0.0e+00  |dM|=1.16e-05  step=1.00e+00
  it   67  L= 3.187352e+02  comp= 2.7533e+01 expr= 2.9120e+02 L+= 4.3280e-02 L-= 4.3274e-02  Keff=20.00(min 19.99)  gmin=4.68e-02  floor=0.0e+00  |dM|=1.16e-05  step=1.00e+00
  it   68  L= 3.187351e+02  comp= 2.7533e+01 expr= 2.9120e+02 L+= 4.3294e-02 L-= 4.3285e-02  Keff=20.00(min 19.99)  gmin=4.68e-02  floor=0.0e+00  |dM|=1.16e-05  step=1.00e+00
  it   69  L= 3.187350e+02  comp= 2.7533e+01 expr= 2.9120e+02 L+= 4.3306e-02 L-= 4.3298e-02  Keff=20.00(min 19.99)  gmin=4.68e-02  floor=0.0e+00  |dM|=1.16e-05  step=1.00e+00
  it   70  L= 3.187349e+02  comp= 2.7533e+01 expr= 2.9120e+02 L+= 4.3315e-02 L-= 4.3307e-02  Keff=20.00(min 19.99)  gmin=4.68e-02  floor=0.0e+00  |dM|=1.16e-05  step=1.00e+00
  it   71  L= 3.187348e+02  comp= 2.7533e+01 expr= 2.9120e+02 L+= 4.3331e-02 L-= 4.3321e-02  Keff=20.00(min 19.99)  gmin=4.68e-02  floor=0.0e+00  |dM|=1.17e-05  step=1.00e+00
  it   72  L= 3.187347e+02  comp= 2.7533e+01 expr= 2.9120e+02 L+= 4.3344e-02 L-= 4.3332e-02  Keff=20.00(min 19.99)  gmin=4.68e-02  floor=0.0e+00  |dM|=1.17e-05  step=1.00e+00
  it   73  L= 3.187346e+02  comp= 2.7533e+01 expr= 2.9120e+02 L+= 4.3356e-02 L-= 4.3344e-02  Keff=20.00(min 19.99)  gmin=4.68e-02  floor=0.0e+00  |dM|=1.17e-05  step=1.00e+00
  it   74  L= 3.187345e+02  comp= 2.7533e+01 expr= 2.9120e+02 L+= 4.3367e-02 L-= 4.3356e-02  Keff=20.00(min 19.99)  gmin=4.68e-02  floor=0.0e+00  |dM|=1.17e-05  step=1.00e+00
  it   75  L= 3.187343e+02  comp= 2.7533e+01 expr= 2.9120e+02 L+= 4.3380e-02 L-= 4.3370e-02  Keff=20.00(min 19.99)  gmin=4.68e-02  floor=0.0e+00  |dM|=1.17e-05  step=1.00e+00
  it   76  L= 3.187343e+02  comp= 2.7533e+01 expr= 2.9120e+02 L+= 4.3392e-02 L-= 4.3381e-02  Keff=20.00(min 19.99)  gmin=4.68e-02  floor=0.0e+00  |dM|=1.17e-05  step=1.00e+00
  it   77  L= 3.187342e+02  comp= 2.7533e+01 expr= 2.9120e+02 L+= 4.3406e-02 L-= 4.3390e-02  Keff=20.00(min 19.99)  gmin=4.68e-02  floor=0.0e+00  |dM|=1.17e-05  step=1.00e+00
  it   78  L= 3.187340e+02  comp= 2.7533e+01 expr= 2.9120e+02 L+= 4.3416e-02 L-= 4.3403e-02  Keff=20.00(min 19.99)  gmin=4.68e-02  floor=0.0e+00  |dM|=1.17e-05  step=1.00e+00
  it   79  L= 3.187339e+02  comp= 2.7533e+01 expr= 2.9120e+02 L+= 4.3429e-02 L-= 4.3412e-02  Keff=20.00(min 19.99)  gmin=4.68e-02  floor=0.0e+00  |dM|=1.17e-05  step=1.00e+00
  it   80  L= 3.187339e+02  comp= 2.7533e+01 expr= 2.9120e+02 L+= 4.3442e-02 L-= 4.3426e-02  Keff=20.00(min 19.99)  gmin=4.68e-02  floor=0.0e+00  |dM|=1.18e-05  step=1.00e+00
  it   81  L= 3.187337e+02  comp= 2.7533e+01 expr= 2.9120e+02 L+= 4.3454e-02 L-= 4.3437e-02  Keff=20.00(min 19.99)  gmin=4.68e-02  floor=0.0e+00  |dM|=1.18e-05  step=1.00e+00
  it   82  L= 3.187336e+02  comp= 2.7533e+01 expr= 2.9120e+02 L+= 4.3466e-02 L-= 4.3448e-02  Keff=20.00(min 19.99)  gmin=4.68e-02  floor=0.0e+00  |dM|=1.18e-05  step=1.00e+00
  it   83  L= 3.187335e+02  comp= 2.7533e+01 expr= 2.9120e+02 L+= 4.3478e-02 L-= 4.3461e-02  Keff=20.00(min 19.99)  gmin=4.68e-02  floor=0.0e+00  |dM|=1.18e-05  step=1.00e+00
  it   84  L= 3.187334e+02  comp= 2.7533e+01 expr= 2.9120e+02 L+= 4.3490e-02 L-= 4.3473e-02  Keff=20.00(min 19.99)  gmin=4.68e-02  floor=0.0e+00  |dM|=1.18e-05  step=1.00e+00
  it   85  L= 3.187333e+02  comp= 2.7533e+01 expr= 2.9120e+02 L+= 4.3504e-02 L-= 4.3485e-02  Keff=20.00(min 19.99)  gmin=4.68e-02  floor=0.0e+00  |dM|=1.18e-05  step=1.00e+00
  it   86  L= 3.187332e+02  comp= 2.7533e+01 expr= 2.9120e+02 L+= 4.3516e-02 L-= 4.3496e-02  Keff=20.00(min 19.99)  gmin=4.68e-02  floor=0.0e+00  |dM|=1.18e-05  step=1.00e+00
  it   87  L= 3.187331e+02  comp= 2.7533e+01 expr= 2.9120e+02 L+= 4.3529e-02 L-= 4.3509e-02  Keff=20.00(min 19.99)  gmin=4.68e-02  floor=0.0e+00  |dM|=1.18e-05  step=1.00e+00
  it   88  L= 3.187329e+02  comp= 2.7533e+01 expr= 2.9120e+02 L+= 4.3543e-02 L-= 4.3519e-02  Keff=20.00(min 19.99)  gmin=4.68e-02  floor=0.0e+00  |dM|=1.19e-05  step=1.00e+00
  it   89  L= 3.187328e+02  comp= 2.7533e+01 expr= 2.9120e+02 L+= 4.3558e-02 L-= 4.3531e-02  Keff=20.00(min 19.99)  gmin=4.68e-02  floor=0.0e+00  |dM|=1.19e-05  step=1.00e+00
  it   90  L= 3.187328e+02  comp= 2.7533e+01 expr= 2.9120e+02 L+= 4.3566e-02 L-= 4.3543e-02  Keff=20.00(min 19.99)  gmin=4.68e-02  floor=0.0e+00  |dM|=1.19e-05  step=1.00e+00
  it   91  L= 3.187326e+02  comp= 2.7533e+01 expr= 2.9120e+02 L+= 4.3580e-02 L-= 4.3554e-02  Keff=20.00(min 19.99)  gmin=4.68e-02  floor=0.0e+00  |dM|=1.19e-05  step=1.00e+00
  it   92  L= 3.187325e+02  comp= 2.7533e+01 expr= 2.9120e+02 L+= 4.3592e-02 L-= 4.3566e-02  Keff=20.00(min 19.99)  gmin=4.68e-02  floor=0.0e+00  |dM|=1.19e-05  step=1.00e+00
  it   93  L= 3.187324e+02  comp= 2.7533e+01 expr= 2.9120e+02 L+= 4.3605e-02 L-= 4.3577e-02  Keff=20.00(min 19.99)  gmin=4.68e-02  floor=0.0e+00  |dM|=1.19e-05  step=1.00e+00
  it   94  L= 3.187323e+02  comp= 2.7533e+01 expr= 2.9120e+02 L+= 4.3615e-02 L-= 4.3588e-02  Keff=20.00(min 19.99)  gmin=4.68e-02  floor=0.0e+00  |dM|=1.19e-05  step=1.00e+00
  it   95  L= 3.187322e+02  comp= 2.7533e+01 expr= 2.9120e+02 L+= 4.3630e-02 L-= 4.3602e-02  Keff=20.00(min 19.99)  gmin=4.68e-02  floor=0.0e+00  |dM|=1.19e-05  step=1.00e+00
  it   96  L= 3.187321e+02  comp= 2.7533e+01 expr= 2.9120e+02 L+= 4.3641e-02 L-= 4.3615e-02  Keff=20.00(min 19.99)  gmin=4.68e-02  floor=0.0e+00  |dM|=1.20e-05  step=1.00e+00
  it   97  L= 3.187320e+02  comp= 2.7533e+01 expr= 2.9120e+02 L+= 4.3653e-02 L-= 4.3626e-02  Keff=20.00(min 19.99)  gmin=4.68e-02  floor=0.0e+00  |dM|=1.20e-05  step=1.00e+00
  it   98  L= 3.187318e+02  comp= 2.7533e+01 expr= 2.9120e+02 L+= 4.3668e-02 L-= 4.3638e-02  Keff=20.00(min 19.99)  gmin=4.68e-02  floor=0.0e+00  |dM|=1.20e-05  step=1.00e+00
  it   99  L= 3.187317e+02  comp= 2.7533e+01 expr= 2.9120e+02 L+= 4.3680e-02 L-= 4.3648e-02  Keff=20.00(min 19.99)  gmin=4.68e-02  floor=0.0e+00  |dM|=1.20e-05  step=1.00e+00
  it  100  L= 3.187316e+02  comp= 2.7533e+01 expr= 2.9120e+02 L+= 4.3692e-02 L-= 4.3661e-02  Keff=20.00(min 19.99)  gmin=4.68e-02  floor=0.0e+00  |dM|=1.20e-05  step=1.00e+00
  it  101  L= 3.187315e+02  comp= 2.7533e+01 expr= 2.9120e+02 L+= 4.3705e-02 L-= 4.3673e-02  Keff=20.00(min 19.99)  gmin=4.68e-02  floor=0.0e+00  |dM|=1.20e-05  step=1.00e+00
  it  102  L= 3.187314e+02  comp= 2.7533e+01 expr= 2.9120e+02 L+= 4.3717e-02 L-= 4.3685e-02  Keff=20.00(min 19.99)  gmin=4.68e-02  floor=0.0e+00  |dM|=1.20e-05  step=1.00e+00
  it  103  L= 3.187313e+02  comp= 2.7533e+01 expr= 2.9120e+02 L+= 4.3728e-02 L-= 4.3696e-02  Keff=20.00(min 19.99)  gmin=4.68e-02  floor=0.0e+00  |dM|=1.20e-05  step=1.00e+00
  it  104  L= 3.187312e+02  comp= 2.7533e+01 expr= 2.9120e+02 L+= 4.3745e-02 L-= 4.3710e-02  Keff=20.00(min 19.99)  gmin=4.68e-02  floor=0.0e+00  |dM|=1.21e-05  step=1.00e+00
  it  105  L= 3.187311e+02  comp= 2.7533e+01 expr= 2.9120e+02 L+= 4.3756e-02 L-= 4.3722e-02  Keff=20.00(min 19.99)  gmin=4.68e-02  floor=0.0e+00  |dM|=1.21e-05  step=1.00e+00
  it  106  L= 3.187310e+02  comp= 2.7533e+01 expr= 2.9120e+02 L+= 4.3767e-02 L-= 4.3732e-02  Keff=20.00(min 19.99)  gmin=4.68e-02  floor=0.0e+00  |dM|=1.21e-05  step=1.00e+00
  it  107  L= 3.187308e+02  comp= 2.7533e+01 expr= 2.9120e+02 L+= 4.3780e-02 L-= 4.3746e-02  Keff=20.00(min 19.99)  gmin=4.68e-02  floor=0.0e+00  |dM|=1.21e-05  step=1.00e+00
  it  108  L= 3.187307e+02  comp= 2.7533e+01 expr= 2.9120e+02 L+= 4.3795e-02 L-= 4.3759e-02  Keff=20.00(min 19.99)  gmin=4.68e-02  floor=0.0e+00  |dM|=1.21e-05  step=1.00e+00
  it  109  L= 3.187306e+02  comp= 2.7533e+01 expr= 2.9120e+02 L+= 4.3809e-02 L-= 4.3770e-02  Keff=20.00(min 19.99)  gmin=4.68e-02  floor=0.0e+00  |dM|=1.21e-05  step=1.00e+00
  it  110  L= 3.187305e+02  comp= 2.7533e+01 expr= 2.9120e+02 L+= 4.3818e-02 L-= 4.3781e-02  Keff=20.00(min 19.99)  gmin=4.68e-02  floor=0.0e+00  |dM|=1.21e-05  step=1.00e+00
  it  111  L= 3.187304e+02  comp= 2.7533e+01 expr= 2.9120e+02 L+= 4.3834e-02 L-= 4.3794e-02  Keff=20.00(min 19.99)  gmin=4.68e-02  floor=0.0e+00  |dM|=1.21e-05  step=1.00e+00
  it  112  L= 3.187303e+02  comp= 2.7533e+01 expr= 2.9120e+02 L+= 4.3848e-02 L-= 4.3805e-02  Keff=20.00(min 19.99)  gmin=4.68e-02  floor=0.0e+00  |dM|=1.22e-05  step=1.00e+00
  it  113  L= 3.187302e+02  comp= 2.7533e+01 expr= 2.9120e+02 L+= 4.3857e-02 L-= 4.3817e-02  Keff=20.00(min 19.99)  gmin=4.68e-02  floor=0.0e+00  |dM|=1.22e-05  step=1.00e+00
  it  114  L= 3.187301e+02  comp= 2.7533e+01 expr= 2.9120e+02 L+= 4.3871e-02 L-= 4.3829e-02  Keff=20.00(min 19.99)  gmin=4.68e-02  floor=0.0e+00  |dM|=1.22e-05  step=1.00e+00
  it  115  L= 3.187299e+02  comp= 2.7533e+01 expr= 2.9120e+02 L+= 4.3882e-02 L-= 4.3841e-02  Keff=20.00(min 19.99)  gmin=4.68e-02  floor=0.0e+00  |dM|=1.22e-05  step=1.00e+00
  it  116  L= 3.187298e+02  comp= 2.7533e+01 expr= 2.9120e+02 L+= 4.3895e-02 L-= 4.3853e-02  Keff=20.00(min 19.99)  gmin=4.68e-02  floor=0.0e+00  |dM|=1.22e-05  step=1.00e+00
  it  117  L= 3.187297e+02  comp= 2.7533e+01 expr= 2.9120e+02 L+= 4.3910e-02 L-= 4.3865e-02  Keff=20.00(min 19.99)  gmin=4.68e-02  floor=0.0e+00  |dM|=1.22e-05  step=1.00e+00
  it  118  L= 3.187296e+02  comp= 2.7533e+01 expr= 2.9120e+02 L+= 4.3923e-02 L-= 4.3879e-02  Keff=20.00(min 19.99)  gmin=4.68e-02  floor=0.0e+00  |dM|=1.22e-05  step=1.00e+00
  it  119  L= 3.187295e+02  comp= 2.7533e+01 expr= 2.9120e+02 L+= 4.3935e-02 L-= 4.3889e-02  Keff=20.00(min 19.99)  gmin=4.68e-02  floor=0.0e+00  |dM|=1.22e-05  step=1.00e+00
  it  120  L= 3.187294e+02  comp= 2.7533e+01 expr= 2.9120e+02 L+= 4.3948e-02 L-= 4.3904e-02  Keff=20.00(min 19.99)  gmin=4.68e-02  floor=0.0e+00  |dM|=1.23e-05  step=1.00e+00
  it  121  L= 3.187293e+02  comp= 2.7533e+01 expr= 2.9120e+02 L+= 4.3962e-02 L-= 4.3915e-02  Keff=20.00(min 19.99)  gmin=4.68e-02  floor=0.0e+00  |dM|=1.23e-05  step=1.00e+00
  it  122  L= 3.187292e+02  comp= 2.7533e+01 expr= 2.9120e+02 L+= 4.3974e-02 L-= 4.3925e-02  Keff=20.00(min 19.99)  gmin=4.68e-02  floor=0.0e+00  |dM|=1.23e-05  step=1.00e+00
  it  123  L= 3.187290e+02  comp= 2.7533e+01 expr= 2.9120e+02 L+= 4.3988e-02 L-= 4.3937e-02  Keff=20.00(min 19.99)  gmin=4.68e-02  floor=0.0e+00  |dM|=1.23e-05  step=1.00e+00
  it  124  L= 3.187289e+02  comp= 2.7533e+01 expr= 2.9120e+02 L+= 4.4003e-02 L-= 4.3950e-02  Keff=20.00(min 19.99)  gmin=4.68e-02  floor=0.0e+00  |dM|=1.23e-05  step=1.00e+00
  it  125  L= 3.187288e+02  comp= 2.7533e+01 expr= 2.9120e+02 L+= 4.4013e-02 L-= 4.3963e-02  Keff=20.00(min 19.99)  gmin=4.68e-02  floor=0.0e+00  |dM|=1.23e-05  step=1.00e+00
  it  126  L= 3.187287e+02  comp= 2.7533e+01 expr= 2.9120e+02 L+= 4.4027e-02 L-= 4.3977e-02  Keff=20.00(min 19.99)  gmin=4.68e-02  floor=0.0e+00  |dM|=1.23e-05  step=1.00e+00
  it  127  L= 3.187286e+02  comp= 2.7533e+01 expr= 2.9120e+02 L+= 4.4039e-02 L-= 4.3988e-02  Keff=20.00(min 19.99)  gmin=4.68e-02  floor=0.0e+00  |dM|=1.23e-05  step=1.00e+00
  it  128  L= 3.187285e+02  comp= 2.7533e+01 expr= 2.9120e+02 L+= 4.4052e-02 L-= 4.3998e-02  Keff=20.00(min 19.99)  gmin=4.68e-02  floor=0.0e+00  |dM|=1.24e-05  step=1.00e+00
  it  129  L= 3.187283e+02  comp= 2.7533e+01 expr= 2.9119e+02 L+= 4.4065e-02 L-= 4.4010e-02  Keff=20.00(min 19.99)  gmin=4.68e-02  floor=0.0e+00  |dM|=1.24e-05  step=1.00e+00
  it  130  L= 3.187282e+02  comp= 2.7533e+01 expr= 2.9119e+02 L+= 4.4076e-02 L-= 4.4027e-02  Keff=20.00(min 19.99)  gmin=4.68e-02  floor=0.0e+00  |dM|=1.24e-05  step=1.00e+00
  it  131  L= 3.187281e+02  comp= 2.7533e+01 expr= 2.9119e+02 L+= 4.4093e-02 L-= 4.4040e-02  Keff=20.00(min 19.99)  gmin=4.68e-02  floor=0.0e+00  |dM|=1.24e-05  step=1.00e+00
  it  132  L= 3.187280e+02  comp= 2.7533e+01 expr= 2.9119e+02 L+= 4.4105e-02 L-= 4.4050e-02  Keff=20.00(min 19.99)  gmin=4.68e-02  floor=0.0e+00  |dM|=1.24e-05  step=1.00e+00
  it  133  L= 3.187279e+02  comp= 2.7533e+01 expr= 2.9119e+02 L+= 4.4117e-02 L-= 4.4063e-02  Keff=20.00(min 19.99)  gmin=4.68e-02  floor=0.0e+00  |dM|=1.24e-05  step=1.00e+00
  it  134  L= 3.187278e+02  comp= 2.7533e+01 expr= 2.9119e+02 L+= 4.4130e-02 L-= 4.4076e-02  Keff=20.00(min 19.99)  gmin=4.68e-02  floor=0.0e+00  |dM|=1.24e-05  step=1.00e+00
  it  135  L= 3.187276e+02  comp= 2.7533e+01 expr= 2.9119e+02 L+= 4.4147e-02 L-= 4.4087e-02  Keff=20.00(min 19.99)  gmin=4.68e-02  floor=0.0e+00  |dM|=1.24e-05  step=1.00e+00
  it  136  L= 3.187275e+02  comp= 2.7533e+01 expr= 2.9119e+02 L+= 4.4158e-02 L-= 4.4100e-02  Keff=20.00(min 19.99)  gmin=4.68e-02  floor=0.0e+00  |dM|=1.25e-05  step=1.00e+00
  it  137  L= 3.187274e+02  comp= 2.7533e+01 expr= 2.9119e+02 L+= 4.4172e-02 L-= 4.4112e-02  Keff=20.00(min 19.99)  gmin=4.68e-02  floor=0.0e+00  |dM|=1.25e-05  step=1.00e+00
  it  138  L= 3.187273e+02  comp= 2.7533e+01 expr= 2.9119e+02 L+= 4.4184e-02 L-= 4.4124e-02  Keff=20.00(min 19.99)  gmin=4.68e-02  floor=0.0e+00  |dM|=1.25e-05  step=1.00e+00
  it  139  L= 3.187271e+02  comp= 2.7533e+01 expr= 2.9119e+02 L+= 4.4198e-02 L-= 4.4138e-02  Keff=20.00(min 19.99)  gmin=4.68e-02  floor=0.0e+00  |dM|=1.25e-05  step=1.00e+00
  it  140  L= 3.187271e+02  comp= 2.7533e+01 expr= 2.9119e+02 L+= 4.4209e-02 L-= 4.4148e-02  Keff=20.00(min 19.99)  gmin=4.68e-02  floor=0.0e+00  |dM|=1.25e-05  step=1.00e+00
  it  141  L= 3.187270e+02  comp= 2.7533e+01 expr= 2.9119e+02 L+= 4.4225e-02 L-= 4.4160e-02  Keff=20.00(min 19.99)  gmin=4.68e-02  floor=0.0e+00  |dM|=1.25e-05  step=1.00e+00
  it  142  L= 3.187268e+02  comp= 2.7533e+01 expr= 2.9119e+02 L+= 4.4236e-02 L-= 4.4171e-02  Keff=20.00(min 19.99)  gmin=4.68e-02  floor=0.0e+00  |dM|=1.25e-05  step=1.00e+00
  it  143  L= 3.187267e+02  comp= 2.7533e+01 expr= 2.9119e+02 L+= 4.4250e-02 L-= 4.4185e-02  Keff=20.00(min 19.99)  gmin=4.68e-02  floor=0.0e+00  |dM|=1.26e-05  step=1.00e+00
  it  144  L= 3.187266e+02  comp= 2.7533e+01 expr= 2.9119e+02 L+= 4.4264e-02 L-= 4.4199e-02  Keff=20.00(min 19.99)  gmin=4.68e-02  floor=0.0e+00  |dM|=1.26e-05  step=1.00e+00
  it  145  L= 3.187265e+02  comp= 2.7533e+01 expr= 2.9119e+02 L+= 4.4276e-02 L-= 4.4212e-02  Keff=20.00(min 19.99)  gmin=4.68e-02  floor=0.0e+00  |dM|=1.26e-05  step=1.00e+00
  it  146  L= 3.187263e+02  comp= 2.7533e+01 expr= 2.9119e+02 L+= 4.4290e-02 L-= 4.4223e-02  Keff=20.00(min 19.99)  gmin=4.68e-02  floor=0.0e+00  |dM|=1.26e-05  step=1.00e+00
  it  147  L= 3.187263e+02  comp= 2.7533e+01 expr= 2.9119e+02 L+= 4.4303e-02 L-= 4.4236e-02  Keff=20.00(min 19.99)  gmin=4.68e-02  floor=0.0e+00  |dM|=1.26e-05  step=1.00e+00
  it  148  L= 3.187261e+02  comp= 2.7533e+01 expr= 2.9119e+02 L+= 4.4315e-02 L-= 4.4251e-02  Keff=20.00(min 19.99)  gmin=4.68e-02  floor=0.0e+00  |dM|=1.26e-05  step=1.00e+00
  it  149  L= 3.187260e+02  comp= 2.7533e+01 expr= 2.9119e+02 L+= 4.4331e-02 L-= 4.4263e-02  Keff=20.00(min 19.99)  gmin=4.68e-02  floor=0.0e+00  |dM|=1.26e-05  step=1.00e+00
  it  150  L= 3.187259e+02  comp= 2.7533e+01 expr= 2.9119e+02 L+= 4.4342e-02 L-= 4.4272e-02  Keff=20.00(min 19.99)  gmin=4.68e-02  floor=0.0e+00  |dM|=1.26e-05  step=1.00e+00
  it  151  L= 3.187258e+02  comp= 2.7533e+01 expr= 2.9119e+02 L+= 4.4356e-02 L-= 4.4286e-02  Keff=20.00(min 19.99)  gmin=4.68e-02  floor=0.0e+00  |dM|=1.27e-05  step=1.00e+00
  it  152  L= 3.187256e+02  comp= 2.7533e+01 expr= 2.9119e+02 L+= 4.4368e-02 L-= 4.4299e-02  Keff=20.00(min 19.99)  gmin=4.68e-02  floor=0.0e+00  |dM|=1.27e-05  step=1.00e+00
  it  153  L= 3.187256e+02  comp= 2.7533e+01 expr= 2.9119e+02 L+= 4.4383e-02 L-= 4.4310e-02  Keff=20.00(min 19.99)  gmin=4.68e-02  floor=0.0e+00  |dM|=1.27e-05  step=1.00e+00
  it  154  L= 3.187254e+02  comp= 2.7533e+01 expr= 2.9119e+02 L+= 4.4396e-02 L-= 4.4325e-02  Keff=20.00(min 19.99)  gmin=4.68e-02  floor=0.0e+00  |dM|=1.27e-05  step=1.00e+00
  it  155  L= 3.187253e+02  comp= 2.7533e+01 expr= 2.9119e+02 L+= 4.4411e-02 L-= 4.4336e-02  Keff=20.00(min 19.99)  gmin=4.68e-02  floor=0.0e+00  |dM|=1.27e-05  step=1.00e+00
  it  156  L= 3.187252e+02  comp= 2.7533e+01 expr= 2.9119e+02 L+= 4.4423e-02 L-= 4.4349e-02  Keff=20.00(min 19.99)  gmin=4.68e-02  floor=0.0e+00  |dM|=1.27e-05  step=1.00e+00
  it  157  L= 3.187251e+02  comp= 2.7533e+01 expr= 2.9119e+02 L+= 4.4439e-02 L-= 4.4360e-02  Keff=20.00(min 19.99)  gmin=4.68e-02  floor=0.0e+00  |dM|=1.27e-05  step=1.00e+00
  it  158  L= 3.187249e+02  comp= 2.7533e+01 expr= 2.9119e+02 L+= 4.4451e-02 L-= 4.4376e-02  Keff=20.00(min 19.99)  gmin=4.68e-02  floor=0.0e+00  |dM|=1.28e-05  step=1.00e+00
  it  159  L= 3.187248e+02  comp= 2.7533e+01 expr= 2.9119e+02 L+= 4.4464e-02 L-= 4.4388e-02  Keff=20.00(min 19.99)  gmin=4.68e-02  floor=0.0e+00  |dM|=1.28e-05  step=1.00e+00
  it  160  L= 3.187247e+02  comp= 2.7533e+01 expr= 2.9119e+02 L+= 4.4478e-02 L-= 4.4400e-02  Keff=20.00(min 19.99)  gmin=4.68e-02  floor=0.0e+00  |dM|=1.28e-05  step=1.00e+00
  it  161  L= 3.187245e+02  comp= 2.7533e+01 expr= 2.9119e+02 L+= 4.4492e-02 L-= 4.4412e-02  Keff=20.00(min 19.99)  gmin=4.68e-02  floor=0.0e+00  |dM|=1.28e-05  step=1.00e+00
  it  162  L= 3.187244e+02  comp= 2.7533e+01 expr= 2.9119e+02 L+= 4.4504e-02 L-= 4.4425e-02  Keff=20.00(min 19.99)  gmin=4.68e-02  floor=0.0e+00  |dM|=1.28e-05  step=1.00e+00
  it  163  L= 3.187243e+02  comp= 2.7533e+01 expr= 2.9119e+02 L+= 4.4517e-02 L-= 4.4438e-02  Keff=20.00(min 19.99)  gmin=4.68e-02  floor=0.0e+00  |dM|=1.28e-05  step=1.00e+00
  it  164  L= 3.187242e+02  comp= 2.7533e+01 expr= 2.9119e+02 L+= 4.4533e-02 L-= 4.4451e-02  Keff=20.00(min 19.99)  gmin=4.68e-02  floor=0.0e+00  |dM|=1.28e-05  step=1.00e+00
  it  165  L= 3.187241e+02  comp= 2.7533e+01 expr= 2.9119e+02 L+= 4.4546e-02 L-= 4.4466e-02  Keff=20.00(min 19.99)  gmin=4.68e-02  floor=0.0e+00  |dM|=1.28e-05  step=1.00e+00
  it  166  L= 3.187239e+02  comp= 2.7533e+01 expr= 2.9119e+02 L+= 4.4559e-02 L-= 4.4477e-02  Keff=20.00(min 19.99)  gmin=4.68e-02  floor=0.0e+00  |dM|=1.29e-05  step=1.00e+00
  it  167  L= 3.187238e+02  comp= 2.7533e+01 expr= 2.9119e+02 L+= 4.4572e-02 L-= 4.4489e-02  Keff=20.00(min 19.99)  gmin=4.68e-02  floor=0.0e+00  |dM|=1.29e-05  step=1.00e+00
  it  168  L= 3.187237e+02  comp= 2.7533e+01 expr= 2.9119e+02 L+= 4.4585e-02 L-= 4.4503e-02  Keff=20.00(min 19.99)  gmin=4.68e-02  floor=0.0e+00  |dM|=1.29e-05  step=1.00e+00
  it  169  L= 3.187236e+02  comp= 2.7533e+01 expr= 2.9119e+02 L+= 4.4600e-02 L-= 4.4514e-02  Keff=20.00(min 19.99)  gmin=4.68e-02  floor=0.0e+00  |dM|=1.29e-05  step=1.00e+00
  it  170  L= 3.187235e+02  comp= 2.7533e+01 expr= 2.9119e+02 L+= 4.4616e-02 L-= 4.4527e-02  Keff=20.00(min 19.99)  gmin=4.68e-02  floor=0.0e+00  |dM|=1.29e-05  step=1.00e+00
  it  171  L= 3.187233e+02  comp= 2.7533e+01 expr= 2.9119e+02 L+= 4.4627e-02 L-= 4.4540e-02  Keff=20.00(min 19.99)  gmin=4.68e-02  floor=0.0e+00  |dM|=1.29e-05  step=1.00e+00
  it  172  L= 3.187232e+02  comp= 2.7533e+01 expr= 2.9119e+02 L+= 4.4641e-02 L-= 4.4552e-02  Keff=20.00(min 19.99)  gmin=4.68e-02  floor=0.0e+00  |dM|=1.29e-05  step=1.00e+00
  it  173  L= 3.187231e+02  comp= 2.7533e+01 expr= 2.9119e+02 L+= 4.4654e-02 L-= 4.4565e-02  Keff=20.00(min 19.99)  gmin=4.68e-02  floor=0.0e+00  |dM|=1.30e-05  step=1.00e+00
  it  174  L= 3.187230e+02  comp= 2.7533e+01 expr= 2.9119e+02 L+= 4.4669e-02 L-= 4.4580e-02  Keff=20.00(min 19.99)  gmin=4.68e-02  floor=0.0e+00  |dM|=1.30e-05  step=1.00e+00
  it  175  L= 3.187228e+02  comp= 2.7533e+01 expr= 2.9119e+02 L+= 4.4682e-02 L-= 4.4593e-02  Keff=20.00(min 19.99)  gmin=4.68e-02  floor=0.0e+00  |dM|=1.30e-05  step=1.00e+00
  it  176  L= 3.187227e+02  comp= 2.7533e+01 expr= 2.9119e+02 L+= 4.4698e-02 L-= 4.4605e-02  Keff=20.00(min 19.99)  gmin=4.68e-02  floor=0.0e+00  |dM|=1.30e-05  step=1.00e+00
  it  177  L= 3.187226e+02  comp= 2.7533e+01 expr= 2.9119e+02 L+= 4.4709e-02 L-= 4.4618e-02  Keff=20.00(min 19.99)  gmin=4.68e-02  floor=0.0e+00  |dM|=1.30e-05  step=1.00e+00
  it  178  L= 3.187225e+02  comp= 2.7533e+01 expr= 2.9119e+02 L+= 4.4723e-02 L-= 4.4629e-02  Keff=20.00(min 19.99)  gmin=4.68e-02  floor=0.0e+00  |dM|=1.30e-05  step=1.00e+00
  it  179  L= 3.187224e+02  comp= 2.7533e+01 expr= 2.9119e+02 L+= 4.4737e-02 L-= 4.4643e-02  Keff=20.00(min 19.99)  gmin=4.68e-02  floor=0.0e+00  |dM|=1.30e-05  step=1.00e+00
  it  180  L= 3.187222e+02  comp= 2.7533e+01 expr= 2.9119e+02 L+= 4.4751e-02 L-= 4.4660e-02  Keff=20.00(min 19.99)  gmin=4.68e-02  floor=0.0e+00  |dM|=1.31e-05  step=1.00e+00
  it  181  L= 3.187221e+02  comp= 2.7533e+01 expr= 2.9119e+02 L+= 4.4765e-02 L-= 4.4671e-02  Keff=20.00(min 19.99)  gmin=4.68e-02  floor=0.0e+00  |dM|=1.31e-05  step=1.00e+00
  it  182  L= 3.187220e+02  comp= 2.7533e+01 expr= 2.9119e+02 L+= 4.4779e-02 L-= 4.4683e-02  Keff=20.00(min 19.99)  gmin=4.68e-02  floor=0.0e+00  |dM|=1.31e-05  step=1.00e+00
  it  183  L= 3.187219e+02  comp= 2.7533e+01 expr= 2.9119e+02 L+= 4.4793e-02 L-= 4.4695e-02  Keff=20.00(min 19.99)  gmin=4.68e-02  floor=0.0e+00  |dM|=1.31e-05  step=1.00e+00
  it  184  L= 3.187217e+02  comp= 2.7533e+01 expr= 2.9119e+02 L+= 4.4806e-02 L-= 4.4711e-02  Keff=20.00(min 19.99)  gmin=4.68e-02  floor=0.0e+00  |dM|=1.31e-05  step=1.00e+00
  it  185  L= 3.187216e+02  comp= 2.7533e+01 expr= 2.9119e+02 L+= 4.4820e-02 L-= 4.4722e-02  Keff=20.00(min 19.99)  gmin=4.68e-02  floor=0.0e+00  |dM|=1.31e-05  step=1.00e+00
  it  186  L= 3.187215e+02  comp= 2.7533e+01 expr= 2.9119e+02 L+= 4.4834e-02 L-= 4.4735e-02  Keff=20.00(min 19.99)  gmin=4.68e-02  floor=0.0e+00  |dM|=1.31e-05  step=1.00e+00
  it  187  L= 3.187213e+02  comp= 2.7533e+01 expr= 2.9119e+02 L+= 4.4849e-02 L-= 4.4750e-02  Keff=20.00(min 19.99)  gmin=4.68e-02  floor=0.0e+00  |dM|=1.32e-05  step=1.00e+00
  it  188  L= 3.187213e+02  comp= 2.7533e+01 expr= 2.9119e+02 L+= 4.4863e-02 L-= 4.4760e-02  Keff=20.00(min 19.99)  gmin=4.68e-02  floor=0.0e+00  |dM|=1.32e-05  step=1.00e+00
  it  189  L= 3.187211e+02  comp= 2.7533e+01 expr= 2.9119e+02 L+= 4.4877e-02 L-= 4.4773e-02  Keff=20.00(min 19.99)  gmin=4.68e-02  floor=0.0e+00  |dM|=1.32e-05  step=1.00e+00
  it  190  L= 3.187210e+02  comp= 2.7533e+01 expr= 2.9119e+02 L+= 4.4891e-02 L-= 4.4787e-02  Keff=20.00(min 19.99)  gmin=4.68e-02  floor=0.0e+00  |dM|=1.32e-05  step=1.00e+00
  it  191  L= 3.187209e+02  comp= 2.7533e+01 expr= 2.9119e+02 L+= 4.4906e-02 L-= 4.4803e-02  Keff=20.00(min 19.99)  gmin=4.68e-02  floor=0.0e+00  |dM|=1.32e-05  step=1.00e+00
  it  192  L= 3.187208e+02  comp= 2.7533e+01 expr= 2.9119e+02 L+= 4.4920e-02 L-= 4.4815e-02  Keff=20.00(min 19.99)  gmin=4.68e-02  floor=0.0e+00  |dM|=1.32e-05  step=1.00e+00
  it  193  L= 3.187206e+02  comp= 2.7533e+01 expr= 2.9119e+02 L+= 4.4933e-02 L-= 4.4827e-02  Keff=20.00(min 19.99)  gmin=4.68e-02  floor=0.0e+00  |dM|=1.32e-05  step=1.00e+00
  it  194  L= 3.187205e+02  comp= 2.7533e+01 expr= 2.9119e+02 L+= 4.4946e-02 L-= 4.4841e-02  Keff=20.00(min 19.99)  gmin=4.68e-02  floor=0.0e+00  |dM|=1.33e-05  step=1.00e+00
  it  195  L= 3.187204e+02  comp= 2.7533e+01 expr= 2.9119e+02 L+= 4.4959e-02 L-= 4.4854e-02  Keff=20.00(min 19.99)  gmin=4.68e-02  floor=0.0e+00  |dM|=1.33e-05  step=1.00e+00
  it  196  L= 3.187202e+02  comp= 2.7533e+01 expr= 2.9119e+02 L+= 4.4974e-02 L-= 4.4867e-02  Keff=20.00(min 19.99)  gmin=4.68e-02  floor=0.0e+00  |dM|=1.33e-05  step=1.00e+00
  it  197  L= 3.187201e+02  comp= 2.7533e+01 expr= 2.9119e+02 L+= 4.4989e-02 L-= 4.4878e-02  Keff=20.00(min 19.99)  gmin=4.68e-02  floor=0.0e+00  |dM|=1.33e-05  step=1.00e+00
  it  198  L= 3.187199e+02  comp= 2.7533e+01 expr= 2.9119e+02 L+= 4.5003e-02 L-= 4.4892e-02  Keff=20.00(min 19.99)  gmin=4.68e-02  floor=0.0e+00  |dM|=1.33e-05  step=1.00e+00
  it  199  L= 3.187198e+02  comp= 2.7533e+01 expr= 2.9119e+02 L+= 4.5017e-02 L-= 4.4907e-02  Keff=20.00(min 19.99)  gmin=4.68e-02  floor=0.0e+00  |dM|=1.33e-05  step=1.00e+00
  it  200  L= 3.187198e+02  comp= 2.7533e+01 expr= 2.9119e+02 L+= 4.5031e-02 L-= 4.4921e-02  Keff=20.00(min 19.99)  gmin=4.68e-02  floor=0.0e+00  |dM|=1.33e-05  step=1.00e+00
  it  201  L= 3.187196e+02  comp= 2.7533e+01 expr= 2.9119e+02 L+= 4.5045e-02 L-= 4.4931e-02  Keff=20.00(min 19.99)  gmin=4.68e-02  floor=0.0e+00  |dM|=1.34e-05  step=1.00e+00
  it  202  L= 3.187195e+02  comp= 2.7533e+01 expr= 2.9119e+02 L+= 4.5057e-02 L-= 4.4945e-02  Keff=20.00(min 19.99)  gmin=4.68e-02  floor=0.0e+00  |dM|=1.34e-05  step=1.00e+00
  it  203  L= 3.187193e+02  comp= 2.7533e+01 expr= 2.9119e+02 L+= 4.5073e-02 L-= 4.4958e-02  Keff=20.00(min 19.99)  gmin=4.68e-02  floor=0.0e+00  |dM|=1.34e-05  step=1.00e+00
  it  204  L= 3.187192e+02  comp= 2.7533e+01 expr= 2.9119e+02 L+= 4.5088e-02 L-= 4.4972e-02  Keff=20.00(min 19.99)  gmin=4.68e-02  floor=0.0e+00  |dM|=1.34e-05  step=1.00e+00
  it  205  L= 3.187191e+02  comp= 2.7533e+01 expr= 2.9119e+02 L+= 4.5100e-02 L-= 4.4985e-02  Keff=20.00(min 19.99)  gmin=4.68e-02  floor=0.0e+00  |dM|=1.34e-05  step=1.00e+00
  it  206  L= 3.187189e+02  comp= 2.7533e+01 expr= 2.9119e+02 L+= 4.5115e-02 L-= 4.5000e-02  Keff=20.00(min 19.99)  gmin=4.68e-02  floor=0.0e+00  |dM|=1.34e-05  step=1.00e+00
  it  207  L= 3.187188e+02  comp= 2.7533e+01 expr= 2.9119e+02 L+= 4.5128e-02 L-= 4.5012e-02  Keff=20.00(min 19.99)  gmin=4.68e-02  floor=0.0e+00  |dM|=1.34e-05  step=1.00e+00
  it  208  L= 3.187187e+02  comp= 2.7533e+01 expr= 2.9119e+02 L+= 4.5145e-02 L-= 4.5025e-02  Keff=20.00(min 19.99)  gmin=4.68e-02  floor=0.0e+00  |dM|=1.35e-05  step=1.00e+00
  it  209  L= 3.187186e+02  comp= 2.7533e+01 expr= 2.9119e+02 L+= 4.5157e-02 L-= 4.5039e-02  Keff=20.00(min 19.99)  gmin=4.68e-02  floor=0.0e+00  |dM|=1.35e-05  step=1.00e+00
  it  210  L= 3.187185e+02  comp= 2.7533e+01 expr= 2.9119e+02 L+= 4.5171e-02 L-= 4.5055e-02  Keff=20.00(min 19.99)  gmin=4.68e-02  floor=0.0e+00  |dM|=1.35e-05  step=1.00e+00
  it  211  L= 3.187183e+02  comp= 2.7533e+01 expr= 2.9118e+02 L+= 4.5186e-02 L-= 4.5068e-02  Keff=20.00(min 19.99)  gmin=4.68e-02  floor=0.0e+00  |dM|=1.35e-05  step=1.00e+00
  it  212  L= 3.187182e+02  comp= 2.7533e+01 expr= 2.9118e+02 L+= 4.5199e-02 L-= 4.5080e-02  Keff=20.00(min 19.99)  gmin=4.68e-02  floor=0.0e+00  |dM|=1.35e-05  step=1.00e+00
  it  213  L= 3.187180e+02  comp= 2.7533e+01 expr= 2.9118e+02 L+= 4.5216e-02 L-= 4.5093e-02  Keff=20.00(min 19.99)  gmin=4.68e-02  floor=0.0e+00  |dM|=1.35e-05  step=1.00e+00
  it  214  L= 3.187179e+02  comp= 2.7533e+01 expr= 2.9118e+02 L+= 4.5228e-02 L-= 4.5107e-02  Keff=20.00(min 19.99)  gmin=4.68e-02  floor=0.0e+00  |dM|=1.35e-05  step=1.00e+00
  it  215  L= 3.187178e+02  comp= 2.7533e+01 expr= 2.9118e+02 L+= 4.5245e-02 L-= 4.5120e-02  Keff=20.00(min 19.99)  gmin=4.68e-02  floor=0.0e+00  |dM|=1.36e-05  step=1.00e+00
  it  216  L= 3.187177e+02  comp= 2.7533e+01 expr= 2.9118e+02 L+= 4.5257e-02 L-= 4.5132e-02  Keff=20.00(min 19.99)  gmin=4.68e-02  floor=0.0e+00  |dM|=1.36e-05  step=1.00e+00
  it  217  L= 3.187175e+02  comp= 2.7533e+01 expr= 2.9118e+02 L+= 4.5273e-02 L-= 4.5148e-02  Keff=20.00(min 19.99)  gmin=4.68e-02  floor=0.0e+00  |dM|=1.36e-05  step=1.00e+00
  it  218  L= 3.187174e+02  comp= 2.7533e+01 expr= 2.9118e+02 L+= 4.5285e-02 L-= 4.5162e-02  Keff=20.00(min 19.99)  gmin=4.68e-02  floor=0.0e+00  |dM|=1.36e-05  step=1.00e+00
  it  219  L= 3.187173e+02  comp= 2.7533e+01 expr= 2.9118e+02 L+= 4.5301e-02 L-= 4.5174e-02  Keff=20.00(min 19.99)  gmin=4.68e-02  floor=0.0e+00  |dM|=1.36e-05  step=1.00e+00
  it  220  L= 3.187171e+02  comp= 2.7533e+01 expr= 2.9118e+02 L+= 4.5316e-02 L-= 4.5185e-02  Keff=20.00(min 19.99)  gmin=4.68e-02  floor=0.0e+00  |dM|=1.36e-05  step=1.00e+00
  it  221  L= 3.187170e+02  comp= 2.7533e+01 expr= 2.9118e+02 L+= 4.5329e-02 L-= 4.5200e-02  Keff=20.00(min 19.99)  gmin=4.68e-02  floor=0.0e+00  |dM|=1.36e-05  step=1.00e+00
  it  222  L= 3.187169e+02  comp= 2.7533e+01 expr= 2.9118e+02 L+= 4.5345e-02 L-= 4.5214e-02  Keff=20.00(min 19.99)  gmin=4.68e-02  floor=0.0e+00  |dM|=1.37e-05  step=1.00e+00
  it  223  L= 3.187167e+02  comp= 2.7533e+01 expr= 2.9118e+02 L+= 4.5358e-02 L-= 4.5229e-02  Keff=20.00(min 19.99)  gmin=4.68e-02  floor=0.0e+00  |dM|=1.37e-05  step=1.00e+00
  it  224  L= 3.187166e+02  comp= 2.7533e+01 expr= 2.9118e+02 L+= 4.5371e-02 L-= 4.5241e-02  Keff=20.00(min 19.99)  gmin=4.68e-02  floor=0.0e+00  |dM|=1.37e-05  step=1.00e+00
  it  225  L= 3.187165e+02  comp= 2.7533e+01 expr= 2.9118e+02 L+= 4.5386e-02 L-= 4.5254e-02  Keff=20.00(min 19.99)  gmin=4.68e-02  floor=0.0e+00  |dM|=1.37e-05  step=1.00e+00
  it  226  L= 3.187164e+02  comp= 2.7533e+01 expr= 2.9118e+02 L+= 4.5403e-02 L-= 4.5269e-02  Keff=20.00(min 19.99)  gmin=4.68e-02  floor=0.0e+00  |dM|=1.37e-05  step=1.00e+00
  it  227  L= 3.187162e+02  comp= 2.7533e+01 expr= 2.9118e+02 L+= 4.5415e-02 L-= 4.5283e-02  Keff=20.00(min 19.99)  gmin=4.68e-02  floor=0.0e+00  |dM|=1.37e-05  step=1.00e+00
  it  228  L= 3.187161e+02  comp= 2.7533e+01 expr= 2.9118e+02 L+= 4.5429e-02 L-= 4.5295e-02  Keff=20.00(min 19.99)  gmin=4.68e-02  floor=0.0e+00  |dM|=1.37e-05  step=1.00e+00
  it  229  L= 3.187159e+02  comp= 2.7533e+01 expr= 2.9118e+02 L+= 4.5443e-02 L-= 4.5310e-02  Keff=20.00(min 19.99)  gmin=4.68e-02  floor=0.0e+00  |dM|=1.38e-05  step=1.00e+00
  it  230  L= 3.187158e+02  comp= 2.7533e+01 expr= 2.9118e+02 L+= 4.5458e-02 L-= 4.5323e-02  Keff=20.00(min 19.99)  gmin=4.68e-02  floor=0.0e+00  |dM|=1.38e-05  step=1.00e+00
  it  231  L= 3.187157e+02  comp= 2.7533e+01 expr= 2.9118e+02 L+= 4.5473e-02 L-= 4.5336e-02  Keff=20.00(min 19.99)  gmin=4.68e-02  floor=0.0e+00  |dM|=1.38e-05  step=1.00e+00
  it  232  L= 3.187156e+02  comp= 2.7533e+01 expr= 2.9118e+02 L+= 4.5488e-02 L-= 4.5352e-02  Keff=20.00(min 19.99)  gmin=4.68e-02  floor=0.0e+00  |dM|=1.38e-05  step=1.00e+00
  it  233  L= 3.187155e+02  comp= 2.7533e+01 expr= 2.9118e+02 L+= 4.5504e-02 L-= 4.5366e-02  Keff=20.00(min 19.99)  gmin=4.68e-02  floor=0.0e+00  |dM|=1.38e-05  step=1.00e+00
  it  234  L= 3.187153e+02  comp= 2.7533e+01 expr= 2.9118e+02 L+= 4.5517e-02 L-= 4.5379e-02  Keff=20.00(min 19.99)  gmin=4.68e-02  floor=0.0e+00  |dM|=1.38e-05  step=1.00e+00
  it  235  L= 3.187151e+02  comp= 2.7533e+01 expr= 2.9118e+02 L+= 4.5532e-02 L-= 4.5389e-02  Keff=20.00(min 19.99)  gmin=4.68e-02  floor=0.0e+00  |dM|=1.39e-05  step=1.00e+00
  it  236  L= 3.187150e+02  comp= 2.7533e+01 expr= 2.9118e+02 L+= 4.5548e-02 L-= 4.5406e-02  Keff=20.00(min 19.99)  gmin=4.68e-02  floor=0.0e+00  |dM|=1.39e-05  step=1.00e+00
  it  237  L= 3.187149e+02  comp= 2.7533e+01 expr= 2.9118e+02 L+= 4.5563e-02 L-= 4.5419e-02  Keff=20.00(min 19.99)  gmin=4.68e-02  floor=0.0e+00  |dM|=1.39e-05  step=1.00e+00
  it  238  L= 3.187148e+02  comp= 2.7533e+01 expr= 2.9118e+02 L+= 4.5577e-02 L-= 4.5433e-02  Keff=20.00(min 19.99)  gmin=4.68e-02  floor=0.0e+00  |dM|=1.39e-05  step=1.00e+00
  it  239  L= 3.187146e+02  comp= 2.7533e+01 expr= 2.9118e+02 L+= 4.5590e-02 L-= 4.5447e-02  Keff=20.00(min 19.99)  gmin=4.68e-02  floor=0.0e+00  |dM|=1.39e-05  step=1.00e+00
  it  240  L= 3.187145e+02  comp= 2.7533e+01 expr= 2.9118e+02 L+= 4.5606e-02 L-= 4.5460e-02  Keff=20.00(min 19.99)  gmin=4.68e-02  floor=0.0e+00  |dM|=1.39e-05  step=1.00e+00
  it  241  L= 3.187144e+02  comp= 2.7533e+01 expr= 2.9118e+02 L+= 4.5620e-02 L-= 4.5475e-02  Keff=20.00(min 19.99)  gmin=4.68e-02  floor=0.0e+00  |dM|=1.39e-05  step=1.00e+00
  it  242  L= 3.187142e+02  comp= 2.7533e+01 expr= 2.9118e+02 L+= 4.5634e-02 L-= 4.5488e-02  Keff=20.00(min 19.99)  gmin=4.68e-02  floor=0.0e+00  |dM|=1.40e-05  step=1.00e+00
  it  243  L= 3.187141e+02  comp= 2.7533e+01 expr= 2.9118e+02 L+= 4.5650e-02 L-= 4.5504e-02  Keff=20.00(min 19.99)  gmin=4.68e-02  floor=0.0e+00  |dM|=1.40e-05  step=1.00e+00
  it  244  L= 3.187139e+02  comp= 2.7533e+01 expr= 2.9118e+02 L+= 4.5667e-02 L-= 4.5516e-02  Keff=20.00(min 19.99)  gmin=4.68e-02  floor=0.0e+00  |dM|=1.40e-05  step=1.00e+00
  it  245  L= 3.187138e+02  comp= 2.7533e+01 expr= 2.9118e+02 L+= 4.5681e-02 L-= 4.5530e-02  Keff=20.00(min 19.99)  gmin=4.68e-02  floor=0.0e+00  |dM|=1.40e-05  step=1.00e+00
  it  246  L= 3.187137e+02  comp= 2.7533e+01 expr= 2.9118e+02 L+= 4.5694e-02 L-= 4.5544e-02  Keff=20.00(min 19.99)  gmin=4.68e-02  floor=0.0e+00  |dM|=1.40e-05  step=1.00e+00
  it  247  L= 3.187135e+02  comp= 2.7533e+01 expr= 2.9118e+02 L+= 4.5709e-02 L-= 4.5557e-02  Keff=20.00(min 19.99)  gmin=4.68e-02  floor=0.0e+00  |dM|=1.40e-05  step=1.00e+00
  it  248  L= 3.187134e+02  comp= 2.7533e+01 expr= 2.9118e+02 L+= 4.5723e-02 L-= 4.5571e-02  Keff=20.00(min 19.99)  gmin=4.68e-02  floor=0.0e+00  |dM|=1.41e-05  step=1.00e+00
  it  249  L= 3.187133e+02  comp= 2.7533e+01 expr= 2.9118e+02 L+= 4.5739e-02 L-= 4.5586e-02  Keff=20.00(min 19.99)  gmin=4.68e-02  floor=0.0e+00  |dM|=1.41e-05  step=1.00e+00
  it  250  L= 3.187131e+02  comp= 2.7533e+01 expr= 2.9118e+02 L+= 4.5756e-02 L-= 4.5601e-02  Keff=20.00(min 19.99)  gmin=4.68e-02  floor=0.0e+00  |dM|=1.41e-05  step=1.00e+00
  it  251  L= 3.187130e+02  comp= 2.7533e+01 expr= 2.9118e+02 L+= 4.5769e-02 L-= 4.5616e-02  Keff=20.00(min 19.99)  gmin=4.68e-02  floor=0.0e+00  |dM|=1.41e-05  step=1.00e+00
  it  252  L= 3.187129e+02  comp= 2.7533e+01 expr= 2.9118e+02 L+= 4.5784e-02 L-= 4.5628e-02  Keff=20.00(min 19.99)  gmin=4.68e-02  floor=0.0e+00  |dM|=1.41e-05  step=1.00e+00
  it  253  L= 3.187127e+02  comp= 2.7533e+01 expr= 2.9118e+02 L+= 4.5798e-02 L-= 4.5640e-02  Keff=20.00(min 19.99)  gmin=4.68e-02  floor=0.0e+00  |dM|=1.41e-05  step=1.00e+00
  it  254  L= 3.187126e+02  comp= 2.7533e+01 expr= 2.9118e+02 L+= 4.5812e-02 L-= 4.5653e-02  Keff=20.00(min 19.99)  gmin=4.68e-02  floor=0.0e+00  |dM|=1.41e-05  step=1.00e+00
  it  255  L= 3.187124e+02  comp= 2.7533e+01 expr= 2.9118e+02 L+= 4.5826e-02 L-= 4.5666e-02  Keff=20.00(min 19.99)  gmin=4.68e-02  floor=0.0e+00  |dM|=1.42e-05  step=1.00e+00
  it  256  L= 3.187123e+02  comp= 2.7533e+01 expr= 2.9118e+02 L+= 4.5843e-02 L-= 4.5682e-02  Keff=20.00(min 19.99)  gmin=4.68e-02  floor=0.0e+00  |dM|=1.42e-05  step=1.00e+00
  it  257  L= 3.187122e+02  comp= 2.7533e+01 expr= 2.9118e+02 L+= 4.5860e-02 L-= 4.5698e-02  Keff=20.00(min 19.99)  gmin=4.68e-02  floor=0.0e+00  |dM|=1.42e-05  step=1.00e+00
  it  258  L= 3.187120e+02  comp= 2.7533e+01 expr= 2.9118e+02 L+= 4.5874e-02 L-= 4.5714e-02  Keff=20.00(min 19.99)  gmin=4.68e-02  floor=0.0e+00  |dM|=1.42e-05  step=1.00e+00
  it  259  L= 3.187119e+02  comp= 2.7533e+01 expr= 2.9118e+02 L+= 4.5887e-02 L-= 4.5725e-02  Keff=20.00(min 19.99)  gmin=4.68e-02  floor=0.0e+00  |dM|=1.42e-05  step=1.00e+00
  it  260  L= 3.187118e+02  comp= 2.7533e+01 expr= 2.9118e+02 L+= 4.5902e-02 L-= 4.5739e-02  Keff=20.00(min 19.99)  gmin=4.68e-02  floor=0.0e+00  |dM|=1.42e-05  step=1.00e+00
  it  261  L= 3.187116e+02  comp= 2.7533e+01 expr= 2.9118e+02 L+= 4.5916e-02 L-= 4.5756e-02  Keff=20.00(min 19.99)  gmin=4.68e-02  floor=0.0e+00  |dM|=1.43e-05  step=1.00e+00
  it  262  L= 3.187115e+02  comp= 2.7533e+01 expr= 2.9118e+02 L+= 4.5933e-02 L-= 4.5768e-02  Keff=20.00(min 19.99)  gmin=4.68e-02  floor=0.0e+00  |dM|=1.43e-05  step=1.00e+00
  it  263  L= 3.187114e+02  comp= 2.7533e+01 expr= 2.9118e+02 L+= 4.5950e-02 L-= 4.5780e-02  Keff=20.00(min 19.99)  gmin=4.68e-02  floor=0.0e+00  |dM|=1.43e-05  step=1.00e+00
  it  264  L= 3.187112e+02  comp= 2.7533e+01 expr= 2.9118e+02 L+= 4.5966e-02 L-= 4.5797e-02  Keff=20.00(min 19.99)  gmin=4.68e-02  floor=0.0e+00  |dM|=1.43e-05  step=1.00e+00
  it  265  L= 3.187111e+02  comp= 2.7533e+01 expr= 2.9118e+02 L+= 4.5979e-02 L-= 4.5812e-02  Keff=20.00(min 19.99)  gmin=4.68e-02  floor=0.0e+00  |dM|=1.43e-05  step=1.00e+00
  it  266  L= 3.187109e+02  comp= 2.7533e+01 expr= 2.9118e+02 L+= 4.5997e-02 L-= 4.5827e-02  Keff=20.00(min 19.99)  gmin=4.68e-02  floor=0.0e+00  |dM|=1.43e-05  step=1.00e+00
  it  267  L= 3.187108e+02  comp= 2.7533e+01 expr= 2.9118e+02 L+= 4.6010e-02 L-= 4.5840e-02  Keff=20.00(min 19.99)  gmin=4.68e-02  floor=0.0e+00  |dM|=1.44e-05  step=1.00e+00
  it  268  L= 3.187107e+02  comp= 2.7533e+01 expr= 2.9118e+02 L+= 4.6024e-02 L-= 4.5854e-02  Keff=20.00(min 19.99)  gmin=4.68e-02  floor=0.0e+00  |dM|=1.44e-05  step=1.00e+00
  it  269  L= 3.187105e+02  comp= 2.7533e+01 expr= 2.9118e+02 L+= 4.6038e-02 L-= 4.5869e-02  Keff=20.00(min 19.99)  gmin=4.68e-02  floor=0.0e+00  |dM|=1.44e-05  step=1.00e+00
  it  270  L= 3.187104e+02  comp= 2.7533e+01 expr= 2.9118e+02 L+= 4.6057e-02 L-= 4.5883e-02  Keff=20.00(min 19.99)  gmin=4.68e-02  floor=0.0e+00  |dM|=1.44e-05  step=1.00e+00
  it  271  L= 3.187102e+02  comp= 2.7533e+01 expr= 2.9118e+02 L+= 4.6072e-02 L-= 4.5898e-02  Keff=20.00(min 19.99)  gmin=4.68e-02  floor=0.0e+00  |dM|=1.44e-05  step=1.00e+00
  it  272  L= 3.187101e+02  comp= 2.7533e+01 expr= 2.9118e+02 L+= 4.6086e-02 L-= 4.5912e-02  Keff=20.00(min 19.99)  gmin=4.68e-02  floor=0.0e+00  |dM|=1.44e-05  step=1.00e+00
  it  273  L= 3.187100e+02  comp= 2.7533e+01 expr= 2.9118e+02 L+= 4.6099e-02 L-= 4.5925e-02  Keff=20.00(min 19.99)  gmin=4.68e-02  floor=0.0e+00  |dM|=1.44e-05  step=1.00e+00
  it  274  L= 3.187098e+02  comp= 2.7533e+01 expr= 2.9118e+02 L+= 4.6115e-02 L-= 4.5940e-02  Keff=20.00(min 19.99)  gmin=4.68e-02  floor=0.0e+00  |dM|=1.45e-05  step=1.00e+00
  it  275  L= 3.187097e+02  comp= 2.7533e+01 expr= 2.9118e+02 L+= 4.6130e-02 L-= 4.5952e-02  Keff=20.00(min 19.99)  gmin=4.68e-02  floor=0.0e+00  |dM|=1.45e-05  step=1.00e+00
  it  276  L= 3.187095e+02  comp= 2.7533e+01 expr= 2.9118e+02 L+= 4.6146e-02 L-= 4.5970e-02  Keff=20.00(min 19.99)  gmin=4.68e-02  floor=0.0e+00  |dM|=1.45e-05  step=1.00e+00
  it  277  L= 3.187094e+02  comp= 2.7533e+01 expr= 2.9118e+02 L+= 4.6162e-02 L-= 4.5981e-02  Keff=20.00(min 19.99)  gmin=4.68e-02  floor=0.0e+00  |dM|=1.45e-05  step=1.00e+00
  it  278  L= 3.187092e+02  comp= 2.7533e+01 expr= 2.9118e+02 L+= 4.6175e-02 L-= 4.5997e-02  Keff=20.00(min 19.99)  gmin=4.68e-02  floor=0.0e+00  |dM|=1.45e-05  step=1.00e+00
  it  279  L= 3.187091e+02  comp= 2.7533e+01 expr= 2.9118e+02 L+= 4.6192e-02 L-= 4.6010e-02  Keff=20.00(min 19.99)  gmin=4.68e-02  floor=0.0e+00  |dM|=1.45e-05  step=1.00e+00
  it  280  L= 3.187090e+02  comp= 2.7533e+01 expr= 2.9118e+02 L+= 4.6209e-02 L-= 4.6026e-02  Keff=20.00(min 19.99)  gmin=4.68e-02  floor=0.0e+00  |dM|=1.46e-05  step=1.00e+00
  it  281  L= 3.187088e+02  comp= 2.7533e+01 expr= 2.9118e+02 L+= 4.6223e-02 L-= 4.6042e-02  Keff=20.00(min 19.99)  gmin=4.68e-02  floor=0.0e+00  |dM|=1.46e-05  step=1.00e+00
  it  282  L= 3.187086e+02  comp= 2.7533e+01 expr= 2.9118e+02 L+= 4.6238e-02 L-= 4.6055e-02  Keff=20.00(min 19.99)  gmin=4.68e-02  floor=0.0e+00  |dM|=1.46e-05  step=1.00e+00
  it  283  L= 3.187085e+02  comp= 2.7533e+01 expr= 2.9118e+02 L+= 4.6254e-02 L-= 4.6071e-02  Keff=20.00(min 19.99)  gmin=4.68e-02  floor=0.0e+00  |dM|=1.46e-05  step=1.00e+00
  it  284  L= 3.187084e+02  comp= 2.7533e+01 expr= 2.9117e+02 L+= 4.6272e-02 L-= 4.6085e-02  Keff=20.00(min 19.99)  gmin=4.68e-02  floor=0.0e+00  |dM|=1.46e-05  step=1.00e+00
  it  285  L= 3.187083e+02  comp= 2.7533e+01 expr= 2.9117e+02 L+= 4.6286e-02 L-= 4.6098e-02  Keff=20.00(min 19.99)  gmin=4.68e-02  floor=0.0e+00  |dM|=1.46e-05  step=1.00e+00
  it  286  L= 3.187081e+02  comp= 2.7533e+01 expr= 2.9117e+02 L+= 4.6299e-02 L-= 4.6113e-02  Keff=20.00(min 19.99)  gmin=4.68e-02  floor=0.0e+00  |dM|=1.47e-05  step=1.00e+00
  it  287  L= 3.187080e+02  comp= 2.7533e+01 expr= 2.9117e+02 L+= 4.6317e-02 L-= 4.6130e-02  Keff=20.00(min 19.99)  gmin=4.68e-02  floor=0.0e+00  |dM|=1.47e-05  step=1.00e+00
  it  288  L= 3.187078e+02  comp= 2.7533e+01 expr= 2.9117e+02 L+= 4.6330e-02 L-= 4.6143e-02  Keff=20.00(min 19.99)  gmin=4.68e-02  floor=0.0e+00  |dM|=1.47e-05  step=1.00e+00
  it  289  L= 3.187077e+02  comp= 2.7533e+01 expr= 2.9117e+02 L+= 4.6350e-02 L-= 4.6159e-02  Keff=20.00(min 19.99)  gmin=4.68e-02  floor=0.0e+00  |dM|=1.47e-05  step=1.00e+00
  it  290  L= 3.187076e+02  comp= 2.7533e+01 expr= 2.9117e+02 L+= 4.6363e-02 L-= 4.6172e-02  Keff=20.00(min 19.99)  gmin=4.68e-02  floor=0.0e+00  |dM|=1.47e-05  step=1.00e+00
  it  291  L= 3.187074e+02  comp= 2.7533e+01 expr= 2.9117e+02 L+= 4.6378e-02 L-= 4.6186e-02  Keff=20.00(min 19.99)  gmin=4.68e-02  floor=0.0e+00  |dM|=1.47e-05  step=1.00e+00
  it  292  L= 3.187072e+02  comp= 2.7533e+01 expr= 2.9117e+02 L+= 4.6394e-02 L-= 4.6203e-02  Keff=20.00(min 19.99)  gmin=4.68e-02  floor=0.0e+00  |dM|=1.48e-05  step=1.00e+00
  it  293  L= 3.187071e+02  comp= 2.7533e+01 expr= 2.9117e+02 L+= 4.6408e-02 L-= 4.6216e-02  Keff=20.00(min 19.99)  gmin=4.68e-02  floor=0.0e+00  |dM|=1.48e-05  step=1.00e+00
  it  294  L= 3.187069e+02  comp= 2.7533e+01 expr= 2.9117e+02 L+= 4.6423e-02 L-= 4.6230e-02  Keff=20.00(min 19.99)  gmin=4.68e-02  floor=0.0e+00  |dM|=1.48e-05  step=1.00e+00
  it  295  L= 3.187068e+02  comp= 2.7533e+01 expr= 2.9117e+02 L+= 4.6441e-02 L-= 4.6245e-02  Keff=20.00(min 19.99)  gmin=4.68e-02  floor=0.0e+00  |dM|=1.48e-05  step=1.00e+00
  it  296  L= 3.187067e+02  comp= 2.7533e+01 expr= 2.9117e+02 L+= 4.6456e-02 L-= 4.6259e-02  Keff=20.00(min 19.99)  gmin=4.68e-02  floor=0.0e+00  |dM|=1.48e-05  step=1.00e+00
  it  297  L= 3.187065e+02  comp= 2.7533e+01 expr= 2.9117e+02 L+= 4.6472e-02 L-= 4.6275e-02  Keff=20.00(min 19.99)  gmin=4.68e-02  floor=0.0e+00  |dM|=1.48e-05  step=1.00e+00
  it  298  L= 3.187064e+02  comp= 2.7533e+01 expr= 2.9117e+02 L+= 4.6488e-02 L-= 4.6289e-02  Keff=20.00(min 19.99)  gmin=4.68e-02  floor=0.0e+00  |dM|=1.49e-05  step=1.00e+00
  it  299  L= 3.187062e+02  comp= 2.7533e+01 expr= 2.9117e+02 L+= 4.6504e-02 L-= 4.6305e-02  Keff=20.00(min 19.99)  gmin=4.68e-02  floor=0.0e+00  |dM|=1.49e-05  step=1.00e+00
  it  300  L= 3.187061e+02  comp= 2.7533e+01 expr= 2.9117e+02 L+= 4.6520e-02 L-= 4.6318e-02  Keff=20.00(min 19.99)  gmin=4.68e-02  floor=0.0e+00  |dM|=1.49e-05  step=1.00e+00
  it  301  L= 3.187060e+02  comp= 2.7533e+01 expr= 2.9117e+02 L+= 4.6532e-02 L-= 4.6335e-02  Keff=20.00(min 19.99)  gmin=4.68e-02  floor=0.0e+00  |dM|=1.49e-05  step=1.00e+00
  it  302  L= 3.187058e+02  comp= 2.7533e+01 expr= 2.9117e+02 L+= 4.6550e-02 L-= 4.6347e-02  Keff=20.00(min 19.99)  gmin=4.68e-02  floor=0.0e+00  |dM|=1.49e-05  step=1.00e+00
  it  303  L= 3.187057e+02  comp= 2.7533e+01 expr= 2.9117e+02 L+= 4.6564e-02 L-= 4.6365e-02  Keff=20.00(min 19.99)  gmin=4.68e-02  floor=0.0e+00  |dM|=1.49e-05  step=1.00e+00
  it  304  L= 3.187055e+02  comp= 2.7533e+01 expr= 2.9117e+02 L+= 4.6580e-02 L-= 4.6379e-02  Keff=20.00(min 19.99)  gmin=4.68e-02  floor=0.0e+00  |dM|=1.50e-05  step=1.00e+00
  it  305  L= 3.187053e+02  comp= 2.7533e+01 expr= 2.9117e+02 L+= 4.6598e-02 L-= 4.6393e-02  Keff=20.00(min 19.99)  gmin=4.68e-02  floor=0.0e+00  |dM|=1.50e-05  step=1.00e+00
  it  306  L= 3.187052e+02  comp= 2.7533e+01 expr= 2.9117e+02 L+= 4.6616e-02 L-= 4.6408e-02  Keff=20.00(min 19.99)  gmin=4.68e-02  floor=0.0e+00  |dM|=1.50e-05  step=1.00e+00
  it  307  L= 3.187050e+02  comp= 2.7533e+01 expr= 2.9117e+02 L+= 4.6630e-02 L-= 4.6424e-02  Keff=20.00(min 19.99)  gmin=4.68e-02  floor=0.0e+00  |dM|=1.50e-05  step=1.00e+00
  it  308  L= 3.187049e+02  comp= 2.7533e+01 expr= 2.9117e+02 L+= 4.6646e-02 L-= 4.6439e-02  Keff=20.00(min 19.99)  gmin=4.68e-02  floor=0.0e+00  |dM|=1.50e-05  step=1.00e+00
  it  309  L= 3.187048e+02  comp= 2.7533e+01 expr= 2.9117e+02 L+= 4.6661e-02 L-= 4.6452e-02  Keff=20.00(min 19.99)  gmin=4.68e-02  floor=0.0e+00  |dM|=1.50e-05  step=1.00e+00
  it  310  L= 3.187046e+02  comp= 2.7533e+01 expr= 2.9117e+02 L+= 4.6676e-02 L-= 4.6467e-02  Keff=20.00(min 19.99)  gmin=4.68e-02  floor=0.0e+00  |dM|=1.51e-05  step=1.00e+00
  it  311  L= 3.187045e+02  comp= 2.7533e+01 expr= 2.9117e+02 L+= 4.6693e-02 L-= 4.6481e-02  Keff=20.00(min 19.99)  gmin=4.68e-02  floor=0.0e+00  |dM|=1.51e-05  step=1.00e+00
  it  312  L= 3.187043e+02  comp= 2.7533e+01 expr= 2.9117e+02 L+= 4.6708e-02 L-= 4.6499e-02  Keff=20.00(min 19.99)  gmin=4.68e-02  floor=0.0e+00  |dM|=1.51e-05  step=1.00e+00
  it  313  L= 3.187042e+02  comp= 2.7533e+01 expr= 2.9117e+02 L+= 4.6726e-02 L-= 4.6513e-02  Keff=20.00(min 19.99)  gmin=4.68e-02  floor=0.0e+00  |dM|=1.51e-05  step=1.00e+00
  it  314  L= 3.187040e+02  comp= 2.7533e+01 expr= 2.9117e+02 L+= 4.6741e-02 L-= 4.6528e-02  Keff=20.00(min 19.99)  gmin=4.68e-02  floor=0.0e+00  |dM|=1.51e-05  step=1.00e+00
  it  315  L= 3.187039e+02  comp= 2.7533e+01 expr= 2.9117e+02 L+= 4.6756e-02 L-= 4.6543e-02  Keff=20.00(min 19.99)  gmin=4.68e-02  floor=0.0e+00  |dM|=1.51e-05  step=1.00e+00
  it  316  L= 3.187037e+02  comp= 2.7533e+01 expr= 2.9117e+02 L+= 4.6773e-02 L-= 4.6559e-02  Keff=20.00(min 19.99)  gmin=4.68e-02  floor=0.0e+00  |dM|=1.52e-05  step=1.00e+00
  it  317  L= 3.187036e+02  comp= 2.7533e+01 expr= 2.9117e+02 L+= 4.6790e-02 L-= 4.6575e-02  Keff=20.00(min 19.99)  gmin=4.68e-02  floor=0.0e+00  |dM|=1.52e-05  step=1.00e+00
  it  318  L= 3.187034e+02  comp= 2.7533e+01 expr= 2.9117e+02 L+= 4.6804e-02 L-= 4.6587e-02  Keff=20.00(min 19.99)  gmin=4.68e-02  floor=0.0e+00  |dM|=1.52e-05  step=1.00e+00
  it  319  L= 3.187033e+02  comp= 2.7533e+01 expr= 2.9117e+02 L+= 4.6822e-02 L-= 4.6605e-02  Keff=20.00(min 19.99)  gmin=4.68e-02  floor=0.0e+00  |dM|=1.52e-05  step=1.00e+00
  it  320  L= 3.187031e+02  comp= 2.7533e+01 expr= 2.9117e+02 L+= 4.6837e-02 L-= 4.6618e-02  Keff=20.00(min 19.99)  gmin=4.68e-02  floor=0.0e+00  |dM|=1.52e-05  step=1.00e+00
  it  321  L= 3.187030e+02  comp= 2.7533e+01 expr= 2.9117e+02 L+= 4.6852e-02 L-= 4.6634e-02  Keff=20.00(min 19.99)  gmin=4.68e-02  floor=0.0e+00  |dM|=1.53e-05  step=1.00e+00
  it  322  L= 3.187028e+02  comp= 2.7533e+01 expr= 2.9117e+02 L+= 4.6872e-02 L-= 4.6648e-02  Keff=20.00(min 19.99)  gmin=4.68e-02  floor=0.0e+00  |dM|=1.53e-05  step=1.00e+00
  it  323  L= 3.187027e+02  comp= 2.7533e+01 expr= 2.9117e+02 L+= 4.6885e-02 L-= 4.6664e-02  Keff=20.00(min 19.99)  gmin=4.68e-02  floor=0.0e+00  |dM|=1.53e-05  step=1.00e+00
  it  324  L= 3.187025e+02  comp= 2.7533e+01 expr= 2.9117e+02 L+= 4.6903e-02 L-= 4.6679e-02  Keff=20.00(min 19.99)  gmin=4.68e-02  floor=0.0e+00  |dM|=1.53e-05  step=1.00e+00
  it  325  L= 3.187024e+02  comp= 2.7533e+01 expr= 2.9117e+02 L+= 4.6917e-02 L-= 4.6694e-02  Keff=20.00(min 19.99)  gmin=4.68e-02  floor=0.0e+00  |dM|=1.53e-05  step=1.00e+00
  it  326  L= 3.187022e+02  comp= 2.7533e+01 expr= 2.9117e+02 L+= 4.6932e-02 L-= 4.6710e-02  Keff=20.00(min 19.99)  gmin=4.68e-02  floor=0.0e+00  |dM|=1.53e-05  step=1.00e+00
  it  327  L= 3.187021e+02  comp= 2.7533e+01 expr= 2.9117e+02 L+= 4.6950e-02 L-= 4.6726e-02  Keff=20.00(min 19.99)  gmin=4.68e-02  floor=0.0e+00  |dM|=1.54e-05  step=1.00e+00
  it  328  L= 3.187019e+02  comp= 2.7533e+01 expr= 2.9117e+02 L+= 4.6967e-02 L-= 4.6739e-02  Keff=20.00(min 19.99)  gmin=4.68e-02  floor=0.0e+00  |dM|=1.54e-05  step=1.00e+00
  it  329  L= 3.187018e+02  comp= 2.7533e+01 expr= 2.9117e+02 L+= 4.6983e-02 L-= 4.6756e-02  Keff=20.00(min 19.99)  gmin=4.68e-02  floor=0.0e+00  |dM|=1.54e-05  step=1.00e+00
  it  330  L= 3.187016e+02  comp= 2.7533e+01 expr= 2.9117e+02 L+= 4.6999e-02 L-= 4.6769e-02  Keff=20.00(min 19.99)  gmin=4.68e-02  floor=0.0e+00  |dM|=1.54e-05  step=1.00e+00
  it  331  L= 3.187015e+02  comp= 2.7533e+01 expr= 2.9117e+02 L+= 4.7013e-02 L-= 4.6784e-02  Keff=20.00(min 19.99)  gmin=4.68e-02  floor=0.0e+00  |dM|=1.54e-05  step=1.00e+00
  it  332  L= 3.187013e+02  comp= 2.7533e+01 expr= 2.9117e+02 L+= 4.7032e-02 L-= 4.6799e-02  Keff=20.00(min 19.99)  gmin=4.68e-02  floor=0.0e+00  |dM|=1.54e-05  step=1.00e+00
  it  333  L= 3.187012e+02  comp= 2.7533e+01 expr= 2.9117e+02 L+= 4.7047e-02 L-= 4.6817e-02  Keff=20.00(min 19.99)  gmin=4.68e-02  floor=0.0e+00  |dM|=1.55e-05  step=1.00e+00
  it  334  L= 3.187010e+02  comp= 2.7533e+01 expr= 2.9117e+02 L+= 4.7065e-02 L-= 4.6831e-02  Keff=20.00(min 19.99)  gmin=4.68e-02  floor=0.0e+00  |dM|=1.55e-05  step=1.00e+00
  it  335  L= 3.187009e+02  comp= 2.7533e+01 expr= 2.9117e+02 L+= 4.7083e-02 L-= 4.6848e-02  Keff=20.00(min 19.99)  gmin=4.68e-02  floor=0.0e+00  |dM|=1.55e-05  step=1.00e+00
  it  336  L= 3.187007e+02  comp= 2.7533e+01 expr= 2.9117e+02 L+= 4.7098e-02 L-= 4.6863e-02  Keff=20.00(min 19.99)  gmin=4.68e-02  floor=0.0e+00  |dM|=1.55e-05  step=1.00e+00
  it  337  L= 3.187006e+02  comp= 2.7533e+01 expr= 2.9117e+02 L+= 4.7113e-02 L-= 4.6880e-02  Keff=20.00(min 19.99)  gmin=4.68e-02  floor=0.0e+00  |dM|=1.55e-05  step=1.00e+00
  it  338  L= 3.187004e+02  comp= 2.7533e+01 expr= 2.9117e+02 L+= 4.7130e-02 L-= 4.6894e-02  Keff=20.00(min 19.99)  gmin=4.68e-02  floor=0.0e+00  |dM|=1.55e-05  step=1.00e+00
  it  339  L= 3.187003e+02  comp= 2.7533e+01 expr= 2.9117e+02 L+= 4.7146e-02 L-= 4.6909e-02  Keff=20.00(min 19.99)  gmin=4.68e-02  floor=0.0e+00  |dM|=1.56e-05  step=1.00e+00
  it  340  L= 3.187001e+02  comp= 2.7533e+01 expr= 2.9117e+02 L+= 4.7162e-02 L-= 4.6924e-02  Keff=20.00(min 19.99)  gmin=4.68e-02  floor=0.0e+00  |dM|=1.56e-05  step=1.00e+00
  it  341  L= 3.187000e+02  comp= 2.7533e+01 expr= 2.9117e+02 L+= 4.7177e-02 L-= 4.6940e-02  Keff=20.00(min 19.99)  gmin=4.68e-02  floor=0.0e+00  |dM|=1.56e-05  step=1.00e+00
  it  342  L= 3.186998e+02  comp= 2.7533e+01 expr= 2.9117e+02 L+= 4.7195e-02 L-= 4.6956e-02  Keff=20.00(min 19.99)  gmin=4.68e-02  floor=0.0e+00  |dM|=1.56e-05  step=1.00e+00
  it  343  L= 3.186996e+02  comp= 2.7533e+01 expr= 2.9117e+02 L+= 4.7212e-02 L-= 4.6970e-02  Keff=20.00(min 19.99)  gmin=4.68e-02  floor=0.0e+00  |dM|=1.56e-05  step=1.00e+00
  it  344  L= 3.186995e+02  comp= 2.7533e+01 expr= 2.9117e+02 L+= 4.7230e-02 L-= 4.6985e-02  Keff=20.00(min 19.99)  gmin=4.68e-02  floor=0.0e+00  |dM|=1.57e-05  step=1.00e+00
  it  345  L= 3.186993e+02  comp= 2.7533e+01 expr= 2.9117e+02 L+= 4.7245e-02 L-= 4.7002e-02  Keff=20.00(min 19.99)  gmin=4.68e-02  floor=0.0e+00  |dM|=1.57e-05  step=1.00e+00
  it  346  L= 3.186992e+02  comp= 2.7533e+01 expr= 2.9117e+02 L+= 4.7262e-02 L-= 4.7018e-02  Keff=20.00(min 19.99)  gmin=4.68e-02  floor=0.0e+00  |dM|=1.57e-05  step=1.00e+00
  it  347  L= 3.186990e+02  comp= 2.7533e+01 expr= 2.9117e+02 L+= 4.7277e-02 L-= 4.7034e-02  Keff=20.00(min 19.99)  gmin=4.68e-02  floor=0.0e+00  |dM|=1.57e-05  step=1.00e+00
  it  348  L= 3.186989e+02  comp= 2.7533e+01 expr= 2.9117e+02 L+= 4.7297e-02 L-= 4.7048e-02  Keff=20.00(min 19.99)  gmin=4.68e-02  floor=0.0e+00  |dM|=1.57e-05  step=1.00e+00
  it  349  L= 3.186987e+02  comp= 2.7533e+01 expr= 2.9117e+02 L+= 4.7311e-02 L-= 4.7063e-02  Keff=20.00(min 19.99)  gmin=4.68e-02  floor=0.0e+00  |dM|=1.57e-05  step=1.00e+00
  it  350  L= 3.186985e+02  comp= 2.7533e+01 expr= 2.9117e+02 L+= 4.7326e-02 L-= 4.7080e-02  Keff=20.00(min 19.99)  gmin=4.68e-02  floor=0.0e+00  |dM|=1.58e-05  step=1.00e+00
  it  351  L= 3.186984e+02  comp= 2.7533e+01 expr= 2.9117e+02 L+= 4.7345e-02 L-= 4.7095e-02  Keff=20.00(min 19.99)  gmin=4.68e-02  floor=0.0e+00  |dM|=1.58e-05  step=1.00e+00
  it  352  L= 3.186982e+02  comp= 2.7533e+01 expr= 2.9116e+02 L+= 4.7362e-02 L-= 4.7112e-02  Keff=20.00(min 19.99)  gmin=4.68e-02  floor=0.0e+00  |dM|=1.58e-05  step=1.00e+00
  it  353  L= 3.186981e+02  comp= 2.7533e+01 expr= 2.9116e+02 L+= 4.7378e-02 L-= 4.7127e-02  Keff=20.00(min 19.99)  gmin=4.68e-02  floor=0.0e+00  |dM|=1.58e-05  step=1.00e+00
  it  354  L= 3.186979e+02  comp= 2.7533e+01 expr= 2.9116e+02 L+= 4.7395e-02 L-= 4.7143e-02  Keff=20.00(min 19.99)  gmin=4.68e-02  floor=0.0e+00  |dM|=1.58e-05  step=1.00e+00
  it  355  L= 3.186978e+02  comp= 2.7533e+01 expr= 2.9116e+02 L+= 4.7412e-02 L-= 4.7160e-02  Keff=20.00(min 19.99)  gmin=4.68e-02  floor=0.0e+00  |dM|=1.59e-05  step=1.00e+00
  it  356  L= 3.186976e+02  comp= 2.7533e+01 expr= 2.9116e+02 L+= 4.7429e-02 L-= 4.7175e-02  Keff=20.00(min 19.99)  gmin=4.68e-02  floor=0.0e+00  |dM|=1.59e-05  step=1.00e+00
  it  357  L= 3.186974e+02  comp= 2.7533e+01 expr= 2.9116e+02 L+= 4.7445e-02 L-= 4.7190e-02  Keff=20.00(min 19.99)  gmin=4.68e-02  floor=0.0e+00  |dM|=1.59e-05  step=1.00e+00
  it  358  L= 3.186973e+02  comp= 2.7533e+01 expr= 2.9116e+02 L+= 4.7462e-02 L-= 4.7207e-02  Keff=20.00(min 19.99)  gmin=4.68e-02  floor=0.0e+00  |dM|=1.59e-05  step=1.00e+00
  it  359  L= 3.186971e+02  comp= 2.7533e+01 expr= 2.9116e+02 L+= 4.7478e-02 L-= 4.7220e-02  Keff=20.00(min 19.99)  gmin=4.68e-02  floor=0.0e+00  |dM|=1.59e-05  step=1.00e+00
  it  360  L= 3.186970e+02  comp= 2.7533e+01 expr= 2.9116e+02 L+= 4.7494e-02 L-= 4.7235e-02  Keff=20.00(min 19.99)  gmin=4.68e-02  floor=0.0e+00  |dM|=1.59e-05  step=1.00e+00
  it  361  L= 3.186968e+02  comp= 2.7533e+01 expr= 2.9116e+02 L+= 4.7511e-02 L-= 4.7253e-02  Keff=20.00(min 19.99)  gmin=4.68e-02  floor=0.0e+00  |dM|=1.60e-05  step=1.00e+00
  it  362  L= 3.186967e+02  comp= 2.7533e+01 expr= 2.9116e+02 L+= 4.7529e-02 L-= 4.7269e-02  Keff=20.00(min 19.99)  gmin=4.68e-02  floor=0.0e+00  |dM|=1.60e-05  step=1.00e+00
  it  363  L= 3.186965e+02  comp= 2.7533e+01 expr= 2.9116e+02 L+= 4.7546e-02 L-= 4.7284e-02  Keff=20.00(min 19.99)  gmin=4.68e-02  floor=0.0e+00  |dM|=1.60e-05  step=1.00e+00
  it  364  L= 3.186964e+02  comp= 2.7533e+01 expr= 2.9116e+02 L+= 4.7564e-02 L-= 4.7304e-02  Keff=20.00(min 19.99)  gmin=4.68e-02  floor=0.0e+00  |dM|=1.60e-05  step=1.00e+00
  it  365  L= 3.186962e+02  comp= 2.7533e+01 expr= 2.9116e+02 L+= 4.7580e-02 L-= 4.7316e-02  Keff=20.00(min 19.99)  gmin=4.68e-02  floor=0.0e+00  |dM|=1.60e-05  step=1.00e+00
  it  366  L= 3.186960e+02  comp= 2.7533e+01 expr= 2.9116e+02 L+= 4.7596e-02 L-= 4.7332e-02  Keff=20.00(min 19.99)  gmin=4.68e-02  floor=0.0e+00  |dM|=1.61e-05  step=1.00e+00
  it  367  L= 3.186958e+02  comp= 2.7533e+01 expr= 2.9116e+02 L+= 4.7614e-02 L-= 4.7348e-02  Keff=20.00(min 19.99)  gmin=4.68e-02  floor=0.0e+00  |dM|=1.61e-05  step=1.00e+00
  it  368  L= 3.186957e+02  comp= 2.7533e+01 expr= 2.9116e+02 L+= 4.7632e-02 L-= 4.7366e-02  Keff=20.00(min 19.99)  gmin=4.68e-02  floor=0.0e+00  |dM|=1.61e-05  step=1.00e+00
  it  369  L= 3.186955e+02  comp= 2.7533e+01 expr= 2.9116e+02 L+= 4.7647e-02 L-= 4.7383e-02  Keff=20.00(min 19.99)  gmin=4.68e-02  floor=0.0e+00  |dM|=1.61e-05  step=1.00e+00
  it  370  L= 3.186953e+02  comp= 2.7533e+01 expr= 2.9116e+02 L+= 4.7665e-02 L-= 4.7395e-02  Keff=20.00(min 19.99)  gmin=4.68e-02  floor=0.0e+00  |dM|=1.61e-05  step=1.00e+00
  it  371  L= 3.186952e+02  comp= 2.7533e+01 expr= 2.9116e+02 L+= 4.7682e-02 L-= 4.7414e-02  Keff=20.00(min 19.99)  gmin=4.68e-02  floor=0.0e+00  |dM|=1.62e-05  step=1.00e+00
  it  372  L= 3.186950e+02  comp= 2.7533e+01 expr= 2.9116e+02 L+= 4.7699e-02 L-= 4.7428e-02  Keff=20.00(min 19.99)  gmin=4.68e-02  floor=0.0e+00  |dM|=1.62e-05  step=1.00e+00
  it  373  L= 3.186949e+02  comp= 2.7533e+01 expr= 2.9116e+02 L+= 4.7715e-02 L-= 4.7444e-02  Keff=20.00(min 19.99)  gmin=4.68e-02  floor=0.0e+00  |dM|=1.62e-05  step=1.00e+00
  it  374  L= 3.186947e+02  comp= 2.7533e+01 expr= 2.9116e+02 L+= 4.7735e-02 L-= 4.7459e-02  Keff=20.00(min 19.99)  gmin=4.68e-02  floor=0.0e+00  |dM|=1.62e-05  step=1.00e+00
  it  375  L= 3.186945e+02  comp= 2.7533e+01 expr= 2.9116e+02 L+= 4.7752e-02 L-= 4.7476e-02  Keff=20.00(min 19.99)  gmin=4.68e-02  floor=0.0e+00  |dM|=1.62e-05  step=1.00e+00
  it  376  L= 3.186944e+02  comp= 2.7533e+01 expr= 2.9116e+02 L+= 4.7769e-02 L-= 4.7493e-02  Keff=20.00(min 19.99)  gmin=4.68e-02  floor=0.0e+00  |dM|=1.62e-05  step=1.00e+00
  it  377  L= 3.186942e+02  comp= 2.7533e+01 expr= 2.9116e+02 L+= 4.7784e-02 L-= 4.7508e-02  Keff=20.00(min 19.99)  gmin=4.68e-02  floor=0.0e+00  |dM|=1.63e-05  step=1.00e+00
  it  378  L= 3.186941e+02  comp= 2.7533e+01 expr= 2.9116e+02 L+= 4.7800e-02 L-= 4.7527e-02  Keff=20.00(min 19.99)  gmin=4.68e-02  floor=0.0e+00  |dM|=1.63e-05  step=1.00e+00
  it  379  L= 3.186939e+02  comp= 2.7533e+01 expr= 2.9116e+02 L+= 4.7818e-02 L-= 4.7540e-02  Keff=20.00(min 19.99)  gmin=4.68e-02  floor=0.0e+00  |dM|=1.63e-05  step=1.00e+00
  it  380  L= 3.186938e+02  comp= 2.7533e+01 expr= 2.9116e+02 L+= 4.7836e-02 L-= 4.7558e-02  Keff=20.00(min 19.99)  gmin=4.68e-02  floor=0.0e+00  |dM|=1.63e-05  step=1.00e+00
  it  381  L= 3.186936e+02  comp= 2.7533e+01 expr= 2.9116e+02 L+= 4.7854e-02 L-= 4.7573e-02  Keff=20.00(min 19.99)  gmin=4.68e-02  floor=0.0e+00  |dM|=1.63e-05  step=1.00e+00
  it  382  L= 3.186934e+02  comp= 2.7533e+01 expr= 2.9116e+02 L+= 4.7871e-02 L-= 4.7590e-02  Keff=20.00(min 19.99)  gmin=4.68e-02  floor=0.0e+00  |dM|=1.64e-05  step=1.00e+00
  it  383  L= 3.186933e+02  comp= 2.7533e+01 expr= 2.9116e+02 L+= 4.7889e-02 L-= 4.7606e-02  Keff=20.00(min 19.99)  gmin=4.68e-02  floor=0.0e+00  |dM|=1.64e-05  step=1.00e+00
  it  384  L= 3.186931e+02  comp= 2.7533e+01 expr= 2.9116e+02 L+= 4.7904e-02 L-= 4.7622e-02  Keff=20.00(min 19.99)  gmin=4.68e-02  floor=0.0e+00  |dM|=1.64e-05  step=1.00e+00
  it  385  L= 3.186929e+02  comp= 2.7533e+01 expr= 2.9116e+02 L+= 4.7923e-02 L-= 4.7638e-02  Keff=20.00(min 19.99)  gmin=4.68e-02  floor=0.0e+00  |dM|=1.64e-05  step=1.00e+00
  it  386  L= 3.186927e+02  comp= 2.7533e+01 expr= 2.9116e+02 L+= 4.7942e-02 L-= 4.7655e-02  Keff=20.00(min 19.99)  gmin=4.68e-02  floor=0.0e+00  |dM|=1.64e-05  step=1.00e+00
  it  387  L= 3.186926e+02  comp= 2.7533e+01 expr= 2.9116e+02 L+= 4.7957e-02 L-= 4.7673e-02  Keff=20.00(min 19.99)  gmin=4.68e-02  floor=0.0e+00  |dM|=1.65e-05  step=1.00e+00
  it  388  L= 3.186924e+02  comp= 2.7533e+01 expr= 2.9116e+02 L+= 4.7976e-02 L-= 4.7687e-02  Keff=20.00(min 19.99)  gmin=4.68e-02  floor=0.0e+00  |dM|=1.65e-05  step=1.00e+00
  it  389  L= 3.186923e+02  comp= 2.7533e+01 expr= 2.9116e+02 L+= 4.7995e-02 L-= 4.7704e-02  Keff=20.00(min 19.99)  gmin=4.68e-02  floor=0.0e+00  |dM|=1.65e-05  step=1.00e+00
  it  390  L= 3.186921e+02  comp= 2.7533e+01 expr= 2.9116e+02 L+= 4.8012e-02 L-= 4.7722e-02  Keff=20.00(min 19.99)  gmin=4.68e-02  floor=0.0e+00  |dM|=1.65e-05  step=1.00e+00
  it  391  L= 3.186920e+02  comp= 2.7533e+01 expr= 2.9116e+02 L+= 4.8028e-02 L-= 4.7739e-02  Keff=20.00(min 19.99)  gmin=4.68e-02  floor=0.0e+00  |dM|=1.65e-05  step=1.00e+00
  it  392  L= 3.186918e+02  comp= 2.7533e+01 expr= 2.9116e+02 L+= 4.8047e-02 L-= 4.7755e-02  Keff=20.00(min 19.99)  gmin=4.68e-02  floor=0.0e+00  |dM|=1.66e-05  step=1.00e+00
  it  393  L= 3.186916e+02  comp= 2.7533e+01 expr= 2.9116e+02 L+= 4.8064e-02 L-= 4.7771e-02  Keff=20.00(min 19.99)  gmin=4.68e-02  floor=0.0e+00  |dM|=1.66e-05  step=1.00e+00
  it  394  L= 3.186915e+02  comp= 2.7533e+01 expr= 2.9116e+02 L+= 4.8080e-02 L-= 4.7787e-02  Keff=20.00(min 19.99)  gmin=4.68e-02  floor=0.0e+00  |dM|=1.66e-05  step=1.00e+00
  it  395  L= 3.186913e+02  comp= 2.7533e+01 expr= 2.9116e+02 L+= 4.8098e-02 L-= 4.7805e-02  Keff=20.00(min 19.99)  gmin=4.68e-02  floor=0.0e+00  |dM|=1.66e-05  step=1.00e+00
  it  396  L= 3.186911e+02  comp= 2.7533e+01 expr= 2.9116e+02 L+= 4.8116e-02 L-= 4.7820e-02  Keff=20.00(min 19.99)  gmin=4.68e-02  floor=0.0e+00  |dM|=1.66e-05  step=1.00e+00
  it  397  L= 3.186909e+02  comp= 2.7533e+01 expr= 2.9116e+02 L+= 4.8135e-02 L-= 4.7837e-02  Keff=20.00(min 19.99)  gmin=4.68e-02  floor=0.0e+00  |dM|=1.67e-05  step=1.00e+00
  it  398  L= 3.186908e+02  comp= 2.7533e+01 expr= 2.9116e+02 L+= 4.8150e-02 L-= 4.7852e-02  Keff=20.00(min 19.99)  gmin=4.68e-02  floor=0.0e+00  |dM|=1.67e-05  step=1.00e+00
  it  399  L= 3.186906e+02  comp= 2.7533e+01 expr= 2.9116e+02 L+= 4.8167e-02 L-= 4.7871e-02  Keff=20.00(min 19.99)  gmin=4.68e-02  floor=0.0e+00  |dM|=1.67e-05  step=1.00e+00
  it  400  L= 3.186905e+02  comp= 2.7533e+01 expr= 2.9116e+02 L+= 4.8185e-02 L-= 4.7884e-02  Keff=20.00(min 19.99)  gmin=4.68e-02  floor=0.0e+00  |dM|=1.67e-05  step=1.00e+00
  it  401  L= 3.186902e+02  comp= 2.7533e+01 expr= 2.9116e+02 L+= 4.8203e-02 L-= 4.7902e-02  Keff=20.00(min 19.99)  gmin=4.68e-02  floor=0.0e+00  |dM|=1.67e-05  step=1.00e+00
  it  402  L= 3.186901e+02  comp= 2.7533e+01 expr= 2.9116e+02 L+= 4.8221e-02 L-= 4.7918e-02  Keff=20.00(min 19.99)  gmin=4.68e-02  floor=0.0e+00  |dM|=1.68e-05  step=1.00e+00
  it  403  L= 3.186899e+02  comp= 2.7533e+01 expr= 2.9116e+02 L+= 4.8239e-02 L-= 4.7933e-02  Keff=20.00(min 19.99)  gmin=4.68e-02  floor=0.0e+00  |dM|=1.68e-05  step=1.00e+00
  it  404  L= 3.186898e+02  comp= 2.7533e+01 expr= 2.9116e+02 L+= 4.8257e-02 L-= 4.7953e-02  Keff=20.00(min 19.99)  gmin=4.68e-02  floor=0.0e+00  |dM|=1.68e-05  step=1.00e+00
  it  405  L= 3.186896e+02  comp= 2.7533e+01 expr= 2.9116e+02 L+= 4.8273e-02 L-= 4.7966e-02  Keff=20.00(min 19.99)  gmin=4.68e-02  floor=0.0e+00  |dM|=1.68e-05  step=1.00e+00
  it  406  L= 3.186894e+02  comp= 2.7533e+01 expr= 2.9116e+02 L+= 4.8291e-02 L-= 4.7985e-02  Keff=20.00(min 19.99)  gmin=4.68e-02  floor=0.0e+00  |dM|=1.68e-05  step=1.00e+00
  it  407  L= 3.186892e+02  comp= 2.7533e+01 expr= 2.9116e+02 L+= 4.8308e-02 L-= 4.8001e-02  Keff=20.00(min 19.99)  gmin=4.68e-02  floor=0.0e+00  |dM|=1.69e-05  step=1.00e+00
  it  408  L= 3.186891e+02  comp= 2.7533e+01 expr= 2.9116e+02 L+= 4.8327e-02 L-= 4.8018e-02  Keff=20.00(min 19.99)  gmin=4.68e-02  floor=0.0e+00  |dM|=1.69e-05  step=1.00e+00
  it  409  L= 3.186889e+02  comp= 2.7533e+01 expr= 2.9116e+02 L+= 4.8344e-02 L-= 4.8035e-02  Keff=20.00(min 19.99)  gmin=4.68e-02  floor=0.0e+00  |dM|=1.69e-05  step=1.00e+00
  it  410  L= 3.186888e+02  comp= 2.7533e+01 expr= 2.9116e+02 L+= 4.8361e-02 L-= 4.8051e-02  Keff=20.00(min 19.99)  gmin=4.68e-02  floor=0.0e+00  |dM|=1.69e-05  step=1.00e+00
  it  411  L= 3.186886e+02  comp= 2.7533e+01 expr= 2.9116e+02 L+= 4.8379e-02 L-= 4.8068e-02  Keff=20.00(min 19.99)  gmin=4.68e-02  floor=0.0e+00  |dM|=1.69e-05  step=1.00e+00
  it  412  L= 3.186884e+02  comp= 2.7533e+01 expr= 2.9116e+02 L+= 4.8399e-02 L-= 4.8086e-02  Keff=20.00(min 19.99)  gmin=4.68e-02  floor=0.0e+00  |dM|=1.70e-05  step=1.00e+00
  it  413  L= 3.186882e+02  comp= 2.7533e+01 expr= 2.9115e+02 L+= 4.8415e-02 L-= 4.8101e-02  Keff=20.00(min 19.99)  gmin=4.68e-02  floor=0.0e+00  |dM|=1.70e-05  step=1.00e+00
  it  414  L= 3.186881e+02  comp= 2.7533e+01 expr= 2.9115e+02 L+= 4.8435e-02 L-= 4.8120e-02  Keff=20.00(min 19.99)  gmin=4.68e-02  floor=0.0e+00  |dM|=1.70e-05  step=1.00e+00
  it  415  L= 3.186879e+02  comp= 2.7533e+01 expr= 2.9115e+02 L+= 4.8452e-02 L-= 4.8137e-02  Keff=20.00(min 19.99)  gmin=4.68e-02  floor=0.0e+00  |dM|=1.70e-05  step=1.00e+00
  it  416  L= 3.186877e+02  comp= 2.7533e+01 expr= 2.9115e+02 L+= 4.8468e-02 L-= 4.8154e-02  Keff=20.00(min 19.99)  gmin=4.68e-02  floor=0.0e+00  |dM|=1.70e-05  step=1.00e+00
  it  417  L= 3.186876e+02  comp= 2.7533e+01 expr= 2.9115e+02 L+= 4.8489e-02 L-= 4.8169e-02  Keff=20.00(min 19.99)  gmin=4.68e-02  floor=0.0e+00  |dM|=1.71e-05  step=1.00e+00
  it  418  L= 3.186874e+02  comp= 2.7533e+01 expr= 2.9115e+02 L+= 4.8507e-02 L-= 4.8186e-02  Keff=20.00(min 19.99)  gmin=4.68e-02  floor=0.0e+00  |dM|=1.71e-05  step=1.00e+00
  it  419  L= 3.186872e+02  comp= 2.7533e+01 expr= 2.9115e+02 L+= 4.8525e-02 L-= 4.8203e-02  Keff=20.00(min 19.99)  gmin=4.68e-02  floor=0.0e+00  |dM|=1.71e-05  step=1.00e+00
  it  420  L= 3.186870e+02  comp= 2.7533e+01 expr= 2.9115e+02 L+= 4.8541e-02 L-= 4.8220e-02  Keff=20.00(min 19.99)  gmin=4.68e-02  floor=0.0e+00  |dM|=1.71e-05  step=1.00e+00
  it  421  L= 3.186869e+02  comp= 2.7533e+01 expr= 2.9115e+02 L+= 4.8562e-02 L-= 4.8238e-02  Keff=20.00(min 19.99)  gmin=4.68e-02  floor=0.0e+00  |dM|=1.71e-05  step=1.00e+00
  it  422  L= 3.186867e+02  comp= 2.7533e+01 expr= 2.9115e+02 L+= 4.8579e-02 L-= 4.8256e-02  Keff=20.00(min 19.99)  gmin=4.68e-02  floor=0.0e+00  |dM|=1.72e-05  step=1.00e+00
  it  423  L= 3.186865e+02  comp= 2.7533e+01 expr= 2.9115e+02 L+= 4.8597e-02 L-= 4.8272e-02  Keff=20.00(min 19.99)  gmin=4.68e-02  floor=0.0e+00  |dM|=1.72e-05  step=1.00e+00
  it  424  L= 3.186863e+02  comp= 2.7533e+01 expr= 2.9115e+02 L+= 4.8618e-02 L-= 4.8289e-02  Keff=20.00(min 19.99)  gmin=4.68e-02  floor=0.0e+00  |dM|=1.72e-05  step=1.00e+00
  it  425  L= 3.186862e+02  comp= 2.7533e+01 expr= 2.9115e+02 L+= 4.8635e-02 L-= 4.8307e-02  Keff=20.00(min 19.99)  gmin=4.68e-02  floor=0.0e+00  |dM|=1.72e-05  step=1.00e+00
  it  426  L= 3.186860e+02  comp= 2.7533e+01 expr= 2.9115e+02 L+= 4.8651e-02 L-= 4.8324e-02  Keff=20.00(min 19.99)  gmin=4.68e-02  floor=0.0e+00  |dM|=1.72e-05  step=1.00e+00
  it  427  L= 3.186858e+02  comp= 2.7533e+01 expr= 2.9115e+02 L+= 4.8671e-02 L-= 4.8342e-02  Keff=20.00(min 19.99)  gmin=4.68e-02  floor=0.0e+00  |dM|=1.73e-05  step=1.00e+00
  it  428  L= 3.186856e+02  comp= 2.7533e+01 expr= 2.9115e+02 L+= 4.8688e-02 L-= 4.8358e-02  Keff=20.00(min 19.99)  gmin=4.68e-02  floor=0.0e+00  |dM|=1.73e-05  step=1.00e+00
  it  429  L= 3.186855e+02  comp= 2.7533e+01 expr= 2.9115e+02 L+= 4.8707e-02 L-= 4.8375e-02  Keff=20.00(min 19.99)  gmin=4.68e-02  floor=0.0e+00  |dM|=1.73e-05  step=1.00e+00
  it  430  L= 3.186853e+02  comp= 2.7533e+01 expr= 2.9115e+02 L+= 4.8725e-02 L-= 4.8393e-02  Keff=20.00(min 19.99)  gmin=4.68e-02  floor=0.0e+00  |dM|=1.73e-05  step=1.00e+00
  it  431  L= 3.186851e+02  comp= 2.7533e+01 expr= 2.9115e+02 L+= 4.8743e-02 L-= 4.8409e-02  Keff=20.00(min 19.99)  gmin=4.68e-02  floor=0.0e+00  |dM|=1.73e-05  step=1.00e+00
  it  432  L= 3.186849e+02  comp= 2.7533e+01 expr= 2.9115e+02 L+= 4.8760e-02 L-= 4.8427e-02  Keff=20.00(min 19.99)  gmin=4.68e-02  floor=0.0e+00  |dM|=1.74e-05  step=1.00e+00
  it  433  L= 3.186848e+02  comp= 2.7533e+01 expr= 2.9115e+02 L+= 4.8779e-02 L-= 4.8445e-02  Keff=20.00(min 19.99)  gmin=4.68e-02  floor=0.0e+00  |dM|=1.74e-05  step=1.00e+00
  it  434  L= 3.186846e+02  comp= 2.7533e+01 expr= 2.9115e+02 L+= 4.8798e-02 L-= 4.8462e-02  Keff=20.00(min 19.99)  gmin=4.68e-02  floor=0.0e+00  |dM|=1.74e-05  step=1.00e+00
  it  435  L= 3.186844e+02  comp= 2.7533e+01 expr= 2.9115e+02 L+= 4.8815e-02 L-= 4.8478e-02  Keff=20.00(min 19.99)  gmin=4.68e-02  floor=0.0e+00  |dM|=1.74e-05  step=1.00e+00
  it  436  L= 3.186843e+02  comp= 2.7533e+01 expr= 2.9115e+02 L+= 4.8835e-02 L-= 4.8496e-02  Keff=20.00(min 19.99)  gmin=4.68e-02  floor=0.0e+00  |dM|=1.74e-05  step=1.00e+00
  it  437  L= 3.186841e+02  comp= 2.7533e+01 expr= 2.9115e+02 L+= 4.8854e-02 L-= 4.8511e-02  Keff=20.00(min 19.99)  gmin=4.68e-02  floor=0.0e+00  |dM|=1.75e-05  step=1.00e+00
  it  438  L= 3.186838e+02  comp= 2.7533e+01 expr= 2.9115e+02 L+= 4.8869e-02 L-= 4.8530e-02  Keff=20.00(min 19.99)  gmin=4.68e-02  floor=0.0e+00  |dM|=1.75e-05  step=1.00e+00
  it  439  L= 3.186837e+02  comp= 2.7533e+01 expr= 2.9115e+02 L+= 4.8889e-02 L-= 4.8548e-02  Keff=20.00(min 19.99)  gmin=4.68e-02  floor=0.0e+00  |dM|=1.75e-05  step=1.00e+00
  it  440  L= 3.186835e+02  comp= 2.7533e+01 expr= 2.9115e+02 L+= 4.8908e-02 L-= 4.8564e-02  Keff=20.00(min 19.99)  gmin=4.68e-02  floor=0.0e+00  |dM|=1.75e-05  step=1.00e+00
  it  441  L= 3.186833e+02  comp= 2.7533e+01 expr= 2.9115e+02 L+= 4.8927e-02 L-= 4.8582e-02  Keff=20.00(min 19.99)  gmin=4.68e-02  floor=0.0e+00  |dM|=1.76e-05  step=1.00e+00
  it  442  L= 3.186832e+02  comp= 2.7533e+01 expr= 2.9115e+02 L+= 4.8946e-02 L-= 4.8599e-02  Keff=20.00(min 19.99)  gmin=4.68e-02  floor=0.0e+00  |dM|=1.76e-05  step=1.00e+00
  it  443  L= 3.186830e+02  comp= 2.7533e+01 expr= 2.9115e+02 L+= 4.8964e-02 L-= 4.8617e-02  Keff=20.00(min 19.99)  gmin=4.68e-02  floor=0.0e+00  |dM|=1.76e-05  step=1.00e+00
  it  444  L= 3.186828e+02  comp= 2.7533e+01 expr= 2.9115e+02 L+= 4.8981e-02 L-= 4.8635e-02  Keff=20.00(min 19.99)  gmin=4.68e-02  floor=0.0e+00  |dM|=1.76e-05  step=1.00e+00
  it  445  L= 3.186826e+02  comp= 2.7533e+01 expr= 2.9115e+02 L+= 4.9001e-02 L-= 4.8651e-02  Keff=20.00(min 19.99)  gmin=4.68e-02  floor=0.0e+00  |dM|=1.76e-05  step=1.00e+00
  it  446  L= 3.186825e+02  comp= 2.7533e+01 expr= 2.9115e+02 L+= 4.9019e-02 L-= 4.8671e-02  Keff=20.00(min 19.99)  gmin=4.68e-02  floor=0.0e+00  |dM|=1.77e-05  step=1.00e+00
  it  447  L= 3.186823e+02  comp= 2.7533e+01 expr= 2.9115e+02 L+= 4.9039e-02 L-= 4.8688e-02  Keff=20.00(min 19.99)  gmin=4.68e-02  floor=0.0e+00  |dM|=1.77e-05  step=1.00e+00
  it  448  L= 3.186821e+02  comp= 2.7533e+01 expr= 2.9115e+02 L+= 4.9056e-02 L-= 4.8705e-02  Keff=20.00(min 19.99)  gmin=4.68e-02  floor=0.0e+00  |dM|=1.77e-05  step=1.00e+00
  it  449  L= 3.186819e+02  comp= 2.7533e+01 expr= 2.9115e+02 L+= 4.9076e-02 L-= 4.8724e-02  Keff=20.00(min 19.99)  gmin=4.68e-02  floor=0.0e+00  |dM|=1.77e-05  step=1.00e+00
  it  450  L= 3.186818e+02  comp= 2.7533e+01 expr= 2.9115e+02 L+= 4.9095e-02 L-= 4.8742e-02  Keff=20.00(min 19.99)  gmin=4.68e-02  floor=0.0e+00  |dM|=1.77e-05  step=1.00e+00
  it  451  L= 3.186815e+02  comp= 2.7533e+01 expr= 2.9115e+02 L+= 4.9112e-02 L-= 4.8759e-02  Keff=20.00(min 19.99)  gmin=4.68e-02  floor=0.0e+00  |dM|=1.78e-05  step=1.00e+00
  it  452  L= 3.186814e+02  comp= 2.7533e+01 expr= 2.9115e+02 L+= 4.9133e-02 L-= 4.8774e-02  Keff=20.00(min 19.99)  gmin=4.68e-02  floor=0.0e+00  |dM|=1.78e-05  step=1.00e+00
  it  453  L= 3.186812e+02  comp= 2.7533e+01 expr= 2.9115e+02 L+= 4.9151e-02 L-= 4.8795e-02  Keff=20.00(min 19.99)  gmin=4.68e-02  floor=0.0e+00  |dM|=1.78e-05  step=1.00e+00
  it  454  L= 3.186810e+02  comp= 2.7533e+01 expr= 2.9115e+02 L+= 4.9169e-02 L-= 4.8812e-02  Keff=20.00(min 19.99)  gmin=4.68e-02  floor=0.0e+00  |dM|=1.78e-05  step=1.00e+00
  it  455  L= 3.186808e+02  comp= 2.7533e+01 expr= 2.9115e+02 L+= 4.9189e-02 L-= 4.8830e-02  Keff=20.00(min 19.99)  gmin=4.68e-02  floor=0.0e+00  |dM|=1.79e-05  step=1.00e+00
  it  456  L= 3.186806e+02  comp= 2.7533e+01 expr= 2.9115e+02 L+= 4.9207e-02 L-= 4.8844e-02  Keff=20.00(min 19.99)  gmin=4.68e-02  floor=0.0e+00  |dM|=1.79e-05  step=1.00e+00
  it  457  L= 3.186805e+02  comp= 2.7533e+01 expr= 2.9115e+02 L+= 4.9226e-02 L-= 4.8864e-02  Keff=20.00(min 19.99)  gmin=4.68e-02  floor=0.0e+00  |dM|=1.79e-05  step=1.00e+00
  it  458  L= 3.186802e+02  comp= 2.7533e+01 expr= 2.9115e+02 L+= 4.9245e-02 L-= 4.8880e-02  Keff=20.00(min 19.99)  gmin=4.68e-02  floor=0.0e+00  |dM|=1.79e-05  step=1.00e+00
  it  459  L= 3.186801e+02  comp= 2.7533e+01 expr= 2.9115e+02 L+= 4.9265e-02 L-= 4.8901e-02  Keff=20.00(min 19.99)  gmin=4.68e-02  floor=0.0e+00  |dM|=1.79e-05  step=1.00e+00
  it  460  L= 3.186799e+02  comp= 2.7533e+01 expr= 2.9115e+02 L+= 4.9282e-02 L-= 4.8918e-02  Keff=20.00(min 19.99)  gmin=4.68e-02  floor=0.0e+00  |dM|=1.80e-05  step=1.00e+00
  it  461  L= 3.186797e+02  comp= 2.7533e+01 expr= 2.9115e+02 L+= 4.9300e-02 L-= 4.8935e-02  Keff=20.00(min 19.99)  gmin=4.68e-02  floor=0.0e+00  |dM|=1.80e-05  step=1.00e+00
  it  462  L= 3.186795e+02  comp= 2.7533e+01 expr= 2.9115e+02 L+= 4.9320e-02 L-= 4.8954e-02  Keff=20.00(min 19.99)  gmin=4.68e-02  floor=0.0e+00  |dM|=1.80e-05  step=1.00e+00
  it  463  L= 3.186794e+02  comp= 2.7533e+01 expr= 2.9115e+02 L+= 4.9340e-02 L-= 4.8972e-02  Keff=20.00(min 19.99)  gmin=4.68e-02  floor=0.0e+00  |dM|=1.80e-05  step=1.00e+00
  it  464  L= 3.186792e+02  comp= 2.7533e+01 expr= 2.9115e+02 L+= 4.9357e-02 L-= 4.8988e-02  Keff=20.00(min 19.99)  gmin=4.68e-02  floor=0.0e+00  |dM|=1.81e-05  step=1.00e+00
  it  465  L= 3.186790e+02  comp= 2.7533e+01 expr= 2.9115e+02 L+= 4.9378e-02 L-= 4.9008e-02  Keff=20.00(min 19.99)  gmin=4.68e-02  floor=0.0e+00  |dM|=1.81e-05  step=1.00e+00
  it  466  L= 3.186788e+02  comp= 2.7533e+01 expr= 2.9115e+02 L+= 4.9396e-02 L-= 4.9024e-02  Keff=20.00(min 19.99)  gmin=4.68e-02  floor=0.0e+00  |dM|=1.81e-05  step=1.00e+00
  it  467  L= 3.186786e+02  comp= 2.7533e+01 expr= 2.9115e+02 L+= 4.9415e-02 L-= 4.9040e-02  Keff=20.00(min 19.99)  gmin=4.68e-02  floor=0.0e+00  |dM|=1.81e-05  step=1.00e+00
  it  468  L= 3.186785e+02  comp= 2.7533e+01 expr= 2.9115e+02 L+= 4.9436e-02 L-= 4.9061e-02  Keff=20.00(min 19.99)  gmin=4.68e-02  floor=0.0e+00  |dM|=1.81e-05  step=1.00e+00
  it  469  L= 3.186783e+02  comp= 2.7533e+01 expr= 2.9114e+02 L+= 4.9455e-02 L-= 4.9080e-02  Keff=20.00(min 19.99)  gmin=4.68e-02  floor=0.0e+00  |dM|=1.82e-05  step=1.00e+00
  it  470  L= 3.186781e+02  comp= 2.7533e+01 expr= 2.9114e+02 L+= 4.9474e-02 L-= 4.9099e-02  Keff=20.00(min 19.99)  gmin=4.68e-02  floor=0.0e+00  |dM|=1.82e-05  step=1.00e+00
  it  471  L= 3.186779e+02  comp= 2.7533e+01 expr= 2.9114e+02 L+= 4.9496e-02 L-= 4.9116e-02  Keff=20.00(min 19.99)  gmin=4.68e-02  floor=0.0e+00  |dM|=1.82e-05  step=1.00e+00
  it  472  L= 3.186777e+02  comp= 2.7533e+01 expr= 2.9114e+02 L+= 4.9514e-02 L-= 4.9134e-02  Keff=20.00(min 19.99)  gmin=4.68e-02  floor=0.0e+00  |dM|=1.82e-05  step=1.00e+00
  it  473  L= 3.186775e+02  comp= 2.7533e+01 expr= 2.9114e+02 L+= 4.9530e-02 L-= 4.9150e-02  Keff=20.00(min 19.99)  gmin=4.68e-02  floor=0.0e+00  |dM|=1.83e-05  step=1.00e+00
  it  474  L= 3.186773e+02  comp= 2.7533e+01 expr= 2.9114e+02 L+= 4.9552e-02 L-= 4.9169e-02  Keff=20.00(min 19.99)  gmin=4.68e-02  floor=0.0e+00  |dM|=1.83e-05  step=1.00e+00
  it  475  L= 3.186771e+02  comp= 2.7533e+01 expr= 2.9114e+02 L+= 4.9570e-02 L-= 4.9189e-02  Keff=20.00(min 19.99)  gmin=4.68e-02  floor=0.0e+00  |dM|=1.83e-05  step=1.00e+00
  it  476  L= 3.186769e+02  comp= 2.7533e+01 expr= 2.9114e+02 L+= 4.9588e-02 L-= 4.9204e-02  Keff=20.00(min 19.99)  gmin=4.68e-02  floor=0.0e+00  |dM|=1.83e-05  step=1.00e+00
  it  477  L= 3.186768e+02  comp= 2.7533e+01 expr= 2.9114e+02 L+= 4.9607e-02 L-= 4.9222e-02  Keff=20.00(min 19.99)  gmin=4.68e-02  floor=0.0e+00  |dM|=1.83e-05  step=1.00e+00
  it  478  L= 3.186766e+02  comp= 2.7533e+01 expr= 2.9114e+02 L+= 4.9627e-02 L-= 4.9240e-02  Keff=20.00(min 19.99)  gmin=4.68e-02  floor=0.0e+00  |dM|=1.84e-05  step=1.00e+00
  it  479  L= 3.186764e+02  comp= 2.7533e+01 expr= 2.9114e+02 L+= 4.9648e-02 L-= 4.9260e-02  Keff=20.00(min 19.99)  gmin=4.68e-02  floor=0.0e+00  |dM|=1.84e-05  step=1.00e+00
  it  480  L= 3.186762e+02  comp= 2.7533e+01 expr= 2.9114e+02 L+= 4.9666e-02 L-= 4.9278e-02  Keff=20.00(min 19.99)  gmin=4.68e-02  floor=0.0e+00  |dM|=1.84e-05  step=1.00e+00
  it  481  L= 3.186760e+02  comp= 2.7533e+01 expr= 2.9114e+02 L+= 4.9684e-02 L-= 4.9295e-02  Keff=20.00(min 19.99)  gmin=4.68e-02  floor=0.0e+00  |dM|=1.84e-05  step=1.00e+00
  it  482  L= 3.186758e+02  comp= 2.7533e+01 expr= 2.9114e+02 L+= 4.9705e-02 L-= 4.9312e-02  Keff=20.00(min 19.99)  gmin=4.68e-02  floor=0.0e+00  |dM|=1.85e-05  step=1.00e+00
  it  483  L= 3.186756e+02  comp= 2.7533e+01 expr= 2.9114e+02 L+= 4.9726e-02 L-= 4.9332e-02  Keff=20.00(min 19.99)  gmin=4.68e-02  floor=0.0e+00  |dM|=1.85e-05  step=1.00e+00
  it  484  L= 3.186755e+02  comp= 2.7533e+01 expr= 2.9114e+02 L+= 4.9745e-02 L-= 4.9351e-02  Keff=20.00(min 19.99)  gmin=4.68e-02  floor=0.0e+00  |dM|=1.85e-05  step=1.00e+00
  it  485  L= 3.186753e+02  comp= 2.7533e+01 expr= 2.9114e+02 L+= 4.9764e-02 L-= 4.9371e-02  Keff=20.00(min 19.99)  gmin=4.68e-02  floor=0.0e+00  |dM|=1.85e-05  step=1.00e+00
  it  486  L= 3.186751e+02  comp= 2.7533e+01 expr= 2.9114e+02 L+= 4.9782e-02 L-= 4.9388e-02  Keff=20.00(min 19.99)  gmin=4.68e-02  floor=0.0e+00  |dM|=1.85e-05  step=1.00e+00
  it  487  L= 3.186749e+02  comp= 2.7533e+01 expr= 2.9114e+02 L+= 4.9803e-02 L-= 4.9405e-02  Keff=20.00(min 19.99)  gmin=4.68e-02  floor=0.0e+00  |dM|=1.86e-05  step=1.00e+00
  it  488  L= 3.186747e+02  comp= 2.7533e+01 expr= 2.9114e+02 L+= 4.9823e-02 L-= 4.9428e-02  Keff=20.00(min 19.99)  gmin=4.68e-02  floor=0.0e+00  |dM|=1.86e-05  step=1.00e+00
  it  489  L= 3.186745e+02  comp= 2.7533e+01 expr= 2.9114e+02 L+= 4.9842e-02 L-= 4.9443e-02  Keff=20.00(min 19.99)  gmin=4.68e-02  floor=0.0e+00  |dM|=1.86e-05  step=1.00e+00
  it  490  L= 3.186743e+02  comp= 2.7533e+01 expr= 2.9114e+02 L+= 4.9862e-02 L-= 4.9462e-02  Keff=20.00(min 19.99)  gmin=4.68e-02  floor=0.0e+00  |dM|=1.86e-05  step=1.00e+00
  it  491  L= 3.186741e+02  comp= 2.7533e+01 expr= 2.9114e+02 L+= 4.9881e-02 L-= 4.9481e-02  Keff=20.00(min 19.99)  gmin=4.68e-02  floor=0.0e+00  |dM|=1.87e-05  step=1.00e+00
  it  492  L= 3.186739e+02  comp= 2.7533e+01 expr= 2.9114e+02 L+= 4.9901e-02 L-= 4.9499e-02  Keff=20.00(min 19.99)  gmin=4.68e-02  floor=0.0e+00  |dM|=1.87e-05  step=1.00e+00
  it  493  L= 3.186737e+02  comp= 2.7533e+01 expr= 2.9114e+02 L+= 4.9922e-02 L-= 4.9518e-02  Keff=20.00(min 19.99)  gmin=4.68e-02  floor=0.0e+00  |dM|=1.87e-05  step=1.00e+00
  it  494  L= 3.186736e+02  comp= 2.7533e+01 expr= 2.9114e+02 L+= 4.9940e-02 L-= 4.9536e-02  Keff=20.00(min 19.99)  gmin=4.68e-02  floor=0.0e+00  |dM|=1.87e-05  step=1.00e+00
  it  495  L= 3.186733e+02  comp= 2.7533e+01 expr= 2.9114e+02 L+= 4.9960e-02 L-= 4.9555e-02  Keff=20.00(min 19.99)  gmin=4.68e-02  floor=0.0e+00  |dM|=1.88e-05  step=1.00e+00
  it  496  L= 3.186732e+02  comp= 2.7533e+01 expr= 2.9114e+02 L+= 4.9979e-02 L-= 4.9572e-02  Keff=20.00(min 19.99)  gmin=4.68e-02  floor=0.0e+00  |dM|=1.88e-05  step=1.00e+00
  it  497  L= 3.186730e+02  comp= 2.7533e+01 expr= 2.9114e+02 L+= 5.0000e-02 L-= 4.9590e-02  Keff=20.00(min 19.99)  gmin=4.68e-02  floor=0.0e+00  |dM|=1.88e-05  step=1.00e+00
  it  498  L= 3.186728e+02  comp= 2.7533e+01 expr= 2.9114e+02 L+= 5.0020e-02 L-= 4.9609e-02  Keff=20.00(min 19.99)  gmin=4.68e-02  floor=0.0e+00  |dM|=1.88e-05  step=1.00e+00
  it  499  L= 3.186725e+02  comp= 2.7533e+01 expr= 2.9114e+02 L+= 5.0038e-02 L-= 4.9629e-02  Keff=20.00(min 19.99)  gmin=4.68e-02  floor=0.0e+00  |dM|=1.88e-05  step=1.00e+00
  it  500  L= 3.186723e+02  comp= 2.7533e+01 expr= 2.9114e+02 L+= 5.0060e-02 L-= 4.9649e-02  Keff=20.00(min 19.99)  gmin=4.68e-02  floor=0.0e+00  |dM|=1.89e-05  step=1.00e+00
  it  501  L= 3.186722e+02  comp= 2.7533e+01 expr= 2.9114e+02 L+= 5.0078e-02 L-= 4.9667e-02  Keff=20.00(min 19.99)  gmin=4.68e-02  floor=0.0e+00  |dM|=1.89e-05  step=1.00e+00
  it  502  L= 3.186720e+02  comp= 2.7533e+01 expr= 2.9114e+02 L+= 5.0099e-02 L-= 4.9685e-02  Keff=20.00(min 19.99)  gmin=4.68e-02  floor=0.0e+00  |dM|=1.89e-05  step=1.00e+00
  it  503  L= 3.186718e+02  comp= 2.7533e+01 expr= 2.9114e+02 L+= 5.0117e-02 L-= 4.9704e-02  Keff=20.00(min 19.99)  gmin=4.68e-02  floor=0.0e+00  |dM|=1.89e-05  step=1.00e+00
  it  504  L= 3.186716e+02  comp= 2.7533e+01 expr= 2.9114e+02 L+= 5.0139e-02 L-= 4.9724e-02  Keff=20.00(min 19.99)  gmin=4.68e-02  floor=0.0e+00  |dM|=1.90e-05  step=1.00e+00
  it  505  L= 3.186714e+02  comp= 2.7533e+01 expr= 2.9114e+02 L+= 5.0158e-02 L-= 4.9742e-02  Keff=20.00(min 19.99)  gmin=4.68e-02  floor=0.0e+00  |dM|=1.90e-05  step=1.00e+00
  it  506  L= 3.186712e+02  comp= 2.7533e+01 expr= 2.9114e+02 L+= 5.0179e-02 L-= 4.9760e-02  Keff=20.00(min 19.99)  gmin=4.68e-02  floor=0.0e+00  |dM|=1.90e-05  step=1.00e+00
  it  507  L= 3.186710e+02  comp= 2.7533e+01 expr= 2.9114e+02 L+= 5.0199e-02 L-= 4.9778e-02  Keff=20.00(min 19.99)  gmin=4.68e-02  floor=0.0e+00  |dM|=1.90e-05  step=1.00e+00
  it  508  L= 3.186708e+02  comp= 2.7533e+01 expr= 2.9114e+02 L+= 5.0221e-02 L-= 4.9798e-02  Keff=20.00(min 19.99)  gmin=4.68e-02  floor=0.0e+00  |dM|=1.91e-05  step=1.00e+00
  it  509  L= 3.186706e+02  comp= 2.7533e+01 expr= 2.9114e+02 L+= 5.0239e-02 L-= 4.9816e-02  Keff=20.00(min 19.99)  gmin=4.68e-02  floor=0.0e+00  |dM|=1.91e-05  step=1.00e+00
  it  510  L= 3.186704e+02  comp= 2.7533e+01 expr= 2.9114e+02 L+= 5.0260e-02 L-= 4.9835e-02  Keff=20.00(min 19.99)  gmin=4.68e-02  floor=0.0e+00  |dM|=1.91e-05  step=1.00e+00
  it  511  L= 3.186702e+02  comp= 2.7533e+01 expr= 2.9114e+02 L+= 5.0281e-02 L-= 4.9854e-02  Keff=20.00(min 19.99)  gmin=4.68e-02  floor=0.0e+00  |dM|=1.91e-05  step=1.00e+00
  it  512  L= 3.186700e+02  comp= 2.7533e+01 expr= 2.9114e+02 L+= 5.0298e-02 L-= 4.9873e-02  Keff=20.00(min 19.99)  gmin=4.68e-02  floor=0.0e+00  |dM|=1.92e-05  step=1.00e+00
  it  513  L= 3.186698e+02  comp= 2.7533e+01 expr= 2.9114e+02 L+= 5.0319e-02 L-= 4.9893e-02  Keff=20.00(min 19.99)  gmin=4.68e-02  floor=0.0e+00  |dM|=1.92e-05  step=1.00e+00
  it  514  L= 3.186696e+02  comp= 2.7533e+01 expr= 2.9114e+02 L+= 5.0341e-02 L-= 4.9912e-02  Keff=20.00(min 19.99)  gmin=4.68e-02  floor=0.0e+00  |dM|=1.92e-05  step=1.00e+00
  it  515  L= 3.186694e+02  comp= 2.7533e+01 expr= 2.9114e+02 L+= 5.0360e-02 L-= 4.9932e-02  Keff=20.00(min 19.99)  gmin=4.68e-02  floor=0.0e+00  |dM|=1.92e-05  step=1.00e+00
  it  516  L= 3.186692e+02  comp= 2.7533e+01 expr= 2.9114e+02 L+= 5.0382e-02 L-= 4.9952e-02  Keff=20.00(min 19.99)  gmin=4.68e-02  floor=0.0e+00  |dM|=1.93e-05  step=1.00e+00
  it  517  L= 3.186690e+02  comp= 2.7533e+01 expr= 2.9114e+02 L+= 5.0403e-02 L-= 4.9969e-02  Keff=20.00(min 19.99)  gmin=4.68e-02  floor=0.0e+00  |dM|=1.93e-05  step=1.00e+00
  it  518  L= 3.186688e+02  comp= 2.7533e+01 expr= 2.9114e+02 L+= 5.0422e-02 L-= 4.9989e-02  Keff=20.00(min 19.99)  gmin=4.68e-02  floor=0.0e+00  |dM|=1.93e-05  step=1.00e+00
  it  519  L= 3.186686e+02  comp= 2.7533e+01 expr= 2.9114e+02 L+= 5.0442e-02 L-= 5.0008e-02  Keff=20.00(min 19.99)  gmin=4.68e-02  floor=0.0e+00  |dM|=1.93e-05  step=1.00e+00
  it  520  L= 3.186684e+02  comp= 2.7533e+01 expr= 2.9114e+02 L+= 5.0464e-02 L-= 5.0027e-02  Keff=20.00(min 19.99)  gmin=4.68e-02  floor=0.0e+00  |dM|=1.94e-05  step=1.00e+00
  it  521  L= 3.186682e+02  comp= 2.7533e+01 expr= 2.9113e+02 L+= 5.0484e-02 L-= 5.0045e-02  Keff=20.00(min 19.99)  gmin=4.68e-02  floor=0.0e+00  |dM|=1.94e-05  step=1.00e+00
  it  522  L= 3.186680e+02  comp= 2.7533e+01 expr= 2.9113e+02 L+= 5.0504e-02 L-= 5.0066e-02  Keff=20.00(min 19.99)  gmin=4.68e-02  floor=0.0e+00  |dM|=1.94e-05  step=1.00e+00
  it  523  L= 3.186678e+02  comp= 2.7533e+01 expr= 2.9113e+02 L+= 5.0523e-02 L-= 5.0085e-02  Keff=20.00(min 19.99)  gmin=4.68e-02  floor=0.0e+00  |dM|=1.94e-05  step=1.00e+00
  it  524  L= 3.186676e+02  comp= 2.7533e+01 expr= 2.9113e+02 L+= 5.0545e-02 L-= 5.0103e-02  Keff=20.00(min 19.99)  gmin=4.68e-02  floor=0.0e+00  |dM|=1.95e-05  step=1.00e+00
  it  525  L= 3.186674e+02  comp= 2.7533e+01 expr= 2.9113e+02 L+= 5.0565e-02 L-= 5.0124e-02  Keff=20.00(min 19.99)  gmin=4.68e-02  floor=0.0e+00  |dM|=1.95e-05  step=1.00e+00
  it  526  L= 3.186672e+02  comp= 2.7533e+01 expr= 2.9113e+02 L+= 5.0584e-02 L-= 5.0144e-02  Keff=20.00(min 19.99)  gmin=4.68e-02  floor=0.0e+00  |dM|=1.95e-05  step=1.00e+00
  it  527  L= 3.186670e+02  comp= 2.7533e+01 expr= 2.9113e+02 L+= 5.0606e-02 L-= 5.0163e-02  Keff=20.00(min 19.99)  gmin=4.68e-02  floor=0.0e+00  |dM|=1.95e-05  step=1.00e+00
  it  528  L= 3.186668e+02  comp= 2.7533e+01 expr= 2.9113e+02 L+= 5.0626e-02 L-= 5.0180e-02  Keff=20.00(min 19.99)  gmin=4.68e-02  floor=0.0e+00  |dM|=1.95e-05  step=1.00e+00
  it  529  L= 3.186666e+02  comp= 2.7533e+01 expr= 2.9113e+02 L+= 5.0648e-02 L-= 5.0200e-02  Keff=20.00(min 19.99)  gmin=4.68e-02  floor=0.0e+00  |dM|=1.96e-05  step=1.00e+00
  it  530  L= 3.186664e+02  comp= 2.7533e+01 expr= 2.9113e+02 L+= 5.0668e-02 L-= 5.0220e-02  Keff=20.00(min 19.99)  gmin=4.68e-02  floor=0.0e+00  |dM|=1.96e-05  step=1.00e+00
  it  531  L= 3.186662e+02  comp= 2.7533e+01 expr= 2.9113e+02 L+= 5.0688e-02 L-= 5.0238e-02  Keff=20.00(min 19.99)  gmin=4.68e-02  floor=0.0e+00  |dM|=1.96e-05  step=1.00e+00
  it  532  L= 3.186660e+02  comp= 2.7533e+01 expr= 2.9113e+02 L+= 5.0709e-02 L-= 5.0258e-02  Keff=20.00(min 19.99)  gmin=4.68e-02  floor=0.0e+00  |dM|=1.96e-05  step=1.00e+00
  it  533  L= 3.186658e+02  comp= 2.7533e+01 expr= 2.9113e+02 L+= 5.0729e-02 L-= 5.0279e-02  Keff=20.00(min 19.99)  gmin=4.68e-02  floor=0.0e+00  |dM|=1.97e-05  step=1.00e+00
  it  534  L= 3.186656e+02  comp= 2.7533e+01 expr= 2.9113e+02 L+= 5.0749e-02 L-= 5.0297e-02  Keff=20.00(min 19.99)  gmin=4.68e-02  floor=0.0e+00  |dM|=1.97e-05  step=1.00e+00
  it  535  L= 3.186654e+02  comp= 2.7533e+01 expr= 2.9113e+02 L+= 5.0772e-02 L-= 5.0317e-02  Keff=20.00(min 19.99)  gmin=4.68e-02  floor=0.0e+00  |dM|=1.97e-05  step=1.00e+00
  it  536  L= 3.186652e+02  comp= 2.7533e+01 expr= 2.9113e+02 L+= 5.0793e-02 L-= 5.0334e-02  Keff=20.00(min 19.99)  gmin=4.68e-02  floor=0.0e+00  |dM|=1.97e-05  step=1.00e+00
  it  537  L= 3.186649e+02  comp= 2.7533e+01 expr= 2.9113e+02 L+= 5.0814e-02 L-= 5.0357e-02  Keff=20.00(min 19.99)  gmin=4.68e-02  floor=0.0e+00  |dM|=1.98e-05  step=1.00e+00
  it  538  L= 3.186648e+02  comp= 2.7533e+01 expr= 2.9113e+02 L+= 5.0834e-02 L-= 5.0376e-02  Keff=20.00(min 19.99)  gmin=4.68e-02  floor=0.0e+00  |dM|=1.98e-05  step=1.00e+00
  it  539  L= 3.186646e+02  comp= 2.7533e+01 expr= 2.9113e+02 L+= 5.0855e-02 L-= 5.0395e-02  Keff=20.00(min 19.99)  gmin=4.68e-02  floor=0.0e+00  |dM|=1.98e-05  step=1.00e+00
  it  540  L= 3.186644e+02  comp= 2.7533e+01 expr= 2.9113e+02 L+= 5.0875e-02 L-= 5.0415e-02  Keff=20.00(min 19.99)  gmin=4.68e-02  floor=0.0e+00  |dM|=1.98e-05  step=1.00e+00
  it  541  L= 3.186642e+02  comp= 2.7533e+01 expr= 2.9113e+02 L+= 5.0898e-02 L-= 5.0432e-02  Keff=20.00(min 19.99)  gmin=4.68e-02  floor=0.0e+00  |dM|=1.99e-05  step=1.00e+00
  it  542  L= 3.186639e+02  comp= 2.7533e+01 expr= 2.9113e+02 L+= 5.0918e-02 L-= 5.0454e-02  Keff=20.00(min 19.99)  gmin=4.68e-02  floor=0.0e+00  |dM|=1.99e-05  step=1.00e+00
  it  543  L= 3.186637e+02  comp= 2.7533e+01 expr= 2.9113e+02 L+= 5.0938e-02 L-= 5.0472e-02  Keff=20.00(min 19.99)  gmin=4.68e-02  floor=0.0e+00  |dM|=1.99e-05  step=1.00e+00
  it  544  L= 3.186635e+02  comp= 2.7533e+01 expr= 2.9113e+02 L+= 5.0959e-02 L-= 5.0494e-02  Keff=20.00(min 19.99)  gmin=4.68e-02  floor=0.0e+00  |dM|=2.00e-05  step=1.00e+00
  it  545  L= 3.186633e+02  comp= 2.7533e+01 expr= 2.9113e+02 L+= 5.0982e-02 L-= 5.0513e-02  Keff=20.00(min 19.99)  gmin=4.68e-02  floor=0.0e+00  |dM|=2.00e-05  step=1.00e+00
  it  546  L= 3.186631e+02  comp= 2.7533e+01 expr= 2.9113e+02 L+= 5.1002e-02 L-= 5.0534e-02  Keff=20.00(min 19.99)  gmin=4.68e-02  floor=0.0e+00  |dM|=2.00e-05  step=1.00e+00
  it  547  L= 3.186629e+02  comp= 2.7533e+01 expr= 2.9113e+02 L+= 5.1022e-02 L-= 5.0553e-02  Keff=20.00(min 19.99)  gmin=4.68e-02  floor=0.0e+00  |dM|=2.00e-05  step=1.00e+00
  it  548  L= 3.186627e+02  comp= 2.7533e+01 expr= 2.9113e+02 L+= 5.1044e-02 L-= 5.0574e-02  Keff=20.00(min 19.99)  gmin=4.68e-02  floor=0.0e+00  |dM|=2.01e-05  step=1.00e+00
  it  549  L= 3.186624e+02  comp= 2.7533e+01 expr= 2.9113e+02 L+= 5.1065e-02 L-= 5.0595e-02  Keff=20.00(min 19.99)  gmin=4.68e-02  floor=0.0e+00  |dM|=2.01e-05  step=1.00e+00
  it  550  L= 3.186623e+02  comp= 2.7533e+01 expr= 2.9113e+02 L+= 5.1086e-02 L-= 5.0612e-02  Keff=20.00(min 19.99)  gmin=4.68e-02  floor=0.0e+00  |dM|=2.01e-05  step=1.00e+00
  it  551  L= 3.186620e+02  comp= 2.7533e+01 expr= 2.9113e+02 L+= 5.1106e-02 L-= 5.0631e-02  Keff=20.00(min 19.99)  gmin=4.68e-02  floor=0.0e+00  |dM|=2.01e-05  step=1.00e+00
  it  552  L= 3.186619e+02  comp= 2.7533e+01 expr= 2.9113e+02 L+= 5.1128e-02 L-= 5.0652e-02  Keff=20.00(min 19.99)  gmin=4.68e-02  floor=0.0e+00  |dM|=2.02e-05  step=1.00e+00
  it  553  L= 3.186616e+02  comp= 2.7533e+01 expr= 2.9113e+02 L+= 5.1149e-02 L-= 5.0673e-02  Keff=20.00(min 19.99)  gmin=4.68e-02  floor=0.0e+00  |dM|=2.02e-05  step=1.00e+00
  it  554  L= 3.186614e+02  comp= 2.7533e+01 expr= 2.9113e+02 L+= 5.1170e-02 L-= 5.0692e-02  Keff=20.00(min 19.99)  gmin=4.68e-02  floor=0.0e+00  |dM|=2.02e-05  step=1.00e+00
  it  555  L= 3.186612e+02  comp= 2.7533e+01 expr= 2.9113e+02 L+= 5.1192e-02 L-= 5.0713e-02  Keff=20.00(min 19.99)  gmin=4.68e-02  floor=0.0e+00  |dM|=2.02e-05  step=1.00e+00
  it  556  L= 3.186610e+02  comp= 2.7533e+01 expr= 2.9113e+02 L+= 5.1214e-02 L-= 5.0732e-02  Keff=20.00(min 19.99)  gmin=4.68e-02  floor=0.0e+00  |dM|=2.03e-05  step=1.00e+00
  it  557  L= 3.186608e+02  comp= 2.7533e+01 expr= 2.9113e+02 L+= 5.1234e-02 L-= 5.0753e-02  Keff=20.00(min 19.99)  gmin=4.68e-02  floor=0.0e+00  |dM|=2.03e-05  step=1.00e+00
  it  558  L= 3.186606e+02  comp= 2.7533e+01 expr= 2.9113e+02 L+= 5.1257e-02 L-= 5.0772e-02  Keff=20.00(min 19.99)  gmin=4.68e-02  floor=0.0e+00  |dM|=2.03e-05  step=1.00e+00
  it  559  L= 3.186604e+02  comp= 2.7533e+01 expr= 2.9113e+02 L+= 5.1278e-02 L-= 5.0792e-02  Keff=20.00(min 19.99)  gmin=4.68e-02  floor=0.0e+00  |dM|=2.03e-05  step=1.00e+00
  it  560  L= 3.186601e+02  comp= 2.7533e+01 expr= 2.9113e+02 L+= 5.1299e-02 L-= 5.0812e-02  Keff=20.00(min 19.99)  gmin=4.68e-02  floor=0.0e+00  |dM|=2.04e-05  step=1.00e+00
  it  561  L= 3.186599e+02  comp= 2.7533e+01 expr= 2.9113e+02 L+= 5.1322e-02 L-= 5.0832e-02  Keff=20.00(min 19.99)  gmin=4.68e-02  floor=0.0e+00  |dM|=2.04e-05  step=1.00e+00
  it  562  L= 3.186597e+02  comp= 2.7533e+01 expr= 2.9113e+02 L+= 5.1342e-02 L-= 5.0852e-02  Keff=20.00(min 19.99)  gmin=4.68e-02  floor=0.0e+00  |dM|=2.04e-05  step=1.00e+00
  it  563  L= 3.186595e+02  comp= 2.7533e+01 expr= 2.9113e+02 L+= 5.1365e-02 L-= 5.0873e-02  Keff=20.00(min 19.99)  gmin=4.68e-02  floor=0.0e+00  |dM|=2.04e-05  step=1.00e+00
  it  564  L= 3.186593e+02  comp= 2.7533e+01 expr= 2.9113e+02 L+= 5.1386e-02 L-= 5.0893e-02  Keff=20.00(min 19.99)  gmin=4.68e-02  floor=0.0e+00  |dM|=2.05e-05  step=1.00e+00
  it  565  L= 3.186591e+02  comp= 2.7533e+01 expr= 2.9113e+02 L+= 5.1408e-02 L-= 5.0914e-02  Keff=20.00(min 19.99)  gmin=4.68e-02  floor=0.0e+00  |dM|=2.05e-05  step=1.00e+00
  it  566  L= 3.186588e+02  comp= 2.7533e+01 expr= 2.9113e+02 L+= 5.1429e-02 L-= 5.0934e-02  Keff=20.00(min 19.99)  gmin=4.68e-02  floor=0.0e+00  |dM|=2.05e-05  step=1.00e+00
  it  567  L= 3.186587e+02  comp= 2.7533e+01 expr= 2.9113e+02 L+= 5.1451e-02 L-= 5.0954e-02  Keff=20.00(min 19.99)  gmin=4.68e-02  floor=0.0e+00  |dM|=2.06e-05  step=1.00e+00
  it  568  L= 3.186585e+02  comp= 2.7533e+01 expr= 2.9113e+02 L+= 5.1472e-02 L-= 5.0975e-02  Keff=20.00(min 19.99)  gmin=4.68e-02  floor=0.0e+00  |dM|=2.06e-05  step=1.00e+00
  it  569  L= 3.186582e+02  comp= 2.7533e+01 expr= 2.9112e+02 L+= 5.1494e-02 L-= 5.0995e-02  Keff=20.00(min 19.99)  gmin=4.68e-02  floor=0.0e+00  |dM|=2.06e-05  step=1.00e+00
  it  570  L= 3.186580e+02  comp= 2.7533e+01 expr= 2.9112e+02 L+= 5.1515e-02 L-= 5.1016e-02  Keff=20.00(min 19.99)  gmin=4.68e-02  floor=0.0e+00  |dM|=2.06e-05  step=1.00e+00
  it  571  L= 3.186578e+02  comp= 2.7533e+01 expr= 2.9112e+02 L+= 5.1537e-02 L-= 5.1036e-02  Keff=20.00(min 19.99)  gmin=4.68e-02  floor=0.0e+00  |dM|=2.07e-05  step=1.00e+00
  it  572  L= 3.186576e+02  comp= 2.7533e+01 expr= 2.9112e+02 L+= 5.1560e-02 L-= 5.1056e-02  Keff=20.00(min 19.99)  gmin=4.68e-02  floor=0.0e+00  |dM|=2.07e-05  step=1.00e+00
  it  573  L= 3.186574e+02  comp= 2.7533e+01 expr= 2.9112e+02 L+= 5.1581e-02 L-= 5.1076e-02  Keff=20.00(min 19.99)  gmin=4.68e-02  floor=0.0e+00  |dM|=2.07e-05  step=1.00e+00
  it  574  L= 3.186572e+02  comp= 2.7533e+01 expr= 2.9112e+02 L+= 5.1603e-02 L-= 5.1097e-02  Keff=20.00(min 19.99)  gmin=4.68e-02  floor=0.0e+00  |dM|=2.07e-05  step=1.00e+00
  it  575  L= 3.186569e+02  comp= 2.7533e+01 expr= 2.9112e+02 L+= 5.1625e-02 L-= 5.1120e-02  Keff=20.00(min 19.99)  gmin=4.68e-02  floor=0.0e+00  |dM|=2.08e-05  step=1.00e+00
  it  576  L= 3.186567e+02  comp= 2.7533e+01 expr= 2.9112e+02 L+= 5.1647e-02 L-= 5.1139e-02  Keff=20.00(min 19.99)  gmin=4.68e-02  floor=0.0e+00  |dM|=2.08e-05  step=1.00e+00
  it  577  L= 3.186565e+02  comp= 2.7533e+01 expr= 2.9112e+02 L+= 5.1669e-02 L-= 5.1158e-02  Keff=20.00(min 19.99)  gmin=4.68e-02  floor=0.0e+00  |dM|=2.08e-05  step=1.00e+00
  it  578  L= 3.186563e+02  comp= 2.7533e+01 expr= 2.9112e+02 L+= 5.1689e-02 L-= 5.1181e-02  Keff=20.00(min 19.99)  gmin=4.68e-02  floor=0.0e+00  |dM|=2.08e-05  step=1.00e+00
  it  579  L= 3.186561e+02  comp= 2.7533e+01 expr= 2.9112e+02 L+= 5.1711e-02 L-= 5.1202e-02  Keff=20.00(min 19.99)  gmin=4.68e-02  floor=0.0e+00  |dM|=2.09e-05  step=1.00e+00
  it  580  L= 3.186558e+02  comp= 2.7533e+01 expr= 2.9112e+02 L+= 5.1733e-02 L-= 5.1221e-02  Keff=20.00(min 19.99)  gmin=4.68e-02  floor=0.0e+00  |dM|=2.09e-05  step=1.00e+00
  it  581  L= 3.186556e+02  comp= 2.7533e+01 expr= 2.9112e+02 L+= 5.1756e-02 L-= 5.1243e-02  Keff=20.00(min 19.99)  gmin=4.68e-02  floor=0.0e+00  |dM|=2.09e-05  step=1.00e+00
  it  582  L= 3.186554e+02  comp= 2.7533e+01 expr= 2.9112e+02 L+= 5.1778e-02 L-= 5.1264e-02  Keff=20.00(min 19.99)  gmin=4.68e-02  floor=0.0e+00  |dM|=2.10e-05  step=1.00e+00
  it  583  L= 3.186552e+02  comp= 2.7533e+01 expr= 2.9112e+02 L+= 5.1800e-02 L-= 5.1285e-02  Keff=20.00(min 19.99)  gmin=4.68e-02  floor=0.0e+00  |dM|=2.10e-05  step=1.00e+00
  it  584  L= 3.186550e+02  comp= 2.7533e+01 expr= 2.9112e+02 L+= 5.1823e-02 L-= 5.1307e-02  Keff=20.00(min 19.99)  gmin=4.68e-02  floor=0.0e+00  |dM|=2.10e-05  step=1.00e+00
  it  585  L= 3.186548e+02  comp= 2.7533e+01 expr= 2.9112e+02 L+= 5.1845e-02 L-= 5.1325e-02  Keff=20.00(min 19.99)  gmin=4.68e-02  floor=0.0e+00  |dM|=2.10e-05  step=1.00e+00
  it  586  L= 3.186545e+02  comp= 2.7533e+01 expr= 2.9112e+02 L+= 5.1867e-02 L-= 5.1346e-02  Keff=20.00(min 19.99)  gmin=4.68e-02  floor=0.0e+00  |dM|=2.11e-05  step=1.00e+00
  it  587  L= 3.186543e+02  comp= 2.7533e+01 expr= 2.9112e+02 L+= 5.1888e-02 L-= 5.1367e-02  Keff=20.00(min 19.99)  gmin=4.68e-02  floor=0.0e+00  |dM|=2.11e-05  step=1.00e+00
  it  588  L= 3.186541e+02  comp= 2.7533e+01 expr= 2.9112e+02 L+= 5.1910e-02 L-= 5.1386e-02  Keff=20.00(min 19.99)  gmin=4.68e-02  floor=0.0e+00  |dM|=2.11e-05  step=1.00e+00
  it  589  L= 3.186538e+02  comp= 2.7533e+01 expr= 2.9112e+02 L+= 5.1932e-02 L-= 5.1408e-02  Keff=20.00(min 19.99)  gmin=4.68e-02  floor=0.0e+00  |dM|=2.12e-05  step=1.00e+00
  it  590  L= 3.186536e+02  comp= 2.7533e+01 expr= 2.9112e+02 L+= 5.1955e-02 L-= 5.1429e-02  Keff=20.00(min 19.99)  gmin=4.68e-02  floor=0.0e+00  |dM|=2.12e-05  step=1.00e+00
  it  591  L= 3.186534e+02  comp= 2.7533e+01 expr= 2.9112e+02 L+= 5.1977e-02 L-= 5.1451e-02  Keff=20.00(min 19.99)  gmin=4.68e-02  floor=0.0e+00  |dM|=2.12e-05  step=1.00e+00
  it  592  L= 3.186532e+02  comp= 2.7533e+01 expr= 2.9112e+02 L+= 5.2000e-02 L-= 5.1472e-02  Keff=20.00(min 19.99)  gmin=4.68e-02  floor=0.0e+00  |dM|=2.12e-05  step=1.00e+00
  it  593  L= 3.186530e+02  comp= 2.7533e+01 expr= 2.9112e+02 L+= 5.2022e-02 L-= 5.1493e-02  Keff=20.00(min 19.99)  gmin=4.68e-02  floor=0.0e+00  |dM|=2.13e-05  step=1.00e+00
  it  594  L= 3.186527e+02  comp= 2.7533e+01 expr= 2.9112e+02 L+= 5.2046e-02 L-= 5.1513e-02  Keff=20.00(min 19.99)  gmin=4.68e-02  floor=0.0e+00  |dM|=2.13e-05  step=1.00e+00
  it  595  L= 3.186525e+02  comp= 2.7533e+01 expr= 2.9112e+02 L+= 5.2068e-02 L-= 5.1536e-02  Keff=20.00(min 19.99)  gmin=4.68e-02  floor=0.0e+00  |dM|=2.13e-05  step=1.00e+00
  it  596  L= 3.186523e+02  comp= 2.7533e+01 expr= 2.9112e+02 L+= 5.2090e-02 L-= 5.1557e-02  Keff=20.00(min 19.99)  gmin=4.68e-02  floor=0.0e+00  |dM|=2.13e-05  step=1.00e+00
  it  597  L= 3.186520e+02  comp= 2.7533e+01 expr= 2.9112e+02 L+= 5.2112e-02 L-= 5.1576e-02  Keff=20.00(min 19.99)  gmin=4.68e-02  floor=0.0e+00  |dM|=2.14e-05  step=1.00e+00
  it  598  L= 3.186518e+02  comp= 2.7533e+01 expr= 2.9112e+02 L+= 5.2134e-02 L-= 5.1597e-02  Keff=20.00(min 19.99)  gmin=4.68e-02  floor=0.0e+00  |dM|=2.14e-05  step=1.00e+00
  it  599  L= 3.186516e+02  comp= 2.7533e+01 expr= 2.9112e+02 L+= 5.2158e-02 L-= 5.1620e-02  Keff=20.00(min 19.99)  gmin=4.68e-02  floor=0.0e+00  |dM|=2.14e-05  step=1.00e+00
  it  600  L= 3.186514e+02  comp= 2.7533e+01 expr= 2.9112e+02 L+= 5.2178e-02 L-= 5.1640e-02  Keff=20.00(min 19.99)  gmin=4.68e-02  floor=0.0e+00  |dM|=2.15e-05  step=1.00e+00
  it  601  L= 3.186512e+02  comp= 2.7533e+01 expr= 2.9112e+02 L+= 5.2202e-02 L-= 5.1662e-02  Keff=20.00(min 19.99)  gmin=4.68e-02  floor=0.0e+00  |dM|=2.15e-05  step=1.00e+00
  it  602  L= 3.186509e+02  comp= 2.7533e+01 expr= 2.9112e+02 L+= 5.2224e-02 L-= 5.1683e-02  Keff=20.00(min 19.99)  gmin=4.68e-02  floor=0.0e+00  |dM|=2.15e-05  step=1.00e+00
  it  603  L= 3.186507e+02  comp= 2.7533e+01 expr= 2.9112e+02 L+= 5.2247e-02 L-= 5.1705e-02  Keff=20.00(min 19.99)  gmin=4.68e-02  floor=0.0e+00  |dM|=2.15e-05  step=1.00e+00
  it  604  L= 3.186505e+02  comp= 2.7533e+01 expr= 2.9112e+02 L+= 5.2270e-02 L-= 5.1725e-02  Keff=20.00(min 19.99)  gmin=4.68e-02  floor=0.0e+00  |dM|=2.16e-05  step=1.00e+00
  it  605  L= 3.186503e+02  comp= 2.7533e+01 expr= 2.9112e+02 L+= 5.2292e-02 L-= 5.1748e-02  Keff=20.00(min 19.99)  gmin=4.68e-02  floor=0.0e+00  |dM|=2.16e-05  step=1.00e+00
  it  606  L= 3.186500e+02  comp= 2.7533e+01 expr= 2.9112e+02 L+= 5.2314e-02 L-= 5.1769e-02  Keff=20.00(min 19.99)  gmin=4.68e-02  floor=0.0e+00  |dM|=2.16e-05  step=1.00e+00
  it  607  L= 3.186498e+02  comp= 2.7533e+01 expr= 2.9112e+02 L+= 5.2340e-02 L-= 5.1792e-02  Keff=20.00(min 19.99)  gmin=4.68e-02  floor=0.0e+00  |dM|=2.17e-05  step=1.00e+00
  it  608  L= 3.186496e+02  comp= 2.7533e+01 expr= 2.9112e+02 L+= 5.2360e-02 L-= 5.1813e-02  Keff=20.00(min 19.99)  gmin=4.68e-02  floor=0.0e+00  |dM|=2.17e-05  step=1.00e+00
  it  609  L= 3.186493e+02  comp= 2.7533e+01 expr= 2.9112e+02 L+= 5.2385e-02 L-= 5.1834e-02  Keff=20.00(min 19.99)  gmin=4.68e-02  floor=0.0e+00  |dM|=2.17e-05  step=1.00e+00
  it  610  L= 3.186491e+02  comp= 2.7533e+01 expr= 2.9112e+02 L+= 5.2409e-02 L-= 5.1855e-02  Keff=20.00(min 19.99)  gmin=4.68e-02  floor=0.0e+00  |dM|=2.18e-05  step=1.00e+00
  it  611  L= 3.186489e+02  comp= 2.7533e+01 expr= 2.9112e+02 L+= 5.2430e-02 L-= 5.1876e-02  Keff=20.00(min 19.99)  gmin=4.68e-02  floor=0.0e+00  |dM|=2.18e-05  step=1.00e+00
  it  612  L= 3.186486e+02  comp= 2.7533e+01 expr= 2.9112e+02 L+= 5.2452e-02 L-= 5.1897e-02  Keff=20.00(min 19.99)  gmin=4.68e-02  floor=0.0e+00  |dM|=2.18e-05  step=1.00e+00
  it  613  L= 3.186484e+02  comp= 2.7533e+01 expr= 2.9112e+02 L+= 5.2476e-02 L-= 5.1921e-02  Keff=20.00(min 19.99)  gmin=4.68e-02  floor=0.0e+00  |dM|=2.18e-05  step=1.00e+00
  it  614  L= 3.186482e+02  comp= 2.7533e+01 expr= 2.9111e+02 L+= 5.2498e-02 L-= 5.1941e-02  Keff=20.00(min 19.99)  gmin=4.68e-02  floor=0.0e+00  |dM|=2.19e-05  step=1.00e+00
  it  615  L= 3.186479e+02  comp= 2.7533e+01 expr= 2.9111e+02 L+= 5.2523e-02 L-= 5.1964e-02  Keff=20.00(min 19.99)  gmin=4.68e-02  floor=0.0e+00  |dM|=2.19e-05  step=1.00e+00
  it  616  L= 3.186477e+02  comp= 2.7533e+01 expr= 2.9111e+02 L+= 5.2546e-02 L-= 5.1984e-02  Keff=20.00(min 19.99)  gmin=4.68e-02  floor=0.0e+00  |dM|=2.19e-05  step=1.00e+00
  it  617  L= 3.186475e+02  comp= 2.7533e+01 expr= 2.9111e+02 L+= 5.2567e-02 L-= 5.2007e-02  Keff=20.00(min 19.99)  gmin=4.68e-02  floor=0.0e+00  |dM|=2.20e-05  step=1.00e+00
  it  618  L= 3.186473e+02  comp= 2.7533e+01 expr= 2.9111e+02 L+= 5.2591e-02 L-= 5.2029e-02  Keff=20.00(min 19.99)  gmin=4.68e-02  floor=0.0e+00  |dM|=2.20e-05  step=1.00e+00
  it  619  L= 3.186470e+02  comp= 2.7533e+01 expr= 2.9111e+02 L+= 5.2614e-02 L-= 5.2049e-02  Keff=20.00(min 19.99)  gmin=4.68e-02  floor=0.0e+00  |dM|=2.20e-05  step=1.00e+00
  it  620  L= 3.186468e+02  comp= 2.7533e+01 expr= 2.9111e+02 L+= 5.2639e-02 L-= 5.2069e-02  Keff=20.00(min 19.99)  gmin=4.68e-02  floor=0.0e+00  |dM|=2.20e-05  step=1.00e+00
  it  621  L= 3.186465e+02  comp= 2.7533e+01 expr= 2.9111e+02 L+= 5.2658e-02 L-= 5.2096e-02  Keff=20.00(min 19.99)  gmin=4.68e-02  floor=0.0e+00  |dM|=2.21e-05  step=1.00e+00
  it  622  L= 3.186463e+02  comp= 2.7533e+01 expr= 2.9111e+02 L+= 5.2685e-02 L-= 5.2115e-02  Keff=20.00(min 19.99)  gmin=4.68e-02  floor=0.0e+00  |dM|=2.21e-05  step=1.00e+00
  it  623  L= 3.186461e+02  comp= 2.7533e+01 expr= 2.9111e+02 L+= 5.2707e-02 L-= 5.2138e-02  Keff=20.00(min 19.99)  gmin=4.68e-02  floor=0.0e+00  |dM|=2.21e-05  step=1.00e+00
  it  624  L= 3.186459e+02  comp= 2.7533e+01 expr= 2.9111e+02 L+= 5.2729e-02 L-= 5.2158e-02  Keff=20.00(min 19.99)  gmin=4.68e-02  floor=0.0e+00  |dM|=2.22e-05  step=1.00e+00
  it  625  L= 3.186456e+02  comp= 2.7533e+01 expr= 2.9111e+02 L+= 5.2752e-02 L-= 5.2183e-02  Keff=20.00(min 19.99)  gmin=4.68e-02  floor=0.0e+00  |dM|=2.22e-05  step=1.00e+00
  it  626  L= 3.186454e+02  comp= 2.7533e+01 expr= 2.9111e+02 L+= 5.2778e-02 L-= 5.2204e-02  Keff=20.00(min 19.99)  gmin=4.68e-02  floor=0.0e+00  |dM|=2.22e-05  step=1.00e+00
  it  627  L= 3.186452e+02  comp= 2.7533e+01 expr= 2.9111e+02 L+= 5.2801e-02 L-= 5.2225e-02  Keff=20.00(min 19.99)  gmin=4.68e-02  floor=0.0e+00  |dM|=2.23e-05  step=1.00e+00
  it  628  L= 3.186449e+02  comp= 2.7533e+01 expr= 2.9111e+02 L+= 5.2824e-02 L-= 5.2247e-02  Keff=20.00(min 19.99)  gmin=4.68e-02  floor=0.0e+00  |dM|=2.23e-05  step=1.00e+00
  it  629  L= 3.186447e+02  comp= 2.7533e+01 expr= 2.9111e+02 L+= 5.2848e-02 L-= 5.2269e-02  Keff=20.00(min 19.99)  gmin=4.68e-02  floor=0.0e+00  |dM|=2.23e-05  step=1.00e+00
  it  630  L= 3.186444e+02  comp= 2.7533e+01 expr= 2.9111e+02 L+= 5.2871e-02 L-= 5.2291e-02  Keff=20.00(min 19.99)  gmin=4.68e-02  floor=0.0e+00  |dM|=2.23e-05  step=1.00e+00
  it  631  L= 3.186442e+02  comp= 2.7533e+01 expr= 2.9111e+02 L+= 5.2893e-02 L-= 5.2312e-02  Keff=20.00(min 19.99)  gmin=4.68e-02  floor=0.0e+00  |dM|=2.24e-05  step=1.00e+00
  it  632  L= 3.186439e+02  comp= 2.7533e+01 expr= 2.9111e+02 L+= 5.2918e-02 L-= 5.2335e-02  Keff=20.00(min 19.99)  gmin=4.68e-02  floor=0.0e+00  |dM|=2.24e-05  step=1.00e+00
  it  633  L= 3.186437e+02  comp= 2.7533e+01 expr= 2.9111e+02 L+= 5.2941e-02 L-= 5.2358e-02  Keff=20.00(min 19.99)  gmin=4.68e-02  floor=0.0e+00  |dM|=2.24e-05  step=1.00e+00
  it  634  L= 3.186435e+02  comp= 2.7533e+01 expr= 2.9111e+02 L+= 5.2966e-02 L-= 5.2379e-02  Keff=20.00(min 19.99)  gmin=4.68e-02  floor=0.0e+00  |dM|=2.25e-05  step=1.00e+00
  it  635  L= 3.186432e+02  comp= 2.7533e+01 expr= 2.9111e+02 L+= 5.2988e-02 L-= 5.2402e-02  Keff=20.00(min 19.99)  gmin=4.68e-02  floor=0.0e+00  |dM|=2.25e-05  step=1.00e+00
  it  636  L= 3.186430e+02  comp= 2.7533e+01 expr= 2.9111e+02 L+= 5.3010e-02 L-= 5.2424e-02  Keff=20.00(min 19.99)  gmin=4.68e-02  floor=0.0e+00  |dM|=2.25e-05  step=1.00e+00
  it  637  L= 3.186428e+02  comp= 2.7533e+01 expr= 2.9111e+02 L+= 5.3036e-02 L-= 5.2447e-02  Keff=20.00(min 19.99)  gmin=4.68e-02  floor=0.0e+00  |dM|=2.26e-05  step=1.00e+00
  it  638  L= 3.186425e+02  comp= 2.7533e+01 expr= 2.9111e+02 L+= 5.3059e-02 L-= 5.2468e-02  Keff=20.00(min 19.99)  gmin=4.68e-02  floor=0.0e+00  |dM|=2.26e-05  step=1.00e+00
  it  639  L= 3.186423e+02  comp= 2.7533e+01 expr= 2.9111e+02 L+= 5.3082e-02 L-= 5.2490e-02  Keff=20.00(min 19.99)  gmin=4.68e-02  floor=0.0e+00  |dM|=2.26e-05  step=1.00e+00
  it  640  L= 3.186420e+02  comp= 2.7533e+01 expr= 2.9111e+02 L+= 5.3106e-02 L-= 5.2513e-02  Keff=20.00(min 19.99)  gmin=4.68e-02  floor=0.0e+00  |dM|=2.27e-05  step=1.00e+00
  it  641  L= 3.186418e+02  comp= 2.7533e+01 expr= 2.9111e+02 L+= 5.3130e-02 L-= 5.2534e-02  Keff=20.00(min 19.99)  gmin=4.68e-02  floor=0.0e+00  |dM|=2.27e-05  step=1.00e+00
  it  642  L= 3.186415e+02  comp= 2.7533e+01 expr= 2.9111e+02 L+= 5.3154e-02 L-= 5.2556e-02  Keff=20.00(min 19.99)  gmin=4.68e-02  floor=0.0e+00  |dM|=2.27e-05  step=1.00e+00
  it  643  L= 3.186413e+02  comp= 2.7533e+01 expr= 2.9111e+02 L+= 5.3176e-02 L-= 5.2579e-02  Keff=20.00(min 19.99)  gmin=4.68e-02  floor=0.0e+00  |dM|=2.27e-05  step=1.00e+00
  it  644  L= 3.186411e+02  comp= 2.7533e+01 expr= 2.9111e+02 L+= 5.3202e-02 L-= 5.2602e-02  Keff=20.00(min 19.99)  gmin=4.68e-02  floor=0.0e+00  |dM|=2.28e-05  step=1.00e+00
  it  645  L= 3.186408e+02  comp= 2.7533e+01 expr= 2.9111e+02 L+= 5.3226e-02 L-= 5.2622e-02  Keff=20.00(min 19.99)  gmin=4.68e-02  floor=0.0e+00  |dM|=2.28e-05  step=1.00e+00
  it  646  L= 3.186406e+02  comp= 2.7533e+01 expr= 2.9111e+02 L+= 5.3249e-02 L-= 5.2648e-02  Keff=20.00(min 19.99)  gmin=4.68e-02  floor=0.0e+00  |dM|=2.28e-05  step=1.00e+00
  it  647  L= 3.186403e+02  comp= 2.7533e+01 expr= 2.9111e+02 L+= 5.3274e-02 L-= 5.2670e-02  Keff=20.00(min 19.99)  gmin=4.68e-02  floor=0.0e+00  |dM|=2.29e-05  step=1.00e+00
  it  648  L= 3.186401e+02  comp= 2.7533e+01 expr= 2.9111e+02 L+= 5.3298e-02 L-= 5.2692e-02  Keff=20.00(min 19.99)  gmin=4.68e-02  floor=0.0e+00  |dM|=2.29e-05  step=1.00e+00
  it  649  L= 3.186399e+02  comp= 2.7533e+01 expr= 2.9111e+02 L+= 5.3323e-02 L-= 5.2715e-02  Keff=20.00(min 19.99)  gmin=4.68e-02  floor=0.0e+00  |dM|=2.29e-05  step=1.00e+00
  it  650  L= 3.186396e+02  comp= 2.7533e+01 expr= 2.9111e+02 L+= 5.3346e-02 L-= 5.2738e-02  Keff=20.00(min 19.99)  gmin=4.68e-02  floor=0.0e+00  |dM|=2.30e-05  step=1.00e+00
  it  651  L= 3.186394e+02  comp= 2.7533e+01 expr= 2.9111e+02 L+= 5.3372e-02 L-= 5.2760e-02  Keff=20.00(min 19.99)  gmin=4.68e-02  floor=0.0e+00  |dM|=2.30e-05  step=1.00e+00
  it  652  L= 3.186391e+02  comp= 2.7533e+01 expr= 2.9111e+02 L+= 5.3395e-02 L-= 5.2783e-02  Keff=20.00(min 19.99)  gmin=4.68e-02  floor=0.0e+00  |dM|=2.30e-05  step=1.00e+00
  it  653  L= 3.186389e+02  comp= 2.7533e+01 expr= 2.9111e+02 L+= 5.3418e-02 L-= 5.2806e-02  Keff=20.00(min 19.99)  gmin=4.68e-02  floor=0.0e+00  |dM|=2.31e-05  step=1.00e+00
  it  654  L= 3.186386e+02  comp= 2.7533e+01 expr= 2.9111e+02 L+= 5.3441e-02 L-= 5.2827e-02  Keff=20.00(min 19.99)  gmin=4.68e-02  floor=0.0e+00  |dM|=2.31e-05  step=1.00e+00
  it  655  L= 3.186384e+02  comp= 2.7533e+01 expr= 2.9111e+02 L+= 5.3466e-02 L-= 5.2850e-02  Keff=20.00(min 19.99)  gmin=4.68e-02  floor=0.0e+00  |dM|=2.31e-05  step=1.00e+00
  it  656  L= 3.186381e+02  comp= 2.7533e+01 expr= 2.9110e+02 L+= 5.3493e-02 L-= 5.2875e-02  Keff=20.00(min 19.99)  gmin=4.68e-02  floor=0.0e+00  |dM|=2.32e-05  step=1.00e+00
  it  657  L= 3.186379e+02  comp= 2.7533e+01 expr= 2.9110e+02 L+= 5.3515e-02 L-= 5.2898e-02  Keff=20.00(min 19.99)  gmin=4.68e-02  floor=0.0e+00  |dM|=2.32e-05  step=1.00e+00
  it  658  L= 3.186377e+02  comp= 2.7533e+01 expr= 2.9110e+02 L+= 5.3541e-02 L-= 5.2923e-02  Keff=20.00(min 19.99)  gmin=4.68e-02  floor=0.0e+00  |dM|=2.32e-05  step=1.00e+00
  it  659  L= 3.186374e+02  comp= 2.7533e+01 expr= 2.9110e+02 L+= 5.3564e-02 L-= 5.2943e-02  Keff=20.00(min 19.99)  gmin=4.68e-02  floor=0.0e+00  |dM|=2.33e-05  step=1.00e+00
  it  660  L= 3.186371e+02  comp= 2.7533e+01 expr= 2.9110e+02 L+= 5.3589e-02 L-= 5.2968e-02  Keff=20.00(min 19.99)  gmin=4.68e-02  floor=0.0e+00  |dM|=2.33e-05  step=1.00e+00
  it  661  L= 3.186369e+02  comp= 2.7533e+01 expr= 2.9110e+02 L+= 5.3612e-02 L-= 5.2990e-02  Keff=20.00(min 19.99)  gmin=4.68e-02  floor=0.0e+00  |dM|=2.33e-05  step=1.00e+00
  it  662  L= 3.186367e+02  comp= 2.7533e+01 expr= 2.9110e+02 L+= 5.3638e-02 L-= 5.3015e-02  Keff=20.00(min 19.99)  gmin=4.68e-02  floor=0.0e+00  |dM|=2.34e-05  step=1.00e+00
  it  663  L= 3.186364e+02  comp= 2.7533e+01 expr= 2.9110e+02 L+= 5.3662e-02 L-= 5.3036e-02  Keff=20.00(min 19.99)  gmin=4.68e-02  floor=0.0e+00  |dM|=2.34e-05  step=1.00e+00
  it  664  L= 3.186362e+02  comp= 2.7533e+01 expr= 2.9110e+02 L+= 5.3685e-02 L-= 5.3061e-02  Keff=20.00(min 19.99)  gmin=4.68e-02  floor=0.0e+00  |dM|=2.34e-05  step=1.00e+00
  it  665  L= 3.186359e+02  comp= 2.7533e+01 expr= 2.9110e+02 L+= 5.3711e-02 L-= 5.3083e-02  Keff=20.00(min 19.99)  gmin=4.68e-02  floor=0.0e+00  |dM|=2.34e-05  step=1.00e+00
  it  666  L= 3.186357e+02  comp= 2.7533e+01 expr= 2.9110e+02 L+= 5.3737e-02 L-= 5.3106e-02  Keff=20.00(min 19.99)  gmin=4.68e-02  floor=0.0e+00  |dM|=2.35e-05  step=1.00e+00
  it  667  L= 3.186354e+02  comp= 2.7533e+01 expr= 2.9110e+02 L+= 5.3761e-02 L-= 5.3128e-02  Keff=20.00(min 19.99)  gmin=4.68e-02  floor=0.0e+00  |dM|=2.35e-05  step=1.00e+00
  it  668  L= 3.186352e+02  comp= 2.7533e+01 expr= 2.9110e+02 L+= 5.3787e-02 L-= 5.3152e-02  Keff=20.00(min 19.99)  gmin=4.68e-02  floor=0.0e+00  |dM|=2.35e-05  step=1.00e+00
  it  669  L= 3.186349e+02  comp= 2.7533e+01 expr= 2.9110e+02 L+= 5.3810e-02 L-= 5.3175e-02  Keff=20.00(min 19.99)  gmin=4.68e-02  floor=0.0e+00  |dM|=2.36e-05  step=1.00e+00
  it  670  L= 3.186346e+02  comp= 2.7533e+01 expr= 2.9110e+02 L+= 5.3835e-02 L-= 5.3197e-02  Keff=20.00(min 19.99)  gmin=4.68e-02  floor=0.0e+00  |dM|=2.36e-05  step=1.00e+00
  it  671  L= 3.186344e+02  comp= 2.7533e+01 expr= 2.9110e+02 L+= 5.3859e-02 L-= 5.3219e-02  Keff=20.00(min 19.99)  gmin=4.68e-02  floor=0.0e+00  |dM|=2.36e-05  step=1.00e+00
  it  672  L= 3.186341e+02  comp= 2.7533e+01 expr= 2.9110e+02 L+= 5.3885e-02 L-= 5.3245e-02  Keff=20.00(min 19.99)  gmin=4.68e-02  floor=0.0e+00  |dM|=2.37e-05  step=1.00e+00
  it  673  L= 3.186339e+02  comp= 2.7533e+01 expr= 2.9110e+02 L+= 5.3909e-02 L-= 5.3266e-02  Keff=20.00(min 19.99)  gmin=4.68e-02  floor=0.0e+00  |dM|=2.37e-05  step=1.00e+00
  it  674  L= 3.186336e+02  comp= 2.7533e+01 expr= 2.9110e+02 L+= 5.3934e-02 L-= 5.3291e-02  Keff=20.00(min 19.99)  gmin=4.68e-02  floor=0.0e+00  |dM|=2.37e-05  step=1.00e+00
  it  675  L= 3.186334e+02  comp= 2.7533e+01 expr= 2.9110e+02 L+= 5.3958e-02 L-= 5.3314e-02  Keff=20.00(min 19.99)  gmin=4.68e-02  floor=0.0e+00  |dM|=2.38e-05  step=1.00e+00
  it  676  L= 3.186331e+02  comp= 2.7533e+01 expr= 2.9110e+02 L+= 5.3983e-02 L-= 5.3337e-02  Keff=20.00(min 19.99)  gmin=4.68e-02  floor=0.0e+00  |dM|=2.38e-05  step=1.00e+00
  it  677  L= 3.186329e+02  comp= 2.7533e+01 expr= 2.9110e+02 L+= 5.4009e-02 L-= 5.3360e-02  Keff=20.00(min 19.99)  gmin=4.68e-02  floor=0.0e+00  |dM|=2.38e-05  step=1.00e+00
  it  678  L= 3.186326e+02  comp= 2.7533e+01 expr= 2.9110e+02 L+= 5.4032e-02 L-= 5.3386e-02  Keff=20.00(min 19.99)  gmin=4.68e-02  floor=0.0e+00  |dM|=2.39e-05  step=1.00e+00
  it  679  L= 3.186324e+02  comp= 2.7533e+01 expr= 2.9110e+02 L+= 5.4060e-02 L-= 5.3412e-02  Keff=20.00(min 19.99)  gmin=4.68e-02  floor=0.0e+00  |dM|=2.39e-05  step=1.00e+00
  it  680  L= 3.186321e+02  comp= 2.7533e+01 expr= 2.9110e+02 L+= 5.4083e-02 L-= 5.3433e-02  Keff=20.00(min 19.99)  gmin=4.68e-02  floor=0.0e+00  |dM|=2.39e-05  step=1.00e+00
  it  681  L= 3.186318e+02  comp= 2.7533e+01 expr= 2.9110e+02 L+= 5.4107e-02 L-= 5.3457e-02  Keff=20.00(min 19.99)  gmin=4.68e-02  floor=0.0e+00  |dM|=2.40e-05  step=1.00e+00
  it  682  L= 3.186316e+02  comp= 2.7533e+01 expr= 2.9110e+02 L+= 5.4133e-02 L-= 5.3479e-02  Keff=20.00(min 19.99)  gmin=4.68e-02  floor=0.0e+00  |dM|=2.40e-05  step=1.00e+00
  it  683  L= 3.186313e+02  comp= 2.7533e+01 expr= 2.9110e+02 L+= 5.4160e-02 L-= 5.3503e-02  Keff=20.00(min 19.99)  gmin=4.68e-02  floor=0.0e+00  |dM|=2.40e-05  step=1.00e+00
  it  684  L= 3.186310e+02  comp= 2.7533e+01 expr= 2.9110e+02 L+= 5.4184e-02 L-= 5.3527e-02  Keff=20.00(min 19.99)  gmin=4.68e-02  floor=0.0e+00  |dM|=2.41e-05  step=1.00e+00
  it  685  L= 3.186308e+02  comp= 2.7533e+01 expr= 2.9110e+02 L+= 5.4209e-02 L-= 5.3550e-02  Keff=20.00(min 19.99)  gmin=4.68e-02  floor=0.0e+00  |dM|=2.41e-05  step=1.00e+00
  it  686  L= 3.186306e+02  comp= 2.7533e+01 expr= 2.9110e+02 L+= 5.4235e-02 L-= 5.3576e-02  Keff=20.00(min 19.99)  gmin=4.68e-02  floor=0.0e+00  |dM|=2.42e-05  step=1.00e+00
  it  687  L= 3.186303e+02  comp= 2.7533e+01 expr= 2.9110e+02 L+= 5.4259e-02 L-= 5.3598e-02  Keff=20.00(min 19.99)  gmin=4.68e-02  floor=0.0e+00  |dM|=2.42e-05  step=1.00e+00
  it  688  L= 3.186300e+02  comp= 2.7533e+01 expr= 2.9110e+02 L+= 5.4285e-02 L-= 5.3620e-02  Keff=20.00(min 19.99)  gmin=4.68e-02  floor=0.0e+00  |dM|=2.42e-05  step=1.00e+00
  it  689  L= 3.186298e+02  comp= 2.7533e+01 expr= 2.9110e+02 L+= 5.4311e-02 L-= 5.3644e-02  Keff=20.00(min 19.99)  gmin=4.68e-02  floor=0.0e+00  |dM|=2.43e-05  step=1.00e+00
  it  690  L= 3.186295e+02  comp= 2.7533e+01 expr= 2.9110e+02 L+= 5.4337e-02 L-= 5.3670e-02  Keff=20.00(min 19.99)  gmin=4.68e-02  floor=0.0e+00  |dM|=2.43e-05  step=1.00e+00
  it  691  L= 3.186293e+02  comp= 2.7533e+01 expr= 2.9110e+02 L+= 5.4363e-02 L-= 5.3693e-02  Keff=20.00(min 19.99)  gmin=4.68e-02  floor=0.0e+00  |dM|=2.43e-05  step=1.00e+00
  it  692  L= 3.186290e+02  comp= 2.7533e+01 expr= 2.9110e+02 L+= 5.4387e-02 L-= 5.3717e-02  Keff=20.00(min 19.99)  gmin=4.68e-02  floor=0.0e+00  |dM|=2.44e-05  step=1.00e+00
  it  693  L= 3.186287e+02  comp= 2.7533e+01 expr= 2.9110e+02 L+= 5.4413e-02 L-= 5.3743e-02  Keff=20.00(min 19.99)  gmin=4.68e-02  floor=0.0e+00  |dM|=2.44e-05  step=1.00e+00
  it  694  L= 3.186284e+02  comp= 2.7533e+01 expr= 2.9110e+02 L+= 5.4436e-02 L-= 5.3764e-02  Keff=20.00(min 19.99)  gmin=4.68e-02  floor=0.0e+00  |dM|=2.44e-05  step=1.00e+00
  it  695  L= 3.186282e+02  comp= 2.7533e+01 expr= 2.9109e+02 L+= 5.4463e-02 L-= 5.3790e-02  Keff=20.00(min 19.99)  gmin=4.68e-02  floor=0.0e+00  |dM|=2.45e-05  step=1.00e+00
  it  696  L= 3.186279e+02  comp= 2.7533e+01 expr= 2.9109e+02 L+= 5.4489e-02 L-= 5.3814e-02  Keff=20.00(min 19.99)  gmin=4.68e-02  floor=0.0e+00  |dM|=2.45e-05  step=1.00e+00
  it  697  L= 3.186277e+02  comp= 2.7533e+01 expr= 2.9109e+02 L+= 5.4516e-02 L-= 5.3839e-02  Keff=20.00(min 19.99)  gmin=4.68e-02  floor=0.0e+00  |dM|=2.45e-05  step=1.00e+00
  it  698  L= 3.186274e+02  comp= 2.7533e+01 expr= 2.9109e+02 L+= 5.4541e-02 L-= 5.3863e-02  Keff=20.00(min 19.99)  gmin=4.68e-02  floor=0.0e+00  |dM|=2.46e-05  step=1.00e+00
  it  699  L= 3.186271e+02  comp= 2.7533e+01 expr= 2.9109e+02 L+= 5.4566e-02 L-= 5.3885e-02  Keff=20.00(min 19.99)  gmin=4.68e-02  floor=0.0e+00  |dM|=2.46e-05  step=1.00e+00
  it  700  L= 3.186268e+02  comp= 2.7533e+01 expr= 2.9109e+02 L+= 5.4591e-02 L-= 5.3911e-02  Keff=20.00(min 19.99)  gmin=4.68e-02  floor=0.0e+00  |dM|=2.46e-05  step=1.00e+00
  it  701  L= 3.186266e+02  comp= 2.7533e+01 expr= 2.9109e+02 L+= 5.4618e-02 L-= 5.3937e-02  Keff=20.00(min 19.99)  gmin=4.68e-02  floor=0.0e+00  |dM|=2.47e-05  step=1.00e+00
  it  702  L= 3.186263e+02  comp= 2.7533e+01 expr= 2.9109e+02 L+= 5.4643e-02 L-= 5.3961e-02  Keff=20.00(min 19.99)  gmin=4.68e-02  floor=0.0e+00  |dM|=2.47e-05  step=1.00e+00
  it  703  L= 3.186261e+02  comp= 2.7533e+01 expr= 2.9109e+02 L+= 5.4669e-02 L-= 5.3984e-02  Keff=20.00(min 19.99)  gmin=4.68e-02  floor=0.0e+00  |dM|=2.47e-05  step=1.00e+00
  it  704  L= 3.186258e+02  comp= 2.7533e+01 expr= 2.9109e+02 L+= 5.4695e-02 L-= 5.4007e-02  Keff=20.00(min 19.99)  gmin=4.68e-02  floor=0.0e+00  |dM|=2.48e-05  step=1.00e+00
  it  705  L= 3.186255e+02  comp= 2.7533e+01 expr= 2.9109e+02 L+= 5.4723e-02 L-= 5.4032e-02  Keff=20.00(min 19.99)  gmin=4.68e-02  floor=0.0e+00  |dM|=2.48e-05  step=1.00e+00
  it  706  L= 3.186253e+02  comp= 2.7533e+01 expr= 2.9109e+02 L+= 5.4747e-02 L-= 5.4057e-02  Keff=20.00(min 19.99)  gmin=4.68e-02  floor=0.0e+00  |dM|=2.49e-05  step=1.00e+00
  it  707  L= 3.186250e+02  comp= 2.7533e+01 expr= 2.9109e+02 L+= 5.4774e-02 L-= 5.4081e-02  Keff=20.00(min 19.99)  gmin=4.68e-02  floor=0.0e+00  |dM|=2.49e-05  step=1.00e+00
  it  708  L= 3.186247e+02  comp= 2.7533e+01 expr= 2.9109e+02 L+= 5.4797e-02 L-= 5.4107e-02  Keff=20.00(min 19.99)  gmin=4.68e-02  floor=0.0e+00  |dM|=2.49e-05  step=1.00e+00
  it  709  L= 3.186245e+02  comp= 2.7533e+01 expr= 2.9109e+02 L+= 5.4826e-02 L-= 5.4131e-02  Keff=20.00(min 19.99)  gmin=4.68e-02  floor=0.0e+00  |dM|=2.50e-05  step=1.00e+00
  it  710  L= 3.186242e+02  comp= 2.7533e+01 expr= 2.9109e+02 L+= 5.4852e-02 L-= 5.4156e-02  Keff=20.00(min 19.99)  gmin=4.68e-02  floor=0.0e+00  |dM|=2.50e-05  step=1.00e+00
  it  711  L= 3.186240e+02  comp= 2.7533e+01 expr= 2.9109e+02 L+= 5.4878e-02 L-= 5.4181e-02  Keff=20.00(min 19.99)  gmin=4.68e-02  floor=0.0e+00  |dM|=2.50e-05  step=1.00e+00
  it  712  L= 3.186237e+02  comp= 2.7533e+01 expr= 2.9109e+02 L+= 5.4904e-02 L-= 5.4205e-02  Keff=20.00(min 19.99)  gmin=4.68e-02  floor=0.0e+00  |dM|=2.51e-05  step=1.00e+00
  it  713  L= 3.186234e+02  comp= 2.7533e+01 expr= 2.9109e+02 L+= 5.4930e-02 L-= 5.4226e-02  Keff=20.00(min 19.99)  gmin=4.68e-02  floor=0.0e+00  |dM|=2.51e-05  step=1.00e+00
  it  714  L= 3.186231e+02  comp= 2.7533e+01 expr= 2.9109e+02 L+= 5.4955e-02 L-= 5.4253e-02  Keff=20.00(min 19.99)  gmin=4.68e-02  floor=0.0e+00  |dM|=2.51e-05  step=1.00e+00
  it  715  L= 3.186229e+02  comp= 2.7533e+01 expr= 2.9109e+02 L+= 5.4982e-02 L-= 5.4276e-02  Keff=20.00(min 19.99)  gmin=4.68e-02  floor=0.0e+00  |dM|=2.52e-05  step=1.00e+00
  it  716  L= 3.186226e+02  comp= 2.7533e+01 expr= 2.9109e+02 L+= 5.5008e-02 L-= 5.4303e-02  Keff=20.00(min 19.99)  gmin=4.68e-02  floor=0.0e+00  |dM|=2.52e-05  step=1.00e+00
  it  717  L= 3.186223e+02  comp= 2.7533e+01 expr= 2.9109e+02 L+= 5.5036e-02 L-= 5.4330e-02  Keff=20.00(min 19.99)  gmin=4.68e-02  floor=0.0e+00  |dM|=2.53e-05  step=1.00e+00
  it  718  L= 3.186220e+02  comp= 2.7533e+01 expr= 2.9109e+02 L+= 5.5062e-02 L-= 5.4354e-02  Keff=20.00(min 19.99)  gmin=4.68e-02  floor=0.0e+00  |dM|=2.53e-05  step=1.00e+00
  it  719  L= 3.186217e+02  comp= 2.7533e+01 expr= 2.9109e+02 L+= 5.5089e-02 L-= 5.4378e-02  Keff=20.00(min 19.99)  gmin=4.68e-02  floor=0.0e+00  |dM|=2.53e-05  step=1.00e+00
  it  720  L= 3.186215e+02  comp= 2.7533e+01 expr= 2.9109e+02 L+= 5.5115e-02 L-= 5.4402e-02  Keff=20.00(min 19.99)  gmin=4.68e-02  floor=0.0e+00  |dM|=2.54e-05  step=1.00e+00
  it  721  L= 3.186212e+02  comp= 2.7533e+01 expr= 2.9109e+02 L+= 5.5140e-02 L-= 5.4427e-02  Keff=20.00(min 19.99)  gmin=4.68e-02  floor=0.0e+00  |dM|=2.54e-05  step=1.00e+00
  it  722  L= 3.186210e+02  comp= 2.7533e+01 expr= 2.9109e+02 L+= 5.5166e-02 L-= 5.4452e-02  Keff=20.00(min 19.99)  gmin=4.68e-02  floor=0.0e+00  |dM|=2.54e-05  step=1.00e+00
  it  723  L= 3.186206e+02  comp= 2.7533e+01 expr= 2.9109e+02 L+= 5.5193e-02 L-= 5.4476e-02  Keff=20.00(min 19.99)  gmin=4.68e-02  floor=0.0e+00  |dM|=2.55e-05  step=1.00e+00
  it  724  L= 3.186204e+02  comp= 2.7533e+01 expr= 2.9109e+02 L+= 5.5219e-02 L-= 5.4501e-02  Keff=20.00(min 19.99)  gmin=4.68e-02  floor=0.0e+00  |dM|=2.55e-05  step=1.00e+00
  it  725  L= 3.186201e+02  comp= 2.7533e+01 expr= 2.9109e+02 L+= 5.5248e-02 L-= 5.4526e-02  Keff=20.00(min 19.99)  gmin=4.68e-02  floor=0.0e+00  |dM|=2.56e-05  step=1.00e+00
  it  726  L= 3.186199e+02  comp= 2.7533e+01 expr= 2.9109e+02 L+= 5.5275e-02 L-= 5.4552e-02  Keff=20.00(min 19.99)  gmin=4.68e-02  floor=0.0e+00  |dM|=2.56e-05  step=1.00e+00
  it  727  L= 3.186195e+02  comp= 2.7533e+01 expr= 2.9109e+02 L+= 5.5299e-02 L-= 5.4577e-02  Keff=20.00(min 19.99)  gmin=4.68e-02  floor=0.0e+00  |dM|=2.56e-05  step=1.00e+00
  it  728  L= 3.186193e+02  comp= 2.7533e+01 expr= 2.9109e+02 L+= 5.5329e-02 L-= 5.4604e-02  Keff=20.00(min 19.99)  gmin=4.68e-02  floor=0.0e+00  |dM|=2.57e-05  step=1.00e+00
  it  729  L= 3.186190e+02  comp= 2.7533e+01 expr= 2.9109e+02 L+= 5.5354e-02 L-= 5.4628e-02  Keff=20.00(min 19.99)  gmin=4.68e-02  floor=0.0e+00  |dM|=2.57e-05  step=1.00e+00
  it  730  L= 3.186187e+02  comp= 2.7533e+01 expr= 2.9109e+02 L+= 5.5382e-02 L-= 5.4654e-02  Keff=20.00(min 19.99)  gmin=4.68e-02  floor=0.0e+00  |dM|=2.57e-05  step=1.00e+00
  it  731  L= 3.186184e+02  comp= 2.7533e+01 expr= 2.9109e+02 L+= 5.5408e-02 L-= 5.4678e-02  Keff=20.00(min 19.99)  gmin=4.68e-02  floor=0.0e+00  |dM|=2.58e-05  step=1.00e+00
  it  732  L= 3.186182e+02  comp= 2.7533e+01 expr= 2.9108e+02 L+= 5.5434e-02 L-= 5.4703e-02  Keff=20.00(min 19.99)  gmin=4.68e-02  floor=0.0e+00  |dM|=2.58e-05  step=1.00e+00
  it  733  L= 3.186179e+02  comp= 2.7533e+01 expr= 2.9108e+02 L+= 5.5463e-02 L-= 5.4731e-02  Keff=20.00(min 19.99)  gmin=4.68e-02  floor=0.0e+00  |dM|=2.59e-05  step=1.00e+00
  it  734  L= 3.186176e+02  comp= 2.7533e+01 expr= 2.9108e+02 L+= 5.5487e-02 L-= 5.4755e-02  Keff=20.00(min 19.99)  gmin=4.68e-02  floor=0.0e+00  |dM|=2.59e-05  step=1.00e+00
  it  735  L= 3.186173e+02  comp= 2.7533e+01 expr= 2.9108e+02 L+= 5.5518e-02 L-= 5.4781e-02  Keff=20.00(min 19.99)  gmin=4.68e-02  floor=0.0e+00  |dM|=2.59e-05  step=1.00e+00
  it  736  L= 3.186171e+02  comp= 2.7533e+01 expr= 2.9108e+02 L+= 5.5544e-02 L-= 5.4809e-02  Keff=20.00(min 19.99)  gmin=4.68e-02  floor=0.0e+00  |dM|=2.60e-05  step=1.00e+00
  it  737  L= 3.186168e+02  comp= 2.7533e+01 expr= 2.9108e+02 L+= 5.5570e-02 L-= 5.4835e-02  Keff=20.00(min 19.99)  gmin=4.68e-02  floor=0.0e+00  |dM|=2.60e-05  step=1.00e+00
  it  738  L= 3.186165e+02  comp= 2.7533e+01 expr= 2.9108e+02 L+= 5.5600e-02 L-= 5.4858e-02  Keff=20.00(min 19.99)  gmin=4.68e-02  floor=0.0e+00  |dM|=2.61e-05  step=1.00e+00
  it  739  L= 3.186162e+02  comp= 2.7533e+01 expr= 2.9108e+02 L+= 5.5625e-02 L-= 5.4884e-02  Keff=20.00(min 19.99)  gmin=4.68e-02  floor=0.0e+00  |dM|=2.61e-05  step=1.00e+00
  it  740  L= 3.186159e+02  comp= 2.7533e+01 expr= 2.9108e+02 L+= 5.5652e-02 L-= 5.4910e-02  Keff=20.00(min 19.99)  gmin=4.68e-02  floor=0.0e+00  |dM|=2.61e-05  step=1.00e+00
  it  741  L= 3.186156e+02  comp= 2.7533e+01 expr= 2.9108e+02 L+= 5.5679e-02 L-= 5.4936e-02  Keff=20.00(min 19.99)  gmin=4.68e-02  floor=0.0e+00  |dM|=2.62e-05  step=1.00e+00
  it  742  L= 3.186153e+02  comp= 2.7533e+01 expr= 2.9108e+02 L+= 5.5705e-02 L-= 5.4961e-02  Keff=20.00(min 19.99)  gmin=4.68e-02  floor=0.0e+00  |dM|=2.62e-05  step=1.00e+00
  it  743  L= 3.186151e+02  comp= 2.7533e+01 expr= 2.9108e+02 L+= 5.5733e-02 L-= 5.4986e-02  Keff=20.00(min 19.99)  gmin=4.68e-02  floor=0.0e+00  |dM|=2.63e-05  step=1.00e+00
  it  744  L= 3.186147e+02  comp= 2.7533e+01 expr= 2.9108e+02 L+= 5.5760e-02 L-= 5.5011e-02  Keff=20.00(min 19.99)  gmin=4.68e-02  floor=0.0e+00  |dM|=2.63e-05  step=1.00e+00
  it  745  L= 3.186145e+02  comp= 2.7533e+01 expr= 2.9108e+02 L+= 5.5790e-02 L-= 5.5038e-02  Keff=20.00(min 19.99)  gmin=4.68e-02  floor=0.0e+00  |dM|=2.63e-05  step=1.00e+00
  it  746  L= 3.186142e+02  comp= 2.7533e+01 expr= 2.9108e+02 L+= 5.5816e-02 L-= 5.5064e-02  Keff=20.00(min 19.99)  gmin=4.68e-02  floor=0.0e+00  |dM|=2.64e-05  step=1.00e+00
  it  747  L= 3.186139e+02  comp= 2.7533e+01 expr= 2.9108e+02 L+= 5.5843e-02 L-= 5.5090e-02  Keff=20.00(min 19.99)  gmin=4.68e-02  floor=0.0e+00  |dM|=2.64e-05  step=1.00e+00
  it  748  L= 3.186136e+02  comp= 2.7533e+01 expr= 2.9108e+02 L+= 5.5872e-02 L-= 5.5115e-02  Keff=20.00(min 19.99)  gmin=4.68e-02  floor=0.0e+00  |dM|=2.64e-05  step=1.00e+00
  it  749  L= 3.186133e+02  comp= 2.7533e+01 expr= 2.9108e+02 L+= 5.5897e-02 L-= 5.5141e-02  Keff=20.00(min 19.99)  gmin=4.68e-02  floor=0.0e+00  |dM|=2.65e-05  step=1.00e+00
  it  750  L= 3.186130e+02  comp= 2.7533e+01 expr= 2.9108e+02 L+= 5.5924e-02 L-= 5.5166e-02  Keff=20.00(min 19.99)  gmin=4.68e-02  floor=0.0e+00  |dM|=2.65e-05  step=1.00e+00
  it  751  L= 3.186127e+02  comp= 2.7533e+01 expr= 2.9108e+02 L+= 5.5955e-02 L-= 5.5192e-02  Keff=20.00(min 19.99)  gmin=4.68e-02  floor=0.0e+00  |dM|=2.66e-05  step=1.00e+00
  it  752  L= 3.186125e+02  comp= 2.7533e+01 expr= 2.9108e+02 L+= 5.5982e-02 L-= 5.5219e-02  Keff=20.00(min 19.99)  gmin=4.68e-02  floor=0.0e+00  |dM|=2.66e-05  step=1.00e+00
  it  753  L= 3.186122e+02  comp= 2.7533e+01 expr= 2.9108e+02 L+= 5.6009e-02 L-= 5.5247e-02  Keff=20.00(min 19.99)  gmin=4.68e-02  floor=0.0e+00  |dM|=2.66e-05  step=1.00e+00
  it  754  L= 3.186119e+02  comp= 2.7533e+01 expr= 2.9108e+02 L+= 5.6038e-02 L-= 5.5271e-02  Keff=20.00(min 19.99)  gmin=4.68e-02  floor=0.0e+00  |dM|=2.67e-05  step=1.00e+00
  it  755  L= 3.186115e+02  comp= 2.7533e+01 expr= 2.9108e+02 L+= 5.6064e-02 L-= 5.5299e-02  Keff=20.00(min 19.99)  gmin=4.68e-02  floor=0.0e+00  |dM|=2.67e-05  step=1.00e+00
  it  756  L= 3.186113e+02  comp= 2.7533e+01 expr= 2.9108e+02 L+= 5.6093e-02 L-= 5.5324e-02  Keff=20.00(min 19.99)  gmin=4.68e-02  floor=0.0e+00  |dM|=2.68e-05  step=1.00e+00
  it  757  L= 3.186110e+02  comp= 2.7533e+01 expr= 2.9108e+02 L+= 5.6119e-02 L-= 5.5348e-02  Keff=20.00(min 19.99)  gmin=4.68e-02  floor=0.0e+00  |dM|=2.68e-05  step=1.00e+00
  it  758  L= 3.186107e+02  comp= 2.7533e+01 expr= 2.9108e+02 L+= 5.6147e-02 L-= 5.5373e-02  Keff=20.00(min 19.99)  gmin=4.68e-02  floor=0.0e+00  |dM|=2.69e-05  step=1.00e+00
  it  759  L= 3.186104e+02  comp= 2.7533e+01 expr= 2.9108e+02 L+= 5.6175e-02 L-= 5.5400e-02  Keff=20.00(min 19.99)  gmin=4.68e-02  floor=0.0e+00  |dM|=2.69e-05  step=1.00e+00
  it  760  L= 3.186101e+02  comp= 2.7533e+01 expr= 2.9108e+02 L+= 5.6205e-02 L-= 5.5430e-02  Keff=20.00(min 19.99)  gmin=4.68e-02  floor=0.0e+00  |dM|=2.69e-05  step=1.00e+00
  it  761  L= 3.186099e+02  comp= 2.7533e+01 expr= 2.9108e+02 L+= 5.6233e-02 L-= 5.5457e-02  Keff=20.00(min 19.99)  gmin=4.68e-02  floor=0.0e+00  |dM|=2.70e-05  step=1.00e+00
  it  762  L= 3.186096e+02  comp= 2.7533e+01 expr= 2.9108e+02 L+= 5.6260e-02 L-= 5.5482e-02  Keff=20.00(min 19.99)  gmin=4.68e-02  floor=0.0e+00  |dM|=2.70e-05  step=1.00e+00
  it  763  L= 3.186093e+02  comp= 2.7533e+01 expr= 2.9108e+02 L+= 5.6289e-02 L-= 5.5508e-02  Keff=20.00(min 19.99)  gmin=4.68e-02  floor=0.0e+00  |dM|=2.71e-05  step=1.00e+00
  it  764  L= 3.186089e+02  comp= 2.7533e+01 expr= 2.9108e+02 L+= 5.6317e-02 L-= 5.5534e-02  Keff=20.00(min 19.99)  gmin=4.68e-02  floor=0.0e+00  |dM|=2.71e-05  step=1.00e+00
  it  765  L= 3.186087e+02  comp= 2.7533e+01 expr= 2.9108e+02 L+= 5.6343e-02 L-= 5.5562e-02  Keff=20.00(min 19.99)  gmin=4.68e-02  floor=0.0e+00  |dM|=2.71e-05  step=1.00e+00
  it  766  L= 3.186084e+02  comp= 2.7533e+01 expr= 2.9108e+02 L+= 5.6375e-02 L-= 5.5589e-02  Keff=20.00(min 19.99)  gmin=4.68e-02  floor=0.0e+00  |dM|=2.72e-05  step=1.00e+00
  it  767  L= 3.186081e+02  comp= 2.7533e+01 expr= 2.9107e+02 L+= 5.6403e-02 L-= 5.5615e-02  Keff=20.00(min 19.99)  gmin=4.68e-02  floor=0.0e+00  |dM|=2.72e-05  step=1.00e+00
  it  768  L= 3.186078e+02  comp= 2.7533e+01 expr= 2.9107e+02 L+= 5.6429e-02 L-= 5.5643e-02  Keff=20.00(min 19.99)  gmin=4.68e-02  floor=0.0e+00  |dM|=2.73e-05  step=1.00e+00
  it  769  L= 3.186075e+02  comp= 2.7533e+01 expr= 2.9107e+02 L+= 5.6459e-02 L-= 5.5670e-02  Keff=20.00(min 19.99)  gmin=4.68e-02  floor=0.0e+00  |dM|=2.73e-05  step=1.00e+00
  it  770  L= 3.186072e+02  comp= 2.7533e+01 expr= 2.9107e+02 L+= 5.6487e-02 L-= 5.5696e-02  Keff=20.00(min 19.99)  gmin=4.68e-02  floor=0.0e+00  |dM|=2.74e-05  step=1.00e+00
  it  771  L= 3.186069e+02  comp= 2.7533e+01 expr= 2.9107e+02 L+= 5.6513e-02 L-= 5.5721e-02  Keff=20.00(min 19.99)  gmin=4.68e-02  floor=0.0e+00  |dM|=2.74e-05  step=1.00e+00
  it  772  L= 3.186066e+02  comp= 2.7533e+01 expr= 2.9107e+02 L+= 5.6543e-02 L-= 5.5749e-02  Keff=20.00(min 19.99)  gmin=4.68e-02  floor=0.0e+00  |dM|=2.74e-05  step=1.00e+00
  it  773  L= 3.186063e+02  comp= 2.7533e+01 expr= 2.9107e+02 L+= 5.6572e-02 L-= 5.5777e-02  Keff=20.00(min 19.99)  gmin=4.68e-02  floor=0.0e+00  |dM|=2.75e-05  step=1.00e+00
  it  774  L= 3.186060e+02  comp= 2.7533e+01 expr= 2.9107e+02 L+= 5.6598e-02 L-= 5.5802e-02  Keff=20.00(min 19.99)  gmin=4.68e-02  floor=0.0e+00  |dM|=2.75e-05  step=1.00e+00
  it  775  L= 3.186057e+02  comp= 2.7533e+01 expr= 2.9107e+02 L+= 5.6629e-02 L-= 5.5830e-02  Keff=20.00(min 19.99)  gmin=4.68e-02  floor=0.0e+00  |dM|=2.76e-05  step=1.00e+00
  it  776  L= 3.186054e+02  comp= 2.7533e+01 expr= 2.9107e+02 L+= 5.6659e-02 L-= 5.5857e-02  Keff=20.00(min 19.99)  gmin=4.68e-02  floor=0.0e+00  |dM|=2.76e-05  step=1.00e+00
  it  777  L= 3.186051e+02  comp= 2.7533e+01 expr= 2.9107e+02 L+= 5.6686e-02 L-= 5.5882e-02  Keff=20.00(min 19.99)  gmin=4.68e-02  floor=0.0e+00  |dM|=2.77e-05  step=1.00e+00
  it  778  L= 3.186048e+02  comp= 2.7533e+01 expr= 2.9107e+02 L+= 5.6714e-02 L-= 5.5910e-02  Keff=20.00(min 19.99)  gmin=4.68e-02  floor=0.0e+00  |dM|=2.77e-05  step=1.00e+00
  it  779  L= 3.186045e+02  comp= 2.7533e+01 expr= 2.9107e+02 L+= 5.6744e-02 L-= 5.5938e-02  Keff=20.00(min 19.99)  gmin=4.68e-02  floor=0.0e+00  |dM|=2.77e-05  step=1.00e+00
  it  780  L= 3.186042e+02  comp= 2.7533e+01 expr= 2.9107e+02 L+= 5.6773e-02 L-= 5.5963e-02  Keff=20.00(min 19.99)  gmin=4.68e-02  floor=0.0e+00  |dM|=2.78e-05  step=1.00e+00
  it  781  L= 3.186039e+02  comp= 2.7533e+01 expr= 2.9107e+02 L+= 5.6801e-02 L-= 5.5992e-02  Keff=20.00(min 19.99)  gmin=4.68e-02  floor=0.0e+00  |dM|=2.78e-05  step=1.00e+00
  it  782  L= 3.186036e+02  comp= 2.7533e+01 expr= 2.9107e+02 L+= 5.6830e-02 L-= 5.6020e-02  Keff=20.00(min 19.99)  gmin=4.68e-02  floor=0.0e+00  |dM|=2.79e-05  step=1.00e+00
  it  783  L= 3.186032e+02  comp= 2.7533e+01 expr= 2.9107e+02 L+= 5.6859e-02 L-= 5.6045e-02  Keff=20.00(min 19.99)  gmin=4.68e-02  floor=0.0e+00  |dM|=2.79e-05  step=1.00e+00
  it  784  L= 3.186029e+02  comp= 2.7533e+01 expr= 2.9107e+02 L+= 5.6887e-02 L-= 5.6074e-02  Keff=20.00(min 19.99)  gmin=4.68e-02  floor=0.0e+00  |dM|=2.80e-05  step=1.00e+00
  it  785  L= 3.186027e+02  comp= 2.7533e+01 expr= 2.9107e+02 L+= 5.6918e-02 L-= 5.6100e-02  Keff=20.00(min 19.99)  gmin=4.68e-02  floor=0.0e+00  |dM|=2.80e-05  step=1.00e+00
  it  786  L= 3.186024e+02  comp= 2.7533e+01 expr= 2.9107e+02 L+= 5.6947e-02 L-= 5.6128e-02  Keff=20.00(min 19.99)  gmin=4.68e-02  floor=0.0e+00  |dM|=2.80e-05  step=1.00e+00
  it  787  L= 3.186021e+02  comp= 2.7533e+01 expr= 2.9107e+02 L+= 5.6974e-02 L-= 5.6155e-02  Keff=20.00(min 19.99)  gmin=4.68e-02  floor=0.0e+00  |dM|=2.81e-05  step=1.00e+00
  it  788  L= 3.186018e+02  comp= 2.7533e+01 expr= 2.9107e+02 L+= 5.7004e-02 L-= 5.6181e-02  Keff=20.00(min 19.99)  gmin=4.68e-02  floor=0.0e+00  |dM|=2.81e-05  step=1.00e+00
  it  789  L= 3.186014e+02  comp= 2.7533e+01 expr= 2.9107e+02 L+= 5.7034e-02 L-= 5.6210e-02  Keff=20.00(min 19.99)  gmin=4.68e-02  floor=0.0e+00  |dM|=2.82e-05  step=1.00e+00
  it  790  L= 3.186011e+02  comp= 2.7533e+01 expr= 2.9107e+02 L+= 5.7065e-02 L-= 5.6237e-02  Keff=20.00(min 19.99)  gmin=4.68e-02  floor=0.0e+00  |dM|=2.82e-05  step=1.00e+00
  it  791  L= 3.186008e+02  comp= 2.7533e+01 expr= 2.9107e+02 L+= 5.7091e-02 L-= 5.6264e-02  Keff=20.00(min 19.99)  gmin=4.68e-02  floor=0.0e+00  |dM|=2.83e-05  step=1.00e+00
  it  792  L= 3.186005e+02  comp= 2.7533e+01 expr= 2.9107e+02 L+= 5.7121e-02 L-= 5.6293e-02  Keff=20.00(min 19.99)  gmin=4.68e-02  floor=0.0e+00  |dM|=2.83e-05  step=1.00e+00
  it  793  L= 3.186002e+02  comp= 2.7533e+01 expr= 2.9107e+02 L+= 5.7151e-02 L-= 5.6320e-02  Keff=20.00(min 19.99)  gmin=4.68e-02  floor=0.0e+00  |dM|=2.84e-05  step=1.00e+00
  it  794  L= 3.185999e+02  comp= 2.7533e+01 expr= 2.9107e+02 L+= 5.7179e-02 L-= 5.6348e-02  Keff=20.00(min 19.99)  gmin=4.68e-02  floor=0.0e+00  |dM|=2.84e-05  step=1.00e+00
  it  795  L= 3.185996e+02  comp= 2.7533e+01 expr= 2.9107e+02 L+= 5.7210e-02 L-= 5.6375e-02  Keff=20.00(min 19.99)  gmin=4.68e-02  floor=0.0e+00  |dM|=2.85e-05  step=1.00e+00
  it  796  L= 3.185993e+02  comp= 2.7533e+01 expr= 2.9107e+02 L+= 5.7239e-02 L-= 5.6402e-02  Keff=20.00(min 19.99)  gmin=4.68e-02  floor=0.0e+00  |dM|=2.85e-05  step=1.00e+00
  it  797  L= 3.185989e+02  comp= 2.7533e+01 expr= 2.9107e+02 L+= 5.7267e-02 L-= 5.6430e-02  Keff=20.00(min 19.99)  gmin=4.68e-02  floor=0.0e+00  |dM|=2.85e-05  step=1.00e+00
  it  798  L= 3.185987e+02  comp= 2.7533e+01 expr= 2.9107e+02 L+= 5.7296e-02 L-= 5.6458e-02  Keff=20.00(min 19.99)  gmin=4.68e-02  floor=0.0e+00  |dM|=2.86e-05  step=1.00e+00
  it  799  L= 3.185983e+02  comp= 2.7533e+01 expr= 2.9106e+02 L+= 5.7325e-02 L-= 5.6489e-02  Keff=20.00(min 19.99)  gmin=4.68e-02  floor=0.0e+00  |dM|=2.86e-05  step=1.00e+00
  it  800  L= 3.185981e+02  comp= 2.7533e+01 expr= 2.9106e+02 L+= 5.7355e-02 L-= 5.6515e-02  Keff=20.00(min 19.99)  gmin=4.68e-02  floor=0.0e+00  |dM|=2.87e-05  step=1.00e+00
  it  801  L= 3.185977e+02  comp= 2.7533e+01 expr= 2.9106e+02 L+= 5.7385e-02 L-= 5.6543e-02  Keff=20.00(min 19.99)  gmin=4.68e-02  floor=0.0e+00  |dM|=2.87e-05  step=1.00e+00
  it  802  L= 3.185974e+02  comp= 2.7533e+01 expr= 2.9106e+02 L+= 5.7415e-02 L-= 5.6572e-02  Keff=20.00(min 19.99)  gmin=4.68e-02  floor=0.0e+00  |dM|=2.88e-05  step=1.00e+00
  it  803  L= 3.185971e+02  comp= 2.7533e+01 expr= 2.9106e+02 L+= 5.7446e-02 L-= 5.6598e-02  Keff=20.00(min 19.99)  gmin=4.68e-02  floor=0.0e+00  |dM|=2.88e-05  step=1.00e+00
  it  804  L= 3.185967e+02  comp= 2.7533e+01 expr= 2.9106e+02 L+= 5.7475e-02 L-= 5.6627e-02  Keff=20.00(min 19.99)  gmin=4.68e-02  floor=0.0e+00  |dM|=2.89e-05  step=1.00e+00
  it  805  L= 3.185965e+02  comp= 2.7533e+01 expr= 2.9106e+02 L+= 5.7506e-02 L-= 5.6654e-02  Keff=20.00(min 19.99)  gmin=4.68e-02  floor=0.0e+00  |dM|=2.89e-05  step=1.00e+00
  it  806  L= 3.185962e+02  comp= 2.7533e+01 expr= 2.9106e+02 L+= 5.7536e-02 L-= 5.6682e-02  Keff=20.00(min 19.99)  gmin=4.68e-02  floor=0.0e+00  |dM|=2.90e-05  step=1.00e+00
  it  807  L= 3.185958e+02  comp= 2.7533e+01 expr= 2.9106e+02 L+= 5.7564e-02 L-= 5.6713e-02  Keff=20.00(min 19.99)  gmin=4.68e-02  floor=0.0e+00  |dM|=2.90e-05  step=1.00e+00
  it  808  L= 3.185955e+02  comp= 2.7533e+01 expr= 2.9106e+02 L+= 5.7595e-02 L-= 5.6740e-02  Keff=20.00(min 19.99)  gmin=4.68e-02  floor=0.0e+00  |dM|=2.91e-05  step=1.00e+00
  it  809  L= 3.185952e+02  comp= 2.7533e+01 expr= 2.9106e+02 L+= 5.7623e-02 L-= 5.6766e-02  Keff=20.00(min 19.99)  gmin=4.68e-02  floor=0.0e+00  |dM|=2.91e-05  step=1.00e+00
  it  810  L= 3.185949e+02  comp= 2.7533e+01 expr= 2.9106e+02 L+= 5.7656e-02 L-= 5.6798e-02  Keff=20.00(min 19.99)  gmin=4.68e-02  floor=0.0e+00  |dM|=2.91e-05  step=1.00e+00
  it  811  L= 3.185945e+02  comp= 2.7533e+01 expr= 2.9106e+02 L+= 5.7686e-02 L-= 5.6824e-02  Keff=20.00(min 19.99)  gmin=4.68e-02  floor=0.0e+00  |dM|=2.92e-05  step=1.00e+00
  it  812  L= 3.185942e+02  comp= 2.7533e+01 expr= 2.9106e+02 L+= 5.7716e-02 L-= 5.6854e-02  Keff=20.00(min 19.99)  gmin=4.68e-02  floor=0.0e+00  |dM|=2.92e-05  step=1.00e+00
  it  813  L= 3.185939e+02  comp= 2.7533e+01 expr= 2.9106e+02 L+= 5.7745e-02 L-= 5.6882e-02  Keff=20.00(min 19.99)  gmin=4.68e-02  floor=0.0e+00  |dM|=2.93e-05  step=1.00e+00
  it  814  L= 3.185936e+02  comp= 2.7533e+01 expr= 2.9106e+02 L+= 5.7776e-02 L-= 5.6910e-02  Keff=20.00(min 19.99)  gmin=4.68e-02  floor=0.0e+00  |dM|=2.93e-05  step=1.00e+00
  it  815  L= 3.185933e+02  comp= 2.7533e+01 expr= 2.9106e+02 L+= 5.7807e-02 L-= 5.6938e-02  Keff=20.00(min 19.99)  gmin=4.68e-02  floor=0.0e+00  |dM|=2.94e-05  step=1.00e+00
  it  816  L= 3.185929e+02  comp= 2.7533e+01 expr= 2.9106e+02 L+= 5.7836e-02 L-= 5.6967e-02  Keff=20.00(min 19.99)  gmin=4.68e-02  floor=0.0e+00  |dM|=2.94e-05  step=1.00e+00
  it  817  L= 3.185926e+02  comp= 2.7533e+01 expr= 2.9106e+02 L+= 5.7867e-02 L-= 5.6995e-02  Keff=20.00(min 19.99)  gmin=4.68e-02  floor=0.0e+00  |dM|=2.95e-05  step=1.00e+00
  it  818  L= 3.185923e+02  comp= 2.7533e+01 expr= 2.9106e+02 L+= 5.7899e-02 L-= 5.7023e-02  Keff=20.00(min 19.99)  gmin=4.68e-02  floor=0.0e+00  |dM|=2.95e-05  step=1.00e+00
  it  819  L= 3.185920e+02  comp= 2.7533e+01 expr= 2.9106e+02 L+= 5.7929e-02 L-= 5.7053e-02  Keff=20.00(min 19.99)  gmin=4.68e-02  floor=0.0e+00  |dM|=2.96e-05  step=1.00e+00
  it  820  L= 3.185917e+02  comp= 2.7533e+01 expr= 2.9106e+02 L+= 5.7960e-02 L-= 5.7080e-02  Keff=20.00(min 19.99)  gmin=4.68e-02  floor=0.0e+00  |dM|=2.96e-05  step=1.00e+00
  it  821  L= 3.185913e+02  comp= 2.7533e+01 expr= 2.9106e+02 L+= 5.7990e-02 L-= 5.7110e-02  Keff=20.00(min 19.99)  gmin=4.68e-02  floor=0.0e+00  |dM|=2.97e-05  step=1.00e+00
  it  822  L= 3.185910e+02  comp= 2.7533e+01 expr= 2.9106e+02 L+= 5.8017e-02 L-= 5.7141e-02  Keff=20.00(min 19.99)  gmin=4.68e-02  floor=0.0e+00  |dM|=2.97e-05  step=1.00e+00
  it  823  L= 3.185907e+02  comp= 2.7533e+01 expr= 2.9106e+02 L+= 5.8049e-02 L-= 5.7169e-02  Keff=20.00(min 19.99)  gmin=4.68e-02  floor=0.0e+00  |dM|=2.98e-05  step=1.00e+00
  it  824  L= 3.185903e+02  comp= 2.7533e+01 expr= 2.9106e+02 L+= 5.8080e-02 L-= 5.7197e-02  Keff=20.00(min 19.99)  gmin=4.68e-02  floor=0.0e+00  |dM|=2.98e-05  step=1.00e+00
  it  825  L= 3.185900e+02  comp= 2.7533e+01 expr= 2.9106e+02 L+= 5.8111e-02 L-= 5.7227e-02  Keff=20.00(min 19.99)  gmin=4.68e-02  floor=0.0e+00  |dM|=2.99e-05  step=1.00e+00
  it  826  L= 3.185897e+02  comp= 2.7533e+01 expr= 2.9106e+02 L+= 5.8142e-02 L-= 5.7254e-02  Keff=20.00(min 19.99)  gmin=4.68e-02  floor=0.0e+00  |dM|=2.99e-05  step=1.00e+00
  it  827  L= 3.185894e+02  comp= 2.7533e+01 expr= 2.9106e+02 L+= 5.8173e-02 L-= 5.7283e-02  Keff=20.00(min 19.99)  gmin=4.68e-02  floor=0.0e+00  |dM|=3.00e-05  step=1.00e+00
  it  828  L= 3.185891e+02  comp= 2.7533e+01 expr= 2.9106e+02 L+= 5.8204e-02 L-= 5.7313e-02  Keff=20.00(min 19.99)  gmin=4.68e-02  floor=0.0e+00  |dM|=3.00e-05  step=1.00e+00
  it  829  L= 3.185887e+02  comp= 2.7533e+01 expr= 2.9106e+02 L+= 5.8236e-02 L-= 5.7342e-02  Keff=20.00(min 19.99)  gmin=4.68e-02  floor=0.0e+00  |dM|=3.01e-05  step=1.00e+00
  it  830  L= 3.185884e+02  comp= 2.7533e+01 expr= 2.9106e+02 L+= 5.8266e-02 L-= 5.7372e-02  Keff=20.00(min 19.99)  gmin=4.68e-02  floor=0.0e+00  |dM|=3.01e-05  step=1.00e+00
  it  831  L= 3.185881e+02  comp= 2.7533e+01 expr= 2.9105e+02 L+= 5.8295e-02 L-= 5.7400e-02  Keff=20.00(min 19.99)  gmin=4.68e-02  floor=0.0e+00  |dM|=3.02e-05  step=1.00e+00
  it  832  L= 3.185877e+02  comp= 2.7533e+01 expr= 2.9105e+02 L+= 5.8327e-02 L-= 5.7432e-02  Keff=20.00(min 19.99)  gmin=4.68e-02  floor=0.0e+00  |dM|=3.02e-05  step=1.00e+00
  it  833  L= 3.185874e+02  comp= 2.7533e+01 expr= 2.9105e+02 L+= 5.8360e-02 L-= 5.7459e-02  Keff=20.00(min 19.99)  gmin=4.68e-02  floor=0.0e+00  |dM|=3.03e-05  step=1.00e+00
  it  834  L= 3.185871e+02  comp= 2.7533e+01 expr= 2.9105e+02 L+= 5.8391e-02 L-= 5.7488e-02  Keff=20.00(min 19.99)  gmin=4.68e-02  floor=0.0e+00  |dM|=3.03e-05  step=1.00e+00
  it  835  L= 3.185867e+02  comp= 2.7533e+01 expr= 2.9105e+02 L+= 5.8422e-02 L-= 5.7520e-02  Keff=20.00(min 19.99)  gmin=4.68e-02  floor=0.0e+00  |dM|=3.04e-05  step=1.00e+00
  it  836  L= 3.185864e+02  comp= 2.7533e+01 expr= 2.9105e+02 L+= 5.8451e-02 L-= 5.7548e-02  Keff=20.00(min 19.99)  gmin=4.68e-02  floor=0.0e+00  |dM|=3.04e-05  step=1.00e+00
  it  837  L= 3.185860e+02  comp= 2.7533e+01 expr= 2.9105e+02 L+= 5.8482e-02 L-= 5.7576e-02  Keff=20.00(min 19.99)  gmin=4.68e-02  floor=0.0e+00  |dM|=3.05e-05  step=1.00e+00
  it  838  L= 3.185857e+02  comp= 2.7533e+01 expr= 2.9105e+02 L+= 5.8514e-02 L-= 5.7606e-02  Keff=20.00(min 19.99)  gmin=4.68e-02  floor=0.0e+00  |dM|=3.05e-05  step=1.00e+00
  it  839  L= 3.185854e+02  comp= 2.7533e+01 expr= 2.9105e+02 L+= 5.8546e-02 L-= 5.7635e-02  Keff=20.00(min 19.99)  gmin=4.68e-02  floor=0.0e+00  |dM|=3.06e-05  step=1.00e+00
  it  840  L= 3.185851e+02  comp= 2.7533e+01 expr= 2.9105e+02 L+= 5.8577e-02 L-= 5.7665e-02  Keff=20.00(min 19.99)  gmin=4.68e-02  floor=0.0e+00  |dM|=3.06e-05  step=1.00e+00
  it  841  L= 3.185847e+02  comp= 2.7533e+01 expr= 2.9105e+02 L+= 5.8610e-02 L-= 5.7695e-02  Keff=20.00(min 19.99)  gmin=4.68e-02  floor=0.0e+00  |dM|=3.07e-05  step=1.00e+00
  it  842  L= 3.185844e+02  comp= 2.7533e+01 expr= 2.9105e+02 L+= 5.8640e-02 L-= 5.7725e-02  Keff=20.00(min 19.99)  gmin=4.68e-02  floor=0.0e+00  |dM|=3.07e-05  step=1.00e+00
  it  843  L= 3.185840e+02  comp= 2.7533e+01 expr= 2.9105e+02 L+= 5.8672e-02 L-= 5.7754e-02  Keff=20.00(min 19.99)  gmin=4.68e-02  floor=0.0e+00  |dM|=3.08e-05  step=1.00e+00
  it  844  L= 3.185837e+02  comp= 2.7533e+01 expr= 2.9105e+02 L+= 5.8703e-02 L-= 5.7784e-02  Keff=20.00(min 19.99)  gmin=4.68e-02  floor=0.0e+00  |dM|=3.08e-05  step=1.00e+00
  it  845  L= 3.185834e+02  comp= 2.7533e+01 expr= 2.9105e+02 L+= 5.8736e-02 L-= 5.7816e-02  Keff=20.00(min 19.99)  gmin=4.68e-02  floor=0.0e+00  |dM|=3.09e-05  step=1.00e+00
  it  846  L= 3.185830e+02  comp= 2.7533e+01 expr= 2.9105e+02 L+= 5.8766e-02 L-= 5.7844e-02  Keff=20.00(min 19.99)  gmin=4.68e-02  floor=0.0e+00  |dM|=3.10e-05  step=1.00e+00
  it  847  L= 3.185827e+02  comp= 2.7533e+01 expr= 2.9105e+02 L+= 5.8797e-02 L-= 5.7875e-02  Keff=20.00(min 19.99)  gmin=4.68e-02  floor=0.0e+00  |dM|=3.10e-05  step=1.00e+00
  it  848  L= 3.185824e+02  comp= 2.7533e+01 expr= 2.9105e+02 L+= 5.8830e-02 L-= 5.7904e-02  Keff=20.00(min 19.99)  gmin=4.68e-02  floor=0.0e+00  |dM|=3.11e-05  step=1.00e+00
  it  849  L= 3.185820e+02  comp= 2.7533e+01 expr= 2.9105e+02 L+= 5.8864e-02 L-= 5.7935e-02  Keff=20.00(min 19.99)  gmin=4.68e-02  floor=0.0e+00  |dM|=3.11e-05  step=1.00e+00
  it  850  L= 3.185817e+02  comp= 2.7533e+01 expr= 2.9105e+02 L+= 5.8895e-02 L-= 5.7965e-02  Keff=20.00(min 19.99)  gmin=4.68e-02  floor=0.0e+00  |dM|=3.12e-05  step=1.00e+00
  it  851  L= 3.185814e+02  comp= 2.7533e+01 expr= 2.9105e+02 L+= 5.8926e-02 L-= 5.7994e-02  Keff=20.00(min 19.99)  gmin=4.68e-02  floor=0.0e+00  |dM|=3.12e-05  step=1.00e+00
  it  852  L= 3.185810e+02  comp= 2.7533e+01 expr= 2.9105e+02 L+= 5.8959e-02 L-= 5.8025e-02  Keff=20.00(min 19.99)  gmin=4.68e-02  floor=0.0e+00  |dM|=3.13e-05  step=1.00e+00
  it  853  L= 3.185807e+02  comp= 2.7533e+01 expr= 2.9105e+02 L+= 5.8989e-02 L-= 5.8054e-02  Keff=20.00(min 19.99)  gmin=4.68e-02  floor=0.0e+00  |dM|=3.13e-05  step=1.00e+00
  it  854  L= 3.185803e+02  comp= 2.7533e+01 expr= 2.9105e+02 L+= 5.9021e-02 L-= 5.8084e-02  Keff=20.00(min 19.99)  gmin=4.68e-02  floor=0.0e+00  |dM|=3.14e-05  step=1.00e+00
  it  855  L= 3.185800e+02  comp= 2.7533e+01 expr= 2.9105e+02 L+= 5.9053e-02 L-= 5.8113e-02  Keff=20.00(min 19.99)  gmin=4.68e-02  floor=0.0e+00  |dM|=3.14e-05  step=1.00e+00
  it  856  L= 3.185796e+02  comp= 2.7533e+01 expr= 2.9105e+02 L+= 5.9086e-02 L-= 5.8146e-02  Keff=20.00(min 19.99)  gmin=4.68e-02  floor=0.0e+00  |dM|=3.15e-05  step=1.00e+00
  it  857  L= 3.185793e+02  comp= 2.7533e+01 expr= 2.9105e+02 L+= 5.9118e-02 L-= 5.8177e-02  Keff=20.00(min 19.99)  gmin=4.68e-02  floor=0.0e+00  |dM|=3.15e-05  step=1.00e+00
  it  858  L= 3.185789e+02  comp= 2.7533e+01 expr= 2.9105e+02 L+= 5.9150e-02 L-= 5.8207e-02  Keff=20.00(min 19.99)  gmin=4.68e-02  floor=0.0e+00  |dM|=3.16e-05  step=1.00e+00
  it  859  L= 3.185786e+02  comp= 2.7533e+01 expr= 2.9105e+02 L+= 5.9183e-02 L-= 5.8237e-02  Keff=20.00(min 19.99)  gmin=4.68e-02  floor=0.0e+00  |dM|=3.17e-05  step=1.00e+00
  it  860  L= 3.185782e+02  comp= 2.7533e+01 expr= 2.9104e+02 L+= 5.9217e-02 L-= 5.8266e-02  Keff=20.00(min 19.99)  gmin=4.68e-02  floor=0.0e+00  |dM|=3.17e-05  step=1.00e+00
  it  861  L= 3.185779e+02  comp= 2.7533e+01 expr= 2.9104e+02 L+= 5.9248e-02 L-= 5.8299e-02  Keff=20.00(min 19.99)  gmin=4.68e-02  floor=0.0e+00  |dM|=3.18e-05  step=1.00e+00
  it  862  L= 3.185775e+02  comp= 2.7533e+01 expr= 2.9104e+02 L+= 5.9279e-02 L-= 5.8330e-02  Keff=20.00(min 19.99)  gmin=4.68e-02  floor=0.0e+00  |dM|=3.18e-05  step=1.00e+00
  it  863  L= 3.185772e+02  comp= 2.7533e+01 expr= 2.9104e+02 L+= 5.9314e-02 L-= 5.8361e-02  Keff=20.00(min 19.99)  gmin=4.68e-02  floor=0.0e+00  |dM|=3.19e-05  step=1.00e+00
  it  864  L= 3.185768e+02  comp= 2.7533e+01 expr= 2.9104e+02 L+= 5.9346e-02 L-= 5.8390e-02  Keff=20.00(min 19.99)  gmin=4.68e-02  floor=0.0e+00  |dM|=3.19e-05  step=1.00e+00
  it  865  L= 3.185765e+02  comp= 2.7533e+01 expr= 2.9104e+02 L+= 5.9378e-02 L-= 5.8422e-02  Keff=20.00(min 19.99)  gmin=4.68e-02  floor=0.0e+00  |dM|=3.20e-05  step=1.00e+00
  it  866  L= 3.185761e+02  comp= 2.7533e+01 expr= 2.9104e+02 L+= 5.9412e-02 L-= 5.8451e-02  Keff=20.00(min 19.99)  gmin=4.68e-02  floor=0.0e+00  |dM|=3.21e-05  step=1.00e+00
  it  867  L= 3.185758e+02  comp= 2.7533e+01 expr= 2.9104e+02 L+= 5.9444e-02 L-= 5.8482e-02  Keff=20.00(min 19.99)  gmin=4.68e-02  floor=0.0e+00  |dM|=3.21e-05  step=1.00e+00
  it  868  L= 3.185754e+02  comp= 2.7533e+01 expr= 2.9104e+02 L+= 5.9477e-02 L-= 5.8515e-02  Keff=20.00(min 19.99)  gmin=4.68e-02  floor=0.0e+00  |dM|=3.22e-05  step=1.00e+00
  it  869  L= 3.185751e+02  comp= 2.7533e+01 expr= 2.9104e+02 L+= 5.9510e-02 L-= 5.8545e-02  Keff=20.00(min 19.99)  gmin=4.68e-02  floor=0.0e+00  |dM|=3.22e-05  step=1.00e+00
  it  870  L= 3.185747e+02  comp= 2.7533e+01 expr= 2.9104e+02 L+= 5.9542e-02 L-= 5.8575e-02  Keff=20.00(min 19.99)  gmin=4.68e-02  floor=0.0e+00  |dM|=3.23e-05  step=1.00e+00
  it  871  L= 3.185744e+02  comp= 2.7533e+01 expr= 2.9104e+02 L+= 5.9573e-02 L-= 5.8605e-02  Keff=20.00(min 19.99)  gmin=4.68e-02  floor=0.0e+00  |dM|=3.23e-05  step=1.00e+00
  it  872  L= 3.185740e+02  comp= 2.7533e+01 expr= 2.9104e+02 L+= 5.9608e-02 L-= 5.8636e-02  Keff=20.00(min 19.99)  gmin=4.68e-02  floor=0.0e+00  |dM|=3.24e-05  step=1.00e+00
  it  873  L= 3.185737e+02  comp= 2.7533e+01 expr= 2.9104e+02 L+= 5.9639e-02 L-= 5.8668e-02  Keff=20.00(min 19.99)  gmin=4.68e-02  floor=0.0e+00  |dM|=3.25e-05  step=1.00e+00
  it  874  L= 3.185733e+02  comp= 2.7533e+01 expr= 2.9104e+02 L+= 5.9674e-02 L-= 5.8700e-02  Keff=20.00(min 19.99)  gmin=4.68e-02  floor=0.0e+00  |dM|=3.25e-05  step=1.00e+00
  it  875  L= 3.185730e+02  comp= 2.7533e+01 expr= 2.9104e+02 L+= 5.9705e-02 L-= 5.8729e-02  Keff=20.00(min 19.99)  gmin=4.68e-02  floor=0.0e+00  |dM|=3.26e-05  step=1.00e+00
  it  876  L= 3.185726e+02  comp= 2.7533e+01 expr= 2.9104e+02 L+= 5.9739e-02 L-= 5.8760e-02  Keff=20.00(min 19.99)  gmin=4.68e-02  floor=0.0e+00  |dM|=3.26e-05  step=1.00e+00
  it  877  L= 3.185722e+02  comp= 2.7533e+01 expr= 2.9104e+02 L+= 5.9772e-02 L-= 5.8793e-02  Keff=20.00(min 19.99)  gmin=4.68e-02  floor=0.0e+00  |dM|=3.27e-05  step=1.00e+00
  it  878  L= 3.185719e+02  comp= 2.7533e+01 expr= 2.9104e+02 L+= 5.9805e-02 L-= 5.8824e-02  Keff=20.00(min 19.99)  gmin=4.68e-02  floor=0.0e+00  |dM|=3.27e-05  step=1.00e+00
  it  879  L= 3.185715e+02  comp= 2.7533e+01 expr= 2.9104e+02 L+= 5.9839e-02 L-= 5.8853e-02  Keff=20.00(min 19.99)  gmin=4.68e-02  floor=0.0e+00  |dM|=3.28e-05  step=1.00e+00
  it  880  L= 3.185711e+02  comp= 2.7533e+01 expr= 2.9104e+02 L+= 5.9872e-02 L-= 5.8888e-02  Keff=20.00(min 19.99)  gmin=4.68e-02  floor=0.0e+00  |dM|=3.29e-05  step=1.00e+00
  it  881  L= 3.185708e+02  comp= 2.7533e+01 expr= 2.9104e+02 L+= 5.9905e-02 L-= 5.8919e-02  Keff=20.00(min 19.99)  gmin=4.68e-02  floor=0.0e+00  |dM|=3.29e-05  step=1.00e+00
  it  882  L= 3.185704e+02  comp= 2.7533e+01 expr= 2.9104e+02 L+= 5.9940e-02 L-= 5.8950e-02  Keff=20.00(min 19.99)  gmin=4.68e-02  floor=0.0e+00  |dM|=3.30e-05  step=1.00e+00
  it  883  L= 3.185701e+02  comp= 2.7533e+01 expr= 2.9104e+02 L+= 5.9973e-02 L-= 5.8983e-02  Keff=20.00(min 19.99)  gmin=4.69e-02  floor=0.0e+00  |dM|=3.30e-05  step=1.00e+00
  it  884  L= 3.185697e+02  comp= 2.7533e+01 expr= 2.9104e+02 L+= 6.0008e-02 L-= 5.9015e-02  Keff=20.00(min 19.99)  gmin=4.69e-02  floor=0.0e+00  |dM|=3.31e-05  step=1.00e+00
  it  885  L= 3.185694e+02  comp= 2.7533e+01 expr= 2.9104e+02 L+= 6.0043e-02 L-= 5.9044e-02  Keff=20.00(min 19.99)  gmin=4.69e-02  floor=0.0e+00  |dM|=3.32e-05  step=1.00e+00
  it  886  L= 3.185690e+02  comp= 2.7533e+01 expr= 2.9104e+02 L+= 6.0074e-02 L-= 5.9078e-02  Keff=20.00(min 19.99)  gmin=4.69e-02  floor=0.0e+00  |dM|=3.32e-05  step=1.00e+00
  it  887  L= 3.185686e+02  comp= 2.7533e+01 expr= 2.9104e+02 L+= 6.0106e-02 L-= 5.9110e-02  Keff=20.00(min 19.99)  gmin=4.69e-02  floor=0.0e+00  |dM|=3.33e-05  step=1.00e+00
  it  888  L= 3.185683e+02  comp= 2.7533e+01 expr= 2.9103e+02 L+= 6.0142e-02 L-= 5.9142e-02  Keff=20.00(min 19.99)  gmin=4.69e-02  floor=0.0e+00  |dM|=3.33e-05  step=1.00e+00
  it  889  L= 3.185679e+02  comp= 2.7533e+01 expr= 2.9103e+02 L+= 6.0177e-02 L-= 5.9174e-02  Keff=20.00(min 19.99)  gmin=4.69e-02  floor=0.0e+00  |dM|=3.34e-05  step=1.00e+00
  it  890  L= 3.185675e+02  comp= 2.7533e+01 expr= 2.9103e+02 L+= 6.0209e-02 L-= 5.9205e-02  Keff=20.00(min 19.99)  gmin=4.69e-02  floor=0.0e+00  |dM|=3.35e-05  step=1.00e+00
  it  891  L= 3.185671e+02  comp= 2.7533e+01 expr= 2.9103e+02 L+= 6.0242e-02 L-= 5.9236e-02  Keff=20.00(min 19.99)  gmin=4.69e-02  floor=0.0e+00  |dM|=3.35e-05  step=1.00e+00
  it  892  L= 3.185668e+02  comp= 2.7533e+01 expr= 2.9103e+02 L+= 6.0277e-02 L-= 5.9268e-02  Keff=20.00(min 19.99)  gmin=4.69e-02  floor=0.0e+00  |dM|=3.36e-05  step=1.00e+00
  it  893  L= 3.185664e+02  comp= 2.7533e+01 expr= 2.9103e+02 L+= 6.0312e-02 L-= 5.9302e-02  Keff=20.00(min 19.99)  gmin=4.69e-02  floor=0.0e+00  |dM|=3.37e-05  step=1.00e+00
  it  894  L= 3.185660e+02  comp= 2.7533e+01 expr= 2.9103e+02 L+= 6.0345e-02 L-= 5.9332e-02  Keff=20.00(min 19.99)  gmin=4.69e-02  floor=0.0e+00  |dM|=3.37e-05  step=1.00e+00
  it  895  L= 3.185657e+02  comp= 2.7533e+01 expr= 2.9103e+02 L+= 6.0380e-02 L-= 5.9366e-02  Keff=20.00(min 19.99)  gmin=4.69e-02  floor=0.0e+00  |dM|=3.38e-05  step=1.00e+00
  it  896  L= 3.185653e+02  comp= 2.7533e+01 expr= 2.9103e+02 L+= 6.0413e-02 L-= 5.9399e-02  Keff=20.00(min 19.99)  gmin=4.69e-02  floor=0.0e+00  |dM|=3.38e-05  step=1.00e+00
  it  897  L= 3.185649e+02  comp= 2.7533e+01 expr= 2.9103e+02 L+= 6.0447e-02 L-= 5.9430e-02  Keff=20.00(min 19.99)  gmin=4.69e-02  floor=0.0e+00  |dM|=3.39e-05  step=1.00e+00
  it  898  L= 3.185646e+02  comp= 2.7533e+01 expr= 2.9103e+02 L+= 6.0482e-02 L-= 5.9462e-02  Keff=20.00(min 19.99)  gmin=4.69e-02  floor=0.0e+00  |dM|=3.40e-05  step=1.00e+00
  it  899  L= 3.185642e+02  comp= 2.7533e+01 expr= 2.9103e+02 L+= 6.0517e-02 L-= 5.9496e-02  Keff=20.00(min 19.99)  gmin=4.69e-02  floor=0.0e+00  |dM|=3.40e-05  step=1.00e+00
  it  900  L= 3.185638e+02  comp= 2.7533e+01 expr= 2.9103e+02 L+= 6.0550e-02 L-= 5.9529e-02  Keff=20.00(min 19.99)  gmin=4.69e-02  floor=0.0e+00  |dM|=3.41e-05  step=1.00e+00
  it  901  L= 3.185634e+02  comp= 2.7533e+01 expr= 2.9103e+02 L+= 6.0586e-02 L-= 5.9560e-02  Keff=20.00(min 19.99)  gmin=4.69e-02  floor=0.0e+00  |dM|=3.42e-05  step=1.00e+00
  it  902  L= 3.185630e+02  comp= 2.7533e+01 expr= 2.9103e+02 L+= 6.0618e-02 L-= 5.9592e-02  Keff=20.00(min 19.99)  gmin=4.69e-02  floor=0.0e+00  |dM|=3.42e-05  step=1.00e+00
  it  903  L= 3.185627e+02  comp= 2.7533e+01 expr= 2.9103e+02 L+= 6.0655e-02 L-= 5.9626e-02  Keff=20.00(min 19.99)  gmin=4.69e-02  floor=0.0e+00  |dM|=3.43e-05  step=1.00e+00
  it  904  L= 3.185623e+02  comp= 2.7533e+01 expr= 2.9103e+02 L+= 6.0688e-02 L-= 5.9657e-02  Keff=20.00(min 19.99)  gmin=4.69e-02  floor=0.0e+00  |dM|=3.43e-05  step=1.00e+00
  it  905  L= 3.185619e+02  comp= 2.7533e+01 expr= 2.9103e+02 L+= 6.0724e-02 L-= 5.9690e-02  Keff=20.00(min 19.99)  gmin=4.69e-02  floor=0.0e+00  |dM|=3.44e-05  step=1.00e+00
  it  906  L= 3.185616e+02  comp= 2.7533e+01 expr= 2.9103e+02 L+= 6.0758e-02 L-= 5.9723e-02  Keff=20.00(min 19.99)  gmin=4.69e-02  floor=0.0e+00  |dM|=3.45e-05  step=1.00e+00
  it  907  L= 3.185612e+02  comp= 2.7533e+01 expr= 2.9103e+02 L+= 6.0793e-02 L-= 5.9755e-02  Keff=20.00(min 19.99)  gmin=4.69e-02  floor=0.0e+00  |dM|=3.45e-05  step=1.00e+00
  it  908  L= 3.185608e+02  comp= 2.7533e+01 expr= 2.9103e+02 L+= 6.0827e-02 L-= 5.9788e-02  Keff=20.00(min 19.99)  gmin=4.69e-02  floor=0.0e+00  |dM|=3.46e-05  step=1.00e+00
  it  909  L= 3.185604e+02  comp= 2.7533e+01 expr= 2.9103e+02 L+= 6.0862e-02 L-= 5.9822e-02  Keff=20.00(min 19.99)  gmin=4.69e-02  floor=0.0e+00  |dM|=3.47e-05  step=1.00e+00
  it  910  L= 3.185601e+02  comp= 2.7533e+01 expr= 2.9103e+02 L+= 6.0898e-02 L-= 5.9854e-02  Keff=20.00(min 19.99)  gmin=4.69e-02  floor=0.0e+00  |dM|=3.47e-05  step=1.00e+00
  it  911  L= 3.185597e+02  comp= 2.7533e+01 expr= 2.9103e+02 L+= 6.0931e-02 L-= 5.9886e-02  Keff=20.00(min 19.99)  gmin=4.69e-02  floor=0.0e+00  |dM|=3.48e-05  step=1.00e+00
  it  912  L= 3.185593e+02  comp= 2.7533e+01 expr= 2.9103e+02 L+= 6.0967e-02 L-= 5.9920e-02  Keff=20.00(min 19.99)  gmin=4.69e-02  floor=0.0e+00  |dM|=3.49e-05  step=1.00e+00
  it  913  L= 3.185589e+02  comp= 2.7533e+01 expr= 2.9103e+02 L+= 6.1001e-02 L-= 5.9952e-02  Keff=20.00(min 19.99)  gmin=4.69e-02  floor=0.0e+00  |dM|=3.49e-05  step=1.00e+00
  it  914  L= 3.185585e+02  comp= 2.7533e+01 expr= 2.9103e+02 L+= 6.1036e-02 L-= 5.9987e-02  Keff=20.00(min 19.99)  gmin=4.69e-02  floor=0.0e+00  |dM|=3.50e-05  step=1.00e+00
  it  915  L= 3.185582e+02  comp= 2.7533e+01 expr= 2.9102e+02 L+= 6.1075e-02 L-= 6.0019e-02  Keff=20.00(min 19.99)  gmin=4.69e-02  floor=0.0e+00  |dM|=3.51e-05  step=1.00e+00
  it  916  L= 3.185577e+02  comp= 2.7533e+01 expr= 2.9102e+02 L+= 6.1106e-02 L-= 6.0053e-02  Keff=20.00(min 19.99)  gmin=4.69e-02  floor=0.0e+00  |dM|=3.51e-05  step=1.00e+00
  it  917  L= 3.185574e+02  comp= 2.7533e+01 expr= 2.9102e+02 L+= 6.1142e-02 L-= 6.0085e-02  Keff=20.00(min 19.99)  gmin=4.69e-02  floor=0.0e+00  |dM|=3.52e-05  step=1.00e+00
  it  918  L= 3.185569e+02  comp= 2.7533e+01 expr= 2.9102e+02 L+= 6.1177e-02 L-= 6.0121e-02  Keff=20.00(min 19.99)  gmin=4.69e-02  floor=0.0e+00  |dM|=3.53e-05  step=1.00e+00
  it  919  L= 3.185566e+02  comp= 2.7533e+01 expr= 2.9102e+02 L+= 6.1215e-02 L-= 6.0152e-02  Keff=20.00(min 19.99)  gmin=4.69e-02  floor=0.0e+00  |dM|=3.53e-05  step=1.00e+00
  it  920  L= 3.185562e+02  comp= 2.7533e+01 expr= 2.9102e+02 L+= 6.1251e-02 L-= 6.0188e-02  Keff=20.00(min 19.99)  gmin=4.69e-02  floor=0.0e+00  |dM|=3.54e-05  step=1.00e+00
  it  921  L= 3.185558e+02  comp= 2.7533e+01 expr= 2.9102e+02 L+= 6.1285e-02 L-= 6.0222e-02  Keff=20.00(min 19.99)  gmin=4.69e-02  floor=0.0e+00  |dM|=3.55e-05  step=1.00e+00
  it  922  L= 3.185555e+02  comp= 2.7533e+01 expr= 2.9102e+02 L+= 6.1320e-02 L-= 6.0256e-02  Keff=20.00(min 19.99)  gmin=4.69e-02  floor=0.0e+00  |dM|=3.55e-05  step=1.00e+00
  it  923  L= 3.185551e+02  comp= 2.7533e+01 expr= 2.9102e+02 L+= 6.1354e-02 L-= 6.0287e-02  Keff=20.00(min 19.99)  gmin=4.69e-02  floor=0.0e+00  |dM|=3.56e-05  step=1.00e+00
  it  924  L= 3.185547e+02  comp= 2.7533e+01 expr= 2.9102e+02 L+= 6.1393e-02 L-= 6.0323e-02  Keff=20.00(min 19.99)  gmin=4.69e-02  floor=0.0e+00  |dM|=3.57e-05  step=1.00e+00
  it  925  L= 3.185543e+02  comp= 2.7533e+01 expr= 2.9102e+02 L+= 6.1427e-02 L-= 6.0355e-02  Keff=20.00(min 19.99)  gmin=4.69e-02  floor=0.0e+00  |dM|=3.58e-05  step=1.00e+00
  it  926  L= 3.185538e+02  comp= 2.7533e+01 expr= 2.9102e+02 L+= 6.1464e-02 L-= 6.0392e-02  Keff=20.00(min 19.99)  gmin=4.69e-02  floor=0.0e+00  |dM|=3.58e-05  step=1.00e+00
  it  927  L= 3.185535e+02  comp= 2.7533e+01 expr= 2.9102e+02 L+= 6.1500e-02 L-= 6.0422e-02  Keff=20.00(min 19.99)  gmin=4.69e-02  floor=0.0e+00  |dM|=3.59e-05  step=1.00e+00
  it  928  L= 3.185531e+02  comp= 2.7533e+01 expr= 2.9102e+02 L+= 6.1534e-02 L-= 6.0458e-02  Keff=20.00(min 19.99)  gmin=4.69e-02  floor=0.0e+00  |dM|=3.60e-05  step=1.00e+00
  it  929  L= 3.185527e+02  comp= 2.7533e+01 expr= 2.9102e+02 L+= 6.1572e-02 L-= 6.0492e-02  Keff=20.00(min 19.99)  gmin=4.69e-02  floor=0.0e+00  |dM|=3.60e-05  step=1.00e+00
  it  930  L= 3.185523e+02  comp= 2.7533e+01 expr= 2.9102e+02 L+= 6.1606e-02 L-= 6.0523e-02  Keff=20.00(min 19.99)  gmin=4.69e-02  floor=0.0e+00  |dM|=3.61e-05  step=1.00e+00
  it  931  L= 3.185519e+02  comp= 2.7533e+01 expr= 2.9102e+02 L+= 6.1643e-02 L-= 6.0557e-02  Keff=20.00(min 19.99)  gmin=4.69e-02  floor=0.0e+00  |dM|=3.62e-05  step=1.00e+00
  it  932  L= 3.185515e+02  comp= 2.7533e+01 expr= 2.9102e+02 L+= 6.1680e-02 L-= 6.0595e-02  Keff=20.00(min 19.99)  gmin=4.69e-02  floor=0.0e+00  |dM|=3.62e-05  step=1.00e+00
  it  933  L= 3.185511e+02  comp= 2.7533e+01 expr= 2.9102e+02 L+= 6.1717e-02 L-= 6.0626e-02  Keff=20.00(min 19.99)  gmin=4.69e-02  floor=0.0e+00  |dM|=3.63e-05  step=1.00e+00
  it  934  L= 3.185507e+02  comp= 2.7533e+01 expr= 2.9102e+02 L+= 6.1751e-02 L-= 6.0662e-02  Keff=20.00(min 19.99)  gmin=4.69e-02  floor=0.0e+00  |dM|=3.64e-05  step=1.00e+00
  it  935  L= 3.185503e+02  comp= 2.7533e+01 expr= 2.9102e+02 L+= 6.1789e-02 L-= 6.0697e-02  Keff=20.00(min 19.99)  gmin=4.69e-02  floor=0.0e+00  |dM|=3.65e-05  step=1.00e+00
  it  936  L= 3.185499e+02  comp= 2.7533e+01 expr= 2.9102e+02 L+= 6.1825e-02 L-= 6.0730e-02  Keff=20.00(min 19.99)  gmin=4.69e-02  floor=0.0e+00  |dM|=3.65e-05  step=1.00e+00
  it  937  L= 3.185495e+02  comp= 2.7533e+01 expr= 2.9102e+02 L+= 6.1860e-02 L-= 6.0764e-02  Keff=20.00(min 19.99)  gmin=4.69e-02  floor=0.0e+00  |dM|=3.66e-05  step=1.00e+00
  it  938  L= 3.185491e+02  comp= 2.7533e+01 expr= 2.9102e+02 L+= 6.1896e-02 L-= 6.0799e-02  Keff=20.00(min 19.99)  gmin=4.69e-02  floor=0.0e+00  |dM|=3.67e-05  step=1.00e+00
  it  939  L= 3.185487e+02  comp= 2.7533e+01 expr= 2.9102e+02 L+= 6.1935e-02 L-= 6.0831e-02  Keff=20.00(min 19.99)  gmin=4.69e-02  floor=0.0e+00  |dM|=3.68e-05  step=1.00e+00
  it  940  L= 3.185483e+02  comp= 2.7533e+01 expr= 2.9101e+02 L+= 6.1973e-02 L-= 6.0867e-02  Keff=20.00(min 19.99)  gmin=4.69e-02  floor=0.0e+00  |dM|=3.68e-05  step=1.00e+00
  it  941  L= 3.185479e+02  comp= 2.7533e+01 expr= 2.9101e+02 L+= 6.2006e-02 L-= 6.0902e-02  Keff=20.00(min 19.99)  gmin=4.69e-02  floor=0.0e+00  |dM|=3.69e-05  step=1.00e+00
  it  942  L= 3.185475e+02  comp= 2.7533e+01 expr= 2.9101e+02 L+= 6.2044e-02 L-= 6.0939e-02  Keff=20.00(min 19.99)  gmin=4.69e-02  floor=0.0e+00  |dM|=3.70e-05  step=1.00e+00
  it  943  L= 3.185471e+02  comp= 2.7533e+01 expr= 2.9101e+02 L+= 6.2080e-02 L-= 6.0973e-02  Keff=20.00(min 19.99)  gmin=4.69e-02  floor=0.0e+00  |dM|=3.71e-05  step=1.00e+00
  it  944  L= 3.185467e+02  comp= 2.7533e+01 expr= 2.9101e+02 L+= 6.2117e-02 L-= 6.1006e-02  Keff=20.00(min 19.99)  gmin=4.69e-02  floor=0.0e+00  |dM|=3.71e-05  step=1.00e+00
  it  945  L= 3.185463e+02  comp= 2.7533e+01 expr= 2.9101e+02 L+= 6.2154e-02 L-= 6.1041e-02  Keff=20.00(min 19.99)  gmin=4.69e-02  floor=0.0e+00  |dM|=3.72e-05  step=1.00e+00
  it  946  L= 3.185459e+02  comp= 2.7533e+01 expr= 2.9101e+02 L+= 6.2190e-02 L-= 6.1076e-02  Keff=20.00(min 19.99)  gmin=4.69e-02  floor=0.0e+00  |dM|=3.73e-05  step=1.00e+00
  it  947  L= 3.185455e+02  comp= 2.7533e+01 expr= 2.9101e+02 L+= 6.2227e-02 L-= 6.1112e-02  Keff=20.00(min 19.99)  gmin=4.69e-02  floor=0.0e+00  |dM|=3.74e-05  step=1.00e+00
  it  948  L= 3.185450e+02  comp= 2.7533e+01 expr= 2.9101e+02 L+= 6.2264e-02 L-= 6.1147e-02  Keff=20.00(min 19.99)  gmin=4.69e-02  floor=0.0e+00  |dM|=3.74e-05  step=1.00e+00
  it  949  L= 3.185447e+02  comp= 2.7533e+01 expr= 2.9101e+02 L+= 6.2301e-02 L-= 6.1182e-02  Keff=20.00(min 19.99)  gmin=4.69e-02  floor=0.0e+00  |dM|=3.75e-05  step=1.00e+00
  it  950  L= 3.185442e+02  comp= 2.7533e+01 expr= 2.9101e+02 L+= 6.2340e-02 L-= 6.1216e-02  Keff=20.00(min 19.99)  gmin=4.69e-02  floor=0.0e+00  |dM|=3.76e-05  step=1.00e+00
  it  951  L= 3.185438e+02  comp= 2.7533e+01 expr= 2.9101e+02 L+= 6.2376e-02 L-= 6.1252e-02  Keff=20.00(min 19.99)  gmin=4.69e-02  floor=0.0e+00  |dM|=3.77e-05  step=1.00e+00
  it  952  L= 3.185435e+02  comp= 2.7533e+01 expr= 2.9101e+02 L+= 6.2414e-02 L-= 6.1288e-02  Keff=20.00(min 19.99)  gmin=4.69e-02  floor=0.0e+00  |dM|=3.77e-05  step=1.00e+00
  it  953  L= 3.185430e+02  comp= 2.7533e+01 expr= 2.9101e+02 L+= 6.2451e-02 L-= 6.1325e-02  Keff=20.00(min 19.99)  gmin=4.69e-02  floor=0.0e+00  |dM|=3.78e-05  step=1.00e+00
  it  954  L= 3.185426e+02  comp= 2.7533e+01 expr= 2.9101e+02 L+= 6.2487e-02 L-= 6.1359e-02  Keff=20.00(min 19.99)  gmin=4.69e-02  floor=0.0e+00  |dM|=3.79e-05  step=1.00e+00
  it  955  L= 3.185422e+02  comp= 2.7533e+01 expr= 2.9101e+02 L+= 6.2526e-02 L-= 6.1394e-02  Keff=20.00(min 19.99)  gmin=4.69e-02  floor=0.0e+00  |dM|=3.80e-05  step=1.00e+00
  it  956  L= 3.185418e+02  comp= 2.7533e+01 expr= 2.9101e+02 L+= 6.2562e-02 L-= 6.1430e-02  Keff=20.00(min 19.99)  gmin=4.69e-02  floor=0.0e+00  |dM|=3.80e-05  step=1.00e+00
  it  957  L= 3.185414e+02  comp= 2.7533e+01 expr= 2.9101e+02 L+= 6.2601e-02 L-= 6.1466e-02  Keff=20.00(min 19.99)  gmin=4.69e-02  floor=0.0e+00  |dM|=3.81e-05  step=1.00e+00
  it  958  L= 3.185409e+02  comp= 2.7533e+01 expr= 2.9101e+02 L+= 6.2641e-02 L-= 6.1501e-02  Keff=20.00(min 19.99)  gmin=4.69e-02  floor=0.0e+00  |dM|=3.82e-05  step=1.00e+00
  it  959  L= 3.185405e+02  comp= 2.7533e+01 expr= 2.9101e+02 L+= 6.2678e-02 L-= 6.1536e-02  Keff=20.00(min 19.99)  gmin=4.69e-02  floor=0.0e+00  |dM|=3.83e-05  step=1.00e+00
  it  960  L= 3.185401e+02  comp= 2.7533e+01 expr= 2.9101e+02 L+= 6.2714e-02 L-= 6.1572e-02  Keff=20.00(min 19.99)  gmin=4.69e-02  floor=0.0e+00  |dM|=3.84e-05  step=1.00e+00
  it  961  L= 3.185397e+02  comp= 2.7533e+01 expr= 2.9101e+02 L+= 6.2754e-02 L-= 6.1610e-02  Keff=20.00(min 19.99)  gmin=4.69e-02  floor=0.0e+00  |dM|=3.84e-05  step=1.00e+00
  it  962  L= 3.185393e+02  comp= 2.7533e+01 expr= 2.9101e+02 L+= 6.2790e-02 L-= 6.1642e-02  Keff=20.00(min 19.99)  gmin=4.69e-02  floor=0.0e+00  |dM|=3.85e-05  step=1.00e+00
  it  963  L= 3.185388e+02  comp= 2.7533e+01 expr= 2.9101e+02 L+= 6.2828e-02 L-= 6.1679e-02  Keff=20.00(min 19.99)  gmin=4.69e-02  floor=0.0e+00  |dM|=3.86e-05  step=1.00e+00
  it  964  L= 3.185384e+02  comp= 2.7533e+01 expr= 2.9101e+02 L+= 6.2865e-02 L-= 6.1715e-02  Keff=20.00(min 19.99)  gmin=4.69e-02  floor=0.0e+00  |dM|=3.87e-05  step=1.00e+00
  it  965  L= 3.185381e+02  comp= 2.7533e+01 expr= 2.9100e+02 L+= 6.2904e-02 L-= 6.1751e-02  Keff=20.00(min 19.99)  gmin=4.69e-02  floor=0.0e+00  |dM|=3.88e-05  step=1.00e+00
  it  966  L= 3.185376e+02  comp= 2.7533e+01 expr= 2.9100e+02 L+= 6.2944e-02 L-= 6.1788e-02  Keff=20.00(min 19.99)  gmin=4.69e-02  floor=0.0e+00  |dM|=3.88e-05  step=1.00e+00
  it  967  L= 3.185371e+02  comp= 2.7533e+01 expr= 2.9100e+02 L+= 6.2983e-02 L-= 6.1826e-02  Keff=20.00(min 19.99)  gmin=4.69e-02  floor=0.0e+00  |dM|=3.89e-05  step=1.00e+00
  it  968  L= 3.185367e+02  comp= 2.7533e+01 expr= 2.9100e+02 L+= 6.3021e-02 L-= 6.1861e-02  Keff=20.00(min 19.99)  gmin=4.69e-02  floor=0.0e+00  |dM|=3.90e-05  step=1.00e+00
  it  969  L= 3.185363e+02  comp= 2.7533e+01 expr= 2.9100e+02 L+= 6.3059e-02 L-= 6.1896e-02  Keff=20.00(min 19.99)  gmin=4.69e-02  floor=0.0e+00  |dM|=3.91e-05  step=1.00e+00
  it  970  L= 3.185359e+02  comp= 2.7533e+01 expr= 2.9100e+02 L+= 6.3095e-02 L-= 6.1932e-02  Keff=20.00(min 19.99)  gmin=4.69e-02  floor=0.0e+00  |dM|=3.92e-05  step=1.00e+00
  it  971  L= 3.185355e+02  comp= 2.7533e+01 expr= 2.9100e+02 L+= 6.3134e-02 L-= 6.1969e-02  Keff=20.00(min 19.99)  gmin=4.69e-02  floor=0.0e+00  |dM|=3.93e-05  step=1.00e+00
  it  972  L= 3.185351e+02  comp= 2.7533e+01 expr= 2.9100e+02 L+= 6.3174e-02 L-= 6.2004e-02  Keff=20.00(min 19.99)  gmin=4.69e-02  floor=0.0e+00  |dM|=3.93e-05  step=1.00e+00
  it  973  L= 3.185346e+02  comp= 2.7533e+01 expr= 2.9100e+02 L+= 6.3212e-02 L-= 6.2043e-02  Keff=20.00(min 19.99)  gmin=4.69e-02  floor=0.0e+00  |dM|=3.94e-05  step=1.00e+00
  it  974  L= 3.185342e+02  comp= 2.7533e+01 expr= 2.9100e+02 L+= 6.3250e-02 L-= 6.2079e-02  Keff=20.00(min 19.99)  gmin=4.69e-02  floor=0.0e+00  |dM|=3.95e-05  step=1.00e+00
  it  975  L= 3.185338e+02  comp= 2.7533e+01 expr= 2.9100e+02 L+= 6.3288e-02 L-= 6.2116e-02  Keff=20.00(min 19.99)  gmin=4.69e-02  floor=0.0e+00  |dM|=3.96e-05  step=1.00e+00
  it  976  L= 3.185334e+02  comp= 2.7533e+01 expr= 2.9100e+02 L+= 6.3328e-02 L-= 6.2151e-02  Keff=20.00(min 19.99)  gmin=4.69e-02  floor=0.0e+00  |dM|=3.97e-05  step=1.00e+00
  it  977  L= 3.185329e+02  comp= 2.7533e+01 expr= 2.9100e+02 L+= 6.3367e-02 L-= 6.2190e-02  Keff=20.00(min 19.99)  gmin=4.69e-02  floor=0.0e+00  |dM|=3.98e-05  step=1.00e+00
  it  978  L= 3.185325e+02  comp= 2.7533e+01 expr= 2.9100e+02 L+= 6.3405e-02 L-= 6.2226e-02  Keff=20.00(min 19.99)  gmin=4.69e-02  floor=0.0e+00  |dM|=3.98e-05  step=1.00e+00
  it  979  L= 3.185320e+02  comp= 2.7533e+01 expr= 2.9100e+02 L+= 6.3444e-02 L-= 6.2264e-02  Keff=20.00(min 19.99)  gmin=4.69e-02  floor=0.0e+00  |dM|=3.99e-05  step=1.00e+00
  it  980  L= 3.185316e+02  comp= 2.7533e+01 expr= 2.9100e+02 L+= 6.3482e-02 L-= 6.2300e-02  Keff=20.00(min 19.99)  gmin=4.69e-02  floor=0.0e+00  |dM|=4.00e-05  step=1.00e+00
  it  981  L= 3.185312e+02  comp= 2.7533e+01 expr= 2.9100e+02 L+= 6.3523e-02 L-= 6.2338e-02  Keff=20.00(min 19.99)  gmin=4.69e-02  floor=0.0e+00  |dM|=4.01e-05  step=1.00e+00
  it  982  L= 3.185307e+02  comp= 2.7533e+01 expr= 2.9100e+02 L+= 6.3562e-02 L-= 6.2375e-02  Keff=20.00(min 19.99)  gmin=4.69e-02  floor=0.0e+00  |dM|=4.02e-05  step=1.00e+00
  it  983  L= 3.185303e+02  comp= 2.7533e+01 expr= 2.9100e+02 L+= 6.3601e-02 L-= 6.2411e-02  Keff=20.00(min 19.99)  gmin=4.69e-02  floor=0.0e+00  |dM|=4.03e-05  step=1.00e+00
  it  984  L= 3.185299e+02  comp= 2.7533e+01 expr= 2.9100e+02 L+= 6.3641e-02 L-= 6.2448e-02  Keff=20.00(min 19.99)  gmin=4.69e-02  floor=0.0e+00  |dM|=4.04e-05  step=1.00e+00
  it  985  L= 3.185294e+02  comp= 2.7533e+01 expr= 2.9100e+02 L+= 6.3679e-02 L-= 6.2485e-02  Keff=20.00(min 19.99)  gmin=4.69e-02  floor=0.0e+00  |dM|=4.04e-05  step=1.00e+00
  it  986  L= 3.185290e+02  comp= 2.7533e+01 expr= 2.9100e+02 L+= 6.3720e-02 L-= 6.2523e-02  Keff=20.00(min 19.99)  gmin=4.69e-02  floor=0.0e+00  |dM|=4.05e-05  step=1.00e+00
  it  987  L= 3.185285e+02  comp= 2.7533e+01 expr= 2.9100e+02 L+= 6.3760e-02 L-= 6.2560e-02  Keff=20.00(min 19.99)  gmin=4.69e-02  floor=0.0e+00  |dM|=4.06e-05  step=1.00e+00
  it  988  L= 3.185281e+02  comp= 2.7533e+01 expr= 2.9099e+02 L+= 6.3796e-02 L-= 6.2595e-02  Keff=20.00(min 19.99)  gmin=4.69e-02  floor=0.0e+00  |dM|=4.07e-05  step=1.00e+00
  it  989  L= 3.185277e+02  comp= 2.7533e+01 expr= 2.9099e+02 L+= 6.3840e-02 L-= 6.2637e-02  Keff=20.00(min 19.99)  gmin=4.69e-02  floor=0.0e+00  |dM|=4.08e-05  step=1.00e+00
  it  990  L= 3.185273e+02  comp= 2.7533e+01 expr= 2.9099e+02 L+= 6.3879e-02 L-= 6.2671e-02  Keff=20.00(min 19.99)  gmin=4.69e-02  floor=0.0e+00  |dM|=4.09e-05  step=1.00e+00
  it  991  L= 3.185268e+02  comp= 2.7533e+01 expr= 2.9099e+02 L+= 6.3917e-02 L-= 6.2710e-02  Keff=20.00(min 19.99)  gmin=4.69e-02  floor=0.0e+00  |dM|=4.10e-05  step=1.00e+00
  it  992  L= 3.185264e+02  comp= 2.7533e+01 expr= 2.9099e+02 L+= 6.3959e-02 L-= 6.2746e-02  Keff=20.00(min 19.99)  gmin=4.69e-02  floor=0.0e+00  |dM|=4.11e-05  step=1.00e+00
  it  993  L= 3.185259e+02  comp= 2.7533e+01 expr= 2.9099e+02 L+= 6.3998e-02 L-= 6.2785e-02  Keff=20.00(min 19.99)  gmin=4.69e-02  floor=0.0e+00  |dM|=4.12e-05  step=1.00e+00
  it  994  L= 3.185255e+02  comp= 2.7533e+01 expr= 2.9099e+02 L+= 6.4039e-02 L-= 6.2822e-02  Keff=20.00(min 19.99)  gmin=4.69e-02  floor=0.0e+00  |dM|=4.13e-05  step=1.00e+00
  it  995  L= 3.185250e+02  comp= 2.7533e+01 expr= 2.9099e+02 L+= 6.4078e-02 L-= 6.2861e-02  Keff=20.00(min 19.99)  gmin=4.69e-02  floor=0.0e+00  |dM|=4.13e-05  step=1.00e+00
  it  996  L= 3.185245e+02  comp= 2.7533e+01 expr= 2.9099e+02 L+= 6.4117e-02 L-= 6.2898e-02  Keff=20.00(min 19.99)  gmin=4.69e-02  floor=0.0e+00  |dM|=4.14e-05  step=1.00e+00
  it  997  L= 3.185241e+02  comp= 2.7533e+01 expr= 2.9099e+02 L+= 6.4158e-02 L-= 6.2936e-02  Keff=20.00(min 19.99)  gmin=4.69e-02  floor=0.0e+00  |dM|=4.15e-05  step=1.00e+00
  it  998  L= 3.185237e+02  comp= 2.7533e+01 expr= 2.9099e+02 L+= 6.4197e-02 L-= 6.2974e-02  Keff=20.00(min 19.99)  gmin=4.69e-02  floor=0.0e+00  |dM|=4.16e-05  step=1.00e+00
  it  999  L= 3.185232e+02  comp= 2.7533e+01 expr= 2.9099e+02 L+= 6.4240e-02 L-= 6.3011e-02  Keff=20.00(min 19.99)  gmin=4.69e-02  floor=0.0e+00  |dM|=4.17e-05  step=1.00e+00
  it 1000  L= 3.185228e+02  comp= 2.7533e+01 expr= 2.9099e+02 L+= 6.4278e-02 L-= 6.3052e-02  Keff=20.00(min 19.99)  gmin=4.69e-02  floor=0.0e+00  |dM|=4.18e-05  step=1.00e+00
  it 1001  L= 3.185223e+02  comp= 2.7533e+01 expr= 2.9099e+02 L+= 6.4317e-02 L-= 6.3088e-02  Keff=20.00(min 19.99)  gmin=4.69e-02  floor=0.0e+00  |dM|=4.19e-05  step=1.00e+00
  it 1002  L= 3.185219e+02  comp= 2.7533e+01 expr= 2.9099e+02 L+= 6.4358e-02 L-= 6.3129e-02  Keff=20.00(min 19.99)  gmin=4.69e-02  floor=0.0e+00  |dM|=4.20e-05  step=1.00e+00
  it 1003  L= 3.185214e+02  comp= 2.7533e+01 expr= 2.9099e+02 L+= 6.4400e-02 L-= 6.3164e-02  Keff=20.00(min 19.99)  gmin=4.69e-02  floor=0.0e+00  |dM|=4.21e-05  step=1.00e+00
  it 1004  L= 3.185209e+02  comp= 2.7533e+01 expr= 2.9099e+02 L+= 6.4441e-02 L-= 6.3205e-02  Keff=20.00(min 19.99)  gmin=4.69e-02  floor=0.0e+00  |dM|=4.22e-05  step=1.00e+00
  it 1005  L= 3.185205e+02  comp= 2.7533e+01 expr= 2.9099e+02 L+= 6.4480e-02 L-= 6.3244e-02  Keff=20.00(min 19.99)  gmin=4.69e-02  floor=0.0e+00  |dM|=4.23e-05  step=1.00e+00
  it 1006  L= 3.185201e+02  comp= 2.7533e+01 expr= 2.9099e+02 L+= 6.4522e-02 L-= 6.3283e-02  Keff=20.00(min 19.99)  gmin=4.69e-02  floor=0.0e+00  |dM|=4.24e-05  step=1.00e+00
  it 1007  L= 3.185196e+02  comp= 2.7533e+01 expr= 2.9099e+02 L+= 6.4564e-02 L-= 6.3318e-02  Keff=20.00(min 19.99)  gmin=4.69e-02  floor=0.0e+00  |dM|=4.25e-05  step=1.00e+00
  it 1008  L= 3.185191e+02  comp= 2.7533e+01 expr= 2.9099e+02 L+= 6.4601e-02 L-= 6.3358e-02  Keff=20.00(min 19.99)  gmin=4.69e-02  floor=0.0e+00  |dM|=4.26e-05  step=1.00e+00
  it 1009  L= 3.185186e+02  comp= 2.7533e+01 expr= 2.9099e+02 L+= 6.4644e-02 L-= 6.3396e-02  Keff=20.00(min 19.99)  gmin=4.69e-02  floor=0.0e+00  |dM|=4.27e-05  step=1.00e+00
  it 1010  L= 3.185182e+02  comp= 2.7533e+01 expr= 2.9098e+02 L+= 6.4687e-02 L-= 6.3437e-02  Keff=20.00(min 19.99)  gmin=4.69e-02  floor=0.0e+00  |dM|=4.28e-05  step=1.00e+00
  it 1011  L= 3.185178e+02  comp= 2.7533e+01 expr= 2.9098e+02 L+= 6.4727e-02 L-= 6.3476e-02  Keff=20.00(min 19.99)  gmin=4.69e-02  floor=0.0e+00  |dM|=4.29e-05  step=1.00e+00
  it 1012  L= 3.185173e+02  comp= 2.7533e+01 expr= 2.9098e+02 L+= 6.4769e-02 L-= 6.3514e-02  Keff=20.00(min 19.99)  gmin=4.69e-02  floor=0.0e+00  |dM|=4.30e-05  step=1.00e+00
  it 1013  L= 3.185168e+02  comp= 2.7533e+01 expr= 2.9098e+02 L+= 6.4808e-02 L-= 6.3552e-02  Keff=20.00(min 19.99)  gmin=4.69e-02  floor=0.0e+00  |dM|=4.31e-05  step=1.00e+00
  it 1014  L= 3.185164e+02  comp= 2.7533e+01 expr= 2.9098e+02 L+= 6.4850e-02 L-= 6.3590e-02  Keff=20.00(min 19.99)  gmin=4.69e-02  floor=0.0e+00  |dM|=4.32e-05  step=1.00e+00
  it 1015  L= 3.185159e+02  comp= 2.7533e+01 expr= 2.9098e+02 L+= 6.4891e-02 L-= 6.3630e-02  Keff=20.00(min 19.99)  gmin=4.69e-02  floor=0.0e+00  |dM|=4.33e-05  step=1.00e+00
  it 1016  L= 3.185155e+02  comp= 2.7533e+01 expr= 2.9098e+02 L+= 6.4933e-02 L-= 6.3670e-02  Keff=20.00(min 19.99)  gmin=4.69e-02  floor=0.0e+00  |dM|=4.34e-05  step=1.00e+00
  it 1017  L= 3.185150e+02  comp= 2.7533e+01 expr= 2.9098e+02 L+= 6.4975e-02 L-= 6.3709e-02  Keff=20.00(min 19.99)  gmin=4.69e-02  floor=0.0e+00  |dM|=4.35e-05  step=1.00e+00
  it 1018  L= 3.185145e+02  comp= 2.7533e+01 expr= 2.9098e+02 L+= 6.5018e-02 L-= 6.3749e-02  Keff=20.00(min 19.99)  gmin=4.69e-02  floor=0.0e+00  |dM|=4.36e-05  step=1.00e+00
  it 1019  L= 3.185140e+02  comp= 2.7533e+01 expr= 2.9098e+02 L+= 6.5059e-02 L-= 6.3789e-02  Keff=20.00(min 19.99)  gmin=4.69e-02  floor=0.0e+00  |dM|=4.37e-05  step=1.00e+00
  it 1020  L= 3.185136e+02  comp= 2.7533e+01 expr= 2.9098e+02 L+= 6.5101e-02 L-= 6.3830e-02  Keff=20.00(min 19.99)  gmin=4.69e-02  floor=0.0e+00  |dM|=4.38e-05  step=1.00e+00
  it 1021  L= 3.185131e+02  comp= 2.7533e+01 expr= 2.9098e+02 L+= 6.5143e-02 L-= 6.3869e-02  Keff=20.00(min 19.99)  gmin=4.69e-02  floor=0.0e+00  |dM|=4.39e-05  step=1.00e+00
  it 1022  L= 3.185126e+02  comp= 2.7533e+01 expr= 2.9098e+02 L+= 6.5185e-02 L-= 6.3910e-02  Keff=20.00(min 19.99)  gmin=4.69e-02  floor=0.0e+00  |dM|=4.40e-05  step=1.00e+00
  it 1023  L= 3.185122e+02  comp= 2.7533e+01 expr= 2.9098e+02 L+= 6.5227e-02 L-= 6.3948e-02  Keff=20.00(min 19.99)  gmin=4.69e-02  floor=0.0e+00  |dM|=4.41e-05  step=1.00e+00
  it 1024  L= 3.185117e+02  comp= 2.7533e+01 expr= 2.9098e+02 L+= 6.5266e-02 L-= 6.3988e-02  Keff=20.00(min 19.99)  gmin=4.69e-02  floor=0.0e+00  |dM|=4.42e-05  step=1.00e+00
  it 1025  L= 3.185112e+02  comp= 2.7533e+01 expr= 2.9098e+02 L+= 6.5310e-02 L-= 6.4027e-02  Keff=20.00(min 19.99)  gmin=4.69e-02  floor=0.0e+00  |dM|=4.43e-05  step=1.00e+00
  it 1026  L= 3.185107e+02  comp= 2.7533e+01 expr= 2.9098e+02 L+= 6.5352e-02 L-= 6.4066e-02  Keff=20.00(min 19.99)  gmin=4.69e-02  floor=0.0e+00  |dM|=4.44e-05  step=1.00e+00
  it 1027  L= 3.185103e+02  comp= 2.7533e+01 expr= 2.9098e+02 L+= 6.5393e-02 L-= 6.4107e-02  Keff=20.00(min 19.99)  gmin=4.69e-02  floor=0.0e+00  |dM|=4.45e-05  step=1.00e+00
  it 1028  L= 3.185098e+02  comp= 2.7533e+01 expr= 2.9098e+02 L+= 6.5435e-02 L-= 6.4147e-02  Keff=20.00(min 19.99)  gmin=4.69e-02  floor=0.0e+00  |dM|=4.46e-05  step=1.00e+00
  it 1029  L= 3.185093e+02  comp= 2.7533e+01 expr= 2.9098e+02 L+= 6.5480e-02 L-= 6.4187e-02  Keff=20.00(min 19.99)  gmin=4.69e-02  floor=0.0e+00  |dM|=4.47e-05  step=1.00e+00
  it 1030  L= 3.185089e+02  comp= 2.7533e+01 expr= 2.9098e+02 L+= 6.5521e-02 L-= 6.4228e-02  Keff=20.00(min 19.99)  gmin=4.69e-02  floor=0.0e+00  |dM|=4.48e-05  step=1.00e+00
  it 1031  L= 3.185083e+02  comp= 2.7533e+01 expr= 2.9098e+02 L+= 6.5564e-02 L-= 6.4265e-02  Keff=20.00(min 19.99)  gmin=4.69e-02  floor=0.0e+00  |dM|=4.49e-05  step=1.00e+00
  it 1032  L= 3.185079e+02  comp= 2.7533e+01 expr= 2.9097e+02 L+= 6.5606e-02 L-= 6.4309e-02  Keff=20.00(min 19.99)  gmin=4.69e-02  floor=0.0e+00  |dM|=4.50e-05  step=1.00e+00
  it 1033  L= 3.185074e+02  comp= 2.7533e+01 expr= 2.9097e+02 L+= 6.5649e-02 L-= 6.4349e-02  Keff=20.00(min 19.99)  gmin=4.69e-02  floor=0.0e+00  |dM|=4.51e-05  step=1.00e+00
  it 1034  L= 3.185069e+02  comp= 2.7533e+01 expr= 2.9097e+02 L+= 6.5693e-02 L-= 6.4392e-02  Keff=20.00(min 19.99)  gmin=4.69e-02  floor=0.0e+00  |dM|=4.52e-05  step=1.00e+00
  it 1035  L= 3.185064e+02  comp= 2.7533e+01 expr= 2.9097e+02 L+= 6.5735e-02 L-= 6.4430e-02  Keff=20.00(min 19.99)  gmin=4.69e-02  floor=0.0e+00  |dM|=4.53e-05  step=1.00e+00
  it 1036  L= 3.185059e+02  comp= 2.7533e+01 expr= 2.9097e+02 L+= 6.5778e-02 L-= 6.4469e-02  Keff=20.00(min 19.99)  gmin=4.69e-02  floor=0.0e+00  |dM|=4.54e-05  step=1.00e+00
  it 1037  L= 3.185055e+02  comp= 2.7533e+01 expr= 2.9097e+02 L+= 6.5820e-02 L-= 6.4511e-02  Keff=20.00(min 19.99)  gmin=4.69e-02  floor=0.0e+00  |dM|=4.55e-05  step=1.00e+00
  it 1038  L= 3.185049e+02  comp= 2.7533e+01 expr= 2.9097e+02 L+= 6.5863e-02 L-= 6.4551e-02  Keff=20.00(min 19.99)  gmin=4.69e-02  floor=0.0e+00  |dM|=4.57e-05  step=1.00e+00
  it 1039  L= 3.185045e+02  comp= 2.7533e+01 expr= 2.9097e+02 L+= 6.5906e-02 L-= 6.4594e-02  Keff=20.00(min 19.99)  gmin=4.69e-02  floor=0.0e+00  |dM|=4.58e-05  step=1.00e+00
  it 1040  L= 3.185040e+02  comp= 2.7533e+01 expr= 2.9097e+02 L+= 6.5951e-02 L-= 6.4634e-02  Keff=20.00(min 19.99)  gmin=4.69e-02  floor=0.0e+00  |dM|=4.59e-05  step=1.00e+00
  it 1041  L= 3.185035e+02  comp= 2.7533e+01 expr= 2.9097e+02 L+= 6.5991e-02 L-= 6.4676e-02  Keff=20.00(min 19.99)  gmin=4.69e-02  floor=0.0e+00  |dM|=4.60e-05  step=1.00e+00
  it 1042  L= 3.185030e+02  comp= 2.7533e+01 expr= 2.9097e+02 L+= 6.6037e-02 L-= 6.4718e-02  Keff=20.00(min 19.99)  gmin=4.69e-02  floor=0.0e+00  |dM|=4.61e-05  step=1.00e+00
  it 1043  L= 3.185025e+02  comp= 2.7533e+01 expr= 2.9097e+02 L+= 6.6080e-02 L-= 6.4757e-02  Keff=20.00(min 19.99)  gmin=4.69e-02  floor=0.0e+00  |dM|=4.62e-05  step=1.00e+00
  it 1044  L= 3.185020e+02  comp= 2.7533e+01 expr= 2.9097e+02 L+= 6.6122e-02 L-= 6.4799e-02  Keff=20.00(min 19.99)  gmin=4.69e-02  floor=0.0e+00  |dM|=4.63e-05  step=1.00e+00
  it 1045  L= 3.185015e+02  comp= 2.7533e+01 expr= 2.9097e+02 L+= 6.6166e-02 L-= 6.4840e-02  Keff=20.00(min 19.99)  gmin=4.69e-02  floor=0.0e+00  |dM|=4.64e-05  step=1.00e+00
  it 1046  L= 3.185010e+02  comp= 2.7533e+01 expr= 2.9097e+02 L+= 6.6210e-02 L-= 6.4882e-02  Keff=20.00(min 19.99)  gmin=4.69e-02  floor=0.0e+00  |dM|=4.65e-05  step=1.00e+00
  it 1047  L= 3.185005e+02  comp= 2.7533e+01 expr= 2.9097e+02 L+= 6.6256e-02 L-= 6.4923e-02  Keff=20.00(min 19.99)  gmin=4.69e-02  floor=0.0e+00  |dM|=4.67e-05  step=1.00e+00
  it 1048  L= 3.185000e+02  comp= 2.7533e+01 expr= 2.9097e+02 L+= 6.6299e-02 L-= 6.4964e-02  Keff=20.00(min 19.99)  gmin=4.69e-02  floor=0.0e+00  |dM|=4.68e-05  step=1.00e+00
  it 1049  L= 3.184996e+02  comp= 2.7533e+01 expr= 2.9097e+02 L+= 6.6341e-02 L-= 6.5005e-02  Keff=20.00(min 19.99)  gmin=4.69e-02  floor=0.0e+00  |dM|=4.69e-05  step=1.00e+00
  it 1050  L= 3.184990e+02  comp= 2.7533e+01 expr= 2.9097e+02 L+= 6.6386e-02 L-= 6.5048e-02  Keff=20.00(min 19.99)  gmin=4.69e-02  floor=0.0e+00  |dM|=4.70e-05  step=1.00e+00
  it 1051  L= 3.184985e+02  comp= 2.7533e+01 expr= 2.9097e+02 L+= 6.6430e-02 L-= 6.5089e-02  Keff=20.00(min 19.99)  gmin=4.69e-02  floor=0.0e+00  |dM|=4.71e-05  step=1.00e+00
  it 1052  L= 3.184980e+02  comp= 2.7533e+01 expr= 2.9096e+02 L+= 6.6474e-02 L-= 6.5133e-02  Keff=20.00(min 19.99)  gmin=4.69e-02  floor=0.0e+00  |dM|=4.72e-05  step=1.00e+00
  it 1053  L= 3.184976e+02  comp= 2.7533e+01 expr= 2.9096e+02 L+= 6.6521e-02 L-= 6.5173e-02  Keff=20.00(min 19.99)  gmin=4.69e-02  floor=0.0e+00  |dM|=4.73e-05  step=1.00e+00
  it 1054  L= 3.184970e+02  comp= 2.7533e+01 expr= 2.9096e+02 L+= 6.6563e-02 L-= 6.5214e-02  Keff=20.00(min 19.99)  gmin=4.69e-02  floor=0.0e+00  |dM|=4.75e-05  step=1.00e+00
  it 1055  L= 3.184965e+02  comp= 2.7533e+01 expr= 2.9096e+02 L+= 6.6607e-02 L-= 6.5258e-02  Keff=20.00(min 19.99)  gmin=4.69e-02  floor=0.0e+00  |dM|=4.76e-05  step=1.00e+00
  it 1056  L= 3.184960e+02  comp= 2.7533e+01 expr= 2.9096e+02 L+= 6.6649e-02 L-= 6.5300e-02  Keff=20.00(min 19.99)  gmin=4.69e-02  floor=0.0e+00  |dM|=4.77e-05  step=1.00e+00
  it 1057  L= 3.184955e+02  comp= 2.7533e+01 expr= 2.9096e+02 L+= 6.6697e-02 L-= 6.5341e-02  Keff=20.00(min 19.99)  gmin=4.69e-02  floor=0.0e+00  |dM|=4.78e-05  step=1.00e+00
  it 1058  L= 3.184950e+02  comp= 2.7533e+01 expr= 2.9096e+02 L+= 6.6740e-02 L-= 6.5385e-02  Keff=20.00(min 19.99)  gmin=4.69e-02  floor=0.0e+00  |dM|=4.79e-05  step=1.00e+00
  it 1059  L= 3.184945e+02  comp= 2.7533e+01 expr= 2.9096e+02 L+= 6.6784e-02 L-= 6.5424e-02  Keff=20.00(min 19.99)  gmin=4.69e-02  floor=0.0e+00  |dM|=4.81e-05  step=1.00e+00
  it 1060  L= 3.184940e+02  comp= 2.7533e+01 expr= 2.9096e+02 L+= 6.6829e-02 L-= 6.5468e-02  Keff=20.00(min 19.99)  gmin=4.69e-02  floor=0.0e+00  |dM|=4.82e-05  step=1.00e+00
  it 1061  L= 3.184935e+02  comp= 2.7533e+01 expr= 2.9096e+02 L+= 6.6874e-02 L-= 6.5511e-02  Keff=20.00(min 19.99)  gmin=4.69e-02  floor=0.0e+00  |dM|=4.83e-05  step=1.00e+00
  it 1062  L= 3.184930e+02  comp= 2.7533e+01 expr= 2.9096e+02 L+= 6.6920e-02 L-= 6.5552e-02  Keff=20.00(min 19.99)  gmin=4.69e-02  floor=0.0e+00  |dM|=4.84e-05  step=1.00e+00
  it 1063  L= 3.184925e+02  comp= 2.7533e+01 expr= 2.9096e+02 L+= 6.6965e-02 L-= 6.5598e-02  Keff=20.00(min 19.99)  gmin=4.69e-02  floor=0.0e+00  |dM|=4.85e-05  step=1.00e+00
  it 1064  L= 3.184920e+02  comp= 2.7533e+01 expr= 2.9096e+02 L+= 6.7010e-02 L-= 6.5639e-02  Keff=20.00(min 19.99)  gmin=4.69e-02  floor=0.0e+00  |dM|=4.87e-05  step=1.00e+00
  it 1065  L= 3.184915e+02  comp= 2.7533e+01 expr= 2.9096e+02 L+= 6.7054e-02 L-= 6.5682e-02  Keff=20.00(min 19.99)  gmin=4.69e-02  floor=0.0e+00  |dM|=4.88e-05  step=1.00e+00
  it 1066  L= 3.184909e+02  comp= 2.7533e+01 expr= 2.9096e+02 L+= 6.7100e-02 L-= 6.5726e-02  Keff=20.00(min 19.99)  gmin=4.69e-02  floor=0.0e+00  |dM|=4.89e-05  step=1.00e+00
  it 1067  L= 3.184904e+02  comp= 2.7533e+01 expr= 2.9096e+02 L+= 6.7146e-02 L-= 6.5766e-02  Keff=20.00(min 19.99)  gmin=4.69e-02  floor=0.0e+00  |dM|=4.90e-05  step=1.00e+00
  it 1068  L= 3.184899e+02  comp= 2.7533e+01 expr= 2.9096e+02 L+= 6.7190e-02 L-= 6.5809e-02  Keff=20.00(min 19.99)  gmin=4.69e-02  floor=0.0e+00  |dM|=4.92e-05  step=1.00e+00
  it 1069  L= 3.184894e+02  comp= 2.7533e+01 expr= 2.9096e+02 L+= 6.7236e-02 L-= 6.5853e-02  Keff=20.00(min 19.99)  gmin=4.69e-02  floor=0.0e+00  |dM|=4.93e-05  step=1.00e+00
  it 1070  L= 3.184888e+02  comp= 2.7533e+01 expr= 2.9096e+02 L+= 6.7283e-02 L-= 6.5897e-02  Keff=20.00(min 19.99)  gmin=4.69e-02  floor=0.0e+00  |dM|=4.94e-05  step=1.00e+00
  it 1071  L= 3.184883e+02  comp= 2.7533e+01 expr= 2.9096e+02 L+= 6.7328e-02 L-= 6.5939e-02  Keff=20.00(min 19.99)  gmin=4.69e-02  floor=0.0e+00  |dM|=4.95e-05  step=1.00e+00
  it 1072  L= 3.184878e+02  comp= 2.7533e+01 expr= 2.9095e+02 L+= 6.7374e-02 L-= 6.5985e-02  Keff=20.00(min 19.99)  gmin=4.69e-02  floor=0.0e+00  |dM|=4.97e-05  step=1.00e+00
  it 1073  L= 3.184873e+02  comp= 2.7533e+01 expr= 2.9095e+02 L+= 6.7418e-02 L-= 6.6025e-02  Keff=20.00(min 19.99)  gmin=4.69e-02  floor=0.0e+00  |dM|=4.98e-05  step=1.00e+00
  it 1074  L= 3.184868e+02  comp= 2.7533e+01 expr= 2.9095e+02 L+= 6.7465e-02 L-= 6.6071e-02  Keff=20.00(min 19.99)  gmin=4.69e-02  floor=0.0e+00  |dM|=4.99e-05  step=1.00e+00
  it 1075  L= 3.184863e+02  comp= 2.7533e+01 expr= 2.9095e+02 L+= 6.7511e-02 L-= 6.6114e-02  Keff=20.00(min 19.99)  gmin=4.69e-02  floor=0.0e+00  |dM|=5.00e-05  step=1.00e+00
  it 1076  L= 3.184857e+02  comp= 2.7533e+01 expr= 2.9095e+02 L+= 6.7556e-02 L-= 6.6157e-02  Keff=20.00(min 19.99)  gmin=4.69e-02  floor=0.0e+00  |dM|=5.02e-05  step=1.00e+00
  it 1077  L= 3.184852e+02  comp= 2.7533e+01 expr= 2.9095e+02 L+= 6.7603e-02 L-= 6.6205e-02  Keff=20.00(min 19.99)  gmin=4.69e-02  floor=0.0e+00  |dM|=5.03e-05  step=1.00e+00
  it 1078  L= 3.184846e+02  comp= 2.7533e+01 expr= 2.9095e+02 L+= 6.7649e-02 L-= 6.6245e-02  Keff=20.00(min 19.99)  gmin=4.69e-02  floor=0.0e+00  |dM|=5.04e-05  step=1.00e+00
  it 1079  L= 3.184841e+02  comp= 2.7533e+01 expr= 2.9095e+02 L+= 6.7697e-02 L-= 6.6289e-02  Keff=20.00(min 19.99)  gmin=4.69e-02  floor=0.0e+00  |dM|=5.06e-05  step=1.00e+00
  it 1080  L= 3.184836e+02  comp= 2.7533e+01 expr= 2.9095e+02 L+= 6.7743e-02 L-= 6.6335e-02  Keff=20.00(min 19.99)  gmin=4.69e-02  floor=0.0e+00  |dM|=5.07e-05  step=1.00e+00
  it 1081  L= 3.184831e+02  comp= 2.7533e+01 expr= 2.9095e+02 L+= 6.7789e-02 L-= 6.6379e-02  Keff=20.00(min 19.99)  gmin=4.69e-02  floor=0.0e+00  |dM|=5.08e-05  step=1.00e+00
  it 1082  L= 3.184825e+02  comp= 2.7533e+01 expr= 2.9095e+02 L+= 6.7835e-02 L-= 6.6421e-02  Keff=20.00(min 19.99)  gmin=4.69e-02  floor=0.0e+00  |dM|=5.09e-05  step=1.00e+00
  it 1083  L= 3.184820e+02  comp= 2.7533e+01 expr= 2.9095e+02 L+= 6.7881e-02 L-= 6.6465e-02  Keff=20.00(min 19.99)  gmin=4.69e-02  floor=0.0e+00  |dM|=5.11e-05  step=1.00e+00
  it 1084  L= 3.184815e+02  comp= 2.7533e+01 expr= 2.9095e+02 L+= 6.7929e-02 L-= 6.6510e-02  Keff=20.00(min 19.99)  gmin=4.69e-02  floor=0.0e+00  |dM|=5.12e-05  step=1.00e+00
  it 1085  L= 3.184809e+02  comp= 2.7533e+01 expr= 2.9095e+02 L+= 6.7974e-02 L-= 6.6555e-02  Keff=20.00(min 19.99)  gmin=4.69e-02  floor=0.0e+00  |dM|=5.13e-05  step=1.00e+00
  it 1086  L= 3.184804e+02  comp= 2.7533e+01 expr= 2.9095e+02 L+= 6.8021e-02 L-= 6.6596e-02  Keff=20.00(min 19.99)  gmin=4.69e-02  floor=0.0e+00  |dM|=5.15e-05  step=1.00e+00
  it 1087  L= 3.184799e+02  comp= 2.7533e+01 expr= 2.9095e+02 L+= 6.8069e-02 L-= 6.6643e-02  Keff=20.00(min 19.99)  gmin=4.69e-02  floor=0.0e+00  |dM|=5.16e-05  step=1.00e+00
  it 1088  L= 3.184793e+02  comp= 2.7533e+01 expr= 2.9095e+02 L+= 6.8115e-02 L-= 6.6687e-02  Keff=20.00(min 19.99)  gmin=4.69e-02  floor=0.0e+00  |dM|=5.18e-05  step=1.00e+00
  it 1089  L= 3.184788e+02  comp= 2.7533e+01 expr= 2.9095e+02 L+= 6.8161e-02 L-= 6.6733e-02  Keff=20.00(min 19.99)  gmin=4.69e-02  floor=0.0e+00  |dM|=5.19e-05  step=1.00e+00
  it 1090  L= 3.184782e+02  comp= 2.7533e+01 expr= 2.9094e+02 L+= 6.8209e-02 L-= 6.6777e-02  Keff=20.00(min 19.99)  gmin=4.69e-02  floor=0.0e+00  |dM|=5.20e-05  step=1.00e+00
  it 1091  L= 3.184777e+02  comp= 2.7533e+01 expr= 2.9094e+02 L+= 6.8258e-02 L-= 6.6823e-02  Keff=20.00(min 19.99)  gmin=4.69e-02  floor=0.0e+00  |dM|=5.22e-05  step=1.00e+00
  it 1092  L= 3.184772e+02  comp= 2.7533e+01 expr= 2.9094e+02 L+= 6.8306e-02 L-= 6.6866e-02  Keff=20.00(min 19.99)  gmin=4.69e-02  floor=0.0e+00  |dM|=5.23e-05  step=1.00e+00
  it 1093  L= 3.184766e+02  comp= 2.7533e+01 expr= 2.9094e+02 L+= 6.8353e-02 L-= 6.6913e-02  Keff=20.00(min 19.99)  gmin=4.69e-02  floor=0.0e+00  |dM|=5.24e-05  step=1.00e+00
  it 1094  L= 3.184761e+02  comp= 2.7533e+01 expr= 2.9094e+02 L+= 6.8400e-02 L-= 6.6957e-02  Keff=20.00(min 19.99)  gmin=4.69e-02  floor=0.0e+00  |dM|=5.26e-05  step=1.00e+00
  it 1095  L= 3.184756e+02  comp= 2.7533e+01 expr= 2.9094e+02 L+= 6.8449e-02 L-= 6.7004e-02  Keff=20.00(min 19.99)  gmin=4.69e-02  floor=0.0e+00  |dM|=5.27e-05  step=1.00e+00
  it 1096  L= 3.184750e+02  comp= 2.7533e+01 expr= 2.9094e+02 L+= 6.8495e-02 L-= 6.7049e-02  Keff=20.00(min 19.99)  gmin=4.69e-02  floor=0.0e+00  |dM|=5.29e-05  step=1.00e+00
  it 1097  L= 3.184744e+02  comp= 2.7533e+01 expr= 2.9094e+02 L+= 6.8543e-02 L-= 6.7093e-02  Keff=20.00(min 19.99)  gmin=4.69e-02  floor=0.0e+00  |dM|=5.30e-05  step=1.00e+00
  it 1098  L= 3.184738e+02  comp= 2.7533e+01 expr= 2.9094e+02 L+= 6.8590e-02 L-= 6.7139e-02  Keff=20.00(min 19.99)  gmin=4.69e-02  floor=0.0e+00  |dM|=5.31e-05  step=1.00e+00
  it 1099  L= 3.184733e+02  comp= 2.7533e+01 expr= 2.9094e+02 L+= 6.8638e-02 L-= 6.7184e-02  Keff=20.00(min 19.99)  gmin=4.69e-02  floor=0.0e+00  |dM|=5.33e-05  step=1.00e+00
  it 1100  L= 3.184728e+02  comp= 2.7533e+01 expr= 2.9094e+02 L+= 6.8687e-02 L-= 6.7231e-02  Keff=20.00(min 19.99)  gmin=4.69e-02  floor=0.0e+00  |dM|=5.34e-05  step=1.00e+00
  it 1101  L= 3.184722e+02  comp= 2.7533e+01 expr= 2.9094e+02 L+= 6.8738e-02 L-= 6.7277e-02  Keff=20.00(min 19.99)  gmin=4.69e-02  floor=0.0e+00  |dM|=5.36e-05  step=1.00e+00
  it 1102  L= 3.184716e+02  comp= 2.7533e+01 expr= 2.9094e+02 L+= 6.8785e-02 L-= 6.7324e-02  Keff=20.00(min 19.99)  gmin=4.69e-02  floor=0.0e+00  |dM|=5.37e-05  step=1.00e+00
  it 1103  L= 3.184711e+02  comp= 2.7533e+01 expr= 2.9094e+02 L+= 6.8833e-02 L-= 6.7369e-02  Keff=20.00(min 19.99)  gmin=4.69e-02  floor=0.0e+00  |dM|=5.39e-05  step=1.00e+00
  it 1104  L= 3.184706e+02  comp= 2.7533e+01 expr= 2.9094e+02 L+= 6.8881e-02 L-= 6.7415e-02  Keff=20.00(min 19.99)  gmin=4.69e-02  floor=0.0e+00  |dM|=5.40e-05  step=1.00e+00
  it 1105  L= 3.184700e+02  comp= 2.7533e+01 expr= 2.9094e+02 L+= 6.8930e-02 L-= 6.7462e-02  Keff=20.00(min 19.99)  gmin=4.69e-02  floor=0.0e+00  |dM|=5.41e-05  step=1.00e+00
  it 1106  L= 3.184694e+02  comp= 2.7533e+01 expr= 2.9094e+02 L+= 6.8977e-02 L-= 6.7506e-02  Keff=20.00(min 19.99)  gmin=4.69e-02  floor=0.0e+00  |dM|=5.43e-05  step=1.00e+00
  it 1107  L= 3.184688e+02  comp= 2.7533e+01 expr= 2.9094e+02 L+= 6.9026e-02 L-= 6.7554e-02  Keff=20.00(min 19.99)  gmin=4.69e-02  floor=0.0e+00  |dM|=5.44e-05  step=1.00e+00
  it 1108  L= 3.184683e+02  comp= 2.7533e+01 expr= 2.9093e+02 L+= 6.9076e-02 L-= 6.7598e-02  Keff=20.00(min 19.99)  gmin=4.69e-02  floor=0.0e+00  |dM|=5.46e-05  step=1.00e+00
  it 1109  L= 3.184677e+02  comp= 2.7533e+01 expr= 2.9093e+02 L+= 6.9122e-02 L-= 6.7646e-02  Keff=20.00(min 19.99)  gmin=4.69e-02  floor=0.0e+00  |dM|=5.47e-05  step=1.00e+00
  it 1110  L= 3.184671e+02  comp= 2.7533e+01 expr= 2.9093e+02 L+= 6.9174e-02 L-= 6.7693e-02  Keff=20.00(min 19.99)  gmin=4.69e-02  floor=0.0e+00  |dM|=5.49e-05  step=1.00e+00
  it 1111  L= 3.184666e+02  comp= 2.7533e+01 expr= 2.9093e+02 L+= 6.9221e-02 L-= 6.7739e-02  Keff=20.00(min 19.99)  gmin=4.69e-02  floor=0.0e+00  |dM|=5.50e-05  step=1.00e+00
  it 1112  L= 3.184660e+02  comp= 2.7533e+01 expr= 2.9093e+02 L+= 6.9271e-02 L-= 6.7785e-02  Keff=20.00(min 19.99)  gmin=4.69e-02  floor=0.0e+00  |dM|=5.52e-05  step=1.00e+00
  it 1113  L= 3.184654e+02  comp= 2.7533e+01 expr= 2.9093e+02 L+= 6.9319e-02 L-= 6.7832e-02  Keff=20.00(min 19.99)  gmin=4.69e-02  floor=0.0e+00  |dM|=5.53e-05  step=1.00e+00
  it 1114  L= 3.184649e+02  comp= 2.7533e+01 expr= 2.9093e+02 L+= 6.9369e-02 L-= 6.7877e-02  Keff=20.00(min 19.99)  gmin=4.69e-02  floor=0.0e+00  |dM|=5.55e-05  step=1.00e+00
  it 1115  L= 3.184643e+02  comp= 2.7533e+01 expr= 2.9093e+02 L+= 6.9419e-02 L-= 6.7926e-02  Keff=20.00(min 19.99)  gmin=4.69e-02  floor=0.0e+00  |dM|=5.56e-05  step=1.00e+00
  it 1116  L= 3.184637e+02  comp= 2.7533e+01 expr= 2.9093e+02 L+= 6.9469e-02 L-= 6.7972e-02  Keff=20.00(min 19.99)  gmin=4.69e-02  floor=0.0e+00  |dM|=5.58e-05  step=1.00e+00
  it 1117  L= 3.184632e+02  comp= 2.7533e+01 expr= 2.9093e+02 L+= 6.9519e-02 L-= 6.8020e-02  Keff=20.00(min 19.99)  gmin=4.69e-02  floor=0.0e+00  |dM|=5.59e-05  step=1.00e+00
  it 1118  L= 3.184626e+02  comp= 2.7533e+01 expr= 2.9093e+02 L+= 6.9569e-02 L-= 6.8067e-02  Keff=20.00(min 19.99)  gmin=4.69e-02  floor=0.0e+00  |dM|=5.61e-05  step=1.00e+00
  it 1119  L= 3.184620e+02  comp= 2.7533e+01 expr= 2.9093e+02 L+= 6.9618e-02 L-= 6.8115e-02  Keff=20.00(min 19.99)  gmin=4.69e-02  floor=0.0e+00  |dM|=5.62e-05  step=1.00e+00
  it 1120  L= 3.184615e+02  comp= 2.7533e+01 expr= 2.9093e+02 L+= 6.9668e-02 L-= 6.8162e-02  Keff=20.00(min 19.99)  gmin=4.69e-02  floor=0.0e+00  |dM|=5.64e-05  step=1.00e+00
  it 1121  L= 3.184608e+02  comp= 2.7533e+01 expr= 2.9093e+02 L+= 6.9717e-02 L-= 6.8210e-02  Keff=20.00(min 19.99)  gmin=4.69e-02  floor=0.0e+00  |dM|=5.66e-05  step=1.00e+00
  it 1122  L= 3.184603e+02  comp= 2.7533e+01 expr= 2.9093e+02 L+= 6.9769e-02 L-= 6.8256e-02  Keff=20.00(min 19.99)  gmin=4.69e-02  floor=0.0e+00  |dM|=5.67e-05  step=1.00e+00
  it 1123  L= 3.184597e+02  comp= 2.7533e+01 expr= 2.9093e+02 L+= 6.9820e-02 L-= 6.8304e-02  Keff=20.00(min 19.99)  gmin=4.69e-02  floor=0.0e+00  |dM|=5.69e-05  step=1.00e+00
  it 1124  L= 3.184591e+02  comp= 2.7533e+01 expr= 2.9093e+02 L+= 6.9868e-02 L-= 6.8354e-02  Keff=20.00(min 19.99)  gmin=4.69e-02  floor=0.0e+00  |dM|=5.70e-05  step=1.00e+00
  it 1125  L= 3.184585e+02  comp= 2.7533e+01 expr= 2.9093e+02 L+= 6.9918e-02 L-= 6.8402e-02  Keff=20.00(min 19.99)  gmin=4.69e-02  floor=0.0e+00  |dM|=5.72e-05  step=1.00e+00
  it 1126  L= 3.184579e+02  comp= 2.7533e+01 expr= 2.9092e+02 L+= 6.9969e-02 L-= 6.8450e-02  Keff=20.00(min 19.99)  gmin=4.69e-02  floor=0.0e+00  |dM|=5.73e-05  step=1.00e+00
  it 1127  L= 3.184573e+02  comp= 2.7533e+01 expr= 2.9092e+02 L+= 7.0021e-02 L-= 6.8496e-02  Keff=20.00(min 19.99)  gmin=4.69e-02  floor=0.0e+00  |dM|=5.75e-05  step=1.00e+00
  it 1128  L= 3.184568e+02  comp= 2.7533e+01 expr= 2.9092e+02 L+= 7.0071e-02 L-= 6.8546e-02  Keff=20.00(min 19.99)  gmin=4.69e-02  floor=0.0e+00  |dM|=5.77e-05  step=1.00e+00
  it 1129  L= 3.184561e+02  comp= 2.7533e+01 expr= 2.9092e+02 L+= 7.0122e-02 L-= 6.8592e-02  Keff=20.00(min 19.99)  gmin=4.69e-02  floor=0.0e+00  |dM|=5.78e-05  step=1.00e+00
  it 1130  L= 3.184556e+02  comp= 2.7533e+01 expr= 2.9092e+02 L+= 7.0175e-02 L-= 6.8642e-02  Keff=20.00(min 19.99)  gmin=4.69e-02  floor=0.0e+00  |dM|=5.80e-05  step=1.00e+00
  it 1131  L= 3.184550e+02  comp= 2.7533e+01 expr= 2.9092e+02 L+= 7.0225e-02 L-= 6.8689e-02  Keff=20.00(min 19.99)  gmin=4.69e-02  floor=0.0e+00  |dM|=5.82e-05  step=1.00e+00
  it 1132  L= 3.184544e+02  comp= 2.7533e+01 expr= 2.9092e+02 L+= 7.0275e-02 L-= 6.8740e-02  Keff=20.00(min 19.99)  gmin=4.69e-02  floor=0.0e+00  |dM|=5.83e-05  step=1.00e+00
  it 1133  L= 3.184538e+02  comp= 2.7533e+01 expr= 2.9092e+02 L+= 7.0325e-02 L-= 6.8789e-02  Keff=20.00(min 19.99)  gmin=4.69e-02  floor=0.0e+00  |dM|=5.85e-05  step=1.00e+00
  it 1134  L= 3.184532e+02  comp= 2.7533e+01 expr= 2.9092e+02 L+= 7.0378e-02 L-= 6.8840e-02  Keff=20.00(min 19.99)  gmin=4.69e-02  floor=0.0e+00  |dM|=5.86e-05  step=1.00e+00
  it 1135  L= 3.184526e+02  comp= 2.7533e+01 expr= 2.9092e+02 L+= 7.0427e-02 L-= 6.8886e-02  Keff=20.00(min 19.99)  gmin=4.69e-02  floor=0.0e+00  |dM|=5.88e-05  step=1.00e+00
  it 1136  L= 3.184520e+02  comp= 2.7533e+01 expr= 2.9092e+02 L+= 7.0480e-02 L-= 6.8932e-02  Keff=20.00(min 19.99)  gmin=4.69e-02  floor=0.0e+00  |dM|=5.90e-05  step=1.00e+00
  it 1137  L= 3.184514e+02  comp= 2.7533e+01 expr= 2.9092e+02 L+= 7.0532e-02 L-= 6.8985e-02  Keff=20.00(min 19.99)  gmin=4.69e-02  floor=0.0e+00  |dM|=5.91e-05  step=1.00e+00
  it 1138  L= 3.184508e+02  comp= 2.7533e+01 expr= 2.9092e+02 L+= 7.0585e-02 L-= 6.9033e-02  Keff=20.00(min 19.99)  gmin=4.69e-02  floor=0.0e+00  |dM|=5.93e-05  step=1.00e+00
  it 1139  L= 3.184502e+02  comp= 2.7533e+01 expr= 2.9092e+02 L+= 7.0636e-02 L-= 6.9082e-02  Keff=20.00(min 19.99)  gmin=4.69e-02  floor=0.0e+00  |dM|=5.95e-05  step=1.00e+00
  it 1140  L= 3.184496e+02  comp= 2.7533e+01 expr= 2.9092e+02 L+= 7.0685e-02 L-= 6.9132e-02  Keff=20.00(min 19.99)  gmin=4.69e-02  floor=0.0e+00  |dM|=5.96e-05  step=1.00e+00
  it 1141  L= 3.184490e+02  comp= 2.7533e+01 expr= 2.9092e+02 L+= 7.0739e-02 L-= 6.9181e-02  Keff=20.00(min 19.99)  gmin=4.69e-02  floor=0.0e+00  |dM|=5.98e-05  step=1.00e+00
  it 1142  L= 3.184484e+02  comp= 2.7533e+01 expr= 2.9092e+02 L+= 7.0792e-02 L-= 6.9229e-02  Keff=20.00(min 19.99)  gmin=4.69e-02  floor=0.0e+00  |dM|=6.00e-05  step=1.00e+00
  it 1143  L= 3.184478e+02  comp= 2.7533e+01 expr= 2.9091e+02 L+= 7.0844e-02 L-= 6.9280e-02  Keff=20.00(min 19.99)  gmin=4.69e-02  floor=0.0e+00  |dM|=6.02e-05  step=1.00e+00
  it 1144  L= 3.184471e+02  comp= 2.7533e+01 expr= 2.9091e+02 L+= 7.0895e-02 L-= 6.9330e-02  Keff=20.00(min 19.99)  gmin=4.69e-02  floor=0.0e+00  |dM|=6.03e-05  step=1.00e+00
  it 1145  L= 3.184465e+02  comp= 2.7533e+01 expr= 2.9091e+02 L+= 7.0950e-02 L-= 6.9381e-02  Keff=20.00(min 19.99)  gmin=4.69e-02  floor=0.0e+00  |dM|=6.05e-05  step=1.00e+00
  it 1146  L= 3.184459e+02  comp= 2.7533e+01 expr= 2.9091e+02 L+= 7.1000e-02 L-= 6.9429e-02  Keff=20.00(min 19.99)  gmin=4.69e-02  floor=0.0e+00  |dM|=6.07e-05  step=1.00e+00
  it 1147  L= 3.184453e+02  comp= 2.7533e+01 expr= 2.9091e+02 L+= 7.1054e-02 L-= 6.9478e-02  Keff=20.00(min 19.99)  gmin=4.69e-02  floor=0.0e+00  |dM|=6.08e-05  step=1.00e+00
  it 1148  L= 3.184447e+02  comp= 2.7533e+01 expr= 2.9091e+02 L+= 7.1107e-02 L-= 6.9529e-02  Keff=20.00(min 19.99)  gmin=4.69e-02  floor=0.0e+00  |dM|=6.10e-05  step=1.00e+00
  it 1149  L= 3.184441e+02  comp= 2.7533e+01 expr= 2.9091e+02 L+= 7.1160e-02 L-= 6.9581e-02  Keff=20.00(min 19.99)  gmin=4.69e-02  floor=0.0e+00  |dM|=6.12e-05  step=1.00e+00
  it 1150  L= 3.184434e+02  comp= 2.7533e+01 expr= 2.9091e+02 L+= 7.1212e-02 L-= 6.9632e-02  Keff=20.00(min 19.99)  gmin=4.69e-02  floor=0.0e+00  |dM|=6.14e-05  step=1.00e+00
  it 1151  L= 3.184428e+02  comp= 2.7533e+01 expr= 2.9091e+02 L+= 7.1265e-02 L-= 6.9682e-02  Keff=20.00(min 19.99)  gmin=4.69e-02  floor=0.0e+00  |dM|=6.15e-05  step=1.00e+00
  it 1152  L= 3.184422e+02  comp= 2.7533e+01 expr= 2.9091e+02 L+= 7.1318e-02 L-= 6.9733e-02  Keff=20.00(min 19.99)  gmin=4.69e-02  floor=0.0e+00  |dM|=6.17e-05  step=1.00e+00
  it 1153  L= 3.184416e+02  comp= 2.7533e+01 expr= 2.9091e+02 L+= 7.1369e-02 L-= 6.9782e-02  Keff=20.00(min 19.99)  gmin=4.69e-02  floor=0.0e+00  |dM|=6.19e-05  step=1.00e+00
  it 1154  L= 3.184409e+02  comp= 2.7533e+01 expr= 2.9091e+02 L+= 7.1423e-02 L-= 6.9833e-02  Keff=20.00(min 19.99)  gmin=4.69e-02  floor=0.0e+00  |dM|=6.21e-05  step=1.00e+00
  it 1155  L= 3.184403e+02  comp= 2.7533e+01 expr= 2.9091e+02 L+= 7.1477e-02 L-= 6.9884e-02  Keff=20.00(min 19.99)  gmin=4.69e-02  floor=0.0e+00  |dM|=6.23e-05  step=1.00e+00
  it 1156  L= 3.184397e+02  comp= 2.7533e+01 expr= 2.9091e+02 L+= 7.1532e-02 L-= 6.9933e-02  Keff=20.00(min 19.99)  gmin=4.69e-02  floor=0.0e+00  |dM|=6.24e-05  step=1.00e+00
  it 1157  L= 3.184391e+02  comp= 2.7533e+01 expr= 2.9091e+02 L+= 7.1584e-02 L-= 6.9987e-02  Keff=20.00(min 19.99)  gmin=4.69e-02  floor=0.0e+00  |dM|=6.26e-05  step=1.00e+00
  it 1158  L= 3.184384e+02  comp= 2.7533e+01 expr= 2.9091e+02 L+= 7.1638e-02 L-= 7.0036e-02  Keff=20.00(min 19.99)  gmin=4.69e-02  floor=0.0e+00  |dM|=6.28e-05  step=1.00e+00
  it 1159  L= 3.184378e+02  comp= 2.7533e+01 expr= 2.9090e+02 L+= 7.1694e-02 L-= 7.0090e-02  Keff=20.00(min 19.99)  gmin=4.69e-02  floor=0.0e+00  |dM|=6.30e-05  step=1.00e+00
  it 1160  L= 3.184372e+02  comp= 2.7533e+01 expr= 2.9090e+02 L+= 7.1747e-02 L-= 7.0139e-02  Keff=20.00(min 19.99)  gmin=4.69e-02  floor=0.0e+00  |dM|=6.32e-05  step=1.00e+00
  it 1161  L= 3.184365e+02  comp= 2.7533e+01 expr= 2.9090e+02 L+= 7.1801e-02 L-= 7.0191e-02  Keff=20.00(min 19.99)  gmin=4.69e-02  floor=0.0e+00  |dM|=6.34e-05  step=1.00e+00
  it 1162  L= 3.184359e+02  comp= 2.7533e+01 expr= 2.9090e+02 L+= 7.1852e-02 L-= 7.0241e-02  Keff=20.00(min 19.99)  gmin=4.69e-02  floor=0.0e+00  |dM|=6.35e-05  step=1.00e+00
  it 1163  L= 3.184352e+02  comp= 2.7533e+01 expr= 2.9090e+02 L+= 7.1910e-02 L-= 7.0295e-02  Keff=20.00(min 19.99)  gmin=4.69e-02  floor=0.0e+00  |dM|=6.37e-05  step=1.00e+00
  it 1164  L= 3.184346e+02  comp= 2.7533e+01 expr= 2.9090e+02 L+= 7.1961e-02 L-= 7.0349e-02  Keff=20.00(min 19.99)  gmin=4.69e-02  floor=0.0e+00  |dM|=6.39e-05  step=1.00e+00
  it 1165  L= 3.184340e+02  comp= 2.7533e+01 expr= 2.9090e+02 L+= 7.2018e-02 L-= 7.0397e-02  Keff=20.00(min 19.99)  gmin=4.69e-02  floor=0.0e+00  |dM|=6.41e-05  step=1.00e+00
  it 1166  L= 3.184333e+02  comp= 2.7533e+01 expr= 2.9090e+02 L+= 7.2073e-02 L-= 7.0450e-02  Keff=20.00(min 19.99)  gmin=4.69e-02  floor=0.0e+00  |dM|=6.43e-05  step=1.00e+00
  it 1167  L= 3.184327e+02  comp= 2.7533e+01 expr= 2.9090e+02 L+= 7.2127e-02 L-= 7.0504e-02  Keff=20.00(min 19.99)  gmin=4.69e-02  floor=0.0e+00  |dM|=6.45e-05  step=1.00e+00
  it 1168  L= 3.184321e+02  comp= 2.7533e+01 expr= 2.9090e+02 L+= 7.2183e-02 L-= 7.0555e-02  Keff=20.00(min 19.99)  gmin=4.69e-02  floor=0.0e+00  |dM|=6.47e-05  step=1.00e+00
  it 1169  L= 3.184314e+02  comp= 2.7533e+01 expr= 2.9090e+02 L+= 7.2236e-02 L-= 7.0607e-02  Keff=20.00(min 19.99)  gmin=4.69e-02  floor=0.0e+00  |dM|=6.49e-05  step=1.00e+00
  it 1170  L= 3.184308e+02  comp= 2.7533e+01 expr= 2.9090e+02 L+= 7.2292e-02 L-= 7.0660e-02  Keff=20.00(min 19.99)  gmin=4.69e-02  floor=0.0e+00  |dM|=6.50e-05  step=1.00e+00
  it 1171  L= 3.184301e+02  comp= 2.7533e+01 expr= 2.9090e+02 L+= 7.2349e-02 L-= 7.0713e-02  Keff=20.00(min 19.99)  gmin=4.69e-02  floor=0.0e+00  |dM|=6.52e-05  step=1.00e+00
  it 1172  L= 3.184294e+02  comp= 2.7533e+01 expr= 2.9090e+02 L+= 7.2402e-02 L-= 7.0764e-02  Keff=20.00(min 19.99)  gmin=4.69e-02  floor=0.0e+00  |dM|=6.54e-05  step=1.00e+00
  it 1173  L= 3.184288e+02  comp= 2.7533e+01 expr= 2.9090e+02 L+= 7.2457e-02 L-= 7.0816e-02  Keff=20.00(min 19.99)  gmin=4.69e-02  floor=0.0e+00  |dM|=6.56e-05  step=1.00e+00
  it 1174  L= 3.184281e+02  comp= 2.7533e+01 expr= 2.9089e+02 L+= 7.2510e-02 L-= 7.0871e-02  Keff=20.00(min 19.99)  gmin=4.69e-02  floor=0.0e+00  |dM|=6.58e-05  step=1.00e+00
  it 1175  L= 3.184275e+02  comp= 2.7533e+01 expr= 2.9089e+02 L+= 7.2567e-02 L-= 7.0925e-02  Keff=20.00(min 19.99)  gmin=4.69e-02  floor=0.0e+00  |dM|=6.60e-05  step=1.00e+00
  it 1176  L= 3.184268e+02  comp= 2.7533e+01 expr= 2.9089e+02 L+= 7.2623e-02 L-= 7.0977e-02  Keff=20.00(min 19.99)  gmin=4.69e-02  floor=0.0e+00  |dM|=6.62e-05  step=1.00e+00
  it 1177  L= 3.184262e+02  comp= 2.7533e+01 expr= 2.9089e+02 L+= 7.2680e-02 L-= 7.1030e-02  Keff=20.00(min 19.99)  gmin=4.69e-02  floor=0.0e+00  |dM|=6.64e-05  step=1.00e+00
  it 1178  L= 3.184255e+02  comp= 2.7533e+01 expr= 2.9089e+02 L+= 7.2736e-02 L-= 7.1081e-02  Keff=20.00(min 19.99)  gmin=4.69e-02  floor=0.0e+00  |dM|=6.66e-05  step=1.00e+00
  it 1179  L= 3.184248e+02  comp= 2.7533e+01 expr= 2.9089e+02 L+= 7.2792e-02 L-= 7.1137e-02  Keff=20.00(min 19.99)  gmin=4.69e-02  floor=0.0e+00  |dM|=6.68e-05  step=1.00e+00
  it 1180  L= 3.184242e+02  comp= 2.7533e+01 expr= 2.9089e+02 L+= 7.2849e-02 L-= 7.1190e-02  Keff=20.00(min 19.99)  gmin=4.69e-02  floor=0.0e+00  |dM|=6.70e-05  step=1.00e+00
  it 1181  L= 3.184235e+02  comp= 2.7533e+01 expr= 2.9089e+02 L+= 7.2903e-02 L-= 7.1244e-02  Keff=20.00(min 19.99)  gmin=4.69e-02  floor=0.0e+00  |dM|=6.72e-05  step=1.00e+00
  it 1182  L= 3.184229e+02  comp= 2.7533e+01 expr= 2.9089e+02 L+= 7.2960e-02 L-= 7.1298e-02  Keff=20.00(min 19.99)  gmin=4.69e-02  floor=0.0e+00  |dM|=6.74e-05  step=1.00e+00
  it 1183  L= 3.184222e+02  comp= 2.7533e+01 expr= 2.9089e+02 L+= 7.3017e-02 L-= 7.1350e-02  Keff=20.00(min 19.99)  gmin=4.69e-02  floor=0.0e+00  |dM|=6.76e-05  step=1.00e+00
  it 1184  L= 3.184215e+02  comp= 2.7533e+01 expr= 2.9089e+02 L+= 7.3073e-02 L-= 7.1404e-02  Keff=20.00(min 19.99)  gmin=4.69e-02  floor=0.0e+00  |dM|=6.78e-05  step=1.00e+00
  it 1185  L= 3.184208e+02  comp= 2.7533e+01 expr= 2.9089e+02 L+= 7.3129e-02 L-= 7.1460e-02  Keff=20.00(min 19.99)  gmin=4.69e-02  floor=0.0e+00  |dM|=6.80e-05  step=1.00e+00
  it 1186  L= 3.184202e+02  comp= 2.7533e+01 expr= 2.9089e+02 L+= 7.3187e-02 L-= 7.1513e-02  Keff=20.00(min 19.99)  gmin=4.69e-02  floor=0.0e+00  |dM|=6.82e-05  step=1.00e+00
  it 1187  L= 3.184195e+02  comp= 2.7533e+01 expr= 2.9089e+02 L+= 7.3244e-02 L-= 7.1566e-02  Keff=20.00(min 19.99)  gmin=4.69e-02  floor=0.0e+00  |dM|=6.84e-05  step=1.00e+00
  it 1188  L= 3.184188e+02  comp= 2.7533e+01 expr= 2.9089e+02 L+= 7.3301e-02 L-= 7.1621e-02  Keff=20.00(min 19.99)  gmin=4.69e-02  floor=0.0e+00  |dM|=6.86e-05  step=1.00e+00
  it 1189  L= 3.184182e+02  comp= 2.7533e+01 expr= 2.9088e+02 L+= 7.3358e-02 L-= 7.1677e-02  Keff=20.00(min 19.99)  gmin=4.69e-02  floor=0.0e+00  |dM|=6.88e-05  step=1.00e+00
  it 1190  L= 3.184175e+02  comp= 2.7533e+01 expr= 2.9088e+02 L+= 7.3416e-02 L-= 7.1731e-02  Keff=20.00(min 19.99)  gmin=4.69e-02  floor=0.0e+00  |dM|=6.90e-05  step=1.00e+00
  it 1191  L= 3.184168e+02  comp= 2.7533e+01 expr= 2.9088e+02 L+= 7.3473e-02 L-= 7.1786e-02  Keff=20.00(min 19.99)  gmin=4.69e-02  floor=0.0e+00  |dM|=6.92e-05  step=1.00e+00
  it 1192  L= 3.184161e+02  comp= 2.7533e+01 expr= 2.9088e+02 L+= 7.3532e-02 L-= 7.1840e-02  Keff=20.00(min 19.99)  gmin=4.69e-02  floor=0.0e+00  |dM|=6.94e-05  step=1.00e+00
  it 1193  L= 3.184154e+02  comp= 2.7533e+01 expr= 2.9088e+02 L+= 7.3586e-02 L-= 7.1893e-02  Keff=20.00(min 19.99)  gmin=4.69e-02  floor=0.0e+00  |dM|=6.96e-05  step=1.00e+00
  it 1194  L= 3.184147e+02  comp= 2.7533e+01 expr= 2.9088e+02 L+= 7.3645e-02 L-= 7.1954e-02  Keff=20.00(min 19.99)  gmin=4.69e-02  floor=0.0e+00  |dM|=6.99e-05  step=1.00e+00
  it 1195  L= 3.184140e+02  comp= 2.7533e+01 expr= 2.9088e+02 L+= 7.3705e-02 L-= 7.2008e-02  Keff=20.00(min 19.99)  gmin=4.69e-02  floor=0.0e+00  |dM|=7.01e-05  step=1.00e+00
  it 1196  L= 3.184133e+02  comp= 2.7533e+01 expr= 2.9088e+02 L+= 7.3762e-02 L-= 7.2060e-02  Keff=20.00(min 19.99)  gmin=4.70e-02  floor=0.0e+00  |dM|=7.03e-05  step=1.00e+00
  it 1197  L= 3.184127e+02  comp= 2.7533e+01 expr= 2.9088e+02 L+= 7.3820e-02 L-= 7.2117e-02  Keff=20.00(min 19.99)  gmin=4.70e-02  floor=0.0e+00  |dM|=7.05e-05  step=1.00e+00
  it 1198  L= 3.184119e+02  comp= 2.7533e+01 expr= 2.9088e+02 L+= 7.3879e-02 L-= 7.2174e-02  Keff=20.00(min 19.99)  gmin=4.70e-02  floor=0.0e+00  |dM|=7.07e-05  step=1.00e+00
  it 1199  L= 3.184113e+02  comp= 2.7533e+01 expr= 2.9088e+02 L+= 7.3939e-02 L-= 7.2230e-02  Keff=20.00(min 19.99)  gmin=4.70e-02  floor=0.0e+00  |dM|=7.09e-05  step=1.00e+00
  it 1200  L= 3.184106e+02  comp= 2.7533e+01 expr= 2.9088e+02 L+= 7.3995e-02 L-= 7.2285e-02  Keff=20.00(min 19.99)  gmin=4.70e-02  floor=0.0e+00  |dM|=7.11e-05  step=1.00e+00
  it 1201  L= 3.184099e+02  comp= 2.7533e+01 expr= 2.9088e+02 L+= 7.4054e-02 L-= 7.2340e-02  Keff=20.00(min 19.99)  gmin=4.70e-02  floor=0.0e+00  |dM|=7.13e-05  step=1.00e+00
  it 1202  L= 3.184091e+02  comp= 2.7533e+01 expr= 2.9088e+02 L+= 7.4113e-02 L-= 7.2396e-02  Keff=20.00(min 19.99)  gmin=4.70e-02  floor=0.0e+00  |dM|=7.16e-05  step=1.00e+00
  it 1203  L= 3.184084e+02  comp= 2.7533e+01 expr= 2.9088e+02 L+= 7.4170e-02 L-= 7.2453e-02  Keff=20.00(min 19.99)  gmin=4.70e-02  floor=0.0e+00  |dM|=7.18e-05  step=1.00e+00
  it 1204  L= 3.184077e+02  comp= 2.7533e+01 expr= 2.9087e+02 L+= 7.4229e-02 L-= 7.2508e-02  Keff=20.00(min 19.99)  gmin=4.70e-02  floor=0.0e+00  |dM|=7.20e-05  step=1.00e+00
  it 1205  L= 3.184070e+02  comp= 2.7533e+01 expr= 2.9087e+02 L+= 7.4291e-02 L-= 7.2563e-02  Keff=20.00(min 19.99)  gmin=4.70e-02  floor=0.0e+00  |dM|=7.22e-05  step=1.00e+00
  it 1206  L= 3.184063e+02  comp= 2.7533e+01 expr= 2.9087e+02 L+= 7.4347e-02 L-= 7.2621e-02  Keff=20.00(min 19.99)  gmin=4.70e-02  floor=0.0e+00  |dM|=7.24e-05  step=1.00e+00
  it 1207  L= 3.184056e+02  comp= 2.7533e+01 expr= 2.9087e+02 L+= 7.4406e-02 L-= 7.2678e-02  Keff=20.00(min 19.99)  gmin=4.70e-02  floor=0.0e+00  |dM|=7.26e-05  step=1.00e+00
  it 1208  L= 3.184049e+02  comp= 2.7533e+01 expr= 2.9087e+02 L+= 7.4467e-02 L-= 7.2735e-02  Keff=20.00(min 19.99)  gmin=4.70e-02  floor=0.0e+00  |dM|=7.29e-05  step=1.00e+00
  it 1209  L= 3.184042e+02  comp= 2.7533e+01 expr= 2.9087e+02 L+= 7.4527e-02 L-= 7.2792e-02  Keff=20.00(min 19.99)  gmin=4.70e-02  floor=0.0e+00  |dM|=7.31e-05  step=1.00e+00
  it 1210  L= 3.184035e+02  comp= 2.7533e+01 expr= 2.9087e+02 L+= 7.4588e-02 L-= 7.2848e-02  Keff=20.00(min 19.99)  gmin=4.70e-02  floor=0.0e+00  |dM|=7.33e-05  step=1.00e+00
  it 1211  L= 3.184027e+02  comp= 2.7533e+01 expr= 2.9087e+02 L+= 7.4648e-02 L-= 7.2904e-02  Keff=20.00(min 19.99)  gmin=4.70e-02  floor=0.0e+00  |dM|=7.35e-05  step=1.00e+00
  it 1212  L= 3.184020e+02  comp= 2.7533e+01 expr= 2.9087e+02 L+= 7.4706e-02 L-= 7.2963e-02  Keff=20.00(min 19.99)  gmin=4.70e-02  floor=0.0e+00  |dM|=7.38e-05  step=1.00e+00
  it 1213  L= 3.184013e+02  comp= 2.7533e+01 expr= 2.9087e+02 L+= 7.4766e-02 L-= 7.3024e-02  Keff=20.00(min 19.99)  gmin=4.70e-02  floor=0.0e+00  |dM|=7.40e-05  step=1.00e+00
  it 1214  L= 3.184006e+02  comp= 2.7533e+01 expr= 2.9087e+02 L+= 7.4826e-02 L-= 7.3078e-02  Keff=20.00(min 19.99)  gmin=4.70e-02  floor=0.0e+00  |dM|=7.42e-05  step=1.00e+00
  it 1215  L= 3.183999e+02  comp= 2.7533e+01 expr= 2.9087e+02 L+= 7.4887e-02 L-= 7.3138e-02  Keff=20.00(min 19.99)  gmin=4.70e-02  floor=0.0e+00  |dM|=7.44e-05  step=1.00e+00
  it 1216  L= 3.183992e+02  comp= 2.7533e+01 expr= 2.9087e+02 L+= 7.4948e-02 L-= 7.3194e-02  Keff=20.00(min 19.99)  gmin=4.70e-02  floor=0.0e+00  |dM|=7.47e-05  step=1.00e+00
  it 1217  L= 3.183984e+02  comp= 2.7533e+01 expr= 2.9087e+02 L+= 7.5010e-02 L-= 7.3250e-02  Keff=20.00(min 19.99)  gmin=4.70e-02  floor=0.0e+00  |dM|=7.49e-05  step=1.00e+00
  it 1218  L= 3.183977e+02  comp= 2.7533e+01 expr= 2.9086e+02 L+= 7.5070e-02 L-= 7.3308e-02  Keff=20.00(min 19.99)  gmin=4.70e-02  floor=0.0e+00  |dM|=7.51e-05  step=1.00e+00
  it 1219  L= 3.183970e+02  comp= 2.7533e+01 expr= 2.9086e+02 L+= 7.5129e-02 L-= 7.3369e-02  Keff=20.00(min 19.99)  gmin=4.70e-02  floor=0.0e+00  |dM|=7.53e-05  step=1.00e+00
  it 1220  L= 3.183962e+02  comp= 2.7533e+01 expr= 2.9086e+02 L+= 7.5191e-02 L-= 7.3427e-02  Keff=20.00(min 19.99)  gmin=4.70e-02  floor=0.0e+00  |dM|=7.56e-05  step=1.00e+00
  it 1221  L= 3.183955e+02  comp= 2.7533e+01 expr= 2.9086e+02 L+= 7.5252e-02 L-= 7.3486e-02  Keff=20.00(min 19.99)  gmin=4.70e-02  floor=0.0e+00  |dM|=7.58e-05  step=1.00e+00
  it 1222  L= 3.183947e+02  comp= 2.7533e+01 expr= 2.9086e+02 L+= 7.5313e-02 L-= 7.3544e-02  Keff=20.00(min 19.99)  gmin=4.70e-02  floor=0.0e+00  |dM|=7.60e-05  step=1.00e+00
  it 1223  L= 3.183940e+02  comp= 2.7533e+01 expr= 2.9086e+02 L+= 7.5374e-02 L-= 7.3602e-02  Keff=20.00(min 19.99)  gmin=4.70e-02  floor=0.0e+00  |dM|=7.63e-05  step=1.00e+00
  it 1224  L= 3.183933e+02  comp= 2.7533e+01 expr= 2.9086e+02 L+= 7.5435e-02 L-= 7.3662e-02  Keff=20.00(min 19.99)  gmin=4.70e-02  floor=0.0e+00  |dM|=7.65e-05  step=1.00e+00
  it 1225  L= 3.183926e+02  comp= 2.7533e+01 expr= 2.9086e+02 L+= 7.5499e-02 L-= 7.3722e-02  Keff=20.00(min 19.99)  gmin=4.70e-02  floor=0.0e+00  |dM|=7.67e-05  step=1.00e+00
  it 1226  L= 3.183918e+02  comp= 2.7533e+01 expr= 2.9086e+02 L+= 7.5561e-02 L-= 7.3777e-02  Keff=20.00(min 19.99)  gmin=4.70e-02  floor=0.0e+00  |dM|=7.70e-05  step=1.00e+00
  it 1227  L= 3.183911e+02  comp= 2.7533e+01 expr= 2.9086e+02 L+= 7.5621e-02 L-= 7.3839e-02  Keff=20.00(min 19.99)  gmin=4.70e-02  floor=0.0e+00  |dM|=7.72e-05  step=1.00e+00
  it 1228  L= 3.183903e+02  comp= 2.7533e+01 expr= 2.9086e+02 L+= 7.5686e-02 L-= 7.3900e-02  Keff=20.00(min 19.99)  gmin=4.70e-02  floor=0.0e+00  |dM|=7.74e-05  step=1.00e+00
  it 1229  L= 3.183896e+02  comp= 2.7533e+01 expr= 2.9086e+02 L+= 7.5747e-02 L-= 7.3956e-02  Keff=20.00(min 19.99)  gmin=4.70e-02  floor=0.0e+00  |dM|=7.77e-05  step=1.00e+00
  it 1230  L= 3.183888e+02  comp= 2.7533e+01 expr= 2.9086e+02 L+= 7.5808e-02 L-= 7.4016e-02  Keff=20.00(min 19.99)  gmin=4.70e-02  floor=0.0e+00  |dM|=7.79e-05  step=1.00e+00
  it 1231  L= 3.183881e+02  comp= 2.7533e+01 expr= 2.9085e+02 L+= 7.5871e-02 L-= 7.4078e-02  Keff=20.00(min 19.99)  gmin=4.70e-02  floor=0.0e+00  |dM|=7.82e-05  step=1.00e+00
  it 1232  L= 3.183873e+02  comp= 2.7533e+01 expr= 2.9085e+02 L+= 7.5932e-02 L-= 7.4136e-02  Keff=20.00(min 19.99)  gmin=4.70e-02  floor=0.0e+00  |dM|=7.84e-05  step=1.00e+00
  it 1233  L= 3.183866e+02  comp= 2.7533e+01 expr= 2.9085e+02 L+= 7.5996e-02 L-= 7.4198e-02  Keff=20.00(min 19.99)  gmin=4.70e-02  floor=0.0e+00  |dM|=7.86e-05  step=1.00e+00
  it 1234  L= 3.183858e+02  comp= 2.7533e+01 expr= 2.9085e+02 L+= 7.6056e-02 L-= 7.4256e-02  Keff=20.00(min 19.99)  gmin=4.70e-02  floor=0.0e+00  |dM|=7.89e-05  step=1.00e+00
  it 1235  L= 3.183850e+02  comp= 2.7533e+01 expr= 2.9085e+02 L+= 7.6122e-02 L-= 7.4318e-02  Keff=20.00(min 19.99)  gmin=4.70e-02  floor=0.0e+00  |dM|=7.91e-05  step=1.00e+00
  it 1236  L= 3.183843e+02  comp= 2.7533e+01 expr= 2.9085e+02 L+= 7.6187e-02 L-= 7.4377e-02  Keff=20.00(min 19.99)  gmin=4.70e-02  floor=0.0e+00  |dM|=7.94e-05  step=1.00e+00
  it 1237  L= 3.183835e+02  comp= 2.7533e+01 expr= 2.9085e+02 L+= 7.6248e-02 L-= 7.4440e-02  Keff=20.00(min 19.99)  gmin=4.70e-02  floor=0.0e+00  |dM|=7.96e-05  step=1.00e+00
  it 1238  L= 3.183828e+02  comp= 2.7533e+01 expr= 2.9085e+02 L+= 7.6311e-02 L-= 7.4499e-02  Keff=20.00(min 19.99)  gmin=4.70e-02  floor=0.0e+00  |dM|=7.98e-05  step=1.00e+00
  it 1239  L= 3.183820e+02  comp= 2.7533e+01 expr= 2.9085e+02 L+= 7.6378e-02 L-= 7.4560e-02  Keff=20.00(min 19.99)  gmin=4.70e-02  floor=0.0e+00  |dM|=8.01e-05  step=1.00e+00
  it 1240  L= 3.183812e+02  comp= 2.7533e+01 expr= 2.9085e+02 L+= 7.6439e-02 L-= 7.4622e-02  Keff=20.00(min 19.99)  gmin=4.70e-02  floor=0.0e+00  |dM|=8.03e-05  step=1.00e+00
  it 1241  L= 3.183804e+02  comp= 2.7533e+01 expr= 2.9085e+02 L+= 7.6502e-02 L-= 7.4680e-02  Keff=20.00(min 19.99)  gmin=4.70e-02  floor=0.0e+00  |dM|=8.06e-05  step=1.00e+00
  it 1242  L= 3.183796e+02  comp= 2.7533e+01 expr= 2.9085e+02 L+= 7.6566e-02 L-= 7.4741e-02  Keff=20.00(min 19.99)  gmin=4.70e-02  floor=0.0e+00  |dM|=8.08e-05  step=1.00e+00
  it 1243  L= 3.183789e+02  comp= 2.7533e+01 expr= 2.9085e+02 L+= 7.6631e-02 L-= 7.4805e-02  Keff=20.00(min 19.99)  gmin=4.70e-02  floor=0.0e+00  |dM|=8.11e-05  step=1.00e+00
  it 1244  L= 3.183781e+02  comp= 2.7533e+01 expr= 2.9084e+02 L+= 7.6697e-02 L-= 7.4865e-02  Keff=20.00(min 19.99)  gmin=4.70e-02  floor=0.0e+00  |dM|=8.13e-05  step=1.00e+00
  it 1245  L= 3.183773e+02  comp= 2.7533e+01 expr= 2.9084e+02 L+= 7.6758e-02 L-= 7.4928e-02  Keff=20.00(min 19.99)  gmin=4.70e-02  floor=0.0e+00  |dM|=8.16e-05  step=1.00e+00
  it 1246  L= 3.183765e+02  comp= 2.7533e+01 expr= 2.9084e+02 L+= 7.6824e-02 L-= 7.4990e-02  Keff=20.00(min 19.99)  gmin=4.70e-02  floor=0.0e+00  |dM|=8.18e-05  step=1.00e+00
  it 1247  L= 3.183757e+02  comp= 2.7533e+01 expr= 2.9084e+02 L+= 7.6890e-02 L-= 7.5050e-02  Keff=20.00(min 19.99)  gmin=4.70e-02  floor=0.0e+00  |dM|=8.21e-05  step=1.00e+00
  it 1248  L= 3.183749e+02  comp= 2.7533e+01 expr= 2.9084e+02 L+= 7.6953e-02 L-= 7.5112e-02  Keff=20.00(min 19.99)  gmin=4.70e-02  floor=0.0e+00  |dM|=8.23e-05  step=1.00e+00
  it 1249  L= 3.183741e+02  comp= 2.7533e+01 expr= 2.9084e+02 L+= 7.7017e-02 L-= 7.5172e-02  Keff=20.00(min 19.99)  gmin=4.70e-02  floor=0.0e+00  |dM|=8.26e-05  step=1.00e+00
  it 1250  L= 3.183734e+02  comp= 2.7533e+01 expr= 2.9084e+02 L+= 7.7082e-02 L-= 7.5235e-02  Keff=20.00(min 19.99)  gmin=4.70e-02  floor=0.0e+00  |dM|=8.28e-05  step=1.00e+00
  it 1251  L= 3.183726e+02  comp= 2.7533e+01 expr= 2.9084e+02 L+= 7.7150e-02 L-= 7.5300e-02  Keff=20.00(min 19.99)  gmin=4.70e-02  floor=0.0e+00  |dM|=8.31e-05  step=1.00e+00
  it 1252  L= 3.183718e+02  comp= 2.7533e+01 expr= 2.9084e+02 L+= 7.7214e-02 L-= 7.5362e-02  Keff=20.00(min 19.99)  gmin=4.70e-02  floor=0.0e+00  |dM|=8.34e-05  step=1.00e+00
  it 1253  L= 3.183709e+02  comp= 2.7533e+01 expr= 2.9084e+02 L+= 7.7280e-02 L-= 7.5423e-02  Keff=20.00(min 19.99)  gmin=4.70e-02  floor=0.0e+00  |dM|=8.36e-05  step=1.00e+00
  it 1254  L= 3.183701e+02  comp= 2.7533e+01 expr= 2.9084e+02 L+= 7.7345e-02 L-= 7.5487e-02  Keff=20.00(min 19.99)  gmin=4.70e-02  floor=0.0e+00  |dM|=8.39e-05  step=1.00e+00
  it 1255  L= 3.183694e+02  comp= 2.7533e+01 expr= 2.9084e+02 L+= 7.7411e-02 L-= 7.5549e-02  Keff=20.00(min 19.99)  gmin=4.70e-02  floor=0.0e+00  |dM|=8.41e-05  step=1.00e+00
  it 1256  L= 3.183686e+02  comp= 2.7533e+01 expr= 2.9084e+02 L+= 7.7478e-02 L-= 7.5614e-02  Keff=20.00(min 19.99)  gmin=4.70e-02  floor=0.0e+00  |dM|=8.44e-05  step=1.00e+00
  it 1257  L= 3.183677e+02  comp= 2.7533e+01 expr= 2.9083e+02 L+= 7.7544e-02 L-= 7.5677e-02  Keff=20.00(min 19.99)  gmin=4.70e-02  floor=0.0e+00  |dM|=8.46e-05  step=1.00e+00
  it 1258  L= 3.183669e+02  comp= 2.7533e+01 expr= 2.9083e+02 L+= 7.7609e-02 L-= 7.5742e-02  Keff=20.00(min 19.99)  gmin=4.70e-02  floor=0.0e+00  |dM|=8.49e-05  step=1.00e+00
  it 1259  L= 3.183661e+02  comp= 2.7533e+01 expr= 2.9083e+02 L+= 7.7676e-02 L-= 7.5804e-02  Keff=20.00(min 19.99)  gmin=4.70e-02  floor=0.0e+00  |dM|=8.52e-05  step=1.00e+00
  it 1260  L= 3.183653e+02  comp= 2.7533e+01 expr= 2.9083e+02 L+= 7.7741e-02 L-= 7.5868e-02  Keff=20.00(min 19.99)  gmin=4.70e-02  floor=0.0e+00  |dM|=8.54e-05  step=1.00e+00
  it 1261  L= 3.183645e+02  comp= 2.7533e+01 expr= 2.9083e+02 L+= 7.7808e-02 L-= 7.5935e-02  Keff=20.00(min 19.99)  gmin=4.70e-02  floor=0.0e+00  |dM|=8.57e-05  step=1.00e+00
  it 1262  L= 3.183637e+02  comp= 2.7533e+01 expr= 2.9083e+02 L+= 7.7875e-02 L-= 7.5995e-02  Keff=20.00(min 19.99)  gmin=4.70e-02  floor=0.0e+00  |dM|=8.59e-05  step=1.00e+00
  it 1263  L= 3.183629e+02  comp= 2.7533e+01 expr= 2.9083e+02 L+= 7.7943e-02 L-= 7.6062e-02  Keff=20.00(min 19.99)  gmin=4.70e-02  floor=0.0e+00  |dM|=8.62e-05  step=1.00e+00
  it 1264  L= 3.183621e+02  comp= 2.7533e+01 expr= 2.9083e+02 L+= 7.8010e-02 L-= 7.6125e-02  Keff=20.00(min 19.99)  gmin=4.70e-02  floor=0.0e+00  |dM|=8.65e-05  step=1.00e+00
  it 1265  L= 3.183612e+02  comp= 2.7533e+01 expr= 2.9083e+02 L+= 7.8078e-02 L-= 7.6189e-02  Keff=20.00(min 19.99)  gmin=4.70e-02  floor=0.0e+00  |dM|=8.67e-05  step=1.00e+00
  it 1266  L= 3.183604e+02  comp= 2.7533e+01 expr= 2.9083e+02 L+= 7.8147e-02 L-= 7.6253e-02  Keff=20.00(min 19.99)  gmin=4.70e-02  floor=0.0e+00  |dM|=8.70e-05  step=1.00e+00
  it 1267  L= 3.183596e+02  comp= 2.7533e+01 expr= 2.9083e+02 L+= 7.8214e-02 L-= 7.6319e-02  Keff=20.00(min 19.99)  gmin=4.70e-02  floor=0.0e+00  |dM|=8.73e-05  step=1.00e+00
  it 1268  L= 3.183587e+02  comp= 2.7533e+01 expr= 2.9083e+02 L+= 7.8282e-02 L-= 7.6384e-02  Keff=20.00(min 19.99)  gmin=4.70e-02  floor=0.0e+00  |dM|=8.75e-05  step=1.00e+00
  it 1269  L= 3.183579e+02  comp= 2.7533e+01 expr= 2.9082e+02 L+= 7.8349e-02 L-= 7.6448e-02  Keff=20.00(min 19.99)  gmin=4.70e-02  floor=0.0e+00  |dM|=8.78e-05  step=1.00e+00
  it 1270  L= 3.183571e+02  comp= 2.7533e+01 expr= 2.9082e+02 L+= 7.8416e-02 L-= 7.6513e-02  Keff=20.00(min 19.99)  gmin=4.70e-02  floor=0.0e+00  |dM|=8.81e-05  step=1.00e+00
  it 1271  L= 3.183562e+02  comp= 2.7533e+01 expr= 2.9082e+02 L+= 7.8485e-02 L-= 7.6579e-02  Keff=20.00(min 19.99)  gmin=4.70e-02  floor=0.0e+00  |dM|=8.83e-05  step=1.00e+00
  it 1272  L= 3.183554e+02  comp= 2.7533e+01 expr= 2.9082e+02 L+= 7.8553e-02 L-= 7.6644e-02  Keff=20.00(min 19.99)  gmin=4.70e-02  floor=0.0e+00  |dM|=8.86e-05  step=1.00e+00
  it 1273  L= 3.183546e+02  comp= 2.7533e+01 expr= 2.9082e+02 L+= 7.8623e-02 L-= 7.6712e-02  Keff=20.00(min 19.99)  gmin=4.70e-02  floor=0.0e+00  |dM|=8.89e-05  step=1.00e+00
  it 1274  L= 3.183537e+02  comp= 2.7533e+01 expr= 2.9082e+02 L+= 7.8690e-02 L-= 7.6777e-02  Keff=20.00(min 19.99)  gmin=4.70e-02  floor=0.0e+00  |dM|=8.92e-05  step=1.00e+00
  it 1275  L= 3.183529e+02  comp= 2.7533e+01 expr= 2.9082e+02 L+= 7.8759e-02 L-= 7.6843e-02  Keff=20.00(min 19.99)  gmin=4.70e-02  floor=0.0e+00  |dM|=8.94e-05  step=1.00e+00
  it 1276  L= 3.183521e+02  comp= 2.7533e+01 expr= 2.9082e+02 L+= 7.8827e-02 L-= 7.6910e-02  Keff=20.00(min 19.99)  gmin=4.70e-02  floor=0.0e+00  |dM|=8.97e-05  step=1.00e+00
  it 1277  L= 3.183512e+02  comp= 2.7533e+01 expr= 2.9082e+02 L+= 7.8897e-02 L-= 7.6977e-02  Keff=20.00(min 19.99)  gmin=4.70e-02  floor=0.0e+00  |dM|=9.00e-05  step=1.00e+00
  it 1278  L= 3.183503e+02  comp= 2.7533e+01 expr= 2.9082e+02 L+= 7.8968e-02 L-= 7.7042e-02  Keff=20.00(min 19.99)  gmin=4.70e-02  floor=0.0e+00  |dM|=9.03e-05  step=1.00e+00
  it 1279  L= 3.183495e+02  comp= 2.7533e+01 expr= 2.9082e+02 L+= 7.9037e-02 L-= 7.7109e-02  Keff=20.00(min 19.99)  gmin=4.70e-02  floor=0.0e+00  |dM|=9.05e-05  step=1.00e+00
  it 1280  L= 3.183486e+02  comp= 2.7533e+01 expr= 2.9082e+02 L+= 7.9108e-02 L-= 7.7176e-02  Keff=20.00(min 19.99)  gmin=4.70e-02  floor=0.0e+00  |dM|=9.08e-05  step=1.00e+00
  it 1281  L= 3.183478e+02  comp= 2.7533e+01 expr= 2.9081e+02 L+= 7.9176e-02 L-= 7.7242e-02  Keff=20.00(min 19.99)  gmin=4.70e-02  floor=0.0e+00  |dM|=9.11e-05  step=1.00e+00
  it 1282  L= 3.183469e+02  comp= 2.7533e+01 expr= 2.9081e+02 L+= 7.9246e-02 L-= 7.7309e-02  Keff=20.00(min 19.99)  gmin=4.70e-02  floor=0.0e+00  |dM|=9.14e-05  step=1.00e+00
  it 1283  L= 3.183460e+02  comp= 2.7533e+01 expr= 2.9081e+02 L+= 7.9314e-02 L-= 7.7376e-02  Keff=20.00(min 19.99)  gmin=4.70e-02  floor=0.0e+00  |dM|=9.16e-05  step=1.00e+00
  it 1284  L= 3.183452e+02  comp= 2.7533e+01 expr= 2.9081e+02 L+= 7.9387e-02 L-= 7.7445e-02  Keff=20.00(min 19.99)  gmin=4.70e-02  floor=0.0e+00  |dM|=9.19e-05  step=1.00e+00
  it 1285  L= 3.183443e+02  comp= 2.7533e+01 expr= 2.9081e+02 L+= 7.9456e-02 L-= 7.7512e-02  Keff=20.00(min 19.99)  gmin=4.70e-02  floor=0.0e+00  |dM|=9.22e-05  step=1.00e+00
  it 1286  L= 3.183434e+02  comp= 2.7533e+01 expr= 2.9081e+02 L+= 7.9527e-02 L-= 7.7579e-02  Keff=20.00(min 19.99)  gmin=4.70e-02  floor=0.0e+00  |dM|=9.25e-05  step=1.00e+00
  it 1287  L= 3.183426e+02  comp= 2.7533e+01 expr= 2.9081e+02 L+= 7.9597e-02 L-= 7.7649e-02  Keff=20.00(min 19.99)  gmin=4.70e-02  floor=0.0e+00  |dM|=9.28e-05  step=1.00e+00
  it 1288  L= 3.183417e+02  comp= 2.7533e+01 expr= 2.9081e+02 L+= 7.9668e-02 L-= 7.7714e-02  Keff=20.00(min 19.99)  gmin=4.70e-02  floor=0.0e+00  |dM|=9.30e-05  step=1.00e+00
  it 1289  L= 3.183408e+02  comp= 2.7533e+01 expr= 2.9081e+02 L+= 7.9739e-02 L-= 7.7782e-02  Keff=20.00(min 19.99)  gmin=4.70e-02  floor=0.0e+00  |dM|=9.33e-05  step=1.00e+00
  it 1290  L= 3.183400e+02  comp= 2.7533e+01 expr= 2.9081e+02 L+= 7.9811e-02 L-= 7.7853e-02  Keff=20.00(min 19.99)  gmin=4.70e-02  floor=0.0e+00  |dM|=9.36e-05  step=1.00e+00
  it 1291  L= 3.183390e+02  comp= 2.7533e+01 expr= 2.9081e+02 L+= 7.9883e-02 L-= 7.7922e-02  Keff=20.00(min 19.99)  gmin=4.70e-02  floor=0.0e+00  |dM|=9.39e-05  step=1.00e+00
  it 1292  L= 3.183382e+02  comp= 2.7533e+01 expr= 2.9080e+02 L+= 7.9954e-02 L-= 7.7988e-02  Keff=20.00(min 19.99)  gmin=4.70e-02  floor=0.0e+00  |dM|=9.42e-05  step=1.00e+00
  it 1293  L= 3.183373e+02  comp= 2.7533e+01 expr= 2.9080e+02 L+= 8.0028e-02 L-= 7.8056e-02  Keff=20.00(min 19.99)  gmin=4.70e-02  floor=0.0e+00  |dM|=9.45e-05  step=1.00e+00
  it 1294  L= 3.183364e+02  comp= 2.7533e+01 expr= 2.9080e+02 L+= 8.0098e-02 L-= 7.8127e-02  Keff=20.00(min 19.99)  gmin=4.70e-02  floor=0.0e+00  |dM|=9.47e-05  step=1.00e+00
  it 1295  L= 3.183354e+02  comp= 2.7533e+01 expr= 2.9080e+02 L+= 8.0169e-02 L-= 7.8196e-02  Keff=20.00(min 19.99)  gmin=4.70e-02  floor=0.0e+00  |dM|=9.50e-05  step=1.00e+00
  it 1296  L= 3.183346e+02  comp= 2.7533e+01 expr= 2.9080e+02 L+= 8.0242e-02 L-= 7.8268e-02  Keff=20.00(min 19.99)  gmin=4.70e-02  floor=0.0e+00  |dM|=9.53e-05  step=1.00e+00
  it 1297  L= 3.183337e+02  comp= 2.7533e+01 expr= 2.9080e+02 L+= 8.0315e-02 L-= 7.8337e-02  Keff=20.00(min 19.99)  gmin=4.70e-02  floor=0.0e+00  |dM|=9.56e-05  step=1.00e+00
  it 1298  L= 3.183327e+02  comp= 2.7533e+01 expr= 2.9080e+02 L+= 8.0389e-02 L-= 7.8404e-02  Keff=20.00(min 19.99)  gmin=4.70e-02  floor=0.0e+00  |dM|=9.59e-05  step=1.00e+00
  it 1299  L= 3.183318e+02  comp= 2.7533e+01 expr= 2.9080e+02 L+= 8.0461e-02 L-= 7.8476e-02  Keff=20.00(min 19.99)  gmin=4.70e-02  floor=0.0e+00  |dM|=9.62e-05  step=1.00e+00
  it 1300  L= 3.183309e+02  comp= 2.7533e+01 expr= 2.9080e+02 L+= 8.0532e-02 L-= 7.8546e-02  Keff=20.00(min 19.99)  gmin=4.70e-02  floor=0.0e+00  |dM|=9.65e-05  step=1.00e+00
  it 1301  L= 3.183300e+02  comp= 2.7533e+01 expr= 2.9080e+02 L+= 8.0609e-02 L-= 7.8616e-02  Keff=20.00(min 19.99)  gmin=4.70e-02  floor=0.0e+00  |dM|=9.68e-05  step=1.00e+00
  it 1302  L= 3.183292e+02  comp= 2.7533e+01 expr= 2.9080e+02 L+= 8.0678e-02 L-= 7.8688e-02  Keff=20.00(min 19.99)  gmin=4.70e-02  floor=0.0e+00  |dM|=9.70e-05  step=1.00e+00
  it 1303  L= 3.183282e+02  comp= 2.7533e+01 expr= 2.9080e+02 L+= 8.0753e-02 L-= 7.8757e-02  Keff=20.00(min 19.99)  gmin=4.70e-02  floor=0.0e+00  |dM|=9.73e-05  step=1.00e+00
  it 1304  L= 3.183273e+02  comp= 2.7533e+01 expr= 2.9079e+02 L+= 8.0828e-02 L-= 7.8828e-02  Keff=20.00(min 19.99)  gmin=4.70e-02  floor=0.0e+00  |dM|=9.76e-05  step=1.00e+00
  it 1305  L= 3.183264e+02  comp= 2.7533e+01 expr= 2.9079e+02 L+= 8.0903e-02 L-= 7.8900e-02  Keff=20.00(min 19.99)  gmin=4.70e-02  floor=0.0e+00  |dM|=9.79e-05  step=1.00e+00
  it 1306  L= 3.183255e+02  comp= 2.7533e+01 expr= 2.9079e+02 L+= 8.0975e-02 L-= 7.8970e-02  Keff=20.00(min 19.99)  gmin=4.70e-02  floor=0.0e+00  |dM|=9.82e-05  step=1.00e+00
  it 1307  L= 3.183246e+02  comp= 2.7533e+01 expr= 2.9079e+02 L+= 8.1049e-02 L-= 7.9040e-02  Keff=20.00(min 19.99)  gmin=4.70e-02  floor=0.0e+00  |dM|=9.85e-05  step=1.00e+00
  it 1308  L= 3.183236e+02  comp= 2.7533e+01 expr= 2.9079e+02 L+= 8.1123e-02 L-= 7.9113e-02  Keff=20.00(min 19.99)  gmin=4.70e-02  floor=0.0e+00  |dM|=9.88e-05  step=1.00e+00
  it 1309  L= 3.183227e+02  comp= 2.7533e+01 expr= 2.9079e+02 L+= 8.1201e-02 L-= 7.9185e-02  Keff=20.00(min 19.99)  gmin=4.70e-02  floor=0.0e+00  |dM|=9.91e-05  step=1.00e+00
  it 1310  L= 3.183217e+02  comp= 2.7533e+01 expr= 2.9079e+02 L+= 8.1274e-02 L-= 7.9255e-02  Keff=20.00(min 19.99)  gmin=4.70e-02  floor=0.0e+00  |dM|=9.94e-05  step=1.00e+00
  it 1311  L= 3.183208e+02  comp= 2.7533e+01 expr= 2.9079e+02 L+= 8.1347e-02 L-= 7.9326e-02  Keff=20.00(min 19.99)  gmin=4.70e-02  floor=0.0e+00  |dM|=9.97e-05  step=1.00e+00
  it 1312  L= 3.183199e+02  comp= 2.7533e+01 expr= 2.9079e+02 L+= 8.1424e-02 L-= 7.9399e-02  Keff=20.00(min 19.99)  gmin=4.70e-02  floor=0.0e+00  |dM|=1.00e-04  step=1.00e+00
  it 1313  L= 3.183189e+02  comp= 2.7533e+01 expr= 2.9079e+02 L+= 8.1498e-02 L-= 7.9471e-02  Keff=20.00(min 19.99)  gmin=4.70e-02  floor=0.0e+00  |dM|=1.00e-04  step=1.00e+00
  it 1314  L= 3.183180e+02  comp= 2.7533e+01 expr= 2.9078e+02 L+= 8.1574e-02 L-= 7.9543e-02  Keff=20.00(min 19.99)  gmin=4.70e-02  floor=0.0e+00  |dM|=1.01e-04  step=1.00e+00
  it 1315  L= 3.183171e+02  comp= 2.7533e+01 expr= 2.9078e+02 L+= 8.1647e-02 L-= 7.9615e-02  Keff=20.00(min 19.99)  gmin=4.70e-02  floor=0.0e+00  |dM|=1.01e-04  step=1.00e+00
  it 1316  L= 3.183161e+02  comp= 2.7533e+01 expr= 2.9078e+02 L+= 8.1726e-02 L-= 7.9691e-02  Keff=20.00(min 19.99)  gmin=4.70e-02  floor=0.0e+00  |dM|=1.01e-04  step=1.00e+00
  it 1317  L= 3.183151e+02  comp= 2.7533e+01 expr= 2.9078e+02 L+= 8.1801e-02 L-= 7.9762e-02  Keff=20.00(min 19.99)  gmin=4.70e-02  floor=0.0e+00  |dM|=1.01e-04  step=1.00e+00
  it 1318  L= 3.183142e+02  comp= 2.7533e+01 expr= 2.9078e+02 L+= 8.1878e-02 L-= 7.9834e-02  Keff=20.00(min 19.99)  gmin=4.70e-02  floor=0.0e+00  |dM|=1.02e-04  step=1.00e+00
  it 1319  L= 3.183133e+02  comp= 2.7533e+01 expr= 2.9078e+02 L+= 8.1952e-02 L-= 7.9908e-02  Keff=20.00(min 19.99)  gmin=4.70e-02  floor=0.0e+00  |dM|=1.02e-04  step=1.00e+00
  it 1320  L= 3.183123e+02  comp= 2.7533e+01 expr= 2.9078e+02 L+= 8.2030e-02 L-= 7.9981e-02  Keff=20.00(min 19.99)  gmin=4.70e-02  floor=0.0e+00  |dM|=1.02e-04  step=1.00e+00
  it 1321  L= 3.183113e+02  comp= 2.7533e+01 expr= 2.9078e+02 L+= 8.2107e-02 L-= 8.0057e-02  Keff=20.00(min 19.99)  gmin=4.70e-02  floor=0.0e+00  |dM|=1.03e-04  step=1.00e+00
  it 1322  L= 3.183104e+02  comp= 2.7533e+01 expr= 2.9078e+02 L+= 8.2184e-02 L-= 8.0132e-02  Keff=20.00(min 19.99)  gmin=4.70e-02  floor=0.0e+00  |dM|=1.03e-04  step=1.00e+00
  it 1323  L= 3.183094e+02  comp= 2.7533e+01 expr= 2.9078e+02 L+= 8.2264e-02 L-= 8.0205e-02  Keff=20.00(min 19.99)  gmin=4.70e-02  floor=0.0e+00  |dM|=1.03e-04  step=1.00e+00
  it 1324  L= 3.183084e+02  comp= 2.7533e+01 expr= 2.9078e+02 L+= 8.2337e-02 L-= 8.0277e-02  Keff=20.00(min 19.99)  gmin=4.70e-02  floor=0.0e+00  |dM|=1.04e-04  step=1.00e+00
  it 1325  L= 3.183075e+02  comp= 2.7533e+01 expr= 2.9077e+02 L+= 8.2414e-02 L-= 8.0354e-02  Keff=20.00(min 19.99)  gmin=4.70e-02  floor=0.0e+00  |dM|=1.04e-04  step=1.00e+00
  it 1326  L= 3.183065e+02  comp= 2.7533e+01 expr= 2.9077e+02 L+= 8.2491e-02 L-= 8.0428e-02  Keff=20.00(min 19.99)  gmin=4.70e-02  floor=0.0e+00  |dM|=1.04e-04  step=1.00e+00
  it 1327  L= 3.183055e+02  comp= 2.7533e+01 expr= 2.9077e+02 L+= 8.2573e-02 L-= 8.0503e-02  Keff=20.00(min 19.99)  gmin=4.70e-02  floor=0.0e+00  |dM|=1.05e-04  step=1.00e+00
  it 1328  L= 3.183045e+02  comp= 2.7533e+01 expr= 2.9077e+02 L+= 8.2650e-02 L-= 8.0578e-02  Keff=20.00(min 19.99)  gmin=4.70e-02  floor=0.0e+00  |dM|=1.05e-04  step=1.00e+00
  it 1329  L= 3.183036e+02  comp= 2.7533e+01 expr= 2.9077e+02 L+= 8.2726e-02 L-= 8.0652e-02  Keff=20.00(min 19.99)  gmin=4.70e-02  floor=0.0e+00  |dM|=1.05e-04  step=1.00e+00
  it 1330  L= 3.183026e+02  comp= 2.7533e+01 expr= 2.9077e+02 L+= 8.2805e-02 L-= 8.0728e-02  Keff=20.00(min 19.99)  gmin=4.70e-02  floor=0.0e+00  |dM|=1.05e-04  step=1.00e+00
  it 1331  L= 3.183015e+02  comp= 2.7533e+01 expr= 2.9077e+02 L+= 8.2885e-02 L-= 8.0802e-02  Keff=20.00(min 19.99)  gmin=4.70e-02  floor=0.0e+00  |dM|=1.06e-04  step=1.00e+00
  it 1332  L= 3.183006e+02  comp= 2.7533e+01 expr= 2.9077e+02 L+= 8.2965e-02 L-= 8.0881e-02  Keff=20.00(min 19.99)  gmin=4.70e-02  floor=0.0e+00  |dM|=1.06e-04  step=1.00e+00
  it 1333  L= 3.182996e+02  comp= 2.7533e+01 expr= 2.9077e+02 L+= 8.3041e-02 L-= 8.0956e-02  Keff=20.00(min 19.99)  gmin=4.70e-02  floor=0.0e+00  |dM|=1.06e-04  step=1.00e+00
  it 1334  L= 3.182986e+02  comp= 2.7533e+01 expr= 2.9077e+02 L+= 8.3119e-02 L-= 8.1032e-02  Keff=20.00(min 19.99)  gmin=4.70e-02  floor=0.0e+00  |dM|=1.07e-04  step=1.00e+00
  it 1335  L= 3.182976e+02  comp= 2.7533e+01 expr= 2.9076e+02 L+= 8.3199e-02 L-= 8.1107e-02  Keff=20.00(min 19.99)  gmin=4.70e-02  floor=0.0e+00  |dM|=1.07e-04  step=1.00e+00
  it 1336  L= 3.182965e+02  comp= 2.7533e+01 expr= 2.9076e+02 L+= 8.3280e-02 L-= 8.1184e-02  Keff=20.00(min 19.99)  gmin=4.70e-02  floor=0.0e+00  |dM|=1.07e-04  step=1.00e+00
  it 1337  L= 3.182956e+02  comp= 2.7533e+01 expr= 2.9076e+02 L+= 8.3358e-02 L-= 8.1261e-02  Keff=20.00(min 19.99)  gmin=4.70e-02  floor=0.0e+00  |dM|=1.08e-04  step=1.00e+00
  it 1338  L= 3.182946e+02  comp= 2.7533e+01 expr= 2.9076e+02 L+= 8.3439e-02 L-= 8.1336e-02  Keff=20.00(min 19.99)  gmin=4.70e-02  floor=0.0e+00  |dM|=1.08e-04  step=1.00e+00
  it 1339  L= 3.182935e+02  comp= 2.7533e+01 expr= 2.9076e+02 L+= 8.3519e-02 L-= 8.1416e-02  Keff=20.00(min 19.99)  gmin=4.70e-02  floor=0.0e+00  |dM|=1.08e-04  step=1.00e+00
  it 1340  L= 3.182925e+02  comp= 2.7533e+01 expr= 2.9076e+02 L+= 8.3600e-02 L-= 8.1491e-02  Keff=20.00(min 19.99)  gmin=4.70e-02  floor=0.0e+00  |dM|=1.09e-04  step=1.00e+00
  it 1341  L= 3.182915e+02  comp= 2.7533e+01 expr= 2.9076e+02 L+= 8.3682e-02 L-= 8.1571e-02  Keff=20.00(min 19.99)  gmin=4.70e-02  floor=0.0e+00  |dM|=1.09e-04  step=1.00e+00
  it 1342  L= 3.182905e+02  comp= 2.7533e+01 expr= 2.9076e+02 L+= 8.3760e-02 L-= 8.1648e-02  Keff=20.00(min 19.99)  gmin=4.70e-02  floor=0.0e+00  |dM|=1.09e-04  step=1.00e+00
  it 1343  L= 3.182895e+02  comp= 2.7533e+01 expr= 2.9076e+02 L+= 8.3841e-02 L-= 8.1726e-02  Keff=20.00(min 19.99)  gmin=4.70e-02  floor=0.0e+00  |dM|=1.09e-04  step=1.00e+00
  it 1344  L= 3.182885e+02  comp= 2.7533e+01 expr= 2.9076e+02 L+= 8.3924e-02 L-= 8.1805e-02  Keff=20.00(min 19.99)  gmin=4.70e-02  floor=0.0e+00  |dM|=1.10e-04  step=1.00e+00
  it 1345  L= 3.182874e+02  comp= 2.7533e+01 expr= 2.9075e+02 L+= 8.4004e-02 L-= 8.1881e-02  Keff=20.00(min 19.99)  gmin=4.70e-02  floor=0.0e+00  |dM|=1.10e-04  step=1.00e+00
  it 1346  L= 3.182863e+02  comp= 2.7533e+01 expr= 2.9075e+02 L+= 8.4087e-02 L-= 8.1959e-02  Keff=20.00(min 19.99)  gmin=4.70e-02  floor=0.0e+00  |dM|=1.10e-04  step=1.00e+00
  it 1347  L= 3.182853e+02  comp= 2.7533e+01 expr= 2.9075e+02 L+= 8.4166e-02 L-= 8.2040e-02  Keff=20.00(min 19.99)  gmin=4.70e-02  floor=0.0e+00  |dM|=1.11e-04  step=1.00e+00
  it 1348  L= 3.182843e+02  comp= 2.7533e+01 expr= 2.9075e+02 L+= 8.4249e-02 L-= 8.2118e-02  Keff=20.00(min 19.99)  gmin=4.70e-02  floor=0.0e+00  |dM|=1.11e-04  step=1.00e+00
  it 1349  L= 3.182832e+02  comp= 2.7533e+01 expr= 2.9075e+02 L+= 8.4332e-02 L-= 8.2195e-02  Keff=20.00(min 19.99)  gmin=4.70e-02  floor=0.0e+00  |dM|=1.11e-04  step=1.00e+00
  it 1350  L= 3.182822e+02  comp= 2.7533e+01 expr= 2.9075e+02 L+= 8.4412e-02 L-= 8.2276e-02  Keff=20.00(min 19.99)  gmin=4.70e-02  floor=0.0e+00  |dM|=1.12e-04  step=1.00e+00
  it 1351  L= 3.182812e+02  comp= 2.7533e+01 expr= 2.9075e+02 L+= 8.4496e-02 L-= 8.2356e-02  Keff=20.00(min 19.99)  gmin=4.70e-02  floor=0.0e+00  |dM|=1.12e-04  step=1.00e+00
  it 1352  L= 3.182801e+02  comp= 2.7533e+01 expr= 2.9075e+02 L+= 8.4578e-02 L-= 8.2435e-02  Keff=20.00(min 19.99)  gmin=4.70e-02  floor=0.0e+00  |dM|=1.12e-04  step=1.00e+00
  it 1353  L= 3.182790e+02  comp= 2.7533e+01 expr= 2.9075e+02 L+= 8.4662e-02 L-= 8.2513e-02  Keff=20.00(min 19.99)  gmin=4.70e-02  floor=0.0e+00  |dM|=1.13e-04  step=1.00e+00
  it 1354  L= 3.182780e+02  comp= 2.7533e+01 expr= 2.9074e+02 L+= 8.4746e-02 L-= 8.2594e-02  Keff=20.00(min 19.99)  gmin=4.70e-02  floor=0.0e+00  |dM|=1.13e-04  step=1.00e+00
  it 1355  L= 3.182769e+02  comp= 2.7533e+01 expr= 2.9074e+02 L+= 8.4828e-02 L-= 8.2676e-02  Keff=20.00(min 19.99)  gmin=4.70e-02  floor=0.0e+00  |dM|=1.13e-04  step=1.00e+00
  it 1356  L= 3.182759e+02  comp= 2.7533e+01 expr= 2.9074e+02 L+= 8.4912e-02 L-= 8.2754e-02  Keff=20.00(min 19.99)  gmin=4.70e-02  floor=0.0e+00  |dM|=1.14e-04  step=1.00e+00
  it 1357  L= 3.182748e+02  comp= 2.7533e+01 expr= 2.9074e+02 L+= 8.4995e-02 L-= 8.2834e-02  Keff=20.00(min 19.99)  gmin=4.70e-02  floor=0.0e+00  |dM|=1.14e-04  step=1.00e+00
  it 1358  L= 3.182737e+02  comp= 2.7533e+01 expr= 2.9074e+02 L+= 8.5079e-02 L-= 8.2917e-02  Keff=20.00(min 19.99)  gmin=4.70e-02  floor=0.0e+00  |dM|=1.14e-04  step=1.00e+00
  it 1359  L= 3.182727e+02  comp= 2.7533e+01 expr= 2.9074e+02 L+= 8.5162e-02 L-= 8.2998e-02  Keff=20.00(min 19.99)  gmin=4.70e-02  floor=0.0e+00  |dM|=1.15e-04  step=1.00e+00
  it 1360  L= 3.182716e+02  comp= 2.7533e+01 expr= 2.9074e+02 L+= 8.5247e-02 L-= 8.3078e-02  Keff=20.00(min 19.99)  gmin=4.70e-02  floor=0.0e+00  |dM|=1.15e-04  step=1.00e+00
  it 1361  L= 3.182705e+02  comp= 2.7533e+01 expr= 2.9074e+02 L+= 8.5332e-02 L-= 8.3159e-02  Keff=20.00(min 19.99)  gmin=4.70e-02  floor=0.0e+00  |dM|=1.15e-04  step=1.00e+00
  it 1362  L= 3.182694e+02  comp= 2.7533e+01 expr= 2.9074e+02 L+= 8.5418e-02 L-= 8.3243e-02  Keff=20.00(min 19.99)  gmin=4.70e-02  floor=0.0e+00  |dM|=1.15e-04  step=1.00e+00
  it 1363  L= 3.182683e+02  comp= 2.7533e+01 expr= 2.9074e+02 L+= 8.5501e-02 L-= 8.3323e-02  Keff=20.00(min 19.99)  gmin=4.70e-02  floor=0.0e+00  |dM|=1.16e-04  step=1.00e+00
  it 1364  L= 3.182672e+02  comp= 2.7533e+01 expr= 2.9073e+02 L+= 8.5588e-02 L-= 8.3405e-02  Keff=20.00(min 19.99)  gmin=4.70e-02  floor=0.0e+00  |dM|=1.16e-04  step=1.00e+00
  it 1365  L= 3.182662e+02  comp= 2.7533e+01 expr= 2.9073e+02 L+= 8.5673e-02 L-= 8.3488e-02  Keff=20.00(min 19.99)  gmin=4.70e-02  floor=0.0e+00  |dM|=1.16e-04  step=1.00e+00
  it 1366  L= 3.182650e+02  comp= 2.7533e+01 expr= 2.9073e+02 L+= 8.5759e-02 L-= 8.3570e-02  Keff=20.00(min 19.99)  gmin=4.70e-02  floor=0.0e+00  |dM|=1.17e-04  step=1.00e+00
  it 1367  L= 3.182639e+02  comp= 2.7533e+01 expr= 2.9073e+02 L+= 8.5843e-02 L-= 8.3654e-02  Keff=20.00(min 19.99)  gmin=4.70e-02  floor=0.0e+00  |dM|=1.17e-04  step=1.00e+00
  it 1368  L= 3.182628e+02  comp= 2.7533e+01 expr= 2.9073e+02 L+= 8.5927e-02 L-= 8.3737e-02  Keff=20.00(min 19.99)  gmin=4.70e-02  floor=0.0e+00  |dM|=1.17e-04  step=1.00e+00
  it 1369  L= 3.182617e+02  comp= 2.7533e+01 expr= 2.9073e+02 L+= 8.6016e-02 L-= 8.3819e-02  Keff=20.00(min 19.99)  gmin=4.70e-02  floor=0.0e+00  |dM|=1.18e-04  step=1.00e+00
  it 1370  L= 3.182606e+02  comp= 2.7533e+01 expr= 2.9073e+02 L+= 8.6103e-02 L-= 8.3903e-02  Keff=20.00(min 19.99)  gmin=4.70e-02  floor=0.0e+00  |dM|=1.18e-04  step=1.00e+00
  it 1371  L= 3.182595e+02  comp= 2.7533e+01 expr= 2.9073e+02 L+= 8.6189e-02 L-= 8.3986e-02  Keff=20.00(min 19.99)  gmin=4.70e-02  floor=0.0e+00  |dM|=1.18e-04  step=1.00e+00
  it 1372  L= 3.182583e+02  comp= 2.7533e+01 expr= 2.9073e+02 L+= 8.6275e-02 L-= 8.4070e-02  Keff=20.00(min 19.99)  gmin=4.70e-02  floor=0.0e+00  |dM|=1.19e-04  step=1.00e+00
  it 1373  L= 3.182573e+02  comp= 2.7533e+01 expr= 2.9072e+02 L+= 8.6363e-02 L-= 8.4154e-02  Keff=20.00(min 19.99)  gmin=4.70e-02  floor=0.0e+00  |dM|=1.19e-04  step=1.00e+00
  it 1374  L= 3.182561e+02  comp= 2.7533e+01 expr= 2.9072e+02 L+= 8.6448e-02 L-= 8.4239e-02  Keff=20.00(min 19.99)  gmin=4.70e-02  floor=0.0e+00  |dM|=1.19e-04  step=1.00e+00
  it 1375  L= 3.182550e+02  comp= 2.7533e+01 expr= 2.9072e+02 L+= 8.6538e-02 L-= 8.4323e-02  Keff=20.00(min 19.99)  gmin=4.70e-02  floor=0.0e+00  |dM|=1.20e-04  step=1.00e+00
  it 1376  L= 3.182538e+02  comp= 2.7533e+01 expr= 2.9072e+02 L+= 8.6624e-02 L-= 8.4406e-02  Keff=20.00(min 19.99)  gmin=4.70e-02  floor=0.0e+00  |dM|=1.20e-04  step=1.00e+00
  it 1377  L= 3.182527e+02  comp= 2.7533e+01 expr= 2.9072e+02 L+= 8.6715e-02 L-= 8.4492e-02  Keff=20.00(min 19.99)  gmin=4.70e-02  floor=0.0e+00  |dM|=1.20e-04  step=1.00e+00
  it 1378  L= 3.182516e+02  comp= 2.7533e+01 expr= 2.9072e+02 L+= 8.6801e-02 L-= 8.4577e-02  Keff=20.00(min 19.99)  gmin=4.70e-02  floor=0.0e+00  |dM|=1.21e-04  step=1.00e+00
  it 1379  L= 3.182505e+02  comp= 2.7533e+01 expr= 2.9072e+02 L+= 8.6888e-02 L-= 8.4661e-02  Keff=20.00(min 19.99)  gmin=4.70e-02  floor=0.0e+00  |dM|=1.21e-04  step=1.00e+00
  it 1380  L= 3.182493e+02  comp= 2.7533e+01 expr= 2.9072e+02 L+= 8.6976e-02 L-= 8.4747e-02  Keff=20.00(min 19.99)  gmin=4.70e-02  floor=0.0e+00  |dM|=1.21e-04  step=1.00e+00
  it 1381  L= 3.182482e+02  comp= 2.7533e+01 expr= 2.9072e+02 L+= 8.7068e-02 L-= 8.4833e-02  Keff=20.00(min 19.99)  gmin=4.70e-02  floor=0.0e+00  |dM|=1.22e-04  step=1.00e+00
  it 1382  L= 3.182470e+02  comp= 2.7533e+01 expr= 2.9071e+02 L+= 8.7155e-02 L-= 8.4920e-02  Keff=20.00(min 19.99)  gmin=4.70e-02  floor=0.0e+00  |dM|=1.22e-04  step=1.00e+00
  it 1383  L= 3.182459e+02  comp= 2.7533e+01 expr= 2.9071e+02 L+= 8.7246e-02 L-= 8.5004e-02  Keff=20.00(min 19.99)  gmin=4.70e-02  floor=0.0e+00  |dM|=1.22e-04  step=1.00e+00
  it 1384  L= 3.182448e+02  comp= 2.7533e+01 expr= 2.9071e+02 L+= 8.7337e-02 L-= 8.5091e-02  Keff=20.00(min 19.99)  gmin=4.70e-02  floor=0.0e+00  |dM|=1.23e-04  step=1.00e+00
  it 1385  L= 3.182435e+02  comp= 2.7533e+01 expr= 2.9071e+02 L+= 8.7426e-02 L-= 8.5181e-02  Keff=20.00(min 19.99)  gmin=4.70e-02  floor=0.0e+00  |dM|=1.23e-04  step=1.00e+00
  it 1386  L= 3.182424e+02  comp= 2.7533e+01 expr= 2.9071e+02 L+= 8.7515e-02 L-= 8.5263e-02  Keff=20.00(min 19.99)  gmin=4.70e-02  floor=0.0e+00  |dM|=1.23e-04  step=1.00e+00
  it 1387  L= 3.182412e+02  comp= 2.7533e+01 expr= 2.9071e+02 L+= 8.7608e-02 L-= 8.5354e-02  Keff=20.00(min 19.99)  gmin=4.70e-02  floor=0.0e+00  |dM|=1.24e-04  step=1.00e+00
  it 1388  L= 3.182401e+02  comp= 2.7533e+01 expr= 2.9071e+02 L+= 8.7695e-02 L-= 8.5438e-02  Keff=20.00(min 19.99)  gmin=4.70e-02  floor=0.0e+00  |dM|=1.24e-04  step=1.00e+00
  it 1389  L= 3.182389e+02  comp= 2.7533e+01 expr= 2.9071e+02 L+= 8.7786e-02 L-= 8.5527e-02  Keff=20.00(min 19.99)  gmin=4.70e-02  floor=0.0e+00  |dM|=1.24e-04  step=1.00e+00
  it 1390  L= 3.182377e+02  comp= 2.7533e+01 expr= 2.9070e+02 L+= 8.7876e-02 L-= 8.5615e-02  Keff=20.00(min 19.99)  gmin=4.70e-02  floor=0.0e+00  |dM|=1.25e-04  step=1.00e+00
  it 1391  L= 3.182365e+02  comp= 2.7533e+01 expr= 2.9070e+02 L+= 8.7967e-02 L-= 8.5703e-02  Keff=20.00(min 19.99)  gmin=4.70e-02  floor=0.0e+00  |dM|=1.25e-04  step=1.00e+00
  it 1392  L= 3.182353e+02  comp= 2.7533e+01 expr= 2.9070e+02 L+= 8.8058e-02 L-= 8.5792e-02  Keff=20.00(min 19.99)  gmin=4.70e-02  floor=0.0e+00  |dM|=1.25e-04  step=1.00e+00
  it 1393  L= 3.182341e+02  comp= 2.7533e+01 expr= 2.9070e+02 L+= 8.8150e-02 L-= 8.5880e-02  Keff=20.00(min 19.99)  gmin=4.70e-02  floor=0.0e+00  |dM|=1.26e-04  step=1.00e+00
  it 1394  L= 3.182329e+02  comp= 2.7533e+01 expr= 2.9070e+02 L+= 8.8243e-02 L-= 8.5967e-02  Keff=20.00(min 19.99)  gmin=4.70e-02  floor=0.0e+00  |dM|=1.26e-04  step=1.00e+00
  it 1395  L= 3.182317e+02  comp= 2.7533e+01 expr= 2.9070e+02 L+= 8.8336e-02 L-= 8.6058e-02  Keff=20.00(min 19.99)  gmin=4.70e-02  floor=0.0e+00  |dM|=1.26e-04  step=1.00e+00
  it 1396  L= 3.182305e+02  comp= 2.7533e+01 expr= 2.9070e+02 L+= 8.8429e-02 L-= 8.6147e-02  Keff=20.00(min 19.99)  gmin=4.70e-02  floor=0.0e+00  |dM|=1.27e-04  step=1.00e+00
  it 1397  L= 3.182293e+02  comp= 2.7533e+01 expr= 2.9070e+02 L+= 8.8519e-02 L-= 8.6236e-02  Keff=20.00(min 19.99)  gmin=4.70e-02  floor=0.0e+00  |dM|=1.27e-04  step=1.00e+00
  it 1398  L= 3.182281e+02  comp= 2.7533e+01 expr= 2.9070e+02 L+= 8.8613e-02 L-= 8.6325e-02  Keff=20.00(min 19.99)  gmin=4.70e-02  floor=0.0e+00  |dM|=1.27e-04  step=1.00e+00
  it 1399  L= 3.182269e+02  comp= 2.7533e+01 expr= 2.9069e+02 L+= 8.8706e-02 L-= 8.6412e-02  Keff=20.00(min 19.99)  gmin=4.70e-02  floor=0.0e+00  |dM|=1.28e-04  step=1.00e+00
  it 1400  L= 3.182257e+02  comp= 2.7533e+01 expr= 2.9069e+02 L+= 8.8799e-02 L-= 8.6506e-02  Keff=20.00(min 19.99)  gmin=4.70e-02  floor=0.0e+00  |dM|=1.28e-04  step=1.00e+00
  it 1401  L= 3.182244e+02  comp= 2.7533e+01 expr= 2.9069e+02 L+= 8.8892e-02 L-= 8.6594e-02  Keff=20.00(min 19.99)  gmin=4.70e-02  floor=0.0e+00  |dM|=1.28e-04  step=1.00e+00
  it 1402  L= 3.182232e+02  comp= 2.7533e+01 expr= 2.9069e+02 L+= 8.8989e-02 L-= 8.6685e-02  Keff=20.00(min 19.99)  gmin=4.70e-02  floor=0.0e+00  |dM|=1.29e-04  step=1.00e+00
  it 1403  L= 3.182220e+02  comp= 2.7533e+01 expr= 2.9069e+02 L+= 8.9081e-02 L-= 8.6776e-02  Keff=19.99(min 19.99)  gmin=4.70e-02  floor=0.0e+00  |dM|=1.29e-04  step=1.00e+00
  it 1404  L= 3.182208e+02  comp= 2.7533e+01 expr= 2.9069e+02 L+= 8.9174e-02 L-= 8.6865e-02  Keff=19.99(min 19.99)  gmin=4.70e-02  floor=0.0e+00  |dM|=1.29e-04  step=1.00e+00
  it 1405  L= 3.182195e+02  comp= 2.7533e+01 expr= 2.9069e+02 L+= 8.9269e-02 L-= 8.6957e-02  Keff=19.99(min 19.99)  gmin=4.70e-02  floor=0.0e+00  |dM|=1.30e-04  step=1.00e+00
  it 1406  L= 3.182183e+02  comp= 2.7533e+01 expr= 2.9069e+02 L+= 8.9365e-02 L-= 8.7049e-02  Keff=19.99(min 19.99)  gmin=4.70e-02  floor=0.0e+00  |dM|=1.30e-04  step=1.00e+00
  it 1407  L= 3.182171e+02  comp= 2.7533e+01 expr= 2.9068e+02 L+= 8.9461e-02 L-= 8.7140e-02  Keff=19.99(min 19.99)  gmin=4.70e-02  floor=0.0e+00  |dM|=1.30e-04  step=1.00e+00
  it 1408  L= 3.182158e+02  comp= 2.7533e+01 expr= 2.9068e+02 L+= 8.9555e-02 L-= 8.7231e-02  Keff=19.99(min 19.99)  gmin=4.70e-02  floor=0.0e+00  |dM|=1.31e-04  step=1.00e+00
  it 1409  L= 3.182146e+02  comp= 2.7533e+01 expr= 2.9068e+02 L+= 8.9650e-02 L-= 8.7325e-02  Keff=19.99(min 19.99)  gmin=4.70e-02  floor=0.0e+00  |dM|=1.31e-04  step=1.00e+00
  it 1410  L= 3.182133e+02  comp= 2.7533e+01 expr= 2.9068e+02 L+= 8.9747e-02 L-= 8.7417e-02  Keff=19.99(min 19.99)  gmin=4.70e-02  floor=0.0e+00  |dM|=1.31e-04  step=1.00e+00
  it 1411  L= 3.182120e+02  comp= 2.7533e+01 expr= 2.9068e+02 L+= 8.9843e-02 L-= 8.7509e-02  Keff=19.99(min 19.99)  gmin=4.70e-02  floor=0.0e+00  |dM|=1.32e-04  step=1.00e+00
  it 1412  L= 3.182108e+02  comp= 2.7533e+01 expr= 2.9068e+02 L+= 8.9939e-02 L-= 8.7603e-02  Keff=19.99(min 19.99)  gmin=4.70e-02  floor=0.0e+00  |dM|=1.32e-04  step=1.00e+00
  it 1413  L= 3.182095e+02  comp= 2.7533e+01 expr= 2.9068e+02 L+= 9.0035e-02 L-= 8.7695e-02  Keff=19.99(min 19.99)  gmin=4.70e-02  floor=0.0e+00  |dM|=1.32e-04  step=1.00e+00
  it 1414  L= 3.182083e+02  comp= 2.7533e+01 expr= 2.9068e+02 L+= 9.0131e-02 L-= 8.7790e-02  Keff=19.99(min 19.99)  gmin=4.70e-02  floor=0.0e+00  |dM|=1.33e-04  step=1.00e+00
  it 1415  L= 3.182070e+02  comp= 2.7533e+01 expr= 2.9067e+02 L+= 9.0228e-02 L-= 8.7883e-02  Keff=19.99(min 19.99)  gmin=4.70e-02  floor=0.0e+00  |dM|=1.33e-04  step=1.00e+00
  it 1416  L= 3.182057e+02  comp= 2.7533e+01 expr= 2.9067e+02 L+= 9.0326e-02 L-= 8.7975e-02  Keff=19.99(min 19.99)  gmin=4.70e-02  floor=0.0e+00  |dM|=1.33e-04  step=1.00e+00
  it 1417  L= 3.182044e+02  comp= 2.7533e+01 expr= 2.9067e+02 L+= 9.0422e-02 L-= 8.8071e-02  Keff=19.99(min 19.99)  gmin=4.70e-02  floor=0.0e+00  |dM|=1.34e-04  step=1.00e+00
  it 1418  L= 3.182031e+02  comp= 2.7533e+01 expr= 2.9067e+02 L+= 9.0521e-02 L-= 8.8164e-02  Keff=19.99(min 19.99)  gmin=4.70e-02  floor=0.0e+00  |dM|=1.34e-04  step=1.00e+00
  it 1419  L= 3.182018e+02  comp= 2.7533e+01 expr= 2.9067e+02 L+= 9.0619e-02 L-= 8.8261e-02  Keff=19.99(min 19.99)  gmin=4.70e-02  floor=0.0e+00  |dM|=1.34e-04  step=1.00e+00
  it 1420  L= 3.182005e+02  comp= 2.7533e+01 expr= 2.9067e+02 L+= 9.0717e-02 L-= 8.8354e-02  Keff=19.99(min 19.99)  gmin=4.69e-02  floor=0.0e+00  |dM|=1.35e-04  step=1.00e+00
  it 1421  L= 3.181992e+02  comp= 2.7533e+01 expr= 2.9067e+02 L+= 9.0817e-02 L-= 8.8449e-02  Keff=19.99(min 19.99)  gmin=4.69e-02  floor=0.0e+00  |dM|=1.35e-04  step=1.00e+00
  it 1422  L= 3.181979e+02  comp= 2.7533e+01 expr= 2.9066e+02 L+= 9.0915e-02 L-= 8.8545e-02  Keff=19.99(min 19.99)  gmin=4.69e-02  floor=0.0e+00  |dM|=1.35e-04  step=1.00e+00
  it 1423  L= 3.181966e+02  comp= 2.7533e+01 expr= 2.9066e+02 L+= 9.1012e-02 L-= 8.8640e-02  Keff=19.99(min 19.99)  gmin=4.69e-02  floor=0.0e+00  |dM|=1.36e-04  step=1.00e+00
  it 1424  L= 3.181953e+02  comp= 2.7533e+01 expr= 2.9066e+02 L+= 9.1112e-02 L-= 8.8734e-02  Keff=19.99(min 19.99)  gmin=4.69e-02  floor=0.0e+00  |dM|=1.36e-04  step=1.00e+00
  it 1425  L= 3.181940e+02  comp= 2.7533e+01 expr= 2.9066e+02 L+= 9.1214e-02 L-= 8.8833e-02  Keff=19.99(min 19.99)  gmin=4.69e-02  floor=0.0e+00  |dM|=1.36e-04  step=1.00e+00
  it 1426  L= 3.181927e+02  comp= 2.7533e+01 expr= 2.9066e+02 L+= 9.1313e-02 L-= 8.8927e-02  Keff=19.99(min 19.99)  gmin=4.69e-02  floor=0.0e+00  |dM|=1.37e-04  step=1.00e+00
  it 1427  L= 3.181913e+02  comp= 2.7533e+01 expr= 2.9066e+02 L+= 9.1413e-02 L-= 8.9024e-02  Keff=19.99(min 19.99)  gmin=4.69e-02  floor=0.0e+00  |dM|=1.37e-04  step=1.00e+00
  it 1428  L= 3.181900e+02  comp= 2.7533e+01 expr= 2.9066e+02 L+= 9.1513e-02 L-= 8.9122e-02  Keff=19.99(min 19.99)  gmin=4.69e-02  floor=0.0e+00  |dM|=1.38e-04  step=1.00e+00
  it 1429  L= 3.181887e+02  comp= 2.7533e+01 expr= 2.9066e+02 L+= 9.1613e-02 L-= 8.9218e-02  Keff=19.99(min 19.99)  gmin=4.69e-02  floor=0.0e+00  |dM|=1.38e-04  step=1.00e+00
  it 1430  L= 3.181873e+02  comp= 2.7533e+01 expr= 2.9065e+02 L+= 9.1713e-02 L-= 8.9320e-02  Keff=19.99(min 19.99)  gmin=4.69e-02  floor=0.0e+00  |dM|=1.38e-04  step=1.00e+00
  it 1431  L= 3.181860e+02  comp= 2.7533e+01 expr= 2.9065e+02 L+= 9.1814e-02 L-= 8.9413e-02  Keff=19.99(min 19.99)  gmin=4.69e-02  floor=0.0e+00  |dM|=1.39e-04  step=1.00e+00
  it 1432  L= 3.181847e+02  comp= 2.7533e+01 expr= 2.9065e+02 L+= 9.1915e-02 L-= 8.9511e-02  Keff=19.99(min 19.99)  gmin=4.69e-02  floor=0.0e+00  |dM|=1.39e-04  step=1.00e+00
  it 1433  L= 3.181833e+02  comp= 2.7533e+01 expr= 2.9065e+02 L+= 9.2016e-02 L-= 8.9610e-02  Keff=19.99(min 19.99)  gmin=4.69e-02  floor=0.0e+00  |dM|=1.39e-04  step=1.00e+00
  it 1434  L= 3.181819e+02  comp= 2.7533e+01 expr= 2.9065e+02 L+= 9.2120e-02 L-= 8.9708e-02  Keff=19.99(min 19.99)  gmin=4.69e-02  floor=0.0e+00  |dM|=1.40e-04  step=1.00e+00
  it 1435  L= 3.181806e+02  comp= 2.7533e+01 expr= 2.9065e+02 L+= 9.2221e-02 L-= 8.9807e-02  Keff=19.99(min 19.99)  gmin=4.69e-02  floor=0.0e+00  |dM|=1.40e-04  step=1.00e+00
  it 1436  L= 3.181793e+02  comp= 2.7533e+01 expr= 2.9065e+02 L+= 9.2324e-02 L-= 8.9904e-02  Keff=19.99(min 19.99)  gmin=4.69e-02  floor=0.0e+00  |dM|=1.40e-04  step=1.00e+00
  it 1437  L= 3.181779e+02  comp= 2.7533e+01 expr= 2.9064e+02 L+= 9.2427e-02 L-= 9.0003e-02  Keff=19.99(min 19.99)  gmin=4.69e-02  floor=0.0e+00  |dM|=1.41e-04  step=1.00e+00
  it 1438  L= 3.181765e+02  comp= 2.7533e+01 expr= 2.9064e+02 L+= 9.2529e-02 L-= 9.0103e-02  Keff=19.99(min 19.99)  gmin=4.69e-02  floor=0.0e+00  |dM|=1.41e-04  step=1.00e+00
  it 1439  L= 3.181751e+02  comp= 2.7533e+01 expr= 2.9064e+02 L+= 9.2633e-02 L-= 9.0204e-02  Keff=19.99(min 19.99)  gmin=4.69e-02  floor=0.0e+00  |dM|=1.41e-04  step=1.00e+00
  it 1440  L= 3.181738e+02  comp= 2.7533e+01 expr= 2.9064e+02 L+= 9.2735e-02 L-= 9.0304e-02  Keff=19.99(min 19.99)  gmin=4.69e-02  floor=0.0e+00  |dM|=1.42e-04  step=1.00e+00
  it 1441  L= 3.181724e+02  comp= 2.7533e+01 expr= 2.9064e+02 L+= 9.2840e-02 L-= 9.0405e-02  Keff=19.99(min 19.99)  gmin=4.69e-02  floor=0.0e+00  |dM|=1.42e-04  step=1.00e+00
  it 1442  L= 3.181710e+02  comp= 2.7533e+01 expr= 2.9064e+02 L+= 9.2946e-02 L-= 9.0504e-02  Keff=19.99(min 19.99)  gmin=4.69e-02  floor=0.0e+00  |dM|=1.42e-04  step=1.00e+00
  it 1443  L= 3.181696e+02  comp= 2.7533e+01 expr= 2.9064e+02 L+= 9.3049e-02 L-= 9.0604e-02  Keff=19.99(min 19.99)  gmin=4.69e-02  floor=0.0e+00  |dM|=1.43e-04  step=1.00e+00
  it 1444  L= 3.181682e+02  comp= 2.7533e+01 expr= 2.9064e+02 L+= 9.3153e-02 L-= 9.0707e-02  Keff=19.99(min 19.99)  gmin=4.69e-02  floor=0.0e+00  |dM|=1.43e-04  step=1.00e+00
  it 1445  L= 3.181668e+02  comp= 2.7533e+01 expr= 2.9063e+02 L+= 9.3257e-02 L-= 9.0808e-02  Keff=19.99(min 19.99)  gmin=4.69e-02  floor=0.0e+00  |dM|=1.43e-04  step=1.00e+00
  it 1446  L= 3.181653e+02  comp= 2.7533e+01 expr= 2.9063e+02 L+= 9.3364e-02 L-= 9.0908e-02  Keff=19.99(min 19.99)  gmin=4.69e-02  floor=0.0e+00  |dM|=1.44e-04  step=1.00e+00
  it 1447  L= 3.181640e+02  comp= 2.7533e+01 expr= 2.9063e+02 L+= 9.3471e-02 L-= 9.1008e-02  Keff=19.99(min 19.99)  gmin=4.69e-02  floor=0.0e+00  |dM|=1.44e-04  step=1.00e+00
  it 1448  L= 3.181625e+02  comp= 2.7533e+01 expr= 2.9063e+02 L+= 9.3576e-02 L-= 9.1113e-02  Keff=19.99(min 19.99)  gmin=4.69e-02  floor=0.0e+00  |dM|=1.44e-04  step=1.00e+00
  it 1449  L= 3.181611e+02  comp= 2.7533e+01 expr= 2.9063e+02 L+= 9.3680e-02 L-= 9.1215e-02  Keff=19.99(min 19.99)  gmin=4.69e-02  floor=0.0e+00  |dM|=1.45e-04  step=1.00e+00
  it 1450  L= 3.181598e+02  comp= 2.7533e+01 expr= 2.9063e+02 L+= 9.3787e-02 L-= 9.1315e-02  Keff=19.99(min 19.99)  gmin=4.69e-02  floor=0.0e+00  |dM|=1.45e-04  step=1.00e+00
  it 1451  L= 3.181583e+02  comp= 2.7533e+01 expr= 2.9063e+02 L+= 9.3895e-02 L-= 9.1421e-02  Keff=19.99(min 19.99)  gmin=4.69e-02  floor=0.0e+00  |dM|=1.46e-04  step=1.00e+00
  it 1452  L= 3.181569e+02  comp= 2.7533e+01 expr= 2.9062e+02 L+= 9.4000e-02 L-= 9.1524e-02  Keff=19.99(min 19.99)  gmin=4.69e-02  floor=0.0e+00  |dM|=1.46e-04  step=1.00e+00
  it 1453  L= 3.181554e+02  comp= 2.7533e+01 expr= 2.9062e+02 L+= 9.4107e-02 L-= 9.1627e-02  Keff=19.99(min 19.99)  gmin=4.69e-02  floor=0.0e+00  |dM|=1.46e-04  step=1.00e+00
  it 1454  L= 3.181540e+02  comp= 2.7533e+01 expr= 2.9062e+02 L+= 9.4216e-02 L-= 9.1730e-02  Keff=19.99(min 19.99)  gmin=4.69e-02  floor=0.0e+00  |dM|=1.47e-04  step=1.00e+00
  it 1455  L= 3.181525e+02  comp= 2.7533e+01 expr= 2.9062e+02 L+= 9.4322e-02 L-= 9.1835e-02  Keff=19.99(min 19.99)  gmin=4.69e-02  floor=0.0e+00  |dM|=1.47e-04  step=1.00e+00
  it 1456  L= 3.181511e+02  comp= 2.7533e+01 expr= 2.9062e+02 L+= 9.4432e-02 L-= 9.1938e-02  Keff=19.99(min 19.99)  gmin=4.69e-02  floor=0.0e+00  |dM|=1.47e-04  step=1.00e+00
  it 1457  L= 3.181497e+02  comp= 2.7533e+01 expr= 2.9062e+02 L+= 9.4539e-02 L-= 9.2044e-02  Keff=19.99(min 19.99)  gmin=4.69e-02  floor=0.0e+00  |dM|=1.48e-04  step=1.00e+00
  it 1458  L= 3.181482e+02  comp= 2.7533e+01 expr= 2.9062e+02 L+= 9.4648e-02 L-= 9.2149e-02  Keff=19.99(min 19.99)  gmin=4.69e-02  floor=0.0e+00  |dM|=1.48e-04  step=1.00e+00
  it 1459  L= 3.181467e+02  comp= 2.7533e+01 expr= 2.9061e+02 L+= 9.4757e-02 L-= 9.2254e-02  Keff=19.99(min 19.99)  gmin=4.69e-02  floor=0.0e+00  |dM|=1.48e-04  step=1.00e+00
  it 1460  L= 3.181452e+02  comp= 2.7533e+01 expr= 2.9061e+02 L+= 9.4866e-02 L-= 9.2358e-02  Keff=19.99(min 19.99)  gmin=4.69e-02  floor=0.0e+00  |dM|=1.49e-04  step=1.00e+00
  it 1461  L= 3.181437e+02  comp= 2.7533e+01 expr= 2.9061e+02 L+= 9.4977e-02 L-= 9.2465e-02  Keff=19.99(min 19.99)  gmin=4.69e-02  floor=0.0e+00  |dM|=1.49e-04  step=1.00e+00
  it 1462  L= 3.181422e+02  comp= 2.7533e+01 expr= 2.9061e+02 L+= 9.5086e-02 L-= 9.2570e-02  Keff=19.99(min 19.99)  gmin=4.69e-02  floor=0.0e+00  |dM|=1.49e-04  step=1.00e+00
  it 1463  L= 3.181408e+02  comp= 2.7533e+01 expr= 2.9061e+02 L+= 9.5196e-02 L-= 9.2676e-02  Keff=19.99(min 19.99)  gmin=4.69e-02  floor=0.0e+00  |dM|=1.50e-04  step=1.00e+00
  it 1464  L= 3.181393e+02  comp= 2.7533e+01 expr= 2.9061e+02 L+= 9.5304e-02 L-= 9.2783e-02  Keff=19.99(min 19.99)  gmin=4.69e-02  floor=0.0e+00  |dM|=1.50e-04  step=1.00e+00
  it 1465  L= 3.181378e+02  comp= 2.7533e+01 expr= 2.9060e+02 L+= 9.5417e-02 L-= 9.2888e-02  Keff=19.99(min 19.99)  gmin=4.69e-02  floor=0.0e+00  |dM|=1.51e-04  step=1.00e+00
  it 1466  L= 3.181363e+02  comp= 2.7533e+01 expr= 2.9060e+02 L+= 9.5526e-02 L-= 9.2997e-02  Keff=19.99(min 19.99)  gmin=4.69e-02  floor=0.0e+00  |dM|=1.51e-04  step=1.00e+00
  it 1467  L= 3.181348e+02  comp= 2.7533e+01 expr= 2.9060e+02 L+= 9.5640e-02 L-= 9.3106e-02  Keff=19.99(min 19.99)  gmin=4.69e-02  floor=0.0e+00  |dM|=1.51e-04  step=1.00e+00
  it 1468  L= 3.181333e+02  comp= 2.7533e+01 expr= 2.9060e+02 L+= 9.5750e-02 L-= 9.3211e-02  Keff=19.99(min 19.99)  gmin=4.69e-02  floor=0.0e+00  |dM|=1.52e-04  step=1.00e+00
  it 1469  L= 3.181317e+02  comp= 2.7533e+01 expr= 2.9060e+02 L+= 9.5861e-02 L-= 9.3320e-02  Keff=19.99(min 19.99)  gmin=4.69e-02  floor=0.0e+00  |dM|=1.52e-04  step=1.00e+00
  it 1470  L= 3.181303e+02  comp= 2.7533e+01 expr= 2.9060e+02 L+= 9.5973e-02 L-= 9.3428e-02  Keff=19.99(min 19.99)  gmin=4.69e-02  floor=0.0e+00  |dM|=1.52e-04  step=1.00e+00
  it 1471  L= 3.181287e+02  comp= 2.7533e+01 expr= 2.9060e+02 L+= 9.6085e-02 L-= 9.3539e-02  Keff=19.99(min 19.99)  gmin=4.69e-02  floor=0.0e+00  |dM|=1.53e-04  step=1.00e+00
  it 1472  L= 3.181272e+02  comp= 2.7533e+01 expr= 2.9059e+02 L+= 9.6197e-02 L-= 9.3645e-02  Keff=19.99(min 19.99)  gmin=4.69e-02  floor=0.0e+00  |dM|=1.53e-04  step=1.00e+00
  it 1473  L= 3.181256e+02  comp= 2.7533e+01 expr= 2.9059e+02 L+= 9.6309e-02 L-= 9.3754e-02  Keff=19.99(min 19.99)  gmin=4.69e-02  floor=0.0e+00  |dM|=1.53e-04  step=1.00e+00
  it 1474  L= 3.181241e+02  comp= 2.7533e+01 expr= 2.9059e+02 L+= 9.6426e-02 L-= 9.3863e-02  Keff=19.99(min 19.99)  gmin=4.69e-02  floor=0.0e+00  |dM|=1.54e-04  step=1.00e+00
  it 1475  L= 3.181226e+02  comp= 2.7533e+01 expr= 2.9059e+02 L+= 9.6537e-02 L-= 9.3975e-02  Keff=19.99(min 19.99)  gmin=4.69e-02  floor=0.0e+00  |dM|=1.54e-04  step=1.00e+00
  it 1476  L= 3.181210e+02  comp= 2.7533e+01 expr= 2.9059e+02 L+= 9.6653e-02 L-= 9.4083e-02  Keff=19.99(min 19.99)  gmin=4.69e-02  floor=0.0e+00  |dM|=1.54e-04  step=1.00e+00
  it 1477  L= 3.181195e+02  comp= 2.7533e+01 expr= 2.9059e+02 L+= 9.6767e-02 L-= 9.4193e-02  Keff=19.99(min 19.99)  gmin=4.69e-02  floor=0.0e+00  |dM|=1.55e-04  step=1.00e+00
  it 1478  L= 3.181179e+02  comp= 2.7533e+01 expr= 2.9058e+02 L+= 9.6882e-02 L-= 9.4306e-02  Keff=19.99(min 19.99)  gmin=4.69e-02  floor=0.0e+00  |dM|=1.55e-04  step=1.00e+00
  it 1479  L= 3.181164e+02  comp= 2.7533e+01 expr= 2.9058e+02 L+= 9.6996e-02 L-= 9.4415e-02  Keff=19.99(min 19.99)  gmin=4.69e-02  floor=0.0e+00  |dM|=1.56e-04  step=1.00e+00
  it 1480  L= 3.181148e+02  comp= 2.7533e+01 expr= 2.9058e+02 L+= 9.7111e-02 L-= 9.4527e-02  Keff=19.99(min 19.99)  gmin=4.69e-02  floor=0.0e+00  |dM|=1.56e-04  step=1.00e+00
  it 1481  L= 3.181132e+02  comp= 2.7533e+01 expr= 2.9058e+02 L+= 9.7224e-02 L-= 9.4635e-02  Keff=19.99(min 19.99)  gmin=4.69e-02  floor=0.0e+00  |dM|=1.56e-04  step=1.00e+00
  it 1482  L= 3.181116e+02  comp= 2.7533e+01 expr= 2.9058e+02 L+= 9.7341e-02 L-= 9.4748e-02  Keff=19.99(min 19.99)  gmin=4.69e-02  floor=0.0e+00  |dM|=1.57e-04  step=1.00e+00
  it 1483  L= 3.181100e+02  comp= 2.7533e+01 expr= 2.9058e+02 L+= 9.7460e-02 L-= 9.4862e-02  Keff=19.99(min 19.99)  gmin=4.69e-02  floor=0.0e+00  |dM|=1.57e-04  step=1.00e+00
  it 1484  L= 3.181085e+02  comp= 2.7533e+01 expr= 2.9058e+02 L+= 9.7574e-02 L-= 9.4974e-02  Keff=19.99(min 19.99)  gmin=4.69e-02  floor=0.0e+00  |dM|=1.57e-04  step=1.00e+00
  it 1485  L= 3.181068e+02  comp= 2.7533e+01 expr= 2.9057e+02 L+= 9.7693e-02 L-= 9.5087e-02  Keff=19.99(min 19.99)  gmin=4.69e-02  floor=0.0e+00  |dM|=1.58e-04  step=1.00e+00
  it 1486  L= 3.181053e+02  comp= 2.7533e+01 expr= 2.9057e+02 L+= 9.7806e-02 L-= 9.5199e-02  Keff=19.99(min 19.99)  gmin=4.69e-02  floor=0.0e+00  |dM|=1.58e-04  step=1.00e+00
  it 1487  L= 3.181037e+02  comp= 2.7533e+01 expr= 2.9057e+02 L+= 9.7927e-02 L-= 9.5311e-02  Keff=19.99(min 19.99)  gmin=4.69e-02  floor=0.0e+00  |dM|=1.58e-04  step=1.00e+00
  it 1488  L= 3.181021e+02  comp= 2.7533e+01 expr= 2.9057e+02 L+= 9.8043e-02 L-= 9.5426e-02  Keff=19.99(min 19.99)  gmin=4.69e-02  floor=0.0e+00  |dM|=1.59e-04  step=1.00e+00
  it 1489  L= 3.181004e+02  comp= 2.7533e+01 expr= 2.9057e+02 L+= 9.8162e-02 L-= 9.5539e-02  Keff=19.99(min 19.99)  gmin=4.69e-02  floor=0.0e+00  |dM|=1.59e-04  step=1.00e+00
  it 1490  L= 3.180988e+02  comp= 2.7533e+01 expr= 2.9057e+02 L+= 9.8278e-02 L-= 9.5654e-02  Keff=19.99(min 19.99)  gmin=4.69e-02  floor=0.0e+00  |dM|=1.60e-04  step=1.00e+00
  it 1491  L= 3.180972e+02  comp= 2.7533e+01 expr= 2.9056e+02 L+= 9.8399e-02 L-= 9.5769e-02  Keff=19.99(min 19.99)  gmin=4.69e-02  floor=0.0e+00  |dM|=1.60e-04  step=1.00e+00
  it 1492  L= 3.180956e+02  comp= 2.7533e+01 expr= 2.9056e+02 L+= 9.8518e-02 L-= 9.5885e-02  Keff=19.99(min 19.99)  gmin=4.69e-02  floor=0.0e+00  |dM|=1.60e-04  step=1.00e+00
  it 1493  L= 3.180939e+02  comp= 2.7533e+01 expr= 2.9056e+02 L+= 9.8639e-02 L-= 9.5998e-02  Keff=19.99(min 19.99)  gmin=4.69e-02  floor=0.0e+00  |dM|=1.61e-04  step=1.00e+00
  it 1494  L= 3.180923e+02  comp= 2.7533e+01 expr= 2.9056e+02 L+= 9.8754e-02 L-= 9.6115e-02  Keff=19.99(min 19.99)  gmin=4.68e-02  floor=0.0e+00  |dM|=1.61e-04  step=1.00e+00
  it 1495  L= 3.180906e+02  comp= 2.7533e+01 expr= 2.9056e+02 L+= 9.8871e-02 L-= 9.6228e-02  Keff=19.99(min 19.99)  gmin=4.68e-02  floor=0.0e+00  |dM|=1.61e-04  step=1.00e+00
  it 1496  L= 3.180890e+02  comp= 2.7533e+01 expr= 2.9056e+02 L+= 9.8997e-02 L-= 9.6347e-02  Keff=19.99(min 19.99)  gmin=4.68e-02  floor=0.0e+00  |dM|=1.62e-04  step=1.00e+00
  it 1497  L= 3.180873e+02  comp= 2.7533e+01 expr= 2.9055e+02 L+= 9.9115e-02 L-= 9.6461e-02  Keff=19.99(min 19.99)  gmin=4.68e-02  floor=0.0e+00  |dM|=1.62e-04  step=1.00e+00
  it 1498  L= 3.180856e+02  comp= 2.7533e+01 expr= 2.9055e+02 L+= 9.9238e-02 L-= 9.6578e-02  Keff=19.99(min 19.99)  gmin=4.68e-02  floor=0.0e+00  |dM|=1.62e-04  step=1.00e+00
  it 1499  L= 3.180840e+02  comp= 2.7533e+01 expr= 2.9055e+02 L+= 9.9357e-02 L-= 9.6695e-02  Keff=19.99(min 19.99)  gmin=4.68e-02  floor=0.0e+00  |dM|=1.63e-04  step=1.00e+00
  it 1500  L= 3.180823e+02  comp= 2.7533e+01 expr= 2.9055e+02 L+= 9.9480e-02 L-= 9.6814e-02  Keff=19.99(min 19.99)  gmin=4.68e-02  floor=0.0e+00  |dM|=1.63e-04  step=1.00e+00
[4/4] diagnostics
  degeneracy check: OK: Phat fingerprints factor exactly through M (residual 4.47e-08), so they carry no transition information beyond the assignment itself; P^ref fingerprints do vary within states (spread ratio 91017059981822966341881036800.0x). Note the Phat spread is nonzero only because the memberships are soft.
[fit:lam=0] mass check: P^ref=1.000000000000 Phat=1.000000715256 (max deviation 7.15e-07)
[save] /dartfs/rc/lab/C/CxQiu/data/joshua/CellStateAdj/wot_serum/run_58854e35be_K20/fit_lam0
[save]   status=converged n_iter=87 objective=77.412170
[save]   dag: {'n_nodes': 440, 'n_edges': 4874, 'is_dag': True, 'min_edge_mass': 0.0001}
[fit:lam=0] finished in 62.2 min -> /dartfs/rc/lab/C/CxQiu/data/joshua/CellStateAdj/wot_serum/run_58854e35be_K20/fit_lam0

========================================================================
[fit:lam=5] K=20 max_iter=1500 n_init=3 device=cpu
========================================================================
[3/4] fitting K=20 states (lambda: compress=1.0, x=1.0, +=5.0, -=5.0)
[fit] restart 0 (seed=0, init=kmeans)
  it    1  L= 3.098850e+02  comp= 2.4615e+01 expr= 2.4253e+02 L+= 4.3057e+00 L-= 4.2417e+00  Keff=19.18(min 18.42)  gmin=2.65e-02  floor=0.0e+00  |dM|=1.17e-03  step=1.00e+00
  it    2  L= 3.097778e+02  comp= 2.4603e+01 expr= 2.4238e+02 L+= 4.3120e+00 L-= 4.2469e+00  Keff=19.18(min 18.42)  gmin=2.65e-02  floor=0.0e+00  |dM|=1.18e-03  step=1.00e+00
  it    3  L= 3.096698e+02  comp= 2.4591e+01 expr= 2.4223e+02 L+= 4.3183e+00 L-= 4.2520e+00  Keff=19.18(min 18.42)  gmin=2.64e-02  floor=0.0e+00  |dM|=1.18e-03  step=1.00e+00
  it    4  L= 3.095609e+02  comp= 2.4578e+01 expr= 2.4207e+02 L+= 4.3246e+00 L-= 4.2572e+00  Keff=19.18(min 18.42)  gmin=2.64e-02  floor=0.0e+00  |dM|=1.19e-03  step=1.00e+00
  it    5  L= 3.094511e+02  comp= 2.4566e+01 expr= 2.4192e+02 L+= 4.3310e+00 L-= 4.2623e+00  Keff=19.18(min 18.41)  gmin=2.64e-02  floor=0.0e+00  |dM|=1.19e-03  step=1.00e+00
  it    6  L= 3.093405e+02  comp= 2.4554e+01 expr= 2.4176e+02 L+= 4.3373e+00 L-= 4.2675e+00  Keff=19.17(min 18.41)  gmin=2.63e-02  floor=0.0e+00  |dM|=1.20e-03  step=1.00e+00
  it    7  L= 3.092290e+02  comp= 2.4542e+01 expr= 2.4161e+02 L+= 4.3437e+00 L-= 4.2727e+00  Keff=19.17(min 18.41)  gmin=2.63e-02  floor=0.0e+00  |dM|=1.20e-03  step=1.00e+00
  it    8  L= 3.091167e+02  comp= 2.4529e+01 expr= 2.4145e+02 L+= 4.3501e+00 L-= 4.2779e+00  Keff=19.17(min 18.41)  gmin=2.62e-02  floor=0.0e+00  |dM|=1.20e-03  step=1.00e+00
  it    9  L= 3.090035e+02  comp= 2.4517e+01 expr= 2.4129e+02 L+= 4.3565e+00 L-= 4.2831e+00  Keff=19.17(min 18.40)  gmin=2.62e-02  floor=0.0e+00  |dM|=1.21e-03  step=1.00e+00
  it   10  L= 3.088894e+02  comp= 2.4504e+01 expr= 2.4113e+02 L+= 4.3629e+00 L-= 4.2883e+00  Keff=19.17(min 18.40)  gmin=2.61e-02  floor=0.0e+00  |dM|=1.21e-03  step=1.00e+00
  it   11  L= 3.087745e+02  comp= 2.4491e+01 expr= 2.4097e+02 L+= 4.3694e+00 L-= 4.2936e+00  Keff=19.17(min 18.40)  gmin=2.61e-02  floor=0.0e+00  |dM|=1.21e-03  step=1.00e+00
  it   12  L= 3.086588e+02  comp= 2.4478e+01 expr= 2.4081e+02 L+= 4.3758e+00 L-= 4.2988e+00  Keff=19.17(min 18.40)  gmin=2.61e-02  floor=0.0e+00  |dM|=1.21e-03  step=1.00e+00
  it   13  L= 3.085422e+02  comp= 2.4466e+01 expr= 2.4065e+02 L+= 4.3823e+00 L-= 4.3040e+00  Keff=19.17(min 18.39)  gmin=2.60e-02  floor=0.0e+00  |dM|=1.21e-03  step=1.00e+00
  it   14  L= 3.084247e+02  comp= 2.4453e+01 expr= 2.4048e+02 L+= 4.3887e+00 L-= 4.3093e+00  Keff=19.17(min 18.39)  gmin=2.60e-02  floor=0.0e+00  |dM|=1.22e-03  step=1.00e+00
  it   15  L= 3.083065e+02  comp= 2.4440e+01 expr= 2.4032e+02 L+= 4.3952e+00 L-= 4.3145e+00  Keff=19.16(min 18.39)  gmin=2.59e-02  floor=0.0e+00  |dM|=1.22e-03  step=1.00e+00
  it   16  L= 3.081874e+02  comp= 2.4427e+01 expr= 2.4015e+02 L+= 4.4017e+00 L-= 4.3198e+00  Keff=19.16(min 18.39)  gmin=2.59e-02  floor=0.0e+00  |dM|=1.22e-03  step=1.00e+00
  it   17  L= 3.080675e+02  comp= 2.4413e+01 expr= 2.3999e+02 L+= 4.4082e+00 L-= 4.3251e+00  Keff=19.16(min 18.38)  gmin=2.58e-02  floor=0.0e+00  |dM|=1.22e-03  step=1.00e+00
  it   18  L= 3.079467e+02  comp= 2.4400e+01 expr= 2.3982e+02 L+= 4.4148e+00 L-= 4.3303e+00  Keff=19.16(min 18.38)  gmin=2.58e-02  floor=0.0e+00  |dM|=1.22e-03  step=1.00e+00
  it   19  L= 3.078251e+02  comp= 2.4387e+01 expr= 2.3965e+02 L+= 4.4213e+00 L-= 4.3356e+00  Keff=19.16(min 18.38)  gmin=2.57e-02  floor=0.0e+00  |dM|=1.22e-03  step=1.00e+00
  it   20  L= 3.077027e+02  comp= 2.4373e+01 expr= 2.3949e+02 L+= 4.4278e+00 L-= 4.3409e+00  Keff=19.16(min 18.38)  gmin=2.57e-02  floor=0.0e+00  |dM|=1.22e-03  step=1.00e+00
  it   21  L= 3.075796e+02  comp= 2.4360e+01 expr= 2.3932e+02 L+= 4.4344e+00 L-= 4.3462e+00  Keff=19.16(min 18.37)  gmin=2.57e-02  floor=0.0e+00  |dM|=1.22e-03  step=1.00e+00
  it   22  L= 3.074556e+02  comp= 2.4346e+01 expr= 2.3915e+02 L+= 4.4410e+00 L-= 4.3515e+00  Keff=19.16(min 18.37)  gmin=2.56e-02  floor=0.0e+00  |dM|=1.22e-03  step=1.00e+00
  it   23  L= 3.073308e+02  comp= 2.4333e+01 expr= 2.3898e+02 L+= 4.4475e+00 L-= 4.3568e+00  Keff=19.16(min 18.37)  gmin=2.56e-02  floor=0.0e+00  |dM|=1.22e-03  step=1.00e+00
  it   24  L= 3.072051e+02  comp= 2.4319e+01 expr= 2.3881e+02 L+= 4.4541e+00 L-= 4.3621e+00  Keff=19.15(min 18.36)  gmin=2.55e-02  floor=0.0e+00  |dM|=1.22e-03  step=1.00e+00
  it   25  L= 3.070787e+02  comp= 2.4305e+01 expr= 2.3863e+02 L+= 4.4607e+00 L-= 4.3674e+00  Keff=19.15(min 18.36)  gmin=2.55e-02  floor=0.0e+00  |dM|=1.22e-03  step=1.00e+00
  it   26  L= 3.069516e+02  comp= 2.4291e+01 expr= 2.3846e+02 L+= 4.4673e+00 L-= 4.3727e+00  Keff=19.15(min 18.36)  gmin=2.54e-02  floor=0.0e+00  |dM|=1.21e-03  step=1.00e+00
  it   27  L= 3.068237e+02  comp= 2.4277e+01 expr= 2.3829e+02 L+= 4.4739e+00 L-= 4.3780e+00  Keff=19.15(min 18.36)  gmin=2.54e-02  floor=0.0e+00  |dM|=1.21e-03  step=1.00e+00
  it   28  L= 3.066950e+02  comp= 2.4263e+01 expr= 2.3811e+02 L+= 4.4806e+00 L-= 4.3833e+00  Keff=19.15(min 18.35)  gmin=2.53e-02  floor=0.0e+00  |dM|=1.21e-03  step=1.00e+00
  it   29  L= 3.065655e+02  comp= 2.4249e+01 expr= 2.3794e+02 L+= 4.4872e+00 L-= 4.3886e+00  Keff=19.15(min 18.35)  gmin=2.53e-02  floor=0.0e+00  |dM|=1.21e-03  step=1.00e+00
  it   30  L= 3.064352e+02  comp= 2.4235e+01 expr= 2.3776e+02 L+= 4.4938e+00 L-= 4.3939e+00  Keff=19.15(min 18.35)  gmin=2.52e-02  floor=0.0e+00  |dM|=1.21e-03  step=1.00e+00
  it   31  L= 3.063042e+02  comp= 2.4221e+01 expr= 2.3759e+02 L+= 4.5005e+00 L-= 4.3992e+00  Keff=19.15(min 18.35)  gmin=2.52e-02  floor=0.0e+00  |dM|=1.20e-03  step=1.00e+00
  it   32  L= 3.061725e+02  comp= 2.4206e+01 expr= 2.3741e+02 L+= 4.5071e+00 L-= 4.4045e+00  Keff=19.14(min 18.34)  gmin=2.51e-02  floor=0.0e+00  |dM|=1.20e-03  step=1.00e+00
  it   33  L= 3.060400e+02  comp= 2.4192e+01 expr= 2.3723e+02 L+= 4.5138e+00 L-= 4.4098e+00  Keff=19.14(min 18.34)  gmin=2.51e-02  floor=0.0e+00  |dM|=1.20e-03  step=1.00e+00
  it   34  L= 3.059068e+02  comp= 2.4177e+01 expr= 2.3705e+02 L+= 4.5204e+00 L-= 4.4151e+00  Keff=19.14(min 18.34)  gmin=2.51e-02  floor=0.0e+00  |dM|=1.20e-03  step=1.00e+00
  it   35  L= 3.057728e+02  comp= 2.4163e+01 expr= 2.3687e+02 L+= 4.5271e+00 L-= 4.4204e+00  Keff=19.14(min 18.33)  gmin=2.50e-02  floor=0.0e+00  |dM|=1.19e-03  step=1.00e+00
  it   36  L= 3.056381e+02  comp= 2.4148e+01 expr= 2.3669e+02 L+= 4.5338e+00 L-= 4.4257e+00  Keff=19.14(min 18.33)  gmin=2.50e-02  floor=0.0e+00  |dM|=1.19e-03  step=1.00e+00
  it   37  L= 3.055027e+02  comp= 2.4134e+01 expr= 2.3651e+02 L+= 4.5404e+00 L-= 4.4311e+00  Keff=19.14(min 18.33)  gmin=2.49e-02  floor=0.0e+00  |dM|=1.19e-03  step=1.00e+00
  it   38  L= 3.053666e+02  comp= 2.4119e+01 expr= 2.3633e+02 L+= 4.5471e+00 L-= 4.4364e+00  Keff=19.14(min 18.33)  gmin=2.49e-02  floor=0.0e+00  |dM|=1.18e-03  step=1.00e+00
  it   39  L= 3.052298e+02  comp= 2.4104e+01 expr= 2.3615e+02 L+= 4.5538e+00 L-= 4.4417e+00  Keff=19.14(min 18.32)  gmin=2.48e-02  floor=0.0e+00  |dM|=1.18e-03  step=1.00e+00
  it   40  L= 3.050922e+02  comp= 2.4089e+01 expr= 2.3597e+02 L+= 4.5605e+00 L-= 4.4470e+00  Keff=19.13(min 18.32)  gmin=2.48e-02  floor=0.0e+00  |dM|=1.18e-03  step=1.00e+00
  it   41  L= 3.049540e+02  comp= 2.4074e+01 expr= 2.3578e+02 L+= 4.5672e+00 L-= 4.4523e+00  Keff=19.13(min 18.32)  gmin=2.47e-02  floor=0.0e+00  |dM|=1.17e-03  step=1.00e+00
  it   42  L= 3.048151e+02  comp= 2.4059e+01 expr= 2.3560e+02 L+= 4.5739e+00 L-= 4.4576e+00  Keff=19.13(min 18.31)  gmin=2.47e-02  floor=0.0e+00  |dM|=1.17e-03  step=1.00e+00
  it   43  L= 3.046754e+02  comp= 2.4044e+01 expr= 2.3541e+02 L+= 4.5806e+00 L-= 4.4629e+00  Keff=19.13(min 18.31)  gmin=2.46e-02  floor=0.0e+00  |dM|=1.17e-03  step=1.00e+00
  it   44  L= 3.045350e+02  comp= 2.4029e+01 expr= 2.3523e+02 L+= 4.5873e+00 L-= 4.4682e+00  Keff=19.13(min 18.31)  gmin=2.46e-02  floor=0.0e+00  |dM|=1.16e-03  step=1.00e+00
  it   45  L= 3.043940e+02  comp= 2.4013e+01 expr= 2.3504e+02 L+= 4.5940e+00 L-= 4.4735e+00  Keff=19.13(min 18.31)  gmin=2.45e-02  floor=0.0e+00  |dM|=1.16e-03  step=1.00e+00
  it   46  L= 3.042524e+02  comp= 2.3998e+01 expr= 2.3486e+02 L+= 4.6007e+00 L-= 4.4787e+00  Keff=19.13(min 18.30)  gmin=2.45e-02  floor=0.0e+00  |dM|=1.16e-03  step=1.00e+00
  it   47  L= 3.041100e+02  comp= 2.3983e+01 expr= 2.3467e+02 L+= 4.6074e+00 L-= 4.4840e+00  Keff=19.13(min 18.30)  gmin=2.44e-02  floor=0.0e+00  |dM|=1.15e-03  step=1.00e+00
  it   48  L= 3.039670e+02  comp= 2.3967e+01 expr= 2.3448e+02 L+= 4.6141e+00 L-= 4.4893e+00  Keff=19.12(min 18.30)  gmin=2.44e-02  floor=0.0e+00  |dM|=1.15e-03  step=1.00e+00
  it   49  L= 3.038233e+02  comp= 2.3952e+01 expr= 2.3429e+02 L+= 4.6208e+00 L-= 4.4946e+00  Keff=19.12(min 18.29)  gmin=2.43e-02  floor=0.0e+00  |dM|=1.15e-03  step=1.00e+00
  it   50  L= 3.036790e+02  comp= 2.3936e+01 expr= 2.3411e+02 L+= 4.6275e+00 L-= 4.4999e+00  Keff=19.12(min 18.29)  gmin=2.43e-02  floor=0.0e+00  |dM|=1.14e-03  step=1.00e+00
  it   51  L= 3.035339e+02  comp= 2.3920e+01 expr= 2.3392e+02 L+= 4.6342e+00 L-= 4.5051e+00  Keff=19.12(min 18.29)  gmin=2.43e-02  floor=0.0e+00  |dM|=1.14e-03  step=1.00e+00
  it   52  L= 3.033883e+02  comp= 2.3905e+01 expr= 2.3373e+02 L+= 4.6409e+00 L-= 4.5104e+00  Keff=19.12(min 18.29)  gmin=2.42e-02  floor=0.0e+00  |dM|=1.14e-03  step=1.00e+00
  it   53  L= 3.032419e+02  comp= 2.3889e+01 expr= 2.3354e+02 L+= 4.6476e+00 L-= 4.5156e+00  Keff=19.12(min 18.28)  gmin=2.42e-02  floor=0.0e+00  |dM|=1.13e-03  step=1.00e+00
  it   54  L= 3.030950e+02  comp= 2.3873e+01 expr= 2.3335e+02 L+= 4.6543e+00 L-= 4.5209e+00  Keff=19.12(min 18.28)  gmin=2.41e-02  floor=0.0e+00  |dM|=1.13e-03  step=1.00e+00
  it   55  L= 3.029474e+02  comp= 2.3857e+01 expr= 2.3315e+02 L+= 4.6610e+00 L-= 4.5261e+00  Keff=19.11(min 18.28)  gmin=2.41e-02  floor=0.0e+00  |dM|=1.13e-03  step=1.00e+00
  it   56  L= 3.027992e+02  comp= 2.3841e+01 expr= 2.3296e+02 L+= 4.6677e+00 L-= 4.5314e+00  Keff=19.11(min 18.27)  gmin=2.40e-02  floor=0.0e+00  |dM|=1.12e-03  step=1.00e+00
  it   57  L= 3.026503e+02  comp= 2.3825e+01 expr= 2.3277e+02 L+= 4.6744e+00 L-= 4.5366e+00  Keff=19.11(min 18.27)  gmin=2.40e-02  floor=0.0e+00  |dM|=1.12e-03  step=1.00e+00
  it   58  L= 3.025008e+02  comp= 2.3809e+01 expr= 2.3258e+02 L+= 4.6811e+00 L-= 4.5418e+00  Keff=19.11(min 18.27)  gmin=2.39e-02  floor=0.0e+00  |dM|=1.12e-03  step=1.00e+00
  it   59  L= 3.023507e+02  comp= 2.3793e+01 expr= 2.3238e+02 L+= 4.6878e+00 L-= 4.5471e+00  Keff=19.11(min 18.26)  gmin=2.39e-02  floor=0.0e+00  |dM|=1.11e-03  step=1.00e+00
  it   60  L= 3.021998e+02  comp= 2.3776e+01 expr= 2.3219e+02 L+= 4.6945e+00 L-= 4.5523e+00  Keff=19.11(min 18.26)  gmin=2.38e-02  floor=0.0e+00  |dM|=1.11e-03  step=1.00e+00
  it   61  L= 3.020485e+02  comp= 2.3760e+01 expr= 2.3200e+02 L+= 4.7012e+00 L-= 4.5575e+00  Keff=19.11(min 18.26)  gmin=2.38e-02  floor=0.0e+00  |dM|=1.11e-03  step=1.00e+00
  it   62  L= 3.018965e+02  comp= 2.3744e+01 expr= 2.3180e+02 L+= 4.7079e+00 L-= 4.5627e+00  Keff=19.11(min 18.26)  gmin=2.37e-02  floor=0.0e+00  |dM|=1.11e-03  step=1.00e+00
  it   63  L= 3.017438e+02  comp= 2.3727e+01 expr= 2.3160e+02 L+= 4.7146e+00 L-= 4.5679e+00  Keff=19.10(min 18.25)  gmin=2.37e-02  floor=0.0e+00  |dM|=1.11e-03  step=1.00e+00
  it   64  L= 3.015906e+02  comp= 2.3711e+01 expr= 2.3141e+02 L+= 4.7213e+00 L-= 4.5731e+00  Keff=19.10(min 18.25)  gmin=2.36e-02  floor=0.0e+00  |dM|=1.11e-03  step=1.00e+00
  it   65  L= 3.014367e+02  comp= 2.3694e+01 expr= 2.3121e+02 L+= 4.7280e+00 L-= 4.5783e+00  Keff=19.10(min 18.25)  gmin=2.36e-02  floor=0.0e+00  |dM|=1.11e-03  step=1.00e+00
  it   66  L= 3.012822e+02  comp= 2.3677e+01 expr= 2.3101e+02 L+= 4.7346e+00 L-= 4.5834e+00  Keff=19.10(min 18.24)  gmin=2.35e-02  floor=0.0e+00  |dM|=1.11e-03  step=1.00e+00
  it   67  L= 3.011271e+02  comp= 2.3661e+01 expr= 2.3082e+02 L+= 4.7413e+00 L-= 4.5886e+00  Keff=19.10(min 18.24)  gmin=2.35e-02  floor=0.0e+00  |dM|=1.11e-03  step=1.00e+00
  it   68  L= 3.009714e+02  comp= 2.3644e+01 expr= 2.3062e+02 L+= 4.7480e+00 L-= 4.5937e+00  Keff=19.10(min 18.24)  gmin=2.34e-02  floor=0.0e+00  |dM|=1.11e-03  step=1.00e+00
  it   69  L= 3.008151e+02  comp= 2.3627e+01 expr= 2.3042e+02 L+= 4.7546e+00 L-= 4.5989e+00  Keff=19.09(min 18.23)  gmin=2.34e-02  floor=0.0e+00  |dM|=1.11e-03  step=1.00e+00
  it   70  L= 3.006582e+02  comp= 2.3610e+01 expr= 2.3022e+02 L+= 4.7613e+00 L-= 4.6040e+00  Keff=19.09(min 18.23)  gmin=2.33e-02  floor=0.0e+00  |dM|=1.11e-03  step=1.00e+00
  it   71  L= 3.005006e+02  comp= 2.3593e+01 expr= 2.3002e+02 L+= 4.7679e+00 L-= 4.6092e+00  Keff=19.09(min 18.23)  gmin=2.33e-02  floor=0.0e+00  |dM|=1.11e-03  step=1.00e+00
  it   72  L= 3.003425e+02  comp= 2.3576e+01 expr= 2.2982e+02 L+= 4.7746e+00 L-= 4.6143e+00  Keff=19.09(min 18.22)  gmin=2.32e-02  floor=0.0e+00  |dM|=1.11e-03  step=1.00e+00
  it   73  L= 3.001837e+02  comp= 2.3559e+01 expr= 2.2962e+02 L+= 4.7812e+00 L-= 4.6194e+00  Keff=19.09(min 18.22)  gmin=2.32e-02  floor=0.0e+00  |dM|=1.11e-03  step=1.00e+00
  it   74  L= 3.000244e+02  comp= 2.3542e+01 expr= 2.2942e+02 L+= 4.7878e+00 L-= 4.6245e+00  Keff=19.09(min 18.22)  gmin=2.31e-02  floor=0.0e+00  |dM|=1.11e-03  step=1.00e+00
  it   75  L= 2.998645e+02  comp= 2.3524e+01 expr= 2.2922e+02 L+= 4.7945e+00 L-= 4.6296e+00  Keff=19.09(min 18.21)  gmin=2.31e-02  floor=0.0e+00  |dM|=1.11e-03  step=1.00e+00
  it   76  L= 2.997039e+02  comp= 2.3507e+01 expr= 2.2902e+02 L+= 4.8011e+00 L-= 4.6347e+00  Keff=19.08(min 18.21)  gmin=2.30e-02  floor=0.0e+00  |dM|=1.11e-03  step=1.00e+00
  it   77  L= 2.995428e+02  comp= 2.3490e+01 expr= 2.2882e+02 L+= 4.8077e+00 L-= 4.6397e+00  Keff=19.08(min 18.21)  gmin=2.30e-02  floor=0.0e+00  |dM|=1.11e-03  step=1.00e+00
  it   78  L= 2.993811e+02  comp= 2.3472e+01 expr= 2.2861e+02 L+= 4.8143e+00 L-= 4.6448e+00  Keff=19.08(min 18.20)  gmin=2.30e-02  floor=0.0e+00  |dM|=1.11e-03  step=1.00e+00
  it   79  L= 2.992188e+02  comp= 2.3455e+01 expr= 2.2841e+02 L+= 4.8209e+00 L-= 4.6498e+00  Keff=19.08(min 18.20)  gmin=2.29e-02  floor=0.0e+00  |dM|=1.11e-03  step=1.00e+00
  it   80  L= 2.990558e+02  comp= 2.3437e+01 expr= 2.2821e+02 L+= 4.8275e+00 L-= 4.6549e+00  Keff=19.08(min 18.20)  gmin=2.29e-02  floor=0.0e+00  |dM|=1.11e-03  step=1.00e+00
  it   81  L= 2.988924e+02  comp= 2.3420e+01 expr= 2.2800e+02 L+= 4.8341e+00 L-= 4.6599e+00  Keff=19.08(min 18.19)  gmin=2.28e-02  floor=0.0e+00  |dM|=1.11e-03  step=1.00e+00
  it   82  L= 2.987283e+02  comp= 2.3402e+01 expr= 2.2780e+02 L+= 4.8406e+00 L-= 4.6649e+00  Keff=19.08(min 18.19)  gmin=2.28e-02  floor=0.0e+00  |dM|=1.11e-03  step=1.00e+00
  it   83  L= 2.985635e+02  comp= 2.3384e+01 expr= 2.2759e+02 L+= 4.8472e+00 L-= 4.6699e+00  Keff=19.07(min 18.19)  gmin=2.27e-02  floor=0.0e+00  |dM|=1.11e-03  step=1.00e+00
  it   84  L= 2.983983e+02  comp= 2.3367e+01 expr= 2.2739e+02 L+= 4.8538e+00 L-= 4.6749e+00  Keff=19.07(min 18.18)  gmin=2.27e-02  floor=0.0e+00  |dM|=1.11e-03  step=1.00e+00
  it   85  L= 2.982325e+02  comp= 2.3349e+01 expr= 2.2718e+02 L+= 4.8603e+00 L-= 4.6799e+00  Keff=19.07(min 18.18)  gmin=2.26e-02  floor=0.0e+00  |dM|=1.11e-03  step=1.00e+00
  it   86  L= 2.980660e+02  comp= 2.3331e+01 expr= 2.2698e+02 L+= 4.8668e+00 L-= 4.6849e+00  Keff=19.07(min 18.18)  gmin=2.26e-02  floor=0.0e+00  |dM|=1.11e-03  step=1.00e+00
  it   87  L= 2.978989e+02  comp= 2.3313e+01 expr= 2.2677e+02 L+= 4.8734e+00 L-= 4.6898e+00  Keff=19.07(min 18.17)  gmin=2.25e-02  floor=0.0e+00  |dM|=1.11e-03  step=1.00e+00
  it   88  L= 2.977313e+02  comp= 2.3295e+01 expr= 2.2656e+02 L+= 4.8799e+00 L-= 4.6948e+00  Keff=19.07(min 18.17)  gmin=2.25e-02  floor=0.0e+00  |dM|=1.11e-03  step=1.00e+00
  it   89  L= 2.975631e+02  comp= 2.3277e+01 expr= 2.2636e+02 L+= 4.8864e+00 L-= 4.6997e+00  Keff=19.06(min 18.17)  gmin=2.24e-02  floor=0.0e+00  |dM|=1.11e-03  step=1.00e+00
  it   90  L= 2.973943e+02  comp= 2.3259e+01 expr= 2.2615e+02 L+= 4.8929e+00 L-= 4.7046e+00  Keff=19.06(min 18.16)  gmin=2.24e-02  floor=0.0e+00  |dM|=1.10e-03  step=1.00e+00
  it   91  L= 2.972249e+02  comp= 2.3240e+01 expr= 2.2594e+02 L+= 4.8993e+00 L-= 4.7096e+00  Keff=19.06(min 18.16)  gmin=2.23e-02  floor=0.0e+00  |dM|=1.10e-03  step=1.00e+00
  it   92  L= 2.970549e+02  comp= 2.3222e+01 expr= 2.2573e+02 L+= 4.9058e+00 L-= 4.7144e+00  Keff=19.06(min 18.16)  gmin=2.23e-02  floor=0.0e+00  |dM|=1.10e-03  step=1.00e+00
  it   93  L= 2.968844e+02  comp= 2.3204e+01 expr= 2.2552e+02 L+= 4.9123e+00 L-= 4.7193e+00  Keff=19.06(min 18.15)  gmin=2.22e-02  floor=0.0e+00  |dM|=1.10e-03  step=1.00e+00
  it   94  L= 2.967132e+02  comp= 2.3186e+01 expr= 2.2531e+02 L+= 4.9187e+00 L-= 4.7242e+00  Keff=19.06(min 18.15)  gmin=2.22e-02  floor=0.0e+00  |dM|=1.10e-03  step=1.00e+00
  it   95  L= 2.965415e+02  comp= 2.3167e+01 expr= 2.2510e+02 L+= 4.9252e+00 L-= 4.7291e+00  Keff=19.05(min 18.14)  gmin=2.21e-02  floor=0.0e+00  |dM|=1.10e-03  step=1.00e+00
  it   96  L= 2.963692e+02  comp= 2.3149e+01 expr= 2.2489e+02 L+= 4.9316e+00 L-= 4.7339e+00  Keff=19.05(min 18.14)  gmin=2.21e-02  floor=0.0e+00  |dM|=1.10e-03  step=1.00e+00
  it   97  L= 2.961963e+02  comp= 2.3130e+01 expr= 2.2468e+02 L+= 4.9380e+00 L-= 4.7387e+00  Keff=19.05(min 18.14)  gmin=2.20e-02  floor=0.0e+00  |dM|=1.10e-03  step=1.00e+00
  it   98  L= 2.960229e+02  comp= 2.3112e+01 expr= 2.2447e+02 L+= 4.9444e+00 L-= 4.7435e+00  Keff=19.05(min 18.13)  gmin=2.20e-02  floor=0.0e+00  |dM|=1.10e-03  step=1.00e+00
  it   99  L= 2.958488e+02  comp= 2.3093e+01 expr= 2.2426e+02 L+= 4.9508e+00 L-= 4.7483e+00  Keff=19.05(min 18.13)  gmin=2.19e-02  floor=0.0e+00  |dM|=1.10e-03  step=1.00e+00
  it  100  L= 2.956742e+02  comp= 2.3074e+01 expr= 2.2405e+02 L+= 4.9571e+00 L-= 4.7531e+00  Keff=19.05(min 18.13)  gmin=2.19e-02  floor=0.0e+00  |dM|=1.10e-03  step=1.00e+00
  it  101  L= 2.954990e+02  comp= 2.3055e+01 expr= 2.2384e+02 L+= 4.9635e+00 L-= 4.7579e+00  Keff=19.04(min 18.12)  gmin=2.18e-02  floor=0.0e+00  |dM|=1.10e-03  step=1.00e+00
  it  102  L= 2.953232e+02  comp= 2.3037e+01 expr= 2.2362e+02 L+= 4.9698e+00 L-= 4.7626e+00  Keff=19.04(min 18.12)  gmin=2.18e-02  floor=0.0e+00  |dM|=1.10e-03  step=1.00e+00
  it  103  L= 2.951469e+02  comp= 2.3018e+01 expr= 2.2341e+02 L+= 4.9761e+00 L-= 4.7674e+00  Keff=19.04(min 18.12)  gmin=2.17e-02  floor=0.0e+00  |dM|=1.10e-03  step=1.00e+00
  it  104  L= 2.949699e+02  comp= 2.2999e+01 expr= 2.2320e+02 L+= 4.9825e+00 L-= 4.7721e+00  Keff=19.04(min 18.11)  gmin=2.17e-02  floor=0.0e+00  |dM|=1.11e-03  step=1.00e+00
  it  105  L= 2.947924e+02  comp= 2.2980e+01 expr= 2.2298e+02 L+= 4.9887e+00 L-= 4.7768e+00  Keff=19.04(min 18.11)  gmin=2.16e-02  floor=0.0e+00  |dM|=1.11e-03  step=1.00e+00
  it  106  L= 2.946143e+02  comp= 2.2961e+01 expr= 2.2277e+02 L+= 4.9950e+00 L-= 4.7815e+00  Keff=19.04(min 18.10)  gmin=2.16e-02  floor=0.0e+00  |dM|=1.11e-03  step=1.00e+00
  it  107  L= 2.944357e+02  comp= 2.2942e+01 expr= 2.2256e+02 L+= 5.0013e+00 L-= 4.7862e+00  Keff=19.03(min 18.10)  gmin=2.15e-02  floor=0.0e+00  |dM|=1.11e-03  step=1.00e+00
  it  108  L= 2.942564e+02  comp= 2.2923e+01 expr= 2.2234e+02 L+= 5.0075e+00 L-= 4.7908e+00  Keff=19.03(min 18.10)  gmin=2.15e-02  floor=0.0e+00  |dM|=1.11e-03  step=1.00e+00
  it  109  L= 2.940767e+02  comp= 2.2904e+01 expr= 2.2213e+02 L+= 5.0138e+00 L-= 4.7955e+00  Keff=19.03(min 18.09)  gmin=2.14e-02  floor=0.0e+00  |dM|=1.11e-03  step=1.00e+00
  it  110  L= 2.938962e+02  comp= 2.2884e+01 expr= 2.2191e+02 L+= 5.0200e+00 L-= 4.8001e+00  Keff=19.03(min 18.09)  gmin=2.14e-02  floor=0.0e+00  |dM|=1.11e-03  step=1.00e+00
  it  111  L= 2.937153e+02  comp= 2.2865e+01 expr= 2.2170e+02 L+= 5.0262e+00 L-= 4.8047e+00  Keff=19.03(min 18.09)  gmin=2.13e-02  floor=0.0e+00  |dM|=1.11e-03  step=1.00e+00
  it  112  L= 2.935338e+02  comp= 2.2846e+01 expr= 2.2148e+02 L+= 5.0324e+00 L-= 4.8093e+00  Keff=19.03(min 18.08)  gmin=2.13e-02  floor=0.0e+00  |dM|=1.11e-03  step=1.00e+00
  it  113  L= 2.933517e+02  comp= 2.2826e+01 expr= 2.2126e+02 L+= 5.0385e+00 L-= 4.8139e+00  Keff=19.02(min 18.08)  gmin=2.12e-02  floor=0.0e+00  |dM|=1.11e-03  step=1.00e+00
  it  114  L= 2.931690e+02  comp= 2.2807e+01 expr= 2.2105e+02 L+= 5.0447e+00 L-= 4.8184e+00  Keff=19.02(min 18.07)  gmin=2.12e-02  floor=0.0e+00  |dM|=1.11e-03  step=1.00e+00
  it  115  L= 2.929857e+02  comp= 2.2787e+01 expr= 2.2083e+02 L+= 5.0508e+00 L-= 4.8230e+00  Keff=19.02(min 18.07)  gmin=2.11e-02  floor=0.0e+00  |dM|=1.11e-03  step=1.00e+00
  it  116  L= 2.928020e+02  comp= 2.2768e+01 expr= 2.2061e+02 L+= 5.0569e+00 L-= 4.8275e+00  Keff=19.02(min 18.07)  gmin=2.11e-02  floor=0.0e+00  |dM|=1.11e-03  step=1.00e+00
  it  117  L= 2.926176e+02  comp= 2.2748e+01 expr= 2.2039e+02 L+= 5.0630e+00 L-= 4.8320e+00  Keff=19.02(min 18.06)  gmin=2.10e-02  floor=0.0e+00  |dM|=1.11e-03  step=1.00e+00
  it  118  L= 2.924327e+02  comp= 2.2729e+01 expr= 2.2018e+02 L+= 5.0691e+00 L-= 4.8365e+00  Keff=19.02(min 18.06)  gmin=2.10e-02  floor=0.0e+00  |dM|=1.11e-03  step=1.00e+00
  it  119  L= 2.922472e+02  comp= 2.2709e+01 expr= 2.1996e+02 L+= 5.0752e+00 L-= 4.8409e+00  Keff=19.01(min 18.05)  gmin=2.09e-02  floor=0.0e+00  |dM|=1.11e-03  step=1.00e+00
  it  120  L= 2.920611e+02  comp= 2.2689e+01 expr= 2.1974e+02 L+= 5.0812e+00 L-= 4.8454e+00  Keff=19.01(min 18.05)  gmin=2.09e-02  floor=0.0e+00  |dM|=1.11e-03  step=1.00e+00
  it  121  L= 2.918745e+02  comp= 2.2670e+01 expr= 2.1952e+02 L+= 5.0872e+00 L-= 4.8498e+00  Keff=19.01(min 18.05)  gmin=2.08e-02  floor=0.0e+00  |dM|=1.11e-03  step=1.00e+00
  it  122  L= 2.916873e+02  comp= 2.2650e+01 expr= 2.1930e+02 L+= 5.0932e+00 L-= 4.8542e+00  Keff=19.01(min 18.04)  gmin=2.08e-02  floor=0.0e+00  |dM|=1.11e-03  step=1.00e+00
  it  123  L= 2.914995e+02  comp= 2.2630e+01 expr= 2.1908e+02 L+= 5.0992e+00 L-= 4.8586e+00  Keff=19.01(min 18.04)  gmin=2.07e-02  floor=0.0e+00  |dM|=1.11e-03  step=1.00e+00
  it  124  L= 2.913112e+02  comp= 2.2610e+01 expr= 2.1886e+02 L+= 5.1052e+00 L-= 4.8630e+00  Keff=19.00(min 18.03)  gmin=2.07e-02  floor=0.0e+00  |dM|=1.11e-03  step=1.00e+00
  it  125  L= 2.911224e+02  comp= 2.2590e+01 expr= 2.1864e+02 L+= 5.1111e+00 L-= 4.8673e+00  Keff=19.00(min 18.03)  gmin=2.06e-02  floor=0.0e+00  |dM|=1.11e-03  step=1.00e+00
  it  126  L= 2.909330e+02  comp= 2.2570e+01 expr= 2.1842e+02 L+= 5.1170e+00 L-= 4.8717e+00  Keff=19.00(min 18.03)  gmin=2.06e-02  floor=0.0e+00  |dM|=1.11e-03  step=1.00e+00
  it  127  L= 2.907430e+02  comp= 2.2550e+01 expr= 2.1820e+02 L+= 5.1229e+00 L-= 4.8760e+00  Keff=19.00(min 18.02)  gmin=2.05e-02  floor=0.0e+00  |dM|=1.11e-03  step=1.00e+00
  it  128  L= 2.905525e+02  comp= 2.2530e+01 expr= 2.1798e+02 L+= 5.1288e+00 L-= 4.8803e+00  Keff=19.00(min 18.02)  gmin=2.05e-02  floor=0.0e+00  |dM|=1.11e-03  step=1.00e+00
  it  129  L= 2.903614e+02  comp= 2.2510e+01 expr= 2.1776e+02 L+= 5.1347e+00 L-= 4.8845e+00  Keff=19.00(min 18.01)  gmin=2.04e-02  floor=0.0e+00  |dM|=1.11e-03  step=1.00e+00
  it  130  L= 2.901697e+02  comp= 2.2489e+01 expr= 2.1753e+02 L+= 5.1405e+00 L-= 4.8888e+00  Keff=18.99(min 18.01)  gmin=2.04e-02  floor=0.0e+00  |dM|=1.11e-03  step=1.00e+00
  it  131  L= 2.899776e+02  comp= 2.2469e+01 expr= 2.1731e+02 L+= 5.1463e+00 L-= 4.8930e+00  Keff=18.99(min 18.01)  gmin=2.03e-02  floor=0.0e+00  |dM|=1.11e-03  step=1.00e+00
  it  132  L= 2.897849e+02  comp= 2.2449e+01 expr= 2.1709e+02 L+= 5.1521e+00 L-= 4.8972e+00  Keff=18.99(min 18.00)  gmin=2.03e-02  floor=0.0e+00  |dM|=1.11e-03  step=1.00e+00
  it  133  L= 2.895916e+02  comp= 2.2429e+01 expr= 2.1687e+02 L+= 5.1579e+00 L-= 4.9014e+00  Keff=18.99(min 18.00)  gmin=2.02e-02  floor=0.0e+00  |dM|=1.11e-03  step=1.00e+00
  it  134  L= 2.893977e+02  comp= 2.2408e+01 expr= 2.1664e+02 L+= 5.1636e+00 L-= 4.9056e+00  Keff=18.99(min 17.99)  gmin=2.02e-02  floor=0.0e+00  |dM|=1.11e-03  step=1.00e+00
  it  135  L= 2.892033e+02  comp= 2.2388e+01 expr= 2.1642e+02 L+= 5.1693e+00 L-= 4.9097e+00  Keff=18.98(min 17.99)  gmin=2.01e-02  floor=0.0e+00  |dM|=1.11e-03  step=1.00e+00
  it  136  L= 2.890084e+02  comp= 2.2368e+01 expr= 2.1620e+02 L+= 5.1750e+00 L-= 4.9138e+00  Keff=18.98(min 17.98)  gmin=2.01e-02  floor=0.0e+00  |dM|=1.11e-03  step=1.00e+00
  it  137  L= 2.888130e+02  comp= 2.2347e+01 expr= 2.1597e+02 L+= 5.1807e+00 L-= 4.9179e+00  Keff=18.98(min 17.98)  gmin=2.00e-02  floor=0.0e+00  |dM|=1.11e-03  step=1.00e+00
  it  138  L= 2.886170e+02  comp= 2.2327e+01 expr= 2.1575e+02 L+= 5.1864e+00 L-= 4.9220e+00  Keff=18.98(min 17.98)  gmin=2.00e-02  floor=0.0e+00  |dM|=1.11e-03  step=1.00e+00
  it  139  L= 2.884204e+02  comp= 2.2306e+01 expr= 2.1552e+02 L+= 5.1920e+00 L-= 4.9261e+00  Keff=18.98(min 17.97)  gmin=1.99e-02  floor=0.0e+00  |dM|=1.11e-03  step=1.00e+00
  it  140  L= 2.882234e+02  comp= 2.2285e+01 expr= 2.1530e+02 L+= 5.1976e+00 L-= 4.9301e+00  Keff=18.97(min 17.97)  gmin=1.99e-02  floor=0.0e+00  |dM|=1.11e-03  step=1.00e+00
  it  141  L= 2.880258e+02  comp= 2.2265e+01 expr= 2.1507e+02 L+= 5.2032e+00 L-= 4.9341e+00  Keff=18.97(min 17.96)  gmin=1.98e-02  floor=0.0e+00  |dM|=1.11e-03  step=1.00e+00
  it  142  L= 2.878276e+02  comp= 2.2244e+01 expr= 2.1485e+02 L+= 5.2088e+00 L-= 4.9381e+00  Keff=18.97(min 17.96)  gmin=1.98e-02  floor=0.0e+00  |dM|=1.11e-03  step=1.00e+00
  it  143  L= 2.876289e+02  comp= 2.2223e+01 expr= 2.1462e+02 L+= 5.2143e+00 L-= 4.9420e+00  Keff=18.97(min 17.95)  gmin=1.97e-02  floor=0.0e+00  |dM|=1.11e-03  step=1.00e+00
  it  144  L= 2.874297e+02  comp= 2.2203e+01 expr= 2.1440e+02 L+= 5.2198e+00 L-= 4.9460e+00  Keff=18.97(min 17.95)  gmin=1.97e-02  floor=0.0e+00  |dM|=1.11e-03  step=1.00e+00
  it  145  L= 2.872300e+02  comp= 2.2182e+01 expr= 2.1417e+02 L+= 5.2253e+00 L-= 4.9499e+00  Keff=18.97(min 17.95)  gmin=1.96e-02  floor=0.0e+00  |dM|=1.11e-03  step=1.00e+00
  it  146  L= 2.870298e+02  comp= 2.2161e+01 expr= 2.1395e+02 L+= 5.2308e+00 L-= 4.9538e+00  Keff=18.96(min 17.94)  gmin=1.96e-02  floor=0.0e+00  |dM|=1.11e-03  step=1.00e+00
  it  147  L= 2.868290e+02  comp= 2.2140e+01 expr= 2.1372e+02 L+= 5.2362e+00 L-= 4.9577e+00  Keff=18.96(min 17.94)  gmin=1.95e-02  floor=0.0e+00  |dM|=1.11e-03  step=1.00e+00
  it  148  L= 2.866277e+02  comp= 2.2119e+01 expr= 2.1349e+02 L+= 5.2416e+00 L-= 4.9615e+00  Keff=18.96(min 17.93)  gmin=1.95e-02  floor=0.0e+00  |dM|=1.10e-03  step=1.00e+00
  it  149  L= 2.864259e+02  comp= 2.2098e+01 expr= 2.1327e+02 L+= 5.2470e+00 L-= 4.9653e+00  Keff=18.96(min 17.93)  gmin=1.94e-02  floor=0.0e+00  |dM|=1.10e-03  step=1.00e+00
  it  150  L= 2.862235e+02  comp= 2.2077e+01 expr= 2.1304e+02 L+= 5.2524e+00 L-= 4.9691e+00  Keff=18.96(min 17.92)  gmin=1.94e-02  floor=0.0e+00  |dM|=1.10e-03  step=1.00e+00
  it  151  L= 2.860207e+02  comp= 2.2056e+01 expr= 2.1281e+02 L+= 5.2577e+00 L-= 4.9729e+00  Keff=18.95(min 17.92)  gmin=1.93e-02  floor=0.0e+00  |dM|=1.10e-03  step=1.00e+00
  it  152  L= 2.858174e+02  comp= 2.2035e+01 expr= 2.1258e+02 L+= 5.2630e+00 L-= 4.9767e+00  Keff=18.95(min 17.92)  gmin=1.93e-02  floor=0.0e+00  |dM|=1.10e-03  step=1.00e+00
  it  153  L= 2.856135e+02  comp= 2.2014e+01 expr= 2.1236e+02 L+= 5.2683e+00 L-= 4.9804e+00  Keff=18.95(min 17.91)  gmin=1.92e-02  floor=0.0e+00  |dM|=1.10e-03  step=1.00e+00
  it  154  L= 2.854091e+02  comp= 2.1993e+01 expr= 2.1213e+02 L+= 5.2735e+00 L-= 4.9841e+00  Keff=18.95(min 17.91)  gmin=1.92e-02  floor=0.0e+00  |dM|=1.10e-03  step=1.00e+00
  it  155  L= 2.852042e+02  comp= 2.1972e+01 expr= 2.1190e+02 L+= 5.2788e+00 L-= 4.9877e+00  Keff=18.95(min 17.90)  gmin=1.91e-02  floor=0.0e+00  |dM|=1.10e-03  step=1.00e+00
  it  156  L= 2.849989e+02  comp= 2.1951e+01 expr= 2.1167e+02 L+= 5.2840e+00 L-= 4.9914e+00  Keff=18.94(min 17.90)  gmin=1.90e-02  floor=0.0e+00  |dM|=1.10e-03  step=1.00e+00
  it  157  L= 2.847930e+02  comp= 2.1930e+01 expr= 2.1144e+02 L+= 5.2891e+00 L-= 4.9950e+00  Keff=18.94(min 17.89)  gmin=1.90e-02  floor=0.0e+00  |dM|=1.10e-03  step=1.00e+00
  it  158  L= 2.845866e+02  comp= 2.1908e+01 expr= 2.1121e+02 L+= 5.2943e+00 L-= 4.9986e+00  Keff=18.94(min 17.89)  gmin=1.89e-02  floor=0.0e+00  |dM|=1.10e-03  step=1.00e+00
  it  159  L= 2.843797e+02  comp= 2.1887e+01 expr= 2.1098e+02 L+= 5.2994e+00 L-= 5.0022e+00  Keff=18.94(min 17.88)  gmin=1.89e-02  floor=0.0e+00  |dM|=1.10e-03  step=1.00e+00
  it  160  L= 2.841723e+02  comp= 2.1866e+01 expr= 2.1076e+02 L+= 5.3045e+00 L-= 5.0057e+00  Keff=18.94(min 17.88)  gmin=1.88e-02  floor=0.0e+00  |dM|=1.10e-03  step=1.00e+00
  it  161  L= 2.839644e+02  comp= 2.1844e+01 expr= 2.1053e+02 L+= 5.3096e+00 L-= 5.0093e+00  Keff=18.93(min 17.87)  gmin=1.88e-02  floor=0.0e+00  |dM|=1.10e-03  step=1.00e+00
  it  162  L= 2.837561e+02  comp= 2.1823e+01 expr= 2.1030e+02 L+= 5.3146e+00 L-= 5.0128e+00  Keff=18.93(min 17.87)  gmin=1.87e-02  floor=0.0e+00  |dM|=1.10e-03  step=1.00e+00
  it  163  L= 2.835472e+02  comp= 2.1802e+01 expr= 2.1007e+02 L+= 5.3196e+00 L-= 5.0162e+00  Keff=18.93(min 17.87)  gmin=1.87e-02  floor=0.0e+00  |dM|=1.10e-03  step=1.00e+00
  it  164  L= 2.833379e+02  comp= 2.1780e+01 expr= 2.0984e+02 L+= 5.3246e+00 L-= 5.0197e+00  Keff=18.93(min 17.86)  gmin=1.86e-02  floor=0.0e+00  |dM|=1.09e-03  step=1.00e+00
  it  165  L= 2.831281e+02  comp= 2.1759e+01 expr= 2.0961e+02 L+= 5.3295e+00 L-= 5.0231e+00  Keff=18.92(min 17.86)  gmin=1.86e-02  floor=0.0e+00  |dM|=1.09e-03  step=1.00e+00
  it  166  L= 2.829178e+02  comp= 2.1737e+01 expr= 2.0938e+02 L+= 5.3345e+00 L-= 5.0265e+00  Keff=18.92(min 17.85)  gmin=1.85e-02  floor=0.0e+00  |dM|=1.09e-03  step=1.00e+00
  it  167  L= 2.827070e+02  comp= 2.1716e+01 expr= 2.0915e+02 L+= 5.3393e+00 L-= 5.0299e+00  Keff=18.92(min 17.85)  gmin=1.85e-02  floor=0.0e+00  |dM|=1.09e-03  step=1.00e+00
  it  168  L= 2.824958e+02  comp= 2.1694e+01 expr= 2.0891e+02 L+= 5.3442e+00 L-= 5.0332e+00  Keff=18.92(min 17.84)  gmin=1.84e-02  floor=0.0e+00  |dM|=1.09e-03  step=1.00e+00
  it  169  L= 2.822840e+02  comp= 2.1673e+01 expr= 2.0868e+02 L+= 5.3490e+00 L-= 5.0365e+00  Keff=18.92(min 17.84)  gmin=1.84e-02  floor=0.0e+00  |dM|=1.09e-03  step=1.00e+00
  it  170  L= 2.820718e+02  comp= 2.1651e+01 expr= 2.0845e+02 L+= 5.3539e+00 L-= 5.0398e+00  Keff=18.91(min 17.83)  gmin=1.83e-02  floor=0.0e+00  |dM|=1.09e-03  step=1.00e+00
  it  171  L= 2.818592e+02  comp= 2.1630e+01 expr= 2.0822e+02 L+= 5.3586e+00 L-= 5.0430e+00  Keff=18.91(min 17.83)  gmin=1.83e-02  floor=0.0e+00  |dM|=1.09e-03  step=1.00e+00
  it  172  L= 2.816461e+02  comp= 2.1608e+01 expr= 2.0799e+02 L+= 5.3634e+00 L-= 5.0463e+00  Keff=18.91(min 17.82)  gmin=1.82e-02  floor=0.0e+00  |dM|=1.09e-03  step=1.00e+00
  it  173  L= 2.814326e+02  comp= 2.1586e+01 expr= 2.0776e+02 L+= 5.3681e+00 L-= 5.0495e+00  Keff=18.91(min 17.82)  gmin=1.82e-02  floor=0.0e+00  |dM|=1.09e-03  step=1.00e+00
  it  174  L= 2.812185e+02  comp= 2.1565e+01 expr= 2.0753e+02 L+= 5.3728e+00 L-= 5.0527e+00  Keff=18.91(min 17.81)  gmin=1.81e-02  floor=0.0e+00  |dM|=1.09e-03  step=1.00e+00
  it  175  L= 2.810040e+02  comp= 2.1543e+01 expr= 2.0729e+02 L+= 5.3774e+00 L-= 5.0558e+00  Keff=18.90(min 17.81)  gmin=1.81e-02  floor=0.0e+00  |dM|=1.08e-03  step=1.00e+00
  it  176  L= 2.807891e+02  comp= 2.1521e+01 expr= 2.0706e+02 L+= 5.3821e+00 L-= 5.0589e+00  Keff=18.90(min 17.80)  gmin=1.80e-02  floor=0.0e+00  |dM|=1.08e-03  step=1.00e+00
  it  177  L= 2.805737e+02  comp= 2.1500e+01 expr= 2.0683e+02 L+= 5.3867e+00 L-= 5.0620e+00  Keff=18.90(min 17.80)  gmin=1.80e-02  floor=0.0e+00  |dM|=1.08e-03  step=1.00e+00
  it  178  L= 2.803579e+02  comp= 2.1478e+01 expr= 2.0660e+02 L+= 5.3912e+00 L-= 5.0651e+00  Keff=18.90(min 17.79)  gmin=1.79e-02  floor=0.0e+00  |dM|=1.08e-03  step=1.00e+00
  it  179  L= 2.801416e+02  comp= 2.1456e+01 expr= 2.0637e+02 L+= 5.3958e+00 L-= 5.0681e+00  Keff=18.90(min 17.79)  gmin=1.79e-02  floor=0.0e+00  |dM|=1.08e-03  step=1.00e+00
  it  180  L= 2.799249e+02  comp= 2.1434e+01 expr= 2.0613e+02 L+= 5.4003e+00 L-= 5.0711e+00  Keff=18.89(min 17.78)  gmin=1.78e-02  floor=0.0e+00  |dM|=1.08e-03  step=1.00e+00
  it  181  L= 2.797077e+02  comp= 2.1412e+01 expr= 2.0590e+02 L+= 5.4047e+00 L-= 5.0741e+00  Keff=18.89(min 17.78)  gmin=1.78e-02  floor=0.0e+00  |dM|=1.08e-03  step=1.00e+00
  it  182  L= 2.794901e+02  comp= 2.1391e+01 expr= 2.0567e+02 L+= 5.4092e+00 L-= 5.0771e+00  Keff=18.89(min 17.77)  gmin=1.77e-02  floor=0.0e+00  |dM|=1.08e-03  step=1.00e+00
  it  183  L= 2.792721e+02  comp= 2.1369e+01 expr= 2.0544e+02 L+= 5.4136e+00 L-= 5.0800e+00  Keff=18.89(min 17.77)  gmin=1.77e-02  floor=0.0e+00  |dM|=1.08e-03  step=1.00e+00
  it  184  L= 2.790536e+02  comp= 2.1347e+01 expr= 2.0520e+02 L+= 5.4180e+00 L-= 5.0829e+00  Keff=18.88(min 17.76)  gmin=1.76e-02  floor=0.0e+00  |dM|=1.07e-03  step=1.00e+00
  it  185  L= 2.788349e+02  comp= 2.1325e+01 expr= 2.0497e+02 L+= 5.4223e+00 L-= 5.0858e+00  Keff=18.88(min 17.76)  gmin=1.76e-02  floor=0.0e+00  |dM|=1.07e-03  step=1.00e+00
  it  186  L= 2.786155e+02  comp= 2.1303e+01 expr= 2.0474e+02 L+= 5.4267e+00 L-= 5.0886e+00  Keff=18.88(min 17.75)  gmin=1.75e-02  floor=0.0e+00  |dM|=1.07e-03  step=1.00e+00
  it  187  L= 2.783958e+02  comp= 2.1281e+01 expr= 2.0450e+02 L+= 5.4310e+00 L-= 5.0914e+00  Keff=18.88(min 17.75)  gmin=1.75e-02  floor=0.0e+00  |dM|=1.07e-03  step=1.00e+00
  it  188  L= 2.781757e+02  comp= 2.1259e+01 expr= 2.0427e+02 L+= 5.4352e+00 L-= 5.0942e+00  Keff=18.88(min 17.74)  gmin=1.74e-02  floor=0.0e+00  |dM|=1.07e-03  step=1.00e+00
  it  189  L= 2.779552e+02  comp= 2.1237e+01 expr= 2.0404e+02 L+= 5.4394e+00 L-= 5.0970e+00  Keff=18.87(min 17.74)  gmin=1.74e-02  floor=0.0e+00  |dM|=1.07e-03  step=1.00e+00
  it  190  L= 2.777342e+02  comp= 2.1215e+01 expr= 2.0380e+02 L+= 5.4436e+00 L-= 5.0997e+00  Keff=18.87(min 17.73)  gmin=1.73e-02  floor=0.0e+00  |dM|=1.07e-03  step=1.00e+00
  it  191  L= 2.775129e+02  comp= 2.1193e+01 expr= 2.0357e+02 L+= 5.4478e+00 L-= 5.1024e+00  Keff=18.87(min 17.73)  gmin=1.73e-02  floor=0.0e+00  |dM|=1.06e-03  step=1.00e+00
  it  192  L= 2.772911e+02  comp= 2.1171e+01 expr= 2.0334e+02 L+= 5.4519e+00 L-= 5.1051e+00  Keff=18.87(min 17.72)  gmin=1.72e-02  floor=0.0e+00  |dM|=1.06e-03  step=1.00e+00
  it  193  L= 2.770690e+02  comp= 2.1149e+01 expr= 2.0310e+02 L+= 5.4560e+00 L-= 5.1077e+00  Keff=18.86(min 17.72)  gmin=1.72e-02  floor=0.0e+00  |dM|=1.06e-03  step=1.00e+00
  it  194  L= 2.768464e+02  comp= 2.1127e+01 expr= 2.0287e+02 L+= 5.4601e+00 L-= 5.1103e+00  Keff=18.86(min 17.71)  gmin=1.71e-02  floor=0.0e+00  |dM|=1.06e-03  step=1.00e+00
  it  195  L= 2.766235e+02  comp= 2.1105e+01 expr= 2.0263e+02 L+= 5.4641e+00 L-= 5.1129e+00  Keff=18.86(min 17.71)  gmin=1.71e-02  floor=0.0e+00  |dM|=1.06e-03  step=1.00e+00
  it  196  L= 2.764002e+02  comp= 2.1083e+01 expr= 2.0240e+02 L+= 5.4681e+00 L-= 5.1155e+00  Keff=18.86(min 17.70)  gmin=1.70e-02  floor=0.0e+00  |dM|=1.06e-03  step=1.00e+00
  it  197  L= 2.761765e+02  comp= 2.1061e+01 expr= 2.0217e+02 L+= 5.4721e+00 L-= 5.1180e+00  Keff=18.86(min 17.70)  gmin=1.70e-02  floor=0.0e+00  |dM|=1.05e-03  step=1.00e+00
  it  198  L= 2.759524e+02  comp= 2.1039e+01 expr= 2.0193e+02 L+= 5.4760e+00 L-= 5.1205e+00  Keff=18.85(min 17.69)  gmin=1.69e-02  floor=0.0e+00  |dM|=1.05e-03  step=1.00e+00
  it  199  L= 2.757279e+02  comp= 2.1017e+01 expr= 2.0170e+02 L+= 5.4799e+00 L-= 5.1230e+00  Keff=18.85(min 17.69)  gmin=1.69e-02  floor=0.0e+00  |dM|=1.05e-03  step=1.00e+00
  it  200  L= 2.755031e+02  comp= 2.0994e+01 expr= 2.0146e+02 L+= 5.4838e+00 L-= 5.1254e+00  Keff=18.85(min 17.68)  gmin=1.68e-02  floor=0.0e+00  |dM|=1.05e-03  step=1.00e+00
  it  201  L= 2.752778e+02  comp= 2.0972e+01 expr= 2.0123e+02 L+= 5.4877e+00 L-= 5.1278e+00  Keff=18.85(min 17.68)  gmin=1.68e-02  floor=0.0e+00  |dM|=1.05e-03  step=1.00e+00
  it  202  L= 2.750522e+02  comp= 2.0950e+01 expr= 2.0099e+02 L+= 5.4915e+00 L-= 5.1302e+00  Keff=18.84(min 17.67)  gmin=1.67e-02  floor=0.0e+00  |dM|=1.05e-03  step=1.00e+00
  it  203  L= 2.748263e+02  comp= 2.0928e+01 expr= 2.0076e+02 L+= 5.4952e+00 L-= 5.1325e+00  Keff=18.84(min 17.67)  gmin=1.67e-02  floor=0.0e+00  |dM|=1.04e-03  step=1.00e+00
  it  204  L= 2.746000e+02  comp= 2.0906e+01 expr= 2.0052e+02 L+= 5.4990e+00 L-= 5.1349e+00  Keff=18.84(min 17.66)  gmin=1.66e-02  floor=0.0e+00  |dM|=1.04e-03  step=1.00e+00
  it  205  L= 2.743734e+02  comp= 2.0884e+01 expr= 2.0029e+02 L+= 5.5027e+00 L-= 5.1372e+00  Keff=18.84(min 17.66)  gmin=1.66e-02  floor=0.0e+00  |dM|=1.04e-03  step=1.00e+00
  it  206  L= 2.741463e+02  comp= 2.0862e+01 expr= 2.0006e+02 L+= 5.5064e+00 L-= 5.1394e+00  Keff=18.84(min 17.65)  gmin=1.65e-02  floor=0.0e+00  |dM|=1.04e-03  step=1.00e+00
  it  207  L= 2.739189e+02  comp= 2.0839e+01 expr= 1.9982e+02 L+= 5.5100e+00 L-= 5.1416e+00  Keff=18.83(min 17.65)  gmin=1.65e-02  floor=0.0e+00  |dM|=1.04e-03  step=1.00e+00
  it  208  L= 2.736913e+02  comp= 2.0817e+01 expr= 1.9959e+02 L+= 5.5136e+00 L-= 5.1438e+00  Keff=18.83(min 17.64)  gmin=1.64e-02  floor=0.0e+00  |dM|=1.04e-03  step=1.00e+00
  it  209  L= 2.734631e+02  comp= 2.0795e+01 expr= 1.9935e+02 L+= 5.5172e+00 L-= 5.1460e+00  Keff=18.83(min 17.63)  gmin=1.64e-02  floor=0.0e+00  |dM|=1.03e-03  step=1.00e+00
  it  210  L= 2.732347e+02  comp= 2.0773e+01 expr= 1.9912e+02 L+= 5.5207e+00 L-= 5.1482e+00  Keff=18.83(min 17.63)  gmin=1.63e-02  floor=0.0e+00  |dM|=1.03e-03  step=1.00e+00
  it  211  L= 2.730060e+02  comp= 2.0750e+01 expr= 1.9888e+02 L+= 5.5243e+00 L-= 5.1503e+00  Keff=18.82(min 17.62)  gmin=1.63e-02  floor=0.0e+00  |dM|=1.03e-03  step=1.00e+00
  it  212  L= 2.727769e+02  comp= 2.0728e+01 expr= 1.9865e+02 L+= 5.5277e+00 L-= 5.1524e+00  Keff=18.82(min 17.62)  gmin=1.62e-02  floor=0.0e+00  |dM|=1.03e-03  step=1.00e+00
  it  213  L= 2.725475e+02  comp= 2.0706e+01 expr= 1.9841e+02 L+= 5.5312e+00 L-= 5.1544e+00  Keff=18.82(min 17.61)  gmin=1.62e-02  floor=0.0e+00  |dM|=1.03e-03  step=1.00e+00
  it  214  L= 2.723178e+02  comp= 2.0684e+01 expr= 1.9818e+02 L+= 5.5346e+00 L-= 5.1564e+00  Keff=18.82(min 17.61)  gmin=1.61e-02  floor=0.0e+00  |dM|=1.02e-03  step=1.00e+00
  it  215  L= 2.720877e+02  comp= 2.0662e+01 expr= 1.9794e+02 L+= 5.5380e+00 L-= 5.1584e+00  Keff=18.82(min 17.60)  gmin=1.61e-02  floor=0.0e+00  |dM|=1.02e-03  step=1.00e+00
  it  216  L= 2.718574e+02  comp= 2.0639e+01 expr= 1.9771e+02 L+= 5.5413e+00 L-= 5.1604e+00  Keff=18.81(min 17.60)  gmin=1.60e-02  floor=0.0e+00  |dM|=1.02e-03  step=1.00e+00
  it  217  L= 2.716267e+02  comp= 2.0617e+01 expr= 1.9747e+02 L+= 5.5446e+00 L-= 5.1623e+00  Keff=18.81(min 17.59)  gmin=1.60e-02  floor=0.0e+00  |dM|=1.02e-03  step=1.00e+00
  it  218  L= 2.713957e+02  comp= 2.0595e+01 expr= 1.9724e+02 L+= 5.5479e+00 L-= 5.1642e+00  Keff=18.81(min 17.59)  gmin=1.59e-02  floor=0.0e+00  |dM|=1.02e-03  step=1.00e+00
  it  219  L= 2.711644e+02  comp= 2.0573e+01 expr= 1.9701e+02 L+= 5.5512e+00 L-= 5.1661e+00  Keff=18.81(min 17.58)  gmin=1.59e-02  floor=0.0e+00  |dM|=1.01e-03  step=1.00e+00
  it  220  L= 2.709328e+02  comp= 2.0550e+01 expr= 1.9677e+02 L+= 5.5544e+00 L-= 5.1680e+00  Keff=18.80(min 17.58)  gmin=1.59e-02  floor=0.0e+00  |dM|=1.01e-03  step=1.00e+00
  it  221  L= 2.707009e+02  comp= 2.0528e+01 expr= 1.9654e+02 L+= 5.5575e+00 L-= 5.1698e+00  Keff=18.80(min 17.57)  gmin=1.58e-02  floor=0.0e+00  |dM|=1.01e-03  step=1.00e+00
  it  222  L= 2.704687e+02  comp= 2.0506e+01 expr= 1.9630e+02 L+= 5.5607e+00 L-= 5.1716e+00  Keff=18.80(min 17.56)  gmin=1.58e-02  floor=0.0e+00  |dM|=1.01e-03  step=1.00e+00
  it  223  L= 2.702362e+02  comp= 2.0484e+01 expr= 1.9607e+02 L+= 5.5638e+00 L-= 5.1733e+00  Keff=18.80(min 17.56)  gmin=1.57e-02  floor=0.0e+00  |dM|=1.01e-03  step=1.00e+00
  it  224  L= 2.700034e+02  comp= 2.0461e+01 expr= 1.9583e+02 L+= 5.5669e+00 L-= 5.1751e+00  Keff=18.79(min 17.55)  gmin=1.57e-02  floor=0.0e+00  |dM|=1.00e-03  step=1.00e+00
  it  225  L= 2.697704e+02  comp= 2.0439e+01 expr= 1.9560e+02 L+= 5.5699e+00 L-= 5.1768e+00  Keff=18.79(min 17.55)  gmin=1.56e-02  floor=0.0e+00  |dM|=1.00e-03  step=1.00e+00
  it  226  L= 2.695370e+02  comp= 2.0417e+01 expr= 1.9536e+02 L+= 5.5729e+00 L-= 5.1784e+00  Keff=18.79(min 17.54)  gmin=1.56e-02  floor=0.0e+00  |dM|=1.00e-03  step=1.00e+00
  it  227  L= 2.693034e+02  comp= 2.0395e+01 expr= 1.9513e+02 L+= 5.5759e+00 L-= 5.1801e+00  Keff=18.79(min 17.54)  gmin=1.55e-02  floor=0.0e+00  |dM|=9.98e-04  step=1.00e+00
  it  228  L= 2.690695e+02  comp= 2.0372e+01 expr= 1.9489e+02 L+= 5.5789e+00 L-= 5.1817e+00  Keff=18.78(min 17.53)  gmin=1.55e-02  floor=0.0e+00  |dM|=9.96e-04  step=1.00e+00
  it  229  L= 2.688353e+02  comp= 2.0350e+01 expr= 1.9466e+02 L+= 5.5818e+00 L-= 5.1833e+00  Keff=18.78(min 17.53)  gmin=1.54e-02  floor=0.0e+00  |dM|=9.94e-04  step=1.00e+00
  it  230  L= 2.686009e+02  comp= 2.0328e+01 expr= 1.9443e+02 L+= 5.5847e+00 L-= 5.1848e+00  Keff=18.78(min 17.52)  gmin=1.54e-02  floor=0.0e+00  |dM|=9.91e-04  step=1.00e+00
  it  231  L= 2.683662e+02  comp= 2.0306e+01 expr= 1.9419e+02 L+= 5.5875e+00 L-= 5.1863e+00  Keff=18.78(min 17.51)  gmin=1.53e-02  floor=0.0e+00  |dM|=9.89e-04  step=1.00e+00
  it  232  L= 2.681313e+02  comp= 2.0283e+01 expr= 1.9396e+02 L+= 5.5903e+00 L-= 5.1878e+00  Keff=18.78(min 17.51)  gmin=1.53e-02  floor=0.0e+00  |dM|=9.87e-04  step=1.00e+00
  it  233  L= 2.678960e+02  comp= 2.0261e+01 expr= 1.9372e+02 L+= 5.5931e+00 L-= 5.1893e+00  Keff=18.77(min 17.50)  gmin=1.52e-02  floor=0.0e+00  |dM|=9.85e-04  step=1.00e+00
  it  234  L= 2.676606e+02  comp= 2.0239e+01 expr= 1.9349e+02 L+= 5.5958e+00 L-= 5.1907e+00  Keff=18.77(min 17.50)  gmin=1.52e-02  floor=0.0e+00  |dM|=9.83e-04  step=1.00e+00
  it  235  L= 2.674248e+02  comp= 2.0217e+01 expr= 1.9326e+02 L+= 5.5985e+00 L-= 5.1921e+00  Keff=18.77(min 17.49)  gmin=1.51e-02  floor=0.0e+00  |dM|=9.80e-04  step=1.00e+00
  it  236  L= 2.671889e+02  comp= 2.0194e+01 expr= 1.9302e+02 L+= 5.6012e+00 L-= 5.1935e+00  Keff=18.77(min 17.49)  gmin=1.51e-02  floor=0.0e+00  |dM|=9.78e-04  step=1.00e+00
  it  237  L= 2.669528e+02  comp= 2.0172e+01 expr= 1.9279e+02 L+= 5.6039e+00 L-= 5.1948e+00  Keff=18.76(min 17.48)  gmin=1.50e-02  floor=0.0e+00  |dM|=9.76e-04  step=1.00e+00
  it  238  L= 2.667163e+02  comp= 2.0150e+01 expr= 1.9255e+02 L+= 5.6065e+00 L-= 5.1961e+00  Keff=18.76(min 17.47)  gmin=1.50e-02  floor=0.0e+00  |dM|=9.74e-04  step=1.00e+00
  it  239  L= 2.664797e+02  comp= 2.0128e+01 expr= 1.9232e+02 L+= 5.6090e+00 L-= 5.1974e+00  Keff=18.76(min 17.47)  gmin=1.50e-02  floor=0.0e+00  |dM|=9.72e-04  step=1.00e+00
  it  240  L= 2.662428e+02  comp= 2.0105e+01 expr= 1.9209e+02 L+= 5.6116e+00 L-= 5.1987e+00  Keff=18.76(min 17.46)  gmin=1.49e-02  floor=0.0e+00  |dM|=9.70e-04  step=1.00e+00
  it  241  L= 2.660056e+02  comp= 2.0083e+01 expr= 1.9185e+02 L+= 5.6141e+00 L-= 5.1999e+00  Keff=18.75(min 17.46)  gmin=1.49e-02  floor=0.0e+00  |dM|=9.69e-04  step=1.00e+00
  it  242  L= 2.657683e+02  comp= 2.0061e+01 expr= 1.9162e+02 L+= 5.6166e+00 L-= 5.2011e+00  Keff=18.75(min 17.45)  gmin=1.48e-02  floor=0.0e+00  |dM|=9.67e-04  step=1.00e+00
  it  243  L= 2.655308e+02  comp= 2.0039e+01 expr= 1.9139e+02 L+= 5.6190e+00 L-= 5.2023e+00  Keff=18.75(min 17.45)  gmin=1.48e-02  floor=0.0e+00  |dM|=9.65e-04  step=1.00e+00
  it  244  L= 2.652930e+02  comp= 2.0017e+01 expr= 1.9115e+02 L+= 5.6214e+00 L-= 5.2034e+00  Keff=18.75(min 17.44)  gmin=1.47e-02  floor=0.0e+00  |dM|=9.63e-04  step=1.00e+00
  it  245  L= 2.650551e+02  comp= 1.9995e+01 expr= 1.9092e+02 L+= 5.6238e+00 L-= 5.2045e+00  Keff=18.74(min 17.43)  gmin=1.47e-02  floor=0.0e+00  |dM|=9.61e-04  step=1.00e+00
  it  246  L= 2.648168e+02  comp= 1.9972e+01 expr= 1.9069e+02 L+= 5.6262e+00 L-= 5.2056e+00  Keff=18.74(min 17.43)  gmin=1.46e-02  floor=0.0e+00  |dM|=9.60e-04  step=1.00e+00
  it  247  L= 2.645785e+02  comp= 1.9950e+01 expr= 1.9045e+02 L+= 5.6285e+00 L-= 5.2066e+00  Keff=18.74(min 17.42)  gmin=1.46e-02  floor=0.0e+00  |dM|=9.58e-04  step=1.00e+00
  it  248  L= 2.643399e+02  comp= 1.9928e+01 expr= 1.9022e+02 L+= 5.6307e+00 L-= 5.2076e+00  Keff=18.74(min 17.42)  gmin=1.45e-02  floor=0.0e+00  |dM|=9.56e-04  step=1.00e+00
  it  249  L= 2.641011e+02  comp= 1.9906e+01 expr= 1.8999e+02 L+= 5.6330e+00 L-= 5.2086e+00  Keff=18.74(min 17.41)  gmin=1.45e-02  floor=0.0e+00  |dM|=9.54e-04  step=1.00e+00
  it  250  L= 2.638622e+02  comp= 1.9884e+01 expr= 1.8975e+02 L+= 5.6352e+00 L-= 5.2096e+00  Keff=18.73(min 17.40)  gmin=1.45e-02  floor=0.0e+00  |dM|=9.52e-04  step=1.00e+00
  it  251  L= 2.636230e+02  comp= 1.9862e+01 expr= 1.8952e+02 L+= 5.6374e+00 L-= 5.2105e+00  Keff=18.73(min 17.40)  gmin=1.44e-02  floor=0.0e+00  |dM|=9.50e-04  step=1.00e+00
  it  252  L= 2.633838e+02  comp= 1.9840e+01 expr= 1.8929e+02 L+= 5.6395e+00 L-= 5.2114e+00  Keff=18.73(min 17.39)  gmin=1.44e-02  floor=0.0e+00  |dM|=9.48e-04  step=1.00e+00
  it  253  L= 2.631442e+02  comp= 1.9818e+01 expr= 1.8906e+02 L+= 5.6416e+00 L-= 5.2123e+00  Keff=18.73(min 17.39)  gmin=1.43e-02  floor=0.0e+00  |dM|=9.46e-04  step=1.00e+00
  it  254  L= 2.629045e+02  comp= 1.9795e+01 expr= 1.8882e+02 L+= 5.6437e+00 L-= 5.2131e+00  Keff=18.72(min 17.38)  gmin=1.43e-02  floor=0.0e+00  |dM|=9.44e-04  step=1.00e+00
  it  255  L= 2.626647e+02  comp= 1.9773e+01 expr= 1.8859e+02 L+= 5.6457e+00 L-= 5.2140e+00  Keff=18.72(min 17.38)  gmin=1.42e-02  floor=0.0e+00  |dM|=9.43e-04  step=1.00e+00
  it  256  L= 2.624247e+02  comp= 1.9751e+01 expr= 1.8836e+02 L+= 5.6478e+00 L-= 5.2147e+00  Keff=18.72(min 17.37)  gmin=1.42e-02  floor=0.0e+00  |dM|=9.41e-04  step=1.00e+00
  it  257  L= 2.621845e+02  comp= 1.9729e+01 expr= 1.8813e+02 L+= 5.6497e+00 L-= 5.2155e+00  Keff=18.72(min 17.36)  gmin=1.41e-02  floor=0.0e+00  |dM|=9.39e-04  step=1.00e+00
  it  258  L= 2.619442e+02  comp= 1.9707e+01 expr= 1.8790e+02 L+= 5.6517e+00 L-= 5.2162e+00  Keff=18.71(min 17.36)  gmin=1.41e-02  floor=0.0e+00  |dM|=9.37e-04  step=1.00e+00
  it  259  L= 2.617037e+02  comp= 1.9685e+01 expr= 1.8767e+02 L+= 5.6536e+00 L-= 5.2169e+00  Keff=18.71(min 17.35)  gmin=1.40e-02  floor=0.0e+00  |dM|=9.35e-04  step=1.00e+00
  it  260  L= 2.614630e+02  comp= 1.9663e+01 expr= 1.8743e+02 L+= 5.6555e+00 L-= 5.2176e+00  Keff=18.71(min 17.35)  gmin=1.40e-02  floor=0.0e+00  |dM|=9.33e-04  step=1.00e+00
  it  261  L= 2.612223e+02  comp= 1.9641e+01 expr= 1.8720e+02 L+= 5.6573e+00 L-= 5.2182e+00  Keff=18.71(min 17.34)  gmin=1.40e-02  floor=0.0e+00  |dM|=9.31e-04  step=1.00e+00
  it  262  L= 2.609813e+02  comp= 1.9619e+01 expr= 1.8697e+02 L+= 5.6592e+00 L-= 5.2189e+00  Keff=18.70(min 17.33)  gmin=1.39e-02  floor=0.0e+00  |dM|=9.28e-04  step=1.00e+00
  it  263  L= 2.607402e+02  comp= 1.9597e+01 expr= 1.8674e+02 L+= 5.6609e+00 L-= 5.2194e+00  Keff=18.70(min 17.33)  gmin=1.39e-02  floor=0.0e+00  |dM|=9.26e-04  step=1.00e+00
  it  264  L= 2.604991e+02  comp= 1.9575e+01 expr= 1.8651e+02 L+= 5.6627e+00 L-= 5.2200e+00  Keff=18.70(min 17.32)  gmin=1.38e-02  floor=0.0e+00  |dM|=9.24e-04  step=1.00e+00
  it  265  L= 2.602576e+02  comp= 1.9554e+01 expr= 1.8628e+02 L+= 5.6644e+00 L-= 5.2205e+00  Keff=18.70(min 17.32)  gmin=1.38e-02  floor=0.0e+00  |dM|=9.22e-04  step=1.00e+00
  it  266  L= 2.600162e+02  comp= 1.9532e+01 expr= 1.8605e+02 L+= 5.6661e+00 L-= 5.2210e+00  Keff=18.69(min 17.31)  gmin=1.37e-02  floor=0.0e+00  |dM|=9.20e-04  step=1.00e+00
  it  267  L= 2.597746e+02  comp= 1.9510e+01 expr= 1.8582e+02 L+= 5.6677e+00 L-= 5.2215e+00  Keff=18.69(min 17.30)  gmin=1.37e-02  floor=0.0e+00  |dM|=9.18e-04  step=1.00e+00
  it  268  L= 2.595329e+02  comp= 1.9488e+01 expr= 1.8559e+02 L+= 5.6694e+00 L-= 5.2220e+00  Keff=18.69(min 17.30)  gmin=1.37e-02  floor=0.0e+00  |dM|=9.16e-04  step=1.00e+00
  it  269  L= 2.592910e+02  comp= 1.9466e+01 expr= 1.8536e+02 L+= 5.6710e+00 L-= 5.2224e+00  Keff=18.69(min 17.29)  gmin=1.36e-02  floor=0.0e+00  |dM|=9.14e-04  step=1.00e+00
  it  270  L= 2.590491e+02  comp= 1.9444e+01 expr= 1.8513e+02 L+= 5.6725e+00 L-= 5.2228e+00  Keff=18.68(min 17.29)  gmin=1.36e-02  floor=0.0e+00  |dM|=9.12e-04  step=1.00e+00
  it  271  L= 2.588071e+02  comp= 1.9422e+01 expr= 1.8490e+02 L+= 5.6741e+00 L-= 5.2231e+00  Keff=18.68(min 17.28)  gmin=1.35e-02  floor=0.0e+00  |dM|=9.10e-04  step=1.00e+00
  it  272  L= 2.585649e+02  comp= 1.9401e+01 expr= 1.8467e+02 L+= 5.6755e+00 L-= 5.2235e+00  Keff=18.68(min 17.27)  gmin=1.35e-02  floor=0.0e+00  |dM|=9.07e-04  step=1.00e+00
  it  273  L= 2.583227e+02  comp= 1.9379e+01 expr= 1.8444e+02 L+= 5.6770e+00 L-= 5.2238e+00  Keff=18.68(min 17.27)  gmin=1.34e-02  floor=0.0e+00  |dM|=9.05e-04  step=1.00e+00
  it  274  L= 2.580804e+02  comp= 1.9357e+01 expr= 1.8421e+02 L+= 5.6784e+00 L-= 5.2240e+00  Keff=18.67(min 17.26)  gmin=1.34e-02  floor=0.0e+00  |dM|=9.03e-04  step=1.00e+00
  it  275  L= 2.578379e+02  comp= 1.9335e+01 expr= 1.8398e+02 L+= 5.6798e+00 L-= 5.2243e+00  Keff=18.67(min 17.26)  gmin=1.34e-02  floor=0.0e+00  |dM|=9.01e-04  step=1.00e+00
  it  276  L= 2.575954e+02  comp= 1.9314e+01 expr= 1.8375e+02 L+= 5.6812e+00 L-= 5.2245e+00  Keff=18.67(min 17.25)  gmin=1.33e-02  floor=0.0e+00  |dM|=8.99e-04  step=1.00e+00
  it  277  L= 2.573527e+02  comp= 1.9292e+01 expr= 1.8352e+02 L+= 5.6825e+00 L-= 5.2247e+00  Keff=18.67(min 17.24)  gmin=1.33e-02  floor=0.0e+00  |dM|=8.97e-04  step=1.00e+00
  it  278  L= 2.571100e+02  comp= 1.9270e+01 expr= 1.8330e+02 L+= 5.6838e+00 L-= 5.2249e+00  Keff=18.66(min 17.24)  gmin=1.32e-02  floor=0.0e+00  |dM|=8.94e-04  step=1.00e+00
  it  279  L= 2.568673e+02  comp= 1.9249e+01 expr= 1.8307e+02 L+= 5.6851e+00 L-= 5.2250e+00  Keff=18.66(min 17.23)  gmin=1.32e-02  floor=0.0e+00  |dM|=8.92e-04  step=1.00e+00
  it  280  L= 2.566244e+02  comp= 1.9227e+01 expr= 1.8284e+02 L+= 5.6864e+00 L-= 5.2251e+00  Keff=18.66(min 17.23)  gmin=1.32e-02  floor=0.0e+00  |dM|=8.90e-04  step=1.00e+00
  it  281  L= 2.563815e+02  comp= 1.9205e+01 expr= 1.8261e+02 L+= 5.6876e+00 L-= 5.2252e+00  Keff=18.66(min 17.22)  gmin=1.31e-02  floor=0.0e+00  |dM|=8.88e-04  step=1.00e+00
  it  282  L= 2.561385e+02  comp= 1.9184e+01 expr= 1.8238e+02 L+= 5.6888e+00 L-= 5.2253e+00  Keff=18.66(min 17.21)  gmin=1.31e-02  floor=0.0e+00  |dM|=8.85e-04  step=1.00e+00
  it  283  L= 2.558955e+02  comp= 1.9162e+01 expr= 1.8216e+02 L+= 5.6899e+00 L-= 5.2253e+00  Keff=18.65(min 17.21)  gmin=1.30e-02  floor=0.0e+00  |dM|=8.83e-04  step=1.00e+00
  it  284  L= 2.556523e+02  comp= 1.9141e+01 expr= 1.8193e+02 L+= 5.6910e+00 L-= 5.2253e+00  Keff=18.65(min 17.20)  gmin=1.30e-02  floor=0.0e+00  |dM|=8.81e-04  step=1.00e+00
  it  285  L= 2.554091e+02  comp= 1.9119e+01 expr= 1.8170e+02 L+= 5.6921e+00 L-= 5.2253e+00  Keff=18.65(min 17.19)  gmin=1.29e-02  floor=0.0e+00  |dM|=8.79e-04  step=1.00e+00
  it  286  L= 2.551659e+02  comp= 1.9098e+01 expr= 1.8148e+02 L+= 5.6932e+00 L-= 5.2253e+00  Keff=18.65(min 17.19)  gmin=1.29e-02  floor=0.0e+00  |dM|=8.76e-04  step=1.00e+00
  it  287  L= 2.549227e+02  comp= 1.9076e+01 expr= 1.8125e+02 L+= 5.6942e+00 L-= 5.2252e+00  Keff=18.64(min 17.18)  gmin=1.29e-02  floor=0.0e+00  |dM|=8.74e-04  step=1.00e+00
  it  288  L= 2.546793e+02  comp= 1.9055e+01 expr= 1.8102e+02 L+= 5.6952e+00 L-= 5.2251e+00  Keff=18.64(min 17.18)  gmin=1.28e-02  floor=0.0e+00  |dM|=8.72e-04  step=1.00e+00
  it  289  L= 2.544360e+02  comp= 1.9033e+01 expr= 1.8080e+02 L+= 5.6961e+00 L-= 5.2250e+00  Keff=18.64(min 17.17)  gmin=1.28e-02  floor=0.0e+00  |dM|=8.69e-04  step=1.00e+00
  it  290  L= 2.541926e+02  comp= 1.9012e+01 expr= 1.8057e+02 L+= 5.6971e+00 L-= 5.2248e+00  Keff=18.64(min 17.16)  gmin=1.27e-02  floor=0.0e+00  |dM|=8.67e-04  step=1.00e+00
  it  291  L= 2.539492e+02  comp= 1.8990e+01 expr= 1.8035e+02 L+= 5.6980e+00 L-= 5.2246e+00  Keff=18.63(min 17.16)  gmin=1.27e-02  floor=0.0e+00  |dM|=8.65e-04  step=1.00e+00
  it  292  L= 2.537057e+02  comp= 1.8969e+01 expr= 1.8012e+02 L+= 5.6989e+00 L-= 5.2244e+00  Keff=18.63(min 17.15)  gmin=1.27e-02  floor=0.0e+00  |dM|=8.62e-04  step=1.00e+00
  it  293  L= 2.534623e+02  comp= 1.8948e+01 expr= 1.7990e+02 L+= 5.6997e+00 L-= 5.2242e+00  Keff=18.63(min 17.15)  gmin=1.26e-02  floor=0.0e+00  |dM|=8.60e-04  step=1.00e+00
  it  294  L= 2.532188e+02  comp= 1.8926e+01 expr= 1.7967e+02 L+= 5.7005e+00 L-= 5.2239e+00  Keff=18.63(min 17.14)  gmin=1.26e-02  floor=0.0e+00  |dM|=8.58e-04  step=1.00e+00
  it  295  L= 2.529753e+02  comp= 1.8905e+01 expr= 1.7945e+02 L+= 5.7013e+00 L-= 5.2237e+00  Keff=18.62(min 17.13)  gmin=1.25e-02  floor=0.0e+00  |dM|=8.55e-04  step=1.00e+00
  it  296  L= 2.527317e+02  comp= 1.8884e+01 expr= 1.7922e+02 L+= 5.7021e+00 L-= 5.2234e+00  Keff=18.62(min 17.13)  gmin=1.25e-02  floor=0.0e+00  |dM|=8.53e-04  step=1.00e+00
  it  297  L= 2.524881e+02  comp= 1.8863e+01 expr= 1.7900e+02 L+= 5.7028e+00 L-= 5.2230e+00  Keff=18.62(min 17.12)  gmin=1.25e-02  floor=0.0e+00  |dM|=8.51e-04  step=1.00e+00
  it  298  L= 2.522446e+02  comp= 1.8841e+01 expr= 1.7877e+02 L+= 5.7035e+00 L-= 5.2227e+00  Keff=18.62(min 17.11)  gmin=1.24e-02  floor=0.0e+00  |dM|=8.48e-04  step=1.00e+00
  it  299  L= 2.520010e+02  comp= 1.8820e+01 expr= 1.7855e+02 L+= 5.7041e+00 L-= 5.2223e+00  Keff=18.61(min 17.11)  gmin=1.24e-02  floor=0.0e+00  |dM|=8.46e-04  step=1.00e+00
  it  300  L= 1.097108e+02  comp= 8.8235e+00 expr= 7.2509e+01 L+= 2.9720e+00 L-= 2.7037e+00  Keff=14.61(min  5.19)  gmin=7.15e-24  floor=1.4e-02  |dM|=1.08e+00  step=5.00e-01
